[array([0, 0, 1, 1]), array([0, 1, 1, 0]), array([1, 1, 0, 0]), array([1, 0, 0, 1]), array([2, 2, 2, 2])]

=== Step: target eps_sp=0.000 (prev=0.000) ===
[μ=4.920294] f=m_dense-m_dilute=-0.0332
[equal-ρ] μ0=4.920294, ΔA=A_dense-A_dilute=-0.0332, ESS≈60005
[equal-ρ] bracket μ=4.920194, ΔA=-0.0294, ESS≈60004
[equal-ρ] bracket μ=4.920094, ΔA=-0.0257, ESS≈60001
[equal-ρ] bracket μ=4.919994, ΔA=-0.0219, ESS≈59997
[equal-ρ] bracket μ=4.919894, ΔA=-0.0181, ESS≈59990
[equal-ρ] bracket μ=4.919794, ΔA=-0.0143, ESS≈59982
[equal-ρ] bracket μ=4.919694, ΔA=-0.0105, ESS≈59972
[equal-ρ] bracket μ=4.919594, ΔA=-0.0067, ESS≈59959
[equal-ρ] bracket μ=4.919494, ΔA=-0.0029, ESS≈59946
[equal-ρ] bracket μ=4.919394, ΔA=+0.0009, ESS≈59930
[equal-ρ] bisect μ=4.919844, ΔA=-0.0162, ESS≈59986
[equal-ρ] bisect μ=4.919619, ΔA=-0.0077, ESS≈59963
mu* = 4.919619   ESS ≈ 59963
0.49592350637446886
































































success: True
χ²*    : 0.021919066958372202
θ*     : (1.7670794390053393, 0.0, 4.919554636248535, 0.999999999998687, 0.4899801456502137, -0.005834358172285898)

=== Step: target eps_sp=0.020 (prev=0.000) ===
[μ=4.919555] f=m_dense-m_dilute=+0.0529
[equal-ρ] μ0=4.919555, ΔA=A_dense-A_dilute=+0.0529, ESS≈60005
[equal-ρ] bracket μ=4.919655, ΔA=+0.0491, ESS≈60004
[equal-ρ] bracket μ=4.919755, ΔA=+0.0453, ESS≈60001
[equal-ρ] bracket μ=4.919855, ΔA=+0.0415, ESS≈59997
[equal-ρ] bracket μ=4.919955, ΔA=+0.0377, ESS≈59990
[equal-ρ] bracket μ=4.920055, ΔA=+0.0340, ESS≈59982
[equal-ρ] bracket μ=4.920155, ΔA=+0.0302, ESS≈59972
[equal-ρ] bracket μ=4.920255, ΔA=+0.0264, ESS≈59960
[equal-ρ] bracket μ=4.920355, ΔA=+0.0226, ESS≈59946
[equal-ρ] bracket μ=4.920455, ΔA=+0.0188, ESS≈59930
[equal-ρ] bracket μ=4.920555, ΔA=+0.0150, ESS≈59912
[equal-ρ] bracket μ=4.920655, ΔA=+0.0112, ESS≈59893
[equal-ρ] bracket μ=4.920755, ΔA=+0.0074, ESS≈59871
[equal-ρ] bracket μ=4.920855, ΔA=+0.0036, ESS≈59848
[equal-ρ] bracket μ=4.920955, ΔA=-0.0001, ESS≈59823
[equal-ρ] bisect μ=4.920255, ΔA=+0.0264, ESS≈59960
[equal-ρ] bisect μ=4.920605, ΔA=+0.0131, ESS≈59903
[equal-ρ] bisect μ=4.920780, ΔA=+0.0065, ESS≈59866
mu* = 4.920780   ESS ≈ 59866
0.5003218065161237


success: True
χ²*    : 0.02015769516436122
θ*     : (1.7625289302864215, 0.02, 4.923546227220921, 0.9999999999986239, 0.4936058410771164, -0.0060790615937909905)

=== Step: target eps_sp=0.040 (prev=0.020) ===
[μ=4.923546] f=m_dense-m_dilute=-0.0981
[equal-ρ] μ0=4.923546, ΔA=A_dense-A_dilute=-0.0981, ESS≈60005
[equal-ρ] bracket μ=4.923446, ΔA=-0.0943, ESS≈60004
[equal-ρ] bracket μ=4.923346, ΔA=-0.0906, ESS≈60001
[equal-ρ] bracket μ=4.923246, ΔA=-0.0868, ESS≈59997
[equal-ρ] bracket μ=4.923146, ΔA=-0.0830, ESS≈59990
[equal-ρ] bracket μ=4.923046, ΔA=-0.0793, ESS≈59982
[equal-ρ] bracket μ=4.922946, ΔA=-0.0755, ESS≈59972
[equal-ρ] bracket μ=4.922846, ΔA=-0.0717, ESS≈59960
[equal-ρ] bracket μ=4.922746, ΔA=-0.0679, ESS≈59946
[equal-ρ] bracket μ=4.922646, ΔA=-0.0642, ESS≈59930
[equal-ρ] bracket μ=4.922546, ΔA=-0.0604, ESS≈59912
[equal-ρ] bracket μ=4.922446, ΔA=-0.0566, ESS≈59893
[equal-ρ] bracket μ=4.922346, ΔA=-0.0528, ESS≈59872
[equal-ρ] bracket μ=4.922246, ΔA=-0.0490, ESS≈59848
[equal-ρ] bracket μ=4.922146, ΔA=-0.0452, ESS≈59823
[equal-ρ] bracket μ=4.922046, ΔA=-0.0415, ESS≈59797
[equal-ρ] bracket μ=4.921946, ΔA=-0.0377, ESS≈59768
[equal-ρ] bracket μ=4.921846, ΔA=-0.0339, ESS≈59737
[equal-ρ] bracket μ=4.921746, ΔA=-0.0301, ESS≈59705
[equal-ρ] bracket μ=4.921646, ΔA=-0.0263, ESS≈59671
[equal-ρ] bracket μ=4.921546, ΔA=-0.0225, ESS≈59635
mu* = 4.921546   ESS ≈ 59635
0.49117540204982924


success: False
χ²*    : 0.020896271850894696
θ*     : (1.7596418976238866, 0.04, 4.923344667852781, 0.999999999991823, 0.4458102455091762, -0.04283076297497864)

=== Step: target eps_sp=0.060 (prev=0.040) ===
[μ=4.923345] f=m_dense-m_dilute=+0.1055
[step] μ=4.927345 f=-0.0631
[equal-ρ] μ0=4.927345, ΔA=A_dense-A_dilute=-0.0631, ESS≈60005
[equal-ρ] bracket μ=4.927245, ΔA=-0.0593, ESS≈60004
[equal-ρ] bracket μ=4.927145, ΔA=-0.0555, ESS≈60001
[equal-ρ] bracket μ=4.927045, ΔA=-0.0517, ESS≈59997
[equal-ρ] bracket μ=4.926945, ΔA=-0.0479, ESS≈59990
[equal-ρ] bracket μ=4.926845, ΔA=-0.0442, ESS≈59982
[equal-ρ] bracket μ=4.926745, ΔA=-0.0404, ESS≈59972
[equal-ρ] bracket μ=4.926645, ΔA=-0.0366, ESS≈59959
[equal-ρ] bracket μ=4.926545, ΔA=-0.0328, ESS≈59945
[equal-ρ] bracket μ=4.926445, ΔA=-0.0290, ESS≈59930
[equal-ρ] bracket μ=4.926345, ΔA=-0.0252, ESS≈59912
[equal-ρ] bracket μ=4.926245, ΔA=-0.0214, ESS≈59892
[equal-ρ] bracket μ=4.926145, ΔA=-0.0176, ESS≈59871
[equal-ρ] bracket μ=4.926045, ΔA=-0.0138, ESS≈59848
[equal-ρ] bracket μ=4.925945, ΔA=-0.0100, ESS≈59823
[equal-ρ] bracket μ=4.925845, ΔA=-0.0062, ESS≈59796
[equal-ρ] bracket μ=4.925745, ΔA=-0.0024, ESS≈59767
[equal-ρ] bracket μ=4.925645, ΔA=+0.0014, ESS≈59737
[equal-ρ] bisect μ=4.926495, ΔA=-0.0309, ESS≈59938
[equal-ρ] bisect μ=4.926070, ΔA=-0.0147, ESS≈59854
[equal-ρ] bisect μ=4.925857, ΔA=-0.0067, ESS≈59799
mu* = 4.925857   ESS ≈ 59799
0.4967786017831848


success: True
χ²*    : 0.01925656278848989
θ*     : (1.752809378961273, 0.06, 4.92967939882647, 0.9999999999961532, 0.478736632063422, -0.013678953214416936)

=== Step: target eps_sp=0.080 (prev=0.060) ===
[μ=4.929679] f=m_dense-m_dilute=-0.2813
[step] μ=4.925679 f=-0.1319
[step] μ=4.921679 f=+0.0171
[equal-ρ] μ0=4.921679, ΔA=A_dense-A_dilute=+0.0171, ESS≈60005
[equal-ρ] bracket μ=4.921779, ΔA=+0.0133, ESS≈60004
[equal-ρ] bracket μ=4.921879, ΔA=+0.0095, ESS≈60001
[equal-ρ] bracket μ=4.921979, ΔA=+0.0057, ESS≈59997
[equal-ρ] bracket μ=4.922079, ΔA=+0.0019, ESS≈59990
[equal-ρ] bracket μ=4.922179, ΔA=-0.0019, ESS≈59982
[equal-ρ] bisect μ=4.921929, ΔA=+0.0076, ESS≈59999
mu* = 4.921929   ESS ≈ 59999
0.502795767019415


success: True
χ²*    : 0.03002337130662617
θ*     : (1.7486154848642788, 0.08, 4.926166981486348, 1.0000000000007145, 0.5037830576605471, 0.0030615998962828022)

=== Step: target eps_sp=0.100 (prev=0.080) ===
[μ=4.926167] f=m_dense-m_dilute=-0.0594
[equal-ρ] μ0=4.926167, ΔA=A_dense-A_dilute=-0.0594, ESS≈60005
[equal-ρ] bracket μ=4.926067, ΔA=-0.0556, ESS≈60004
[equal-ρ] bracket μ=4.925967, ΔA=-0.0518, ESS≈60001
[equal-ρ] bracket μ=4.925867, ΔA=-0.0480, ESS≈59997
[equal-ρ] bracket μ=4.925767, ΔA=-0.0442, ESS≈59990
[equal-ρ] bracket μ=4.925667, ΔA=-0.0404, ESS≈59982
[equal-ρ] bracket μ=4.925567, ΔA=-0.0366, ESS≈59972
[equal-ρ] bracket μ=4.925467, ΔA=-0.0329, ESS≈59959
[equal-ρ] bracket μ=4.925367, ΔA=-0.0291, ESS≈59946
[equal-ρ] bracket μ=4.925267, ΔA=-0.0253, ESS≈59930
[equal-ρ] bracket μ=4.925167, ΔA=-0.0215, ESS≈59912
[equal-ρ] bracket μ=4.925067, ΔA=-0.0177, ESS≈59893
[equal-ρ] bracket μ=4.924967, ΔA=-0.0139, ESS≈59871
[equal-ρ] bracket μ=4.924867, ΔA=-0.0101, ESS≈59848
[equal-ρ] bracket μ=4.924767, ΔA=-0.0063, ESS≈59823
[equal-ρ] bracket μ=4.924667, ΔA=-0.0025, ESS≈59796
[equal-ρ] bracket μ=4.924567, ΔA=+0.0013, ESS≈59767
[equal-ρ] bisect μ=4.925367, ΔA=-0.0291, ESS≈59946
[equal-ρ] bisect μ=4.924967, ΔA=-0.0139, ESS≈59871
[equal-ρ] bisect μ=4.924767, ΔA=-0.0063, ESS≈59823
mu* = 4.924767   ESS ≈ 59823
0.4969012582284809


success: True
χ²*    : 0.019492080748416313
θ*     : (1.7485813974126052, 0.1, 4.924788409563589, 0.9999999999960426, 0.4885447881899299, -0.013970155821893895)

=== Step: target eps_sp=0.120 (prev=0.100) ===
[μ=4.924788] f=m_dense-m_dilute=+0.3831
[step] μ=4.928788 f=+0.2152
[step] μ=4.932788 f=+0.0241
[equal-ρ] μ0=4.932788, ΔA=A_dense-A_dilute=+0.0241, ESS≈60005
[equal-ρ] bracket μ=4.932888, ΔA=+0.0203, ESS≈60004
[equal-ρ] bracket μ=4.932988, ΔA=+0.0165, ESS≈60001
[equal-ρ] bracket μ=4.933088, ΔA=+0.0126, ESS≈59997
[equal-ρ] bracket μ=4.933188, ΔA=+0.0088, ESS≈59990
[equal-ρ] bracket μ=4.933288, ΔA=+0.0050, ESS≈59981
[equal-ρ] bracket μ=4.933388, ΔA=+0.0011, ESS≈59971
[equal-ρ] bracket μ=4.933488, ΔA=-0.0027, ESS≈59959
[equal-ρ] bisect μ=4.933138, ΔA=+0.0107, ESS≈59993
[equal-ρ] bisect μ=4.933313, ΔA=+0.0040, ESS≈59979
mu* = 4.933313   ESS ≈ 59979
0.5008555953670527


success: True
χ²*    : 0.026153763263272477
θ*     : (1.7416161316988144, 0.12, 4.935340671629979, 1.0000000000001803, 0.4987012485056392, 0.001830177497015146)

=== Step: target eps_sp=0.140 (prev=0.120) ===
[μ=4.935341] f=m_dense-m_dilute=-0.1527
[step] μ=4.931341 f=+0.0261
[equal-ρ] μ0=4.931341, ΔA=A_dense-A_dilute=+0.0261, ESS≈60005
[equal-ρ] bracket μ=4.931441, ΔA=+0.0223, ESS≈60004
[equal-ρ] bracket μ=4.931541, ΔA=+0.0185, ESS≈60001
[equal-ρ] bracket μ=4.931641, ΔA=+0.0146, ESS≈59997
[equal-ρ] bracket μ=4.931741, ΔA=+0.0108, ESS≈59990
[equal-ρ] bracket μ=4.931841, ΔA=+0.0070, ESS≈59982
[equal-ρ] bracket μ=4.931941, ΔA=+0.0032, ESS≈59971
[equal-ρ] bracket μ=4.932041, ΔA=-0.0006, ESS≈59959
[equal-ρ] bisect μ=4.931691, ΔA=+0.0127, ESS≈59994
[equal-ρ] bisect μ=4.931866, ΔA=+0.0060, ESS≈59979
mu* = 4.931866   ESS ≈ 59979
0.5018758436796934


success: True
χ²*    : 0.02074601782578928
θ*     : (1.737817992446565, 0.14, 4.934717321986963, 1.0000000000011913, 0.5121834935611451, 0.005108381424893899)

=== Step: target eps_sp=0.160 (prev=0.140) ===
[μ=4.934717] f=m_dense-m_dilute=-0.0223
[equal-ρ] μ0=4.934717, ΔA=A_dense-A_dilute=-0.0223, ESS≈60005
[equal-ρ] bracket μ=4.934617, ΔA=-0.0185, ESS≈60004
[equal-ρ] bracket μ=4.934517, ΔA=-0.0147, ESS≈60001
[equal-ρ] bracket μ=4.934417, ΔA=-0.0109, ESS≈59997
[equal-ρ] bracket μ=4.934317, ΔA=-0.0071, ESS≈59990
[equal-ρ] bracket μ=4.934217, ΔA=-0.0033, ESS≈59982
[equal-ρ] bracket μ=4.934117, ΔA=+0.0005, ESS≈59971
[equal-ρ] bisect μ=4.934417, ΔA=-0.0109, ESS≈59997
[equal-ρ] bisect μ=4.934267, ΔA=-0.0052, ESS≈59986
mu* = 4.934267   ESS ≈ 59986
0.4956793600533289


success: True
χ²*    : 0.023215796369839385
θ*     : (1.7335714271948341, 0.16, 4.938513696881088, 0.9999999999944619, 0.4721563708610996, -0.02042269978138033)

=== Step: target eps_sp=0.180 (prev=0.160) ===
[μ=4.938514] f=m_dense-m_dilute=-0.1430
[step] μ=4.934514 f=+0.0306
[equal-ρ] μ0=4.934514, ΔA=A_dense-A_dilute=+0.0306, ESS≈60005
[equal-ρ] bracket μ=4.934614, ΔA=+0.0267, ESS≈60004
[equal-ρ] bracket μ=4.934714, ΔA=+0.0229, ESS≈60001
[equal-ρ] bracket μ=4.934814, ΔA=+0.0191, ESS≈59997
[equal-ρ] bracket μ=4.934914, ΔA=+0.0153, ESS≈59990
[equal-ρ] bracket μ=4.935014, ΔA=+0.0115, ESS≈59982
[equal-ρ] bracket μ=4.935114, ΔA=+0.0077, ESS≈59971
[equal-ρ] bracket μ=4.935214, ΔA=+0.0038, ESS≈59959
[equal-ρ] bracket μ=4.935314, ΔA=+0.0000, ESS≈59945
[equal-ρ] bracket μ=4.935414, ΔA=-0.0038, ESS≈59929
[equal-ρ] bisect μ=4.934964, ΔA=+0.0134, ESS≈59986
[equal-ρ] bisect μ=4.935189, ΔA=+0.0048, ESS≈59962
mu* = 4.935189   ESS ≈ 59962
0.5013410549120907


success: True
χ²*    : 0.02081403201538304
θ*     : (1.7302011885346922, 0.18, 4.937267953731805, 1.000000000000476, 0.5093568702787244, 0.0031855380328034253)

=== Step: target eps_sp=0.200 (prev=0.180) ===
[μ=4.937268] f=m_dense-m_dilute=+0.0581
[equal-ρ] μ0=4.937268, ΔA=A_dense-A_dilute=+0.0581, ESS≈60005
[equal-ρ] bracket μ=4.937368, ΔA=+0.0543, ESS≈60004
[equal-ρ] bracket μ=4.937468, ΔA=+0.0505, ESS≈60001
[equal-ρ] bracket μ=4.937568, ΔA=+0.0466, ESS≈59997
[equal-ρ] bracket μ=4.937668, ΔA=+0.0428, ESS≈59990
[equal-ρ] bracket μ=4.937768, ΔA=+0.0390, ESS≈59981
[equal-ρ] bracket μ=4.937868, ΔA=+0.0351, ESS≈59971
[equal-ρ] bracket μ=4.937968, ΔA=+0.0313, ESS≈59959
[equal-ρ] bracket μ=4.938068, ΔA=+0.0275, ESS≈59945
[equal-ρ] bracket μ=4.938168, ΔA=+0.0236, ESS≈59928
[equal-ρ] bracket μ=4.938268, ΔA=+0.0198, ESS≈59911
[equal-ρ] bracket μ=4.938368, ΔA=+0.0160, ESS≈59891
[equal-ρ] bracket μ=4.938468, ΔA=+0.0121, ESS≈59869
[equal-ρ] bracket μ=4.938568, ΔA=+0.0083, ESS≈59845
[equal-ρ] bracket μ=4.938668, ΔA=+0.0045, ESS≈59820
[equal-ρ] bracket μ=4.938768, ΔA=+0.0006, ESS≈59793
[equal-ρ] bracket μ=4.938868, ΔA=-0.0032, ESS≈59763
[equal-ρ] bisect μ=4.938068, ΔA=+0.0275, ESS≈59945
[equal-ρ] bisect μ=4.938468, ΔA=+0.0121, ESS≈59869
[equal-ρ] bisect μ=4.938668, ΔA=+0.0045, ESS≈59820
mu* = 4.938668   ESS ≈ 59820
0.5006429464211315


success: True
χ²*    : 0.024686238336833567
θ*     : (1.7243256361480996, 0.2, 4.944148131338582, 0.999999999998498, 0.4852163084341519, -0.008266360172046048)

=== Step: target eps_sp=0.220 (prev=0.200) ===
[μ=4.944148] f=m_dense-m_dilute=-0.2373
[step] μ=4.940148 f=-0.1183
[step] μ=4.936148 f=+0.0738
[equal-ρ] μ0=4.936148, ΔA=A_dense-A_dilute=+0.0738, ESS≈60005
[equal-ρ] bracket μ=4.936248, ΔA=+0.0700, ESS≈60004
[equal-ρ] bracket μ=4.936348, ΔA=+0.0662, ESS≈60001
[equal-ρ] bracket μ=4.936448, ΔA=+0.0623, ESS≈59997
[equal-ρ] bracket μ=4.936548, ΔA=+0.0585, ESS≈59990
[equal-ρ] bracket μ=4.936648, ΔA=+0.0547, ESS≈59982
[equal-ρ] bracket μ=4.936748, ΔA=+0.0509, ESS≈59971
[equal-ρ] bracket μ=4.936848, ΔA=+0.0471, ESS≈59959
[equal-ρ] bracket μ=4.936948, ΔA=+0.0433, ESS≈59945
[equal-ρ] bracket μ=4.937048, ΔA=+0.0395, ESS≈59929
[equal-ρ] bracket μ=4.937148, ΔA=+0.0357, ESS≈59911
[equal-ρ] bracket μ=4.937248, ΔA=+0.0318, ESS≈59891
[equal-ρ] bracket μ=4.937348, ΔA=+0.0280, ESS≈59870
[equal-ρ] bracket μ=4.937448, ΔA=+0.0242, ESS≈59846
[equal-ρ] bracket μ=4.937548, ΔA=+0.0204, ESS≈59821
[equal-ρ] bracket μ=4.937648, ΔA=+0.0166, ESS≈59794
[equal-ρ] bracket μ=4.937748, ΔA=+0.0127, ESS≈59765
[equal-ρ] bracket μ=4.937848, ΔA=+0.0089, ESS≈59734
[equal-ρ] bracket μ=4.937948, ΔA=+0.0051, ESS≈59701
[equal-ρ] bracket μ=4.938048, ΔA=+0.0013, ESS≈59667
[equal-ρ] bracket μ=4.938148, ΔA=-0.0025, ESS≈59630
[equal-ρ] bisect μ=4.937148, ΔA=+0.0357, ESS≈59911
[equal-ρ] bisect μ=4.937648, ΔA=+0.0166, ESS≈59794
[equal-ρ] bisect μ=4.937898, ΔA=+0.0070, ESS≈59718
mu* = 4.937898   ESS ≈ 59718
0.5021203233063911


success: True
χ²*    : 0.02641600855974917
θ*     : (1.7171276742817572, 0.22, 4.94257397111296, 1.0000000000013187, 0.5047417029219247, 0.005917725552147911)

=== Step: target eps_sp=0.240 (prev=0.220) ===
[μ=4.942574] f=m_dense-m_dilute=-0.3185
[step] μ=4.938574 f=-0.1830
[step] μ=4.934574 f=-0.0295
[equal-ρ] μ0=4.934574, ΔA=A_dense-A_dilute=-0.0295, ESS≈60005
[equal-ρ] bracket μ=4.934474, ΔA=-0.0257, ESS≈60004
[equal-ρ] bracket μ=4.934374, ΔA=-0.0219, ESS≈60001
[equal-ρ] bracket μ=4.934274, ΔA=-0.0181, ESS≈59997
[equal-ρ] bracket μ=4.934174, ΔA=-0.0143, ESS≈59990
[equal-ρ] bracket μ=4.934074, ΔA=-0.0105, ESS≈59982
[equal-ρ] bracket μ=4.933974, ΔA=-0.0066, ESS≈59971
[equal-ρ] bracket μ=4.933874, ΔA=-0.0028, ESS≈59959
[equal-ρ] bracket μ=4.933774, ΔA=+0.0010, ESS≈59945
[equal-ρ] bisect μ=4.934174, ΔA=-0.0143, ESS≈59990
[equal-ρ] bisect μ=4.933974, ΔA=-0.0066, ESS≈59971
mu* = 4.933974   ESS ≈ 59971
0.4953378885092909


success: True
χ²*    : 0.018408194645568515
θ*     : (1.714044453126463, 0.24, 4.935781809965012, 0.9999999999943584, 0.4694363478805188, -0.025878369525256257)

=== Step: target eps_sp=0.260 (prev=0.240) ===
[μ=4.935782] f=m_dense-m_dilute=+0.0978
[equal-ρ] μ0=4.935782, ΔA=A_dense-A_dilute=+0.0978, ESS≈60005
[equal-ρ] bracket μ=4.935882, ΔA=+0.0941, ESS≈60004
[equal-ρ] bracket μ=4.935982, ΔA=+0.0903, ESS≈60001
[equal-ρ] bracket μ=4.936082, ΔA=+0.0865, ESS≈59997
[equal-ρ] bracket μ=4.936182, ΔA=+0.0827, ESS≈59990
[equal-ρ] bracket μ=4.936282, ΔA=+0.0789, ESS≈59982
[equal-ρ] bracket μ=4.936382, ΔA=+0.0751, ESS≈59971
[equal-ρ] bracket μ=4.936482, ΔA=+0.0713, ESS≈59959
[equal-ρ] bracket μ=4.936582, ΔA=+0.0675, ESS≈59945
[equal-ρ] bracket μ=4.936682, ΔA=+0.0637, ESS≈59929
[equal-ρ] bracket μ=4.936782, ΔA=+0.0599, ESS≈59912
[equal-ρ] bracket μ=4.936882, ΔA=+0.0561, ESS≈59892
[equal-ρ] bracket μ=4.936982, ΔA=+0.0523, ESS≈59870
[equal-ρ] bracket μ=4.937082, ΔA=+0.0485, ESS≈59847
[equal-ρ] bracket μ=4.937182, ΔA=+0.0447, ESS≈59822
[equal-ρ] bracket μ=4.937282, ΔA=+0.0409, ESS≈59795
[equal-ρ] bracket μ=4.937382, ΔA=+0.0371, ESS≈59766
[equal-ρ] bracket μ=4.937482, ΔA=+0.0333, ESS≈59735
[equal-ρ] bracket μ=4.937582, ΔA=+0.0294, ESS≈59702
[equal-ρ] bracket μ=4.937682, ΔA=+0.0256, ESS≈59667
[equal-ρ] bracket μ=4.937782, ΔA=+0.0218, ESS≈59631
mu* = 4.937782   ESS ≈ 59631
0.5086807766019499


success: True
χ²*    : 0.022137959708433675
θ*     : (1.7090258010691484, 0.26, 4.9416828183712385, 1.0000000000091938, 0.5412673233108625, 0.029127738179248634)

=== Step: target eps_sp=0.280 (prev=0.260) ===
[μ=4.941683] f=m_dense-m_dilute=-0.0945
[equal-ρ] μ0=4.941683, ΔA=A_dense-A_dilute=-0.0945, ESS≈60005
[equal-ρ] bracket μ=4.941583, ΔA=-0.0907, ESS≈60004
[equal-ρ] bracket μ=4.941483, ΔA=-0.0869, ESS≈60001
[equal-ρ] bracket μ=4.941383, ΔA=-0.0831, ESS≈59997
[equal-ρ] bracket μ=4.941283, ΔA=-0.0793, ESS≈59990
[equal-ρ] bracket μ=4.941183, ΔA=-0.0755, ESS≈59982
[equal-ρ] bracket μ=4.941083, ΔA=-0.0717, ESS≈59971
[equal-ρ] bracket μ=4.940983, ΔA=-0.0678, ESS≈59959
[equal-ρ] bracket μ=4.940883, ΔA=-0.0640, ESS≈59945
[equal-ρ] bracket μ=4.940783, ΔA=-0.0602, ESS≈59929
[equal-ρ] bracket μ=4.940683, ΔA=-0.0564, ESS≈59911
[equal-ρ] bracket μ=4.940583, ΔA=-0.0526, ESS≈59891
[equal-ρ] bracket μ=4.940483, ΔA=-0.0488, ESS≈59870
[equal-ρ] bracket μ=4.940383, ΔA=-0.0450, ESS≈59846
[equal-ρ] bracket μ=4.940283, ΔA=-0.0411, ESS≈59821
[equal-ρ] bracket μ=4.940183, ΔA=-0.0373, ESS≈59794
[equal-ρ] bracket μ=4.940083, ΔA=-0.0335, ESS≈59764
[equal-ρ] bracket μ=4.939983, ΔA=-0.0297, ESS≈59734
[equal-ρ] bracket μ=4.939883, ΔA=-0.0258, ESS≈59701
[equal-ρ] bracket μ=4.939783, ΔA=-0.0220, ESS≈59666
[equal-ρ] bracket μ=4.939683, ΔA=-0.0182, ESS≈59629
mu* = 4.939683   ESS ≈ 59629
0.49068244312973913


success: True
χ²*    : 0.02142730242248152
θ*     : (1.703615034427014, 0.28, 4.942638868718087, 0.9999999999944986, 0.4469697435336991, -0.03854330336897893)

=== Step: target eps_sp=0.300 (prev=0.280) ===
[μ=4.942639] f=m_dense-m_dilute=-0.1812
[step] μ=4.938639 f=+0.0428
[equal-ρ] μ0=4.938639, ΔA=A_dense-A_dilute=+0.0428, ESS≈60005
[equal-ρ] bracket μ=4.938739, ΔA=+0.0390, ESS≈60004
[equal-ρ] bracket μ=4.938839, ΔA=+0.0352, ESS≈60001
[equal-ρ] bracket μ=4.938939, ΔA=+0.0314, ESS≈59997
[equal-ρ] bracket μ=4.939039, ΔA=+0.0276, ESS≈59990
[equal-ρ] bracket μ=4.939139, ΔA=+0.0238, ESS≈59982
[equal-ρ] bracket μ=4.939239, ΔA=+0.0200, ESS≈59971
[equal-ρ] bracket μ=4.939339, ΔA=+0.0162, ESS≈59959
[equal-ρ] bracket μ=4.939439, ΔA=+0.0123, ESS≈59945
[equal-ρ] bracket μ=4.939539, ΔA=+0.0085, ESS≈59929
[equal-ρ] bracket μ=4.939639, ΔA=+0.0047, ESS≈59911
[equal-ρ] bracket μ=4.939739, ΔA=+0.0009, ESS≈59892
[equal-ρ] bracket μ=4.939839, ΔA=-0.0029, ESS≈59870
[equal-ρ] bisect μ=4.939239, ΔA=+0.0200, ESS≈59971
[equal-ρ] bisect μ=4.939539, ΔA=+0.0085, ESS≈59929
mu* = 4.939539   ESS ≈ 59929
0.5024916256978585


success: True
χ²*    : 0.029500283359939265
θ*     : (1.7036149294202771, 0.3, 4.939538942619442, 1.0000000000036122, 0.5293506779599952, 0.011460486644149342)

=== Step: target eps_sp=0.320 (prev=0.300) ===
[μ=4.939539] f=m_dense-m_dilute=+0.3725
[step] μ=4.943539 f=+0.1949
[step] μ=4.947539 f=+0.0920
[equal-ρ] μ0=4.947539, ΔA=A_dense-A_dilute=+0.0920, ESS≈60005
[equal-ρ] bracket μ=4.947639, ΔA=+0.0882, ESS≈60004
[equal-ρ] bracket μ=4.947739, ΔA=+0.0844, ESS≈60001
[equal-ρ] bracket μ=4.947839, ΔA=+0.0806, ESS≈59997
[equal-ρ] bracket μ=4.947939, ΔA=+0.0768, ESS≈59990
[equal-ρ] bracket μ=4.948039, ΔA=+0.0730, ESS≈59981
[equal-ρ] bracket μ=4.948139, ΔA=+0.0692, ESS≈59971
[equal-ρ] bracket μ=4.948239, ΔA=+0.0654, ESS≈59959
[equal-ρ] bracket μ=4.948339, ΔA=+0.0615, ESS≈59945
[equal-ρ] bracket μ=4.948439, ΔA=+0.0577, ESS≈59929
[equal-ρ] bracket μ=4.948539, ΔA=+0.0539, ESS≈59911
[equal-ρ] bracket μ=4.948639, ΔA=+0.0501, ESS≈59891
[equal-ρ] bracket μ=4.948739, ΔA=+0.0462, ESS≈59869
[equal-ρ] bracket μ=4.948839, ΔA=+0.0424, ESS≈59846
[equal-ρ] bracket μ=4.948939, ΔA=+0.0386, ESS≈59820
[equal-ρ] bracket μ=4.949039, ΔA=+0.0348, ESS≈59793
[equal-ρ] bracket μ=4.949139, ΔA=+0.0309, ESS≈59764
[equal-ρ] bracket μ=4.949239, ΔA=+0.0271, ESS≈59733
[equal-ρ] bracket μ=4.949339, ΔA=+0.0233, ESS≈59700
[equal-ρ] bracket μ=4.949439, ΔA=+0.0194, ESS≈59665
[equal-ρ] bracket μ=4.949539, ΔA=+0.0156, ESS≈59628
mu* = 4.949539   ESS ≈ 59628
0.5043494708774269


success: True
χ²*    : 0.024743043521361703
θ*     : (1.7029948803306825, 0.32, 4.949841788195561, 1.000000000009211, 0.5424486152486108, 0.02986909779493002)

=== Step: target eps_sp=0.340 (prev=0.320) ===
[μ=4.949842] f=m_dense-m_dilute=+0.3663
[step] μ=4.953842 f=+0.1962
[step] μ=4.957842 f=+0.0673
[equal-ρ] μ0=4.957842, ΔA=A_dense-A_dilute=+0.0673, ESS≈60005
[equal-ρ] bracket μ=4.957942, ΔA=+0.0635, ESS≈60004
[equal-ρ] bracket μ=4.958042, ΔA=+0.0597, ESS≈60001
[equal-ρ] bracket μ=4.958142, ΔA=+0.0558, ESS≈59996
[equal-ρ] bracket μ=4.958242, ΔA=+0.0520, ESS≈59990
[equal-ρ] bracket μ=4.958342, ΔA=+0.0481, ESS≈59981
[equal-ρ] bracket μ=4.958442, ΔA=+0.0443, ESS≈59971
[equal-ρ] bracket μ=4.958542, ΔA=+0.0404, ESS≈59958
[equal-ρ] bracket μ=4.958642, ΔA=+0.0365, ESS≈59944
[equal-ρ] bracket μ=4.958742, ΔA=+0.0327, ESS≈59928
[equal-ρ] bracket μ=4.958842, ΔA=+0.0288, ESS≈59910
[equal-ρ] bracket μ=4.958942, ΔA=+0.0250, ESS≈59890
[equal-ρ] bracket μ=4.959042, ΔA=+0.0211, ESS≈59868
[equal-ρ] bracket μ=4.959142, ΔA=+0.0173, ESS≈59844
[equal-ρ] bracket μ=4.959242, ΔA=+0.0134, ESS≈59818
[equal-ρ] bracket μ=4.959342, ΔA=+0.0095, ESS≈59791
[equal-ρ] bracket μ=4.959442, ΔA=+0.0057, ESS≈59761
[equal-ρ] bracket μ=4.959542, ΔA=+0.0018, ESS≈59730
[equal-ρ] bracket μ=4.959642, ΔA=-0.0020, ESS≈59696
[equal-ρ] bisect μ=4.958742, ΔA=+0.0327, ESS≈59928
[equal-ρ] bisect μ=4.959192, ΔA=+0.0153, ESS≈59831
[equal-ρ] bisect μ=4.959417, ΔA=+0.0066, ESS≈59769
mu* = 4.959417   ESS ≈ 59769
0.501597033580535


success: True
χ²*    : 0.026728531056353956
θ*     : (1.698085915605618, 0.34, 4.964265663217167, 0.9999999999981561, 0.48625246046525056, -0.010997796525279104)

=== Step: target eps_sp=0.360 (prev=0.340) ===
[μ=4.964266] f=m_dense-m_dilute=-0.1370
[step] μ=4.960266 f=+0.0107
[equal-ρ] μ0=4.960266, ΔA=A_dense-A_dilute=+0.0107, ESS≈60005
[equal-ρ] bracket μ=4.960366, ΔA=+0.0068, ESS≈60004
[equal-ρ] bracket μ=4.960466, ΔA=+0.0030, ESS≈60001
[equal-ρ] bracket μ=4.960566, ΔA=-0.0009, ESS≈59996
[equal-ρ] bisect μ=4.960416, ΔA=+0.0049, ESS≈60003
mu* = 4.960416   ESS ≈ 60003
0.5006566119490042


success: True
χ²*    : 0.02744182494681928
θ*     : (1.6934358075326086, 0.36, 4.964705691452098, 0.99999999999982, 0.4979968878488483, -0.0013715415783852715)

=== Step: target eps_sp=0.380 (prev=0.360) ===
[μ=4.964706] f=m_dense-m_dilute=-0.1331
[step] μ=4.960706 f=+0.0274
[equal-ρ] μ0=4.960706, ΔA=A_dense-A_dilute=+0.0274, ESS≈60005
[equal-ρ] bracket μ=4.960806, ΔA=+0.0236, ESS≈60004
[equal-ρ] bracket μ=4.960906, ΔA=+0.0197, ESS≈60001
[equal-ρ] bracket μ=4.961006, ΔA=+0.0158, ESS≈59996
[equal-ρ] bracket μ=4.961106, ΔA=+0.0120, ESS≈59990
[equal-ρ] bracket μ=4.961206, ΔA=+0.0081, ESS≈59981
[equal-ρ] bracket μ=4.961306, ΔA=+0.0043, ESS≈59971
[equal-ρ] bracket μ=4.961406, ΔA=+0.0004, ESS≈59958
[equal-ρ] bracket μ=4.961506, ΔA=-0.0035, ESS≈59944
[equal-ρ] bisect μ=4.961106, ΔA=+0.0120, ESS≈59990
[equal-ρ] bisect μ=4.961306, ΔA=+0.0043, ESS≈59971
mu* = 4.961306   ESS ≈ 59971
0.5012902258145153


success: True
χ²*    : 0.027150701535463846
θ*     : (1.6881191211420334, 0.38, 4.964917731853, 1.0000000000007778, 0.5072587186310125, 0.005568912360682053)

=== Step: target eps_sp=0.400 (prev=0.380) ===
[μ=4.964918] f=m_dense-m_dilute=-0.1319
[step] μ=4.960918 f=+0.0483
[equal-ρ] μ0=4.960918, ΔA=A_dense-A_dilute=+0.0483, ESS≈60005
[equal-ρ] bracket μ=4.961018, ΔA=+0.0445, ESS≈60004
[equal-ρ] bracket μ=4.961118, ΔA=+0.0406, ESS≈60001
[equal-ρ] bracket μ=4.961218, ΔA=+0.0368, ESS≈59996
[equal-ρ] bracket μ=4.961318, ΔA=+0.0329, ESS≈59990
[equal-ρ] bracket μ=4.961418, ΔA=+0.0291, ESS≈59981
[equal-ρ] bracket μ=4.961518, ΔA=+0.0252, ESS≈59971
[equal-ρ] bracket μ=4.961618, ΔA=+0.0214, ESS≈59958
[equal-ρ] bracket μ=4.961718, ΔA=+0.0175, ESS≈59944
[equal-ρ] bracket μ=4.961818, ΔA=+0.0136, ESS≈59928
[equal-ρ] bracket μ=4.961918, ΔA=+0.0098, ESS≈59910
[equal-ρ] bracket μ=4.962018, ΔA=+0.0059, ESS≈59890
[equal-ρ] bracket μ=4.962118, ΔA=+0.0021, ESS≈59868
[equal-ρ] bracket μ=4.962218, ΔA=-0.0018, ESS≈59844
[equal-ρ] bisect μ=4.961568, ΔA=+0.0233, ESS≈59965
[equal-ρ] bisect μ=4.961893, ΔA=+0.0108, ESS≈59914
[equal-ρ] bisect μ=4.962055, ΔA=+0.0045, ESS≈59882
mu* = 4.962055   ESS ≈ 59882
0.5001344887926006


success: True
χ²*    : 0.03210214178444429
θ*     : (1.6865826935537742, 0.4, 4.963125856671981, 0.9999999999996256, 0.5056502394998242, -0.0029019754519213166)

=== Step: target eps_sp=0.420 (prev=0.400) ===
[μ=4.963126] f=m_dense-m_dilute=+0.2677
[step] μ=4.967126 f=+0.0773
[equal-ρ] μ0=4.967126, ΔA=A_dense-A_dilute=+0.0773, ESS≈60005
[equal-ρ] bracket μ=4.967226, ΔA=+0.0735, ESS≈60004
[equal-ρ] bracket μ=4.967326, ΔA=+0.0696, ESS≈60001
[equal-ρ] bracket μ=4.967426, ΔA=+0.0658, ESS≈59996
[equal-ρ] bracket μ=4.967526, ΔA=+0.0619, ESS≈59990
[equal-ρ] bracket μ=4.967626, ΔA=+0.0580, ESS≈59981
[equal-ρ] bracket μ=4.967726, ΔA=+0.0541, ESS≈59970
[equal-ρ] bracket μ=4.967826, ΔA=+0.0503, ESS≈59958
[equal-ρ] bracket μ=4.967926, ΔA=+0.0464, ESS≈59943
[equal-ρ] bracket μ=4.968026, ΔA=+0.0425, ESS≈59927
[equal-ρ] bracket μ=4.968126, ΔA=+0.0386, ESS≈59909
[equal-ρ] bracket μ=4.968226, ΔA=+0.0348, ESS≈59889
[equal-ρ] bracket μ=4.968326, ΔA=+0.0309, ESS≈59867
[equal-ρ] bracket μ=4.968426, ΔA=+0.0270, ESS≈59842
[equal-ρ] bracket μ=4.968526, ΔA=+0.0231, ESS≈59817
[equal-ρ] bracket μ=4.968626, ΔA=+0.0192, ESS≈59789
[equal-ρ] bracket μ=4.968726, ΔA=+0.0154, ESS≈59759
[equal-ρ] bracket μ=4.968826, ΔA=+0.0115, ESS≈59727
[equal-ρ] bracket μ=4.968926, ΔA=+0.0076, ESS≈59694
[equal-ρ] bracket μ=4.969026, ΔA=+0.0037, ESS≈59658
[equal-ρ] bracket μ=4.969126, ΔA=-0.0002, ESS≈59621
[equal-ρ] bisect μ=4.968126, ΔA=+0.0386, ESS≈59909
[equal-ρ] bisect μ=4.968626, ΔA=+0.0192, ESS≈59789
[equal-ρ] bisect μ=4.968876, ΔA=+0.0095, ESS≈59711
mu* = 4.968876   ESS ≈ 59711
0.5045494542121489


success: True
χ²*    : 0.026810483533387566
θ*     : (1.6808494042823225, 0.42, 4.972535278976656, 1.0000000000054559, 0.5277748059092652, 0.020723511421190166)

=== Step: target eps_sp=0.440 (prev=0.420) ===
[μ=4.972535] f=m_dense-m_dilute=-0.0754
[equal-ρ] μ0=4.972535, ΔA=A_dense-A_dilute=-0.0754, ESS≈60005
[equal-ρ] bracket μ=4.972435, ΔA=-0.0715, ESS≈60004
[equal-ρ] bracket μ=4.972335, ΔA=-0.0677, ESS≈60001
[equal-ρ] bracket μ=4.972235, ΔA=-0.0638, ESS≈59996
[equal-ρ] bracket μ=4.972135, ΔA=-0.0600, ESS≈59990
[equal-ρ] bracket μ=4.972035, ΔA=-0.0561, ESS≈59981
[equal-ρ] bracket μ=4.971935, ΔA=-0.0522, ESS≈59971
[equal-ρ] bracket μ=4.971835, ΔA=-0.0484, ESS≈59958
[equal-ρ] bracket μ=4.971735, ΔA=-0.0445, ESS≈59944
[equal-ρ] bracket μ=4.971635, ΔA=-0.0407, ESS≈59927
[equal-ρ] bracket μ=4.971535, ΔA=-0.0368, ESS≈59909
[equal-ρ] bracket μ=4.971435, ΔA=-0.0329, ESS≈59889
[equal-ρ] bracket μ=4.971335, ΔA=-0.0290, ESS≈59867
[equal-ρ] bracket μ=4.971235, ΔA=-0.0252, ESS≈59843
[equal-ρ] bracket μ=4.971135, ΔA=-0.0213, ESS≈59817
[equal-ρ] bracket μ=4.971035, ΔA=-0.0174, ESS≈59790
[equal-ρ] bracket μ=4.970935, ΔA=-0.0136, ESS≈59760
[equal-ρ] bracket μ=4.970835, ΔA=-0.0097, ESS≈59728
[equal-ρ] bracket μ=4.970735, ΔA=-0.0058, ESS≈59695
[equal-ρ] bracket μ=4.970635, ΔA=-0.0019, ESS≈59660
[equal-ρ] bracket μ=4.970535, ΔA=+0.0019, ESS≈59623
[equal-ρ] bisect μ=4.971535, ΔA=-0.0368, ESS≈59909
[equal-ρ] bisect μ=4.971035, ΔA=-0.0174, ESS≈59790
[equal-ρ] bisect μ=4.970785, ΔA=-0.0078, ESS≈59712
mu* = 4.970785   ESS ≈ 59712
0.49632730605782843


success: True
χ²*    : 0.0304912159213319
θ*     : (1.6586794059283458, 0.44, 4.981865548190618, 0.9999999999981828, 0.47553349721421, -0.011388348939685669)

=== Step: target eps_sp=0.460 (prev=0.440) ===
[μ=4.981866] f=m_dense-m_dilute=-0.9300
[step] μ=4.977866 f=-0.9088
[step] μ=4.973866 f=-0.8788
[step] μ=4.969866 f=-0.8471
[step] μ=4.965866 f=-0.7952
[step] μ=4.961866 f=-0.7330
[step] μ=4.957866 f=-0.6449
[step] μ=4.953866 f=-0.5233
[step] μ=4.949866 f=-0.4336
[step] μ=4.945866 f=-0.3105
[step] μ=4.941866 f=-0.1924
[step] μ=4.937866 f=-0.0720
[equal-ρ] μ0=4.937866, ΔA=A_dense-A_dilute=-0.0720, ESS≈60005
[equal-ρ] bracket μ=4.937766, ΔA=-0.0683, ESS≈60004
[equal-ρ] bracket μ=4.937666, ΔA=-0.0645, ESS≈60001
[equal-ρ] bracket μ=4.937566, ΔA=-0.0607, ESS≈59997
[equal-ρ] bracket μ=4.937466, ΔA=-0.0570, ESS≈59990
[equal-ρ] bracket μ=4.937366, ΔA=-0.0532, ESS≈59982
[equal-ρ] bracket μ=4.937266, ΔA=-0.0495, ESS≈59972
[equal-ρ] bracket μ=4.937166, ΔA=-0.0457, ESS≈59960
[equal-ρ] bracket μ=4.937066, ΔA=-0.0419, ESS≈59946
[equal-ρ] bracket μ=4.936966, ΔA=-0.0382, ESS≈59930
[equal-ρ] bracket μ=4.936866, ΔA=-0.0344, ESS≈59913
[equal-ρ] bracket μ=4.936766, ΔA=-0.0306, ESS≈59894
[equal-ρ] bracket μ=4.936666, ΔA=-0.0268, ESS≈59872
[equal-ρ] bracket μ=4.936566, ΔA=-0.0231, ESS≈59849
[equal-ρ] bracket μ=4.936466, ΔA=-0.0193, ESS≈59825
[equal-ρ] bracket μ=4.936366, ΔA=-0.0155, ESS≈59798
[equal-ρ] bracket μ=4.936266, ΔA=-0.0117, ESS≈59769
[equal-ρ] bracket μ=4.936166, ΔA=-0.0080, ESS≈59739
[equal-ρ] bracket μ=4.936066, ΔA=-0.0042, ESS≈59707
[equal-ρ] bracket μ=4.935966, ΔA=-0.0004, ESS≈59673
[equal-ρ] bracket μ=4.935866, ΔA=+0.0033, ESS≈59637
[equal-ρ] bisect μ=4.936866, ΔA=-0.0344, ESS≈59913
[equal-ρ] bisect μ=4.936366, ΔA=-0.0155, ESS≈59798
[equal-ρ] bisect μ=4.936116, ΔA=-0.0061, ESS≈59723
mu* = 4.936116   ESS ≈ 59723
0.4974317140238314


success: True
χ²*    : 0.012974021573235931
θ*     : (1.654228766242457, 0.46, 4.938652997023339, 0.9999999999971826, 0.4865551359642546, -0.010068954558516346)

=== Step: target eps_sp=0.480 (prev=0.460) ===
[μ=4.938653] f=m_dense-m_dilute=+0.0358
[equal-ρ] μ0=4.938653, ΔA=A_dense-A_dilute=+0.0358, ESS≈60005
[equal-ρ] bracket μ=4.938753, ΔA=+0.0320, ESS≈60004
[equal-ρ] bracket μ=4.938853, ΔA=+0.0283, ESS≈60001
[equal-ρ] bracket μ=4.938953, ΔA=+0.0245, ESS≈59997
[equal-ρ] bracket μ=4.939053, ΔA=+0.0207, ESS≈59990
[equal-ρ] bracket μ=4.939153, ΔA=+0.0170, ESS≈59982
[equal-ρ] bracket μ=4.939253, ΔA=+0.0132, ESS≈59972
[equal-ρ] bracket μ=4.939353, ΔA=+0.0094, ESS≈59960
[equal-ρ] bracket μ=4.939453, ΔA=+0.0057, ESS≈59946
[equal-ρ] bracket μ=4.939553, ΔA=+0.0019, ESS≈59930
[equal-ρ] bracket μ=4.939653, ΔA=-0.0019, ESS≈59913
[equal-ρ] bisect μ=4.939153, ΔA=+0.0170, ESS≈59982
[equal-ρ] bisect μ=4.939403, ΔA=+0.0075, ESS≈59953
mu* = 4.939403   ESS ≈ 59953
0.5016331972335639


success: True
χ²*    : 0.02101963771034895
θ*     : (1.6537149863058294, 0.48, 4.939730326352408, 1.0000000000040519, 0.5245558511005475, 0.01236764337746933)

=== Step: target eps_sp=0.500 (prev=0.480) ===
[μ=4.939730] f=m_dense-m_dilute=+0.3033
[step] μ=4.943730 f=+0.2307
[step] μ=4.947730 f=+0.0357
[equal-ρ] μ0=4.947730, ΔA=A_dense-A_dilute=+0.0357, ESS≈60005
[equal-ρ] bracket μ=4.947830, ΔA=+0.0319, ESS≈60004
[equal-ρ] bracket μ=4.947930, ΔA=+0.0281, ESS≈60001
[equal-ρ] bracket μ=4.948030, ΔA=+0.0243, ESS≈59997
[equal-ρ] bracket μ=4.948130, ΔA=+0.0205, ESS≈59990
[equal-ρ] bracket μ=4.948230, ΔA=+0.0167, ESS≈59982
[equal-ρ] bracket μ=4.948330, ΔA=+0.0129, ESS≈59971
[equal-ρ] bracket μ=4.948430, ΔA=+0.0091, ESS≈59959
[equal-ρ] bracket μ=4.948530, ΔA=+0.0053, ESS≈59945
[equal-ρ] bracket μ=4.948630, ΔA=+0.0015, ESS≈59930
[equal-ρ] bracket μ=4.948730, ΔA=-0.0023, ESS≈59912
[equal-ρ] bisect μ=4.948230, ΔA=+0.0167, ESS≈59982
[equal-ρ] bisect μ=4.948480, ΔA=+0.0072, ESS≈59953
mu* = 4.948480   ESS ≈ 59953
0.5024349637530205


success: True
χ²*    : 0.018886209164456495
θ*     : (1.645466106151104, 0.5, 4.953698679958285, 1.0000000000055074, 0.5133902330805103, 0.016401845470982706)

=== Step: target eps_sp=0.520 (prev=0.500) ===
[μ=4.953699] f=m_dense-m_dilute=-0.3364
[step] μ=4.949699 f=-0.1901
[step] μ=4.945699 f=-0.0801
[equal-ρ] μ0=4.945699, ΔA=A_dense-A_dilute=-0.0801, ESS≈60005
[equal-ρ] bracket μ=4.945599, ΔA=-0.0764, ESS≈60004
[equal-ρ] bracket μ=4.945499, ΔA=-0.0726, ESS≈60001
[equal-ρ] bracket μ=4.945399, ΔA=-0.0688, ESS≈59997
[equal-ρ] bracket μ=4.945299, ΔA=-0.0651, ESS≈59990
[equal-ρ] bracket μ=4.945199, ΔA=-0.0613, ESS≈59982
[equal-ρ] bracket μ=4.945099, ΔA=-0.0576, ESS≈59972
[equal-ρ] bracket μ=4.944999, ΔA=-0.0538, ESS≈59960
[equal-ρ] bracket μ=4.944899, ΔA=-0.0500, ESS≈59946
[equal-ρ] bracket μ=4.944799, ΔA=-0.0463, ESS≈59930
[equal-ρ] bracket μ=4.944699, ΔA=-0.0425, ESS≈59913
[equal-ρ] bracket μ=4.944599, ΔA=-0.0387, ESS≈59894
[equal-ρ] bracket μ=4.944499, ΔA=-0.0350, ESS≈59872
[equal-ρ] bracket μ=4.944399, ΔA=-0.0312, ESS≈59849
[equal-ρ] bracket μ=4.944299, ΔA=-0.0274, ESS≈59824
[equal-ρ] bracket μ=4.944199, ΔA=-0.0236, ESS≈59798
[equal-ρ] bracket μ=4.944099, ΔA=-0.0199, ESS≈59769
[equal-ρ] bracket μ=4.943999, ΔA=-0.0161, ESS≈59739
[equal-ρ] bracket μ=4.943899, ΔA=-0.0123, ESS≈59707
[equal-ρ] bracket μ=4.943799, ΔA=-0.0085, ESS≈59673
[equal-ρ] bracket μ=4.943699, ΔA=-0.0048, ESS≈59637
mu* = 4.943699   ESS ≈ 59637
0.497804849595867


success: True
χ²*    : 0.016788593092155035
θ*     : (1.6407226720778734, 0.52, 4.946060239553791, 1.000000000000609, 0.5027848076671212, 0.002734174710757494)

=== Step: target eps_sp=0.540 (prev=0.520) ===
[μ=4.946060] f=m_dense-m_dilute=+0.0447
[equal-ρ] μ0=4.946060, ΔA=A_dense-A_dilute=+0.0447, ESS≈60005
[equal-ρ] bracket μ=4.946160, ΔA=+0.0409, ESS≈60004
[equal-ρ] bracket μ=4.946260, ΔA=+0.0371, ESS≈60001
[equal-ρ] bracket μ=4.946360, ΔA=+0.0334, ESS≈59997
[equal-ρ] bracket μ=4.946460, ΔA=+0.0296, ESS≈59990
[equal-ρ] bracket μ=4.946560, ΔA=+0.0258, ESS≈59982
[equal-ρ] bracket μ=4.946660, ΔA=+0.0220, ESS≈59972
[equal-ρ] bracket μ=4.946760, ΔA=+0.0182, ESS≈59960
[equal-ρ] bracket μ=4.946860, ΔA=+0.0145, ESS≈59946
[equal-ρ] bracket μ=4.946960, ΔA=+0.0107, ESS≈59930
[equal-ρ] bracket μ=4.947060, ΔA=+0.0069, ESS≈59913
[equal-ρ] bracket μ=4.947160, ΔA=+0.0031, ESS≈59893
[equal-ρ] bracket μ=4.947260, ΔA=-0.0007, ESS≈59872
[equal-ρ] bisect μ=4.946660, ΔA=+0.0220, ESS≈59972
[equal-ρ] bisect μ=4.946960, ΔA=+0.0107, ESS≈59930
[equal-ρ] bisect μ=4.947110, ΔA=+0.0050, ESS≈59903
mu* = 4.947110   ESS ≈ 59903
0.5003583034747103


success: True
χ²*    : 0.02379451396413642
θ*     : (1.6374149994218736, 0.54, 4.950417696901529, 0.9999999999973871, 0.4978193644784408, -0.009710981660153578)

=== Step: target eps_sp=0.560 (prev=0.540) ===
[μ=4.950418] f=m_dense-m_dilute=-0.0147
[equal-ρ] μ0=4.950418, ΔA=A_dense-A_dilute=-0.0147, ESS≈60005
[equal-ρ] bracket μ=4.950318, ΔA=-0.0109, ESS≈60004
[equal-ρ] bracket μ=4.950218, ΔA=-0.0071, ESS≈60001
[equal-ρ] bracket μ=4.950118, ΔA=-0.0033, ESS≈59997
[equal-ρ] bracket μ=4.950018, ΔA=+0.0005, ESS≈59990
[equal-ρ] bisect μ=4.950218, ΔA=-0.0071, ESS≈60001
mu* = 4.950218   ESS ≈ 60001
0.49622598116823585


success: True
χ²*    : 0.019569704273128336
θ*     : (1.6324497212334879, 0.56, 4.955057345235801, 0.9999999999966085, 0.4800286513423063, -0.013046960947268661)

=== Step: target eps_sp=0.580 (prev=0.560) ===
[μ=4.955057] f=m_dense-m_dilute=-0.0993
[equal-ρ] μ0=4.955057, ΔA=A_dense-A_dilute=-0.0993, ESS≈60005
[equal-ρ] bracket μ=4.954957, ΔA=-0.0955, ESS≈60004
[equal-ρ] bracket μ=4.954857, ΔA=-0.0918, ESS≈60001
[equal-ρ] bracket μ=4.954757, ΔA=-0.0880, ESS≈59997
[equal-ρ] bracket μ=4.954657, ΔA=-0.0843, ESS≈59990
[equal-ρ] bracket μ=4.954557, ΔA=-0.0805, ESS≈59982
[equal-ρ] bracket μ=4.954457, ΔA=-0.0768, ESS≈59972
[equal-ρ] bracket μ=4.954357, ΔA=-0.0730, ESS≈59960
[equal-ρ] bracket μ=4.954257, ΔA=-0.0692, ESS≈59946
[equal-ρ] bracket μ=4.954157, ΔA=-0.0655, ESS≈59930
[equal-ρ] bracket μ=4.954057, ΔA=-0.0617, ESS≈59913
[equal-ρ] bracket μ=4.953957, ΔA=-0.0579, ESS≈59893
[equal-ρ] bracket μ=4.953857, ΔA=-0.0541, ESS≈59872
[equal-ρ] bracket μ=4.953757, ΔA=-0.0504, ESS≈59849
[equal-ρ] bracket μ=4.953657, ΔA=-0.0466, ESS≈59824
[equal-ρ] bracket μ=4.953557, ΔA=-0.0428, ESS≈59797
[equal-ρ] bracket μ=4.953457, ΔA=-0.0390, ESS≈59769
[equal-ρ] bracket μ=4.953357, ΔA=-0.0353, ESS≈59738
[equal-ρ] bracket μ=4.953257, ΔA=-0.0315, ESS≈59706
[equal-ρ] bracket μ=4.953157, ΔA=-0.0277, ESS≈59672
[equal-ρ] bracket μ=4.953057, ΔA=-0.0239, ESS≈59636
mu* = 4.953057   ESS ≈ 59636
0.48664394633780517


success: True
χ²*    : 0.018667447931090403
θ*     : (1.6304930073446235, 0.58, 4.954317887865659, 0.9999999999881276, 0.42468255588762904, -0.060325736757393555)

=== Step: target eps_sp=0.600 (prev=0.580) ===
[μ=4.954318] f=m_dense-m_dilute=+0.2193
[step] μ=4.958318 f=+0.0995
[equal-ρ] μ0=4.958318, ΔA=A_dense-A_dilute=+0.0995, ESS≈60005
[equal-ρ] bracket μ=4.958418, ΔA=+0.0957, ESS≈60004
[equal-ρ] bracket μ=4.958518, ΔA=+0.0920, ESS≈60001
[equal-ρ] bracket μ=4.958618, ΔA=+0.0882, ESS≈59997
[equal-ρ] bracket μ=4.958718, ΔA=+0.0844, ESS≈59990
[equal-ρ] bracket μ=4.958818, ΔA=+0.0807, ESS≈59982
[equal-ρ] bracket μ=4.958918, ΔA=+0.0769, ESS≈59972
[equal-ρ] bracket μ=4.959018, ΔA=+0.0732, ESS≈59960
[equal-ρ] bracket μ=4.959118, ΔA=+0.0694, ESS≈59946
[equal-ρ] bracket μ=4.959218, ΔA=+0.0656, ESS≈59930
[equal-ρ] bracket μ=4.959318, ΔA=+0.0618, ESS≈59913
[equal-ρ] bracket μ=4.959418, ΔA=+0.0581, ESS≈59893
[equal-ρ] bracket μ=4.959518, ΔA=+0.0543, ESS≈59872
[equal-ρ] bracket μ=4.959618, ΔA=+0.0505, ESS≈59849
[equal-ρ] bracket μ=4.959718, ΔA=+0.0467, ESS≈59824
[equal-ρ] bracket μ=4.959818, ΔA=+0.0429, ESS≈59797
[equal-ρ] bracket μ=4.959918, ΔA=+0.0392, ESS≈59768
[equal-ρ] bracket μ=4.960018, ΔA=+0.0354, ESS≈59738
[equal-ρ] bracket μ=4.960118, ΔA=+0.0316, ESS≈59705
[equal-ρ] bracket μ=4.960218, ΔA=+0.0278, ESS≈59671
[equal-ρ] bracket μ=4.960318, ΔA=+0.0240, ESS≈59635
mu* = 4.960318   ESS ≈ 59635
0.5069869177568536


success: True
χ²*    : 0.018638284825987617
θ*     : (1.6147757741897586, 0.6, 4.9533856312784845, 1.0000000000254599, 0.5559355461618762, 0.04574396859713008)

=== Step: target eps_sp=0.620 (prev=0.600) ===
[μ=4.953386] f=m_dense-m_dilute=-0.4739
[step] μ=4.949386 f=-0.2997
[step] μ=4.945386 f=-0.1887
[step] μ=4.941386 f=-0.0760
[equal-ρ] μ0=4.941386, ΔA=A_dense-A_dilute=-0.0760, ESS≈60005
[equal-ρ] bracket μ=4.941286, ΔA=-0.0722, ESS≈60004
[equal-ρ] bracket μ=4.941186, ΔA=-0.0685, ESS≈60001
[equal-ρ] bracket μ=4.941086, ΔA=-0.0648, ESS≈59997
[equal-ρ] bracket μ=4.940986, ΔA=-0.0611, ESS≈59991
[equal-ρ] bracket μ=4.940886, ΔA=-0.0574, ESS≈59982
[equal-ρ] bracket μ=4.940786, ΔA=-0.0537, ESS≈59972
[equal-ρ] bracket μ=4.940686, ΔA=-0.0499, ESS≈59961
[equal-ρ] bracket μ=4.940586, ΔA=-0.0462, ESS≈59947
[equal-ρ] bracket μ=4.940486, ΔA=-0.0425, ESS≈59932
[equal-ρ] bracket μ=4.940386, ΔA=-0.0388, ESS≈59915
[equal-ρ] bracket μ=4.940286, ΔA=-0.0350, ESS≈59896
[equal-ρ] bracket μ=4.940186, ΔA=-0.0313, ESS≈59875
[equal-ρ] bracket μ=4.940086, ΔA=-0.0276, ESS≈59852
[equal-ρ] bracket μ=4.939986, ΔA=-0.0238, ESS≈59828
[equal-ρ] bracket μ=4.939886, ΔA=-0.0201, ESS≈59801
[equal-ρ] bracket μ=4.939786, ΔA=-0.0164, ESS≈59773
[equal-ρ] bracket μ=4.939686, ΔA=-0.0126, ESS≈59744
[equal-ρ] bracket μ=4.939586, ΔA=-0.0089, ESS≈59712
[equal-ρ] bracket μ=4.939486, ΔA=-0.0052, ESS≈59679
[equal-ρ] bracket μ=4.939386, ΔA=-0.0014, ESS≈59644
mu* = 4.939386   ESS ≈ 59644
0.4991527372718941


success: True
χ²*    : 0.015919287911136545
θ*     : (1.5825825975302452, 0.62, 4.9638610829811105, 1.0000000000002067, 0.4986614265310575, 0.0013378268669905684)

=== Step: target eps_sp=0.640 (prev=0.620) ===
[μ=4.963861] f=m_dense-m_dilute=-0.9863
[step] μ=4.959861 f=-0.9809
[step] μ=4.955861 f=-0.9773
[step] μ=4.951861 f=-0.9740
[step] μ=4.947861 f=-0.9680
[step] μ=4.943861 f=-0.9586
[step] μ=4.939861 f=-0.9466
[step] μ=4.935861 f=-0.9325
[step] μ=4.931861 f=-0.9169
[step] μ=4.927861 f=-0.8852
[step] μ=4.923861 f=-0.8404
[step] μ=4.919861 f=-0.8278
[step] μ=4.915861 f=-0.7643
[step] μ=4.911861 f=-0.6892
[step] μ=4.907861 f=-0.6114
[step] μ=4.903861 f=-0.4999
[step] μ=4.899861 f=-0.4171
[step] μ=4.895861 f=-0.3085
[step] μ=4.891861 f=-0.1940
[step] μ=4.887861 f=-0.0216
[equal-ρ] μ0=4.887861, ΔA=A_dense-A_dilute=-0.0216, ESS≈60005
[equal-ρ] bracket μ=4.887761, ΔA=-0.0180, ESS≈60004
[equal-ρ] bracket μ=4.887661, ΔA=-0.0145, ESS≈60002
[equal-ρ] bracket μ=4.887561, ΔA=-0.0109, ESS≈59997
[equal-ρ] bracket μ=4.887461, ΔA=-0.0074, ESS≈59991
[equal-ρ] bracket μ=4.887361, ΔA=-0.0038, ESS≈59984
[equal-ρ] bracket μ=4.887261, ΔA=-0.0002, ESS≈59975
[equal-ρ] bracket μ=4.887161, ΔA=+0.0033, ESS≈59964
[equal-ρ] bisect μ=4.887511, ΔA=-0.0091, ESS≈59995
mu* = 4.887511   ESS ≈ 59995
0.49552820598283476


success: True
χ²*    : 0.021906451220475708
θ*     : (1.5799714278257524, 0.64, 4.890122213144635, 0.9999999999949452, 0.5016772164569726, -0.013983397477697886)

=== Step: target eps_sp=0.660 (prev=0.640) ===
[μ=4.890122] f=m_dense-m_dilute=+0.1241
[step] μ=4.894122 f=+0.0067
[equal-ρ] μ0=4.894122, ΔA=A_dense-A_dilute=+0.0067, ESS≈60005
mu* = 4.894122   ESS ≈ 60005
0.5002346471127407


success: True
χ²*    : 0.005112352718971356
θ*     : (1.5730990530340925, 0.66, 4.896470837351665, 1.000000000003814, 0.5079469906897712, 0.011008676815753033)

=== Step: target eps_sp=0.680 (prev=0.660) ===
[μ=4.896471] f=m_dense-m_dilute=-0.1621
[step] μ=4.892471 f=-0.0306
[equal-ρ] μ0=4.892471, ΔA=A_dense-A_dilute=-0.0306, ESS≈60005
[equal-ρ] bracket μ=4.892371, ΔA=-0.0270, ESS≈60004
[equal-ρ] bracket μ=4.892271, ΔA=-0.0235, ESS≈60002
[equal-ρ] bracket μ=4.892171, ΔA=-0.0199, ESS≈59997
[equal-ρ] bracket μ=4.892071, ΔA=-0.0164, ESS≈59992
[equal-ρ] bracket μ=4.891971, ΔA=-0.0128, ESS≈59984
[equal-ρ] bracket μ=4.891871, ΔA=-0.0093, ESS≈59975
[equal-ρ] bracket μ=4.891771, ΔA=-0.0057, ESS≈59964
[equal-ρ] bracket μ=4.891671, ΔA=-0.0021, ESS≈59951
[equal-ρ] bracket μ=4.891571, ΔA=+0.0014, ESS≈59937
[equal-ρ] bisect μ=4.892021, ΔA=-0.0146, ESS≈59988
[equal-ρ] bisect μ=4.891796, ΔA=-0.0066, ESS≈59967
mu* = 4.891796   ESS ≈ 59967
0.49570052495625366


success: True
χ²*    : 0.02277513209757947
θ*     : (1.5706739460311734, 0.68, 4.893404943441662, 0.999999999998924, 0.5139157647548144, -0.00342129846911898)

=== Step: target eps_sp=0.700 (prev=0.680) ===
[μ=4.893405] f=m_dense-m_dilute=+0.2105
[step] μ=4.897405 f=+0.0647
[equal-ρ] μ0=4.897405, ΔA=A_dense-A_dilute=+0.0647, ESS≈60005
[equal-ρ] bracket μ=4.897505, ΔA=+0.0612, ESS≈60004
[equal-ρ] bracket μ=4.897605, ΔA=+0.0576, ESS≈60002
[equal-ρ] bracket μ=4.897705, ΔA=+0.0541, ESS≈59997
[equal-ρ] bracket μ=4.897805, ΔA=+0.0505, ESS≈59992
[equal-ρ] bracket μ=4.897905, ΔA=+0.0470, ESS≈59984
[equal-ρ] bracket μ=4.898005, ΔA=+0.0434, ESS≈59975
[equal-ρ] bracket μ=4.898105, ΔA=+0.0399, ESS≈59964
[equal-ρ] bracket μ=4.898205, ΔA=+0.0363, ESS≈59951
[equal-ρ] bracket μ=4.898305, ΔA=+0.0327, ESS≈59937
[equal-ρ] bracket μ=4.898405, ΔA=+0.0292, ESS≈59921
[equal-ρ] bracket μ=4.898505, ΔA=+0.0256, ESS≈59903
[equal-ρ] bracket μ=4.898605, ΔA=+0.0220, ESS≈59883
[equal-ρ] bracket μ=4.898705, ΔA=+0.0185, ESS≈59862
[equal-ρ] bracket μ=4.898805, ΔA=+0.0149, ESS≈59840
[equal-ρ] bracket μ=4.898905, ΔA=+0.0114, ESS≈59815
[equal-ρ] bracket μ=4.899005, ΔA=+0.0078, ESS≈59789
[equal-ρ] bracket μ=4.899105, ΔA=+0.0042, ESS≈59761
[equal-ρ] bracket μ=4.899205, ΔA=+0.0007, ESS≈59732
[equal-ρ] bracket μ=4.899305, ΔA=-0.0029, ESS≈59701
[equal-ρ] bisect μ=4.898355, ΔA=+0.0310, ESS≈59929
[equal-ρ] bisect μ=4.898830, ΔA=+0.0140, ESS≈59834
[equal-ρ] bisect μ=4.899067, ΔA=+0.0056, ESS≈59772
mu* = 4.899067   ESS ≈ 59772
0.5019596700274976


success: True
χ²*    : 0.010174622614223805
θ*     : (1.5702556844234292, 0.7000000000000001, 4.9003051140968115, 1.0000000000039353, 0.5251169252921492, 0.01120154028602458)

=== Step: target eps_sp=0.720 (prev=0.700) ===
[μ=4.900305] f=m_dense-m_dilute=+0.3312
[step] μ=4.904305 f=+0.2092
[step] μ=4.908305 f=+0.0581
[equal-ρ] μ0=4.908305, ΔA=A_dense-A_dilute=+0.0581, ESS≈60005
[equal-ρ] bracket μ=4.908405, ΔA=+0.0546, ESS≈60004
[equal-ρ] bracket μ=4.908505, ΔA=+0.0510, ESS≈60002
[equal-ρ] bracket μ=4.908605, ΔA=+0.0474, ESS≈59997
[equal-ρ] bracket μ=4.908705, ΔA=+0.0438, ESS≈59991
[equal-ρ] bracket μ=4.908805, ΔA=+0.0402, ESS≈59984
[equal-ρ] bracket μ=4.908905, ΔA=+0.0366, ESS≈59974
[equal-ρ] bracket μ=4.909005, ΔA=+0.0330, ESS≈59963
[equal-ρ] bracket μ=4.909105, ΔA=+0.0294, ESS≈59950
[equal-ρ] bracket μ=4.909205, ΔA=+0.0258, ESS≈59936
[equal-ρ] bracket μ=4.909305, ΔA=+0.0222, ESS≈59919
[equal-ρ] bracket μ=4.909405, ΔA=+0.0186, ESS≈59901
[equal-ρ] bracket μ=4.909505, ΔA=+0.0150, ESS≈59882
[equal-ρ] bracket μ=4.909605, ΔA=+0.0114, ESS≈59860
[equal-ρ] bracket μ=4.909705, ΔA=+0.0078, ESS≈59837
[equal-ρ] bracket μ=4.909805, ΔA=+0.0042, ESS≈59812
[equal-ρ] bracket μ=4.909905, ΔA=+0.0006, ESS≈59786
[equal-ρ] bracket μ=4.910005, ΔA=-0.0030, ESS≈59758
[equal-ρ] bisect μ=4.909155, ΔA=+0.0276, ESS≈59943
[equal-ρ] bisect μ=4.909580, ΔA=+0.0123, ESS≈59866
[equal-ρ] bisect μ=4.909793, ΔA=+0.0047, ESS≈59816
mu* = 4.909793   ESS ≈ 59816
0.5003003083076409


success: True
χ²*    : 0.01560251017327683
θ*     : (1.570275525016439, 0.72, 4.909781405108995, 0.9999999999997068, 0.5135793066121763, -0.0015164830738295695)

=== Step: target eps_sp=0.740 (prev=0.720) ===
[μ=4.909781] f=m_dense-m_dilute=+0.3953
[step] μ=4.913781 f=+0.3185
[step] μ=4.917781 f=+0.1056
[step] μ=4.921781 f=-0.0360
[equal-ρ] μ0=4.921781, ΔA=A_dense-A_dilute=-0.0360, ESS≈60005
[equal-ρ] bracket μ=4.921681, ΔA=-0.0324, ESS≈60004
[equal-ρ] bracket μ=4.921581, ΔA=-0.0288, ESS≈60002
[equal-ρ] bracket μ=4.921481, ΔA=-0.0252, ESS≈59997
[equal-ρ] bracket μ=4.921381, ΔA=-0.0215, ESS≈59991
[equal-ρ] bracket μ=4.921281, ΔA=-0.0179, ESS≈59983
[equal-ρ] bracket μ=4.921181, ΔA=-0.0143, ESS≈59974
[equal-ρ] bracket μ=4.921081, ΔA=-0.0107, ESS≈59963
[equal-ρ] bracket μ=4.920981, ΔA=-0.0071, ESS≈59950
[equal-ρ] bracket μ=4.920881, ΔA=-0.0035, ESS≈59935
[equal-ρ] bracket μ=4.920781, ΔA=+0.0002, ESS≈59919
[equal-ρ] bisect μ=4.921281, ΔA=-0.0179, ESS≈59983
[equal-ρ] bisect μ=4.921031, ΔA=-0.0089, ESS≈59956
mu* = 4.921031   ESS ≈ 59956
0.4948329305891176


success: True
χ²*    : 0.008583691343312577
θ*     : (1.5662088197735058, 0.74, 4.9247998603586725, 0.9999999999990823, 0.5001548214362322, -0.003476280497740922)

=== Step: target eps_sp=0.760 (prev=0.740) ===
[μ=4.924800] f=m_dense-m_dilute=+0.0423
[equal-ρ] μ0=4.924800, ΔA=A_dense-A_dilute=+0.0423, ESS≈60005
[equal-ρ] bracket μ=4.924900, ΔA=+0.0387, ESS≈60004
[equal-ρ] bracket μ=4.925000, ΔA=+0.0351, ESS≈60002
[equal-ρ] bracket μ=4.925100, ΔA=+0.0315, ESS≈59997
[equal-ρ] bracket μ=4.925200, ΔA=+0.0279, ESS≈59991
[equal-ρ] bracket μ=4.925300, ΔA=+0.0243, ESS≈59983
[equal-ρ] bracket μ=4.925400, ΔA=+0.0206, ESS≈59974
[equal-ρ] bracket μ=4.925500, ΔA=+0.0170, ESS≈59963
[equal-ρ] bracket μ=4.925600, ΔA=+0.0134, ESS≈59950
[equal-ρ] bracket μ=4.925700, ΔA=+0.0098, ESS≈59935
[equal-ρ] bracket μ=4.925800, ΔA=+0.0061, ESS≈59918
[equal-ρ] bracket μ=4.925900, ΔA=+0.0025, ESS≈59900
[equal-ρ] bracket μ=4.926000, ΔA=-0.0011, ESS≈59880
[equal-ρ] bisect μ=4.925400, ΔA=+0.0206, ESS≈59974
[equal-ρ] bisect μ=4.925700, ΔA=+0.0098, ESS≈59935
mu* = 4.925700   ESS ≈ 59935
0.5012167319390051


success: False
χ²*    : 0.01745487790664439
θ*     : (1.5662088197735058, 0.76, 4.925699860358672, 1.0000000000043312, 0.5289108752994996, 0.011345680167177113)

=== Step: target eps_sp=0.780 (prev=0.760) ===
[μ=4.925700] f=m_dense-m_dilute=+0.3969
[step] μ=4.929700 f=+0.2929
[step] μ=4.933700 f=+0.1535
[step] μ=4.937700 f=+0.0264
[equal-ρ] μ0=4.937700, ΔA=A_dense-A_dilute=+0.0264, ESS≈60005
[equal-ρ] bracket μ=4.937800, ΔA=+0.0227, ESS≈60004
[equal-ρ] bracket μ=4.937900, ΔA=+0.0191, ESS≈60002
[equal-ρ] bracket μ=4.938000, ΔA=+0.0155, ESS≈59997
[equal-ρ] bracket μ=4.938100, ΔA=+0.0118, ESS≈59991
[equal-ρ] bracket μ=4.938200, ΔA=+0.0082, ESS≈59983
[equal-ρ] bracket μ=4.938300, ΔA=+0.0045, ESS≈59974
[equal-ρ] bracket μ=4.938400, ΔA=+0.0009, ESS≈59962
[equal-ρ] bracket μ=4.938500, ΔA=-0.0028, ESS≈59949
[equal-ρ] bisect μ=4.938100, ΔA=+0.0118, ESS≈59991
[equal-ρ] bisect μ=4.938300, ΔA=+0.0045, ESS≈59974
mu* = 4.938300   ESS ≈ 59974
0.49790450795767016


success: True
χ²*    : 0.006211624099123633
θ*     : (1.5606237931781226, 0.78, 4.941776183328894, 0.9999999999969643, 0.4882284214546149, -0.009974683750761368)

=== Step: target eps_sp=0.800 (prev=0.780) ===
[μ=4.941776] f=m_dense-m_dilute=-0.1624
[step] μ=4.937776 f=+0.0073
[equal-ρ] μ0=4.937776, ΔA=A_dense-A_dilute=+0.0073, ESS≈60005
mu* = 4.937776   ESS ≈ 60005
0.5004984584617949


success: True
χ²*    : 0.0065939369728359645
θ*     : (1.5554356862936545, 0.8, 4.942483341752889, 1.0000000000050735, 0.5181444380330918, 0.013484787348131612)

=== Step: target eps_sp=0.820 (prev=0.800) ===
[μ=4.942483] f=m_dense-m_dilute=-0.0836
[equal-ρ] μ0=4.942483, ΔA=A_dense-A_dilute=-0.0836, ESS≈60005
[equal-ρ] bracket μ=4.942383, ΔA=-0.0800, ESS≈60004
[equal-ρ] bracket μ=4.942283, ΔA=-0.0764, ESS≈60002
[equal-ρ] bracket μ=4.942183, ΔA=-0.0728, ESS≈59997
[equal-ρ] bracket μ=4.942083, ΔA=-0.0692, ESS≈59991
[equal-ρ] bracket μ=4.941983, ΔA=-0.0656, ESS≈59983
[equal-ρ] bracket μ=4.941883, ΔA=-0.0620, ESS≈59974
[equal-ρ] bracket μ=4.941783, ΔA=-0.0584, ESS≈59963
[equal-ρ] bracket μ=4.941683, ΔA=-0.0547, ESS≈59950
[equal-ρ] bracket μ=4.941583, ΔA=-0.0511, ESS≈59935
[equal-ρ] bracket μ=4.941483, ΔA=-0.0475, ESS≈59918
[equal-ρ] bracket μ=4.941383, ΔA=-0.0439, ESS≈59900
[equal-ρ] bracket μ=4.941283, ΔA=-0.0403, ESS≈59880
[equal-ρ] bracket μ=4.941183, ΔA=-0.0367, ESS≈59859
[equal-ρ] bracket μ=4.941083, ΔA=-0.0330, ESS≈59835
[equal-ρ] bracket μ=4.940983, ΔA=-0.0294, ESS≈59810
[equal-ρ] bracket μ=4.940883, ΔA=-0.0258, ESS≈59783
[equal-ρ] bracket μ=4.940783, ΔA=-0.0222, ESS≈59755
[equal-ρ] bracket μ=4.940683, ΔA=-0.0185, ESS≈59724
[equal-ρ] bracket μ=4.940583, ΔA=-0.0149, ESS≈59693
[equal-ρ] bracket μ=4.940483, ΔA=-0.0113, ESS≈59659
mu* = 4.940483   ESS ≈ 59659
0.4915322056495292


success: True
χ²*    : 0.007085705890208767
θ*     : (1.555366916293297, 0.8200000000000001, 4.940530739966493, 0.9999999999886259, 0.4531964604182885, -0.03691301097564658)

=== Step: target eps_sp=0.840 (prev=0.820) ===
[μ=4.940531] f=m_dense-m_dilute=+0.4005
[step] μ=4.944531 f=+0.2691
[step] μ=4.948531 f=+0.1464
[step] μ=4.952531 f=-0.0199
[equal-ρ] μ0=4.952531, ΔA=A_dense-A_dilute=-0.0199, ESS≈60005
[equal-ρ] bracket μ=4.952431, ΔA=-0.0162, ESS≈60004
[equal-ρ] bracket μ=4.952331, ΔA=-0.0126, ESS≈60001
[equal-ρ] bracket μ=4.952231, ΔA=-0.0089, ESS≈59997
[equal-ρ] bracket μ=4.952131, ΔA=-0.0053, ESS≈59991
[equal-ρ] bracket μ=4.952031, ΔA=-0.0016, ESS≈59983
[equal-ρ] bracket μ=4.951931, ΔA=+0.0021, ESS≈59973
[equal-ρ] bisect μ=4.952231, ΔA=-0.0089, ESS≈59997
mu* = 4.952231   ESS ≈ 59997
0.49460044996250313


success: True
χ²*    : 0.007146884728557267
θ*     : (1.5505915751868844, 0.84, 4.9567863397784455, 0.9999999999930664, 0.4763756599651256, -0.019432483869579582)

=== Step: target eps_sp=0.860 (prev=0.840) ===
[μ=4.956786] f=m_dense-m_dilute=-0.0810
[equal-ρ] μ0=4.956786, ΔA=A_dense-A_dilute=-0.0810, ESS≈60005
[equal-ρ] bracket μ=4.956686, ΔA=-0.0774, ESS≈60004
[equal-ρ] bracket μ=4.956586, ΔA=-0.0737, ESS≈60001
[equal-ρ] bracket μ=4.956486, ΔA=-0.0701, ESS≈59997
[equal-ρ] bracket μ=4.956386, ΔA=-0.0664, ESS≈59991
[equal-ρ] bracket μ=4.956286, ΔA=-0.0628, ESS≈59983
[equal-ρ] bracket μ=4.956186, ΔA=-0.0592, ESS≈59973
[equal-ρ] bracket μ=4.956086, ΔA=-0.0555, ESS≈59962
[equal-ρ] bracket μ=4.955986, ΔA=-0.0519, ESS≈59949
[equal-ρ] bracket μ=4.955886, ΔA=-0.0482, ESS≈59934
[equal-ρ] bracket μ=4.955786, ΔA=-0.0446, ESS≈59917
[equal-ρ] bracket μ=4.955686, ΔA=-0.0409, ESS≈59899
[equal-ρ] bracket μ=4.955586, ΔA=-0.0373, ESS≈59879
[equal-ρ] bracket μ=4.955486, ΔA=-0.0336, ESS≈59857
[equal-ρ] bracket μ=4.955386, ΔA=-0.0299, ESS≈59833
[equal-ρ] bracket μ=4.955286, ΔA=-0.0263, ESS≈59808
[equal-ρ] bracket μ=4.955186, ΔA=-0.0226, ESS≈59780
[equal-ρ] bracket μ=4.955086, ΔA=-0.0190, ESS≈59751
[equal-ρ] bracket μ=4.954986, ΔA=-0.0153, ESS≈59721
[equal-ρ] bracket μ=4.954886, ΔA=-0.0117, ESS≈59688
[equal-ρ] bracket μ=4.954786, ΔA=-0.0080, ESS≈59654
mu* = 4.954786   ESS ≈ 59654
0.4937530205816182


success: True
χ²*    : 0.00639657313701344
θ*     : (1.546926006702543, 0.86, 4.957095721138132, 0.9999999999922845, 0.46994828888755086, -0.022445883787506407)

=== Step: target eps_sp=0.880 (prev=0.860) ===
[μ=4.957096] f=m_dense-m_dilute=+0.0969
[equal-ρ] μ0=4.957096, ΔA=A_dense-A_dilute=+0.0969, ESS≈60005
[equal-ρ] bracket μ=4.957196, ΔA=+0.0933, ESS≈60004
[equal-ρ] bracket μ=4.957296, ΔA=+0.0896, ESS≈60001
[equal-ρ] bracket μ=4.957396, ΔA=+0.0860, ESS≈59997
[equal-ρ] bracket μ=4.957496, ΔA=+0.0824, ESS≈59991
[equal-ρ] bracket μ=4.957596, ΔA=+0.0787, ESS≈59983
[equal-ρ] bracket μ=4.957696, ΔA=+0.0751, ESS≈59973
[equal-ρ] bracket μ=4.957796, ΔA=+0.0714, ESS≈59962
[equal-ρ] bracket μ=4.957896, ΔA=+0.0678, ESS≈59949
[equal-ρ] bracket μ=4.957996, ΔA=+0.0641, ESS≈59934
[equal-ρ] bracket μ=4.958096, ΔA=+0.0605, ESS≈59917
[equal-ρ] bracket μ=4.958196, ΔA=+0.0568, ESS≈59899
[equal-ρ] bracket μ=4.958296, ΔA=+0.0531, ESS≈59878
[equal-ρ] bracket μ=4.958396, ΔA=+0.0495, ESS≈59856
[equal-ρ] bracket μ=4.958496, ΔA=+0.0458, ESS≈59832
[equal-ρ] bracket μ=4.958596, ΔA=+0.0422, ESS≈59807
[equal-ρ] bracket μ=4.958696, ΔA=+0.0385, ESS≈59780
[equal-ρ] bracket μ=4.958796, ΔA=+0.0348, ESS≈59751
[equal-ρ] bracket μ=4.958896, ΔA=+0.0312, ESS≈59720
[equal-ρ] bracket μ=4.958996, ΔA=+0.0275, ESS≈59687
[equal-ρ] bracket μ=4.959096, ΔA=+0.0238, ESS≈59653
mu* = 4.959096   ESS ≈ 59653
0.5051010749104241


success: False
χ²*    : 0.007465490560740721
θ*     : (1.549369492755899, 0.88, 4.958376851031429, 1.0000000000400444, 0.5664526981586195, 0.05017561026605674)

=== Step: target eps_sp=0.900 (prev=0.880) ===
[μ=4.958377] f=m_dense-m_dilute=+0.5341
[step] μ=4.962377 f=+0.4740
[step] μ=4.966377 f=+0.3602
[step] μ=4.970377 f=+0.2817
[step] μ=4.974377 f=+0.1379
[step] μ=4.978377 f=-0.0268
[equal-ρ] μ0=4.978377, ΔA=A_dense-A_dilute=-0.0268, ESS≈60005
[equal-ρ] bracket μ=4.978277, ΔA=-0.0231, ESS≈60004
[equal-ρ] bracket μ=4.978177, ΔA=-0.0194, ESS≈60001
[equal-ρ] bracket μ=4.978077, ΔA=-0.0157, ESS≈59997
[equal-ρ] bracket μ=4.977977, ΔA=-0.0120, ESS≈59991
[equal-ρ] bracket μ=4.977877, ΔA=-0.0083, ESS≈59983
[equal-ρ] bracket μ=4.977777, ΔA=-0.0047, ESS≈59973
[equal-ρ] bracket μ=4.977677, ΔA=-0.0010, ESS≈59961
[equal-ρ] bracket μ=4.977577, ΔA=+0.0027, ESS≈59948
[equal-ρ] bisect μ=4.977977, ΔA=-0.0120, ESS≈59991
[equal-ρ] bisect μ=4.977777, ΔA=-0.0047, ESS≈59973
mu* = 4.977777   ESS ≈ 59973
0.494033330555787


success: True
χ²*    : 0.009039893403253653
θ*     : (1.5437943313505165, 0.9, 4.982268380372556, 0.9999999999962914, 0.4782140760961525, -0.014307620871903346)

=== Step: target eps_sp=0.920 (prev=0.900) ===
[μ=4.982268] f=m_dense-m_dilute=-0.1477
[step] μ=4.978268 f=+0.0006
[equal-ρ] μ0=4.978268, ΔA=A_dense-A_dilute=+0.0006, ESS≈60005
mu* = 4.978268   ESS ≈ 60005
0.4967819348387634


success: True
χ²*    : 0.03772929162708488
θ*     : (1.5392985026363146, 0.92, 4.9827642094142055, 0.9999999999985645, 0.513849710020738, -0.006837722402605206)

=== Step: target eps_sp=0.940 (prev=0.920) ===
[μ=4.982764] f=m_dense-m_dilute=-0.0332
[equal-ρ] μ0=4.982764, ΔA=A_dense-A_dilute=-0.0332, ESS≈60005
[equal-ρ] bracket μ=4.982664, ΔA=-0.0295, ESS≈60004
[equal-ρ] bracket μ=4.982564, ΔA=-0.0258, ESS≈60001
[equal-ρ] bracket μ=4.982464, ΔA=-0.0222, ESS≈59997
[equal-ρ] bracket μ=4.982364, ΔA=-0.0185, ESS≈59991
[equal-ρ] bracket μ=4.982264, ΔA=-0.0148, ESS≈59983
[equal-ρ] bracket μ=4.982164, ΔA=-0.0111, ESS≈59973
[equal-ρ] bracket μ=4.982064, ΔA=-0.0074, ESS≈59961
[equal-ρ] bracket μ=4.981964, ΔA=-0.0037, ESS≈59948
[equal-ρ] bracket μ=4.981864, ΔA=-0.0000, ESS≈59933
[equal-ρ] bracket μ=4.981764, ΔA=+0.0036, ESS≈59916
[equal-ρ] bisect μ=4.982264, ΔA=-0.0148, ESS≈59983
[equal-ρ] bisect μ=4.982014, ΔA=-0.0056, ESS≈59955
mu* = 4.982014   ESS ≈ 59955
0.49513140571619035


success: True
χ²*    : 0.0104965607870958
θ*     : (1.5329296024090122, 0.9400000000000001, 4.986644184041573, 0.9999999999986443, 0.485967049448798, -0.0063302393367460665)

=== Step: target eps_sp=0.960 (prev=0.940) ===
[μ=4.986644] f=m_dense-m_dilute=-0.1870
[step] μ=4.982644 f=-0.0290
[equal-ρ] μ0=4.982644, ΔA=A_dense-A_dilute=-0.0290, ESS≈60005
[equal-ρ] bracket μ=4.982544, ΔA=-0.0253, ESS≈60004
[equal-ρ] bracket μ=4.982444, ΔA=-0.0216, ESS≈60001
[equal-ρ] bracket μ=4.982344, ΔA=-0.0180, ESS≈59997
[equal-ρ] bracket μ=4.982244, ΔA=-0.0143, ESS≈59991
[equal-ρ] bracket μ=4.982144, ΔA=-0.0106, ESS≈59983
[equal-ρ] bracket μ=4.982044, ΔA=-0.0069, ESS≈59973
[equal-ρ] bracket μ=4.981944, ΔA=-0.0033, ESS≈59962
[equal-ρ] bracket μ=4.981844, ΔA=+0.0004, ESS≈59948
[equal-ρ] bisect μ=4.982244, ΔA=-0.0143, ESS≈59991
[equal-ρ] bisect μ=4.982044, ΔA=-0.0069, ESS≈59973
mu* = 4.982044   ESS ≈ 59973
0.49438313473877177


success: False
χ²*    : 0.010587293105250622
θ*     : (1.5254188300142286, 0.96, 4.9871635232726135, 0.9999999999937648, 0.46977454764430226, -0.018346844840650158)

=== Step: target eps_sp=0.980 (prev=0.960) ===
[μ=4.987164] f=m_dense-m_dilute=-0.3124
[step] μ=4.983164 f=-0.1626
[step] μ=4.979164 f=-0.0113
[equal-ρ] μ0=4.979164, ΔA=A_dense-A_dilute=-0.0113, ESS≈60005
[equal-ρ] bracket μ=4.979064, ΔA=-0.0077, ESS≈60004
[equal-ρ] bracket μ=4.978964, ΔA=-0.0040, ESS≈60001
[equal-ρ] bracket μ=4.978864, ΔA=-0.0003, ESS≈59997
[equal-ρ] bracket μ=4.978764, ΔA=+0.0033, ESS≈59991
[equal-ρ] bisect μ=4.978964, ΔA=-0.0040, ESS≈60001
mu* = 4.978964   ESS ≈ 60001
0.49625697858511786


success: True
χ²*    : 0.012173643590099687
θ*     : (1.519631580390149, 0.98, 4.983862307635796, 1.0000000000008353, 0.4972167096193773, 0.0034083066610831074)

=== Step: target eps_sp=1.000 (prev=0.980) ===
[μ=4.983862] f=m_dense-m_dilute=-0.1466
[step] μ=4.979862 f=-0.0074
[equal-ρ] μ0=4.979862, ΔA=A_dense-A_dilute=-0.0074, ESS≈60005
mu* = 4.979862   ESS ≈ 60005
0.4929242563119739


success: True
χ²*    : 0.2612210179408746
θ*     : (1.5179297938407972, 1.0, 4.98156409491525, 0.9999999999907018, 0.573314945166452, -0.027954962837556607)

=== Step: target eps_sp=1.020 (prev=1.000) ===
[μ=4.981564] f=m_dense-m_dilute=+0.2553
[step] μ=4.985564 f=+0.1037
[step] μ=4.989564 f=-0.0253
[equal-ρ] μ0=4.989564, ΔA=A_dense-A_dilute=-0.0253, ESS≈60005
[equal-ρ] bracket μ=4.989464, ΔA=-0.0216, ESS≈60004
[equal-ρ] bracket μ=4.989364, ΔA=-0.0180, ESS≈60001
[equal-ρ] bracket μ=4.989264, ΔA=-0.0143, ESS≈59997
[equal-ρ] bracket μ=4.989164, ΔA=-0.0106, ESS≈59991
[equal-ρ] bracket μ=4.989064, ΔA=-0.0070, ESS≈59983
[equal-ρ] bracket μ=4.988964, ΔA=-0.0033, ESS≈59973
[equal-ρ] bracket μ=4.988864, ΔA=+0.0004, ESS≈59962
[equal-ρ] bisect μ=4.989214, ΔA=-0.0125, ESS≈59994
[equal-ρ] bisect μ=4.989039, ΔA=-0.0061, ESS≈59981
mu* = 4.989039   ESS ≈ 59981
0.49475710357470215


success: True
χ²*    : 0.008228774906566151
θ*     : (1.5134332013184795, 1.02, 4.9930143790043555, 0.999999999997635, 0.4868003512581733, -0.01076889190471126)

=== Step: target eps_sp=1.040 (prev=1.020) ===
[μ=4.993014] f=m_dense-m_dilute=-0.0182
[equal-ρ] μ0=4.993014, ΔA=A_dense-A_dilute=-0.0182, ESS≈60005
[equal-ρ] bracket μ=4.992914, ΔA=-0.0145, ESS≈60004
[equal-ρ] bracket μ=4.992814, ΔA=-0.0109, ESS≈60001
[equal-ρ] bracket μ=4.992714, ΔA=-0.0072, ESS≈59997
[equal-ρ] bracket μ=4.992614, ΔA=-0.0036, ESS≈59991
[equal-ρ] bracket μ=4.992514, ΔA=+0.0001, ESS≈59983
[equal-ρ] bisect μ=4.992764, ΔA=-0.0090, ESS≈60000
mu* = 4.992764   ESS ≈ 60000
0.4947299391717357


success: True
χ²*    : 0.007681508116535767
θ*     : (1.508176743845201, 1.04, 4.997833130238624, 0.9999999999995985, 0.4958451204642064, -0.0017256590553647584)

=== Step: target eps_sp=1.060 (prev=1.040) ===
[μ=4.997833] f=m_dense-m_dilute=-0.1395
[step] μ=4.993833 f=+0.0656
[equal-ρ] μ0=4.993833, ΔA=A_dense-A_dilute=+0.0656, ESS≈60005
[equal-ρ] bracket μ=4.993933, ΔA=+0.0619, ESS≈60004
[equal-ρ] bracket μ=4.994033, ΔA=+0.0583, ESS≈60002
[equal-ρ] bracket μ=4.994133, ΔA=+0.0547, ESS≈59997
[equal-ρ] bracket μ=4.994233, ΔA=+0.0510, ESS≈59991
[equal-ρ] bracket μ=4.994333, ΔA=+0.0474, ESS≈59983
[equal-ρ] bracket μ=4.994433, ΔA=+0.0438, ESS≈59974
[equal-ρ] bracket μ=4.994533, ΔA=+0.0401, ESS≈59962
[equal-ρ] bracket μ=4.994633, ΔA=+0.0365, ESS≈59949
[equal-ρ] bracket μ=4.994733, ΔA=+0.0328, ESS≈59934
[equal-ρ] bracket μ=4.994833, ΔA=+0.0292, ESS≈59918
[equal-ρ] bracket μ=4.994933, ΔA=+0.0256, ESS≈59899
[equal-ρ] bracket μ=4.995033, ΔA=+0.0219, ESS≈59879
[equal-ρ] bracket μ=4.995133, ΔA=+0.0183, ESS≈59857
[equal-ρ] bracket μ=4.995233, ΔA=+0.0146, ESS≈59834
[equal-ρ] bracket μ=4.995333, ΔA=+0.0110, ESS≈59808
[equal-ρ] bracket μ=4.995433, ΔA=+0.0073, ESS≈59781
[equal-ρ] bracket μ=4.995533, ΔA=+0.0037, ESS≈59753
[equal-ρ] bracket μ=4.995633, ΔA=+0.0000, ESS≈59722
[equal-ρ] bracket μ=4.995733, ΔA=-0.0036, ESS≈59690
[equal-ρ] bisect μ=4.994783, ΔA=+0.0310, ESS≈59926
[equal-ρ] bisect μ=4.995258, ΔA=+0.0137, ESS≈59828
[equal-ρ] bisect μ=4.995496, ΔA=+0.0051, ESS≈59764
mu* = 4.995496   ESS ≈ 59764
0.4981834847096075


success: True
χ²*    : 0.007240842853673331
θ*     : (1.5032983143222953, 1.06, 4.999996282646129, 0.9999999999990817, 0.49508456402556567, -0.0038545605319779265)

=== Step: target eps_sp=1.080 (prev=1.060) ===
[μ=4.999996] f=m_dense-m_dilute=-0.0864
[equal-ρ] μ0=4.999996, ΔA=A_dense-A_dilute=-0.0864, ESS≈60005
[equal-ρ] bracket μ=4.999896, ΔA=-0.0828, ESS≈60004
[equal-ρ] bracket μ=4.999796, ΔA=-0.0792, ESS≈60002
[equal-ρ] bracket μ=4.999696, ΔA=-0.0756, ESS≈59997
[equal-ρ] bracket μ=4.999596, ΔA=-0.0719, ESS≈59991
[equal-ρ] bracket μ=4.999496, ΔA=-0.0683, ESS≈59983
[equal-ρ] bracket μ=4.999396, ΔA=-0.0647, ESS≈59974
[equal-ρ] bracket μ=4.999296, ΔA=-0.0611, ESS≈59962
[equal-ρ] bracket μ=4.999196, ΔA=-0.0575, ESS≈59949
[equal-ρ] bracket μ=4.999096, ΔA=-0.0538, ESS≈59935
[equal-ρ] bracket μ=4.998996, ΔA=-0.0502, ESS≈59918
[equal-ρ] bracket μ=4.998896, ΔA=-0.0466, ESS≈59900
[equal-ρ] bracket μ=4.998796, ΔA=-0.0429, ESS≈59880
[equal-ρ] bracket μ=4.998696, ΔA=-0.0393, ESS≈59858
[equal-ρ] bracket μ=4.998596, ΔA=-0.0357, ESS≈59834
[equal-ρ] bracket μ=4.998496, ΔA=-0.0320, ESS≈59809
[equal-ρ] bracket μ=4.998396, ΔA=-0.0284, ESS≈59782
[equal-ρ] bracket μ=4.998296, ΔA=-0.0248, ESS≈59754
[equal-ρ] bracket μ=4.998196, ΔA=-0.0211, ESS≈59723
[equal-ρ] bracket μ=4.998096, ΔA=-0.0175, ESS≈59691
[equal-ρ] bracket μ=4.997996, ΔA=-0.0139, ESS≈59657
mu* = 4.997996   ESS ≈ 59657
0.48884926256145317


success: True
χ²*    : 0.008845724735460912
θ*     : (1.497562423455095, 1.08, 5.001887428348728, 0.9999999999889541, 0.4477495198159119, -0.036861696899036615)

=== Step: target eps_sp=1.100 (prev=1.080) ===
[μ=5.001887] f=m_dense-m_dilute=-0.0999
[equal-ρ] μ0=5.001887, ΔA=A_dense-A_dilute=-0.0999, ESS≈60005
[equal-ρ] bracket μ=5.001787, ΔA=-0.0963, ESS≈60004
[equal-ρ] bracket μ=5.001687, ΔA=-0.0927, ESS≈60002
[equal-ρ] bracket μ=5.001587, ΔA=-0.0891, ESS≈59997
[equal-ρ] bracket μ=5.001487, ΔA=-0.0855, ESS≈59991
[equal-ρ] bracket μ=5.001387, ΔA=-0.0818, ESS≈59983
[equal-ρ] bracket μ=5.001287, ΔA=-0.0782, ESS≈59974
[equal-ρ] bracket μ=5.001187, ΔA=-0.0746, ESS≈59963
[equal-ρ] bracket μ=5.001087, ΔA=-0.0710, ESS≈59950
[equal-ρ] bracket μ=5.000987, ΔA=-0.0674, ESS≈59935
[equal-ρ] bracket μ=5.000887, ΔA=-0.0638, ESS≈59918
[equal-ρ] bracket μ=5.000787, ΔA=-0.0602, ESS≈59900
[equal-ρ] bracket μ=5.000687, ΔA=-0.0565, ESS≈59880
[equal-ρ] bracket μ=5.000587, ΔA=-0.0529, ESS≈59858
[equal-ρ] bracket μ=5.000487, ΔA=-0.0493, ESS≈59835
[equal-ρ] bracket μ=5.000387, ΔA=-0.0457, ESS≈59810
[equal-ρ] bracket μ=5.000287, ΔA=-0.0420, ESS≈59783
[equal-ρ] bracket μ=5.000187, ΔA=-0.0384, ESS≈59754
[equal-ρ] bracket μ=5.000087, ΔA=-0.0348, ESS≈59724
[equal-ρ] bracket μ=4.999987, ΔA=-0.0312, ESS≈59692
[equal-ρ] bracket μ=4.999887, ΔA=-0.0275, ESS≈59658
mu* = 4.999887   ESS ≈ 59658
0.4872610615782018


success: True
χ²*    : 0.011346662340288324
θ*     : (1.4975621059798108, 1.1, 4.999887650563494, 0.9999999999880355, 0.45188382255163156, -0.04153428643718045)

=== Step: target eps_sp=1.120 (prev=1.100) ===
[μ=4.999888] f=m_dense-m_dilute=+0.4366
[step] μ=5.003888 f=+0.2774
[step] μ=5.007888 f=+0.1709
[step] μ=5.011888 f=-0.0014
[equal-ρ] μ0=5.011888, ΔA=A_dense-A_dilute=-0.0014, ESS≈60005
mu* = 5.011888   ESS ≈ 60005
0.4960176651945672


success: True
χ²*    : 0.3498486991762093
θ*     : (1.4868550883063454, 1.12, 5.022594669428659, 0.9999999999981233, 0.32345443643149696, -0.008189124051392145)

=== Step: target eps_sp=1.140 (prev=1.120) ===
[μ=5.022595] f=m_dense-m_dilute=-0.6084
[step] μ=5.018595 f=-0.4854
[step] μ=5.014595 f=-0.3900
[step] μ=5.010595 f=-0.2763
[step] μ=5.006595 f=-0.1169
[step] μ=5.002595 f=+0.0494
[equal-ρ] μ0=5.002595, ΔA=A_dense-A_dilute=+0.0494, ESS≈60005
[equal-ρ] bracket μ=5.002695, ΔA=+0.0458, ESS≈60004
[equal-ρ] bracket μ=5.002795, ΔA=+0.0422, ESS≈60002
[equal-ρ] bracket μ=5.002895, ΔA=+0.0386, ESS≈59997
[equal-ρ] bracket μ=5.002995, ΔA=+0.0350, ESS≈59991
[equal-ρ] bracket μ=5.003095, ΔA=+0.0314, ESS≈59983
[equal-ρ] bracket μ=5.003195, ΔA=+0.0278, ESS≈59974
[equal-ρ] bracket μ=5.003295, ΔA=+0.0242, ESS≈59963
[equal-ρ] bracket μ=5.003395, ΔA=+0.0206, ESS≈59950
[equal-ρ] bracket μ=5.003495, ΔA=+0.0170, ESS≈59935
[equal-ρ] bracket μ=5.003595, ΔA=+0.0134, ESS≈59919
[equal-ρ] bracket μ=5.003695, ΔA=+0.0098, ESS≈59901
[equal-ρ] bracket μ=5.003795, ΔA=+0.0061, ESS≈59881
[equal-ρ] bracket μ=5.003895, ΔA=+0.0025, ESS≈59859
[equal-ρ] bracket μ=5.003995, ΔA=-0.0011, ESS≈59836
[equal-ρ] bisect μ=5.003295, ΔA=+0.0242, ESS≈59963
[equal-ρ] bisect μ=5.003645, ΔA=+0.0116, ESS≈59910
[equal-ρ] bisect μ=5.003820, ΔA=+0.0052, ESS≈59876
mu* = 5.003820   ESS ≈ 59876
0.4979200066661111


success: True
χ²*    : 0.019652243094445538
θ*     : (1.4868584730546321, 1.1400000000000001, 5.003817354518142, 0.9999999999985975, 0.5057404553514694, -0.005591083543769292)

=== Step: target eps_sp=1.160 (prev=1.140) ===
[μ=5.003817] f=m_dense-m_dilute=+0.4391
[step] μ=5.007817 f=+0.3241
[step] μ=5.011817 f=+0.1871
[step] μ=5.015817 f=+0.0107
[equal-ρ] μ0=5.015817, ΔA=A_dense-A_dilute=+0.0107, ESS≈60005
[equal-ρ] bracket μ=5.015917, ΔA=+0.0070, ESS≈60004
[equal-ρ] bracket μ=5.016017, ΔA=+0.0034, ESS≈60002
[equal-ρ] bracket μ=5.016117, ΔA=-0.0002, ESS≈59997
[equal-ρ] bisect μ=5.015967, ΔA=+0.0052, ESS≈60003
mu* = 5.015967   ESS ≈ 60003
0.4978438463461378


success: True
χ²*    : 0.01288688100462151
θ*     : (1.480517739363613, 1.16, 5.021713819575454, 0.999999999999202, 0.48227919965725696, -0.003374897847177474)

=== Step: target eps_sp=1.180 (prev=1.160) ===
[μ=5.021714] f=m_dense-m_dilute=-0.1549
[step] μ=5.017714 f=-0.0839
[equal-ρ] μ0=5.017714, ΔA=A_dense-A_dilute=-0.0839, ESS≈60005
[equal-ρ] bracket μ=5.017614, ΔA=-0.0803, ESS≈60004
[equal-ρ] bracket μ=5.017514, ΔA=-0.0767, ESS≈60002
[equal-ρ] bracket μ=5.017414, ΔA=-0.0731, ESS≈59997
[equal-ρ] bracket μ=5.017314, ΔA=-0.0695, ESS≈59991
[equal-ρ] bracket μ=5.017214, ΔA=-0.0659, ESS≈59983
[equal-ρ] bracket μ=5.017114, ΔA=-0.0623, ESS≈59974
[equal-ρ] bracket μ=5.017014, ΔA=-0.0586, ESS≈59962
[equal-ρ] bracket μ=5.016914, ΔA=-0.0550, ESS≈59949
[equal-ρ] bracket μ=5.016814, ΔA=-0.0514, ESS≈59935
[equal-ρ] bracket μ=5.016714, ΔA=-0.0478, ESS≈59918
[equal-ρ] bracket μ=5.016614, ΔA=-0.0441, ESS≈59900
[equal-ρ] bracket μ=5.016514, ΔA=-0.0405, ESS≈59880
[equal-ρ] bracket μ=5.016414, ΔA=-0.0369, ESS≈59858
[equal-ρ] bracket μ=5.016314, ΔA=-0.0332, ESS≈59835
[equal-ρ] bracket μ=5.016214, ΔA=-0.0296, ESS≈59809
[equal-ρ] bracket μ=5.016114, ΔA=-0.0260, ESS≈59782
[equal-ρ] bracket μ=5.016014, ΔA=-0.0224, ESS≈59754
[equal-ρ] bracket μ=5.015914, ΔA=-0.0187, ESS≈59723
[equal-ρ] bracket μ=5.015814, ΔA=-0.0151, ESS≈59691
[equal-ρ] bracket μ=5.015714, ΔA=-0.0115, ESS≈59658
mu* = 5.015714   ESS ≈ 59658
0.4915237063578035


success: True
χ²*    : 0.00823772592757926
θ*     : (1.4742673093385472, 1.18, 5.019098708321775, 0.9999999999925243, 0.4603080658115941, -0.026969510103695214)

=== Step: target eps_sp=1.200 (prev=1.180) ===
[μ=5.019099] f=m_dense-m_dilute=-0.0837
[equal-ρ] μ0=5.019099, ΔA=A_dense-A_dilute=-0.0837, ESS≈60005
[equal-ρ] bracket μ=5.018999, ΔA=-0.0802, ESS≈60004
[equal-ρ] bracket μ=5.018899, ΔA=-0.0766, ESS≈60002
[equal-ρ] bracket μ=5.018799, ΔA=-0.0730, ESS≈59997
[equal-ρ] bracket μ=5.018699, ΔA=-0.0694, ESS≈59991
[equal-ρ] bracket μ=5.018599, ΔA=-0.0658, ESS≈59984
[equal-ρ] bracket μ=5.018499, ΔA=-0.0622, ESS≈59974
[equal-ρ] bracket μ=5.018399, ΔA=-0.0587, ESS≈59963
[equal-ρ] bracket μ=5.018299, ΔA=-0.0551, ESS≈59950
[equal-ρ] bracket μ=5.018199, ΔA=-0.0515, ESS≈59936
[equal-ρ] bracket μ=5.018099, ΔA=-0.0479, ESS≈59919
[equal-ρ] bracket μ=5.017999, ΔA=-0.0443, ESS≈59901
[equal-ρ] bracket μ=5.017899, ΔA=-0.0407, ESS≈59881
[equal-ρ] bracket μ=5.017799, ΔA=-0.0371, ESS≈59860
[equal-ρ] bracket μ=5.017699, ΔA=-0.0335, ESS≈59837
[equal-ρ] bracket μ=5.017599, ΔA=-0.0299, ESS≈59812
[equal-ρ] bracket μ=5.017499, ΔA=-0.0263, ESS≈59785
[equal-ρ] bracket μ=5.017399, ΔA=-0.0227, ESS≈59757
[equal-ρ] bracket μ=5.017299, ΔA=-0.0191, ESS≈59727
[equal-ρ] bracket μ=5.017199, ΔA=-0.0155, ESS≈59695
[equal-ρ] bracket μ=5.017099, ΔA=-0.0119, ESS≈59662
mu* = 5.017099   ESS ≈ 59662
0.49102408132655617


success: True
χ²*    : 0.007197424884386277
θ*     : (1.471059485303733, 1.2, 5.018419081263461, 0.9999999999932488, 0.47194164211791667, -0.022674242885184995)

=== Step: target eps_sp=1.220 (prev=1.200) ===
[μ=5.018419] f=m_dense-m_dilute=+0.2080
[step] μ=5.022419 f=+0.0281
[equal-ρ] μ0=5.022419, ΔA=A_dense-A_dilute=+0.0281, ESS≈60005
[equal-ρ] bracket μ=5.022519, ΔA=+0.0245, ESS≈60004
[equal-ρ] bracket μ=5.022619, ΔA=+0.0209, ESS≈60002
[equal-ρ] bracket μ=5.022719, ΔA=+0.0173, ESS≈59997
[equal-ρ] bracket μ=5.022819, ΔA=+0.0137, ESS≈59991
[equal-ρ] bracket μ=5.022919, ΔA=+0.0101, ESS≈59983
[equal-ρ] bracket μ=5.023019, ΔA=+0.0064, ESS≈59974
[equal-ρ] bracket μ=5.023119, ΔA=+0.0028, ESS≈59963
[equal-ρ] bracket μ=5.023219, ΔA=-0.0008, ESS≈59950
[equal-ρ] bisect μ=5.022819, ΔA=+0.0137, ESS≈59991
[equal-ρ] bisect μ=5.023019, ΔA=+0.0064, ESS≈59974
mu* = 5.023019   ESS ≈ 59974
0.4999171735688692


success: False
χ²*    : 0.03564895148701144
θ*     : (1.471059485303733, 1.22, 5.02301908126346, 1.0000000000050284, 0.543077621181916, 0.01298102804486104)

=== Step: target eps_sp=1.240 (prev=1.220) ===
[μ=5.023019] f=m_dense-m_dilute=+0.4798
[step] μ=5.027019 f=+0.3605
[step] μ=5.031019 f=+0.2052
[step] μ=5.035019 f=+0.0796
[equal-ρ] μ0=5.035019, ΔA=A_dense-A_dilute=+0.0796, ESS≈60005
[equal-ρ] bracket μ=5.035119, ΔA=+0.0760, ESS≈60004
[equal-ρ] bracket μ=5.035219, ΔA=+0.0724, ESS≈60002
[equal-ρ] bracket μ=5.035319, ΔA=+0.0688, ESS≈59997
[equal-ρ] bracket μ=5.035419, ΔA=+0.0652, ESS≈59991
[equal-ρ] bracket μ=5.035519, ΔA=+0.0616, ESS≈59983
[equal-ρ] bracket μ=5.035619, ΔA=+0.0580, ESS≈59974
[equal-ρ] bracket μ=5.035719, ΔA=+0.0543, ESS≈59962
[equal-ρ] bracket μ=5.035819, ΔA=+0.0507, ESS≈59949
[equal-ρ] bracket μ=5.035919, ΔA=+0.0471, ESS≈59935
[equal-ρ] bracket μ=5.036019, ΔA=+0.0435, ESS≈59918
[equal-ρ] bracket μ=5.036119, ΔA=+0.0398, ESS≈59900
[equal-ρ] bracket μ=5.036219, ΔA=+0.0362, ESS≈59880
[equal-ρ] bracket μ=5.036319, ΔA=+0.0326, ESS≈59858
[equal-ρ] bracket μ=5.036419, ΔA=+0.0290, ESS≈59835
[equal-ρ] bracket μ=5.036519, ΔA=+0.0253, ESS≈59809
[equal-ρ] bracket μ=5.036619, ΔA=+0.0217, ESS≈59782
[equal-ρ] bracket μ=5.036719, ΔA=+0.0181, ESS≈59754
[equal-ρ] bracket μ=5.036819, ΔA=+0.0144, ESS≈59723
[equal-ρ] bracket μ=5.036919, ΔA=+0.0108, ESS≈59691
[equal-ρ] bracket μ=5.037019, ΔA=+0.0072, ESS≈59658
mu* = 5.037019   ESS ≈ 59658
0.4972378968419298


success: True
χ²*    : 0.011852077960577643
θ*     : (1.477763295291918, 1.24, 5.056582323162787, 0.9999999999936627, 0.48062648908620376, -0.018231441370630246)

=== Step: target eps_sp=1.260 (prev=1.240) ===
[μ=5.056582] f=m_dense-m_dilute=+0.2299
[step] μ=5.060582 f=+0.0857
[equal-ρ] μ0=5.060582, ΔA=A_dense-A_dilute=+0.0857, ESS≈60005
[equal-ρ] bracket μ=5.060682, ΔA=+0.0820, ESS≈60004
[equal-ρ] bracket μ=5.060782, ΔA=+0.0784, ESS≈60001
[equal-ρ] bracket μ=5.060882, ΔA=+0.0747, ESS≈59997
[equal-ρ] bracket μ=5.060982, ΔA=+0.0710, ESS≈59991
[equal-ρ] bracket μ=5.061082, ΔA=+0.0674, ESS≈59983
[equal-ρ] bracket μ=5.061182, ΔA=+0.0637, ESS≈59973
[equal-ρ] bracket μ=5.061282, ΔA=+0.0600, ESS≈59961
[equal-ρ] bracket μ=5.061382, ΔA=+0.0564, ESS≈59948
[equal-ρ] bracket μ=5.061482, ΔA=+0.0527, ESS≈59933
[equal-ρ] bracket μ=5.061582, ΔA=+0.0490, ESS≈59916
[equal-ρ] bracket μ=5.061682, ΔA=+0.0453, ESS≈59897
[equal-ρ] bracket μ=5.061782, ΔA=+0.0416, ESS≈59877
[equal-ρ] bracket μ=5.061882, ΔA=+0.0380, ESS≈59855
[equal-ρ] bracket μ=5.061982, ΔA=+0.0343, ESS≈59831
[equal-ρ] bracket μ=5.062082, ΔA=+0.0306, ESS≈59805
[equal-ρ] bracket μ=5.062182, ΔA=+0.0269, ESS≈59777
[equal-ρ] bracket μ=5.062282, ΔA=+0.0232, ESS≈59748
[equal-ρ] bracket μ=5.062382, ΔA=+0.0195, ESS≈59717
[equal-ρ] bracket μ=5.062482, ΔA=+0.0159, ESS≈59684
[equal-ρ] bracket μ=5.062582, ΔA=+0.0122, ESS≈59650
mu* = 5.062582   ESS ≈ 59650
0.500685776185318


success: True
χ²*    : 0.022254468587372116
θ*     : (1.4777573513822, 1.26, 5.06258712867118, 1.0000000000034162, 0.5285895042361817, 0.010449440064278892)

=== Step: target eps_sp=1.280 (prev=1.260) ===
[μ=5.062587] f=m_dense-m_dilute=+0.4622
[step] μ=5.066587 f=+0.3936
[step] μ=5.070587 f=+0.2073
[step] μ=5.074587 f=+0.0733
[equal-ρ] μ0=5.074587, ΔA=A_dense-A_dilute=+0.0733, ESS≈60005
[equal-ρ] bracket μ=5.074687, ΔA=+0.0696, ESS≈60004
[equal-ρ] bracket μ=5.074787, ΔA=+0.0659, ESS≈60001
[equal-ρ] bracket μ=5.074887, ΔA=+0.0622, ESS≈59997
[equal-ρ] bracket μ=5.074987, ΔA=+0.0585, ESS≈59991
[equal-ρ] bracket μ=5.075087, ΔA=+0.0547, ESS≈59982
[equal-ρ] bracket μ=5.075187, ΔA=+0.0510, ESS≈59973
[equal-ρ] bracket μ=5.075287, ΔA=+0.0473, ESS≈59961
[equal-ρ] bracket μ=5.075387, ΔA=+0.0436, ESS≈59947
[equal-ρ] bracket μ=5.075487, ΔA=+0.0399, ESS≈59932
[equal-ρ] bracket μ=5.075587, ΔA=+0.0362, ESS≈59915
[equal-ρ] bracket μ=5.075687, ΔA=+0.0325, ESS≈59896
[equal-ρ] bracket μ=5.075787, ΔA=+0.0287, ESS≈59875
[equal-ρ] bracket μ=5.075887, ΔA=+0.0250, ESS≈59852
[equal-ρ] bracket μ=5.075987, ΔA=+0.0213, ESS≈59828
[equal-ρ] bracket μ=5.076087, ΔA=+0.0176, ESS≈59802
[equal-ρ] bracket μ=5.076187, ΔA=+0.0139, ESS≈59774
[equal-ρ] bracket μ=5.076287, ΔA=+0.0101, ESS≈59744
[equal-ρ] bracket μ=5.076387, ΔA=+0.0064, ESS≈59713
[equal-ρ] bracket μ=5.076487, ΔA=+0.0027, ESS≈59679
[equal-ρ] bracket μ=5.076587, ΔA=-0.0010, ESS≈59644
[equal-ρ] bisect μ=5.075587, ΔA=+0.0362, ESS≈59915
[equal-ρ] bisect μ=5.076087, ΔA=+0.0176, ESS≈59802
[equal-ρ] bisect μ=5.076337, ΔA=+0.0083, ESS≈59729
mu* = 5.076337   ESS ≈ 59729
0.49923389717523536


success: True
χ²*    : 0.013097351676797413
θ*     : (1.468048875843184, 1.28, 5.080749322133724, 1.0000000000014284, 0.5030909375237291, 0.006128183239168278)

=== Step: target eps_sp=1.300 (prev=1.280) ===
[μ=5.080749] f=m_dense-m_dilute=-0.3648
[step] μ=5.076749 f=-0.2235
[step] μ=5.072749 f=-0.0987
[equal-ρ] μ0=5.072749, ΔA=A_dense-A_dilute=-0.0987, ESS≈60005
[equal-ρ] bracket μ=5.072649, ΔA=-0.0950, ESS≈60004
[equal-ρ] bracket μ=5.072549, ΔA=-0.0914, ESS≈60001
[equal-ρ] bracket μ=5.072449, ΔA=-0.0877, ESS≈59997
[equal-ρ] bracket μ=5.072349, ΔA=-0.0841, ESS≈59991
[equal-ρ] bracket μ=5.072249, ΔA=-0.0804, ESS≈59983
[equal-ρ] bracket μ=5.072149, ΔA=-0.0768, ESS≈59973
[equal-ρ] bracket μ=5.072049, ΔA=-0.0731, ESS≈59962
[equal-ρ] bracket μ=5.071949, ΔA=-0.0694, ESS≈59948
[equal-ρ] bracket μ=5.071849, ΔA=-0.0658, ESS≈59933
[equal-ρ] bracket μ=5.071749, ΔA=-0.0621, ESS≈59916
[equal-ρ] bracket μ=5.071649, ΔA=-0.0584, ESS≈59898
[equal-ρ] bracket μ=5.071549, ΔA=-0.0548, ESS≈59877
[equal-ρ] bracket μ=5.071449, ΔA=-0.0511, ESS≈59855
[equal-ρ] bracket μ=5.071349, ΔA=-0.0474, ESS≈59831
[equal-ρ] bracket μ=5.071249, ΔA=-0.0438, ESS≈59806
[equal-ρ] bracket μ=5.071149, ΔA=-0.0401, ESS≈59778
[equal-ρ] bracket μ=5.071049, ΔA=-0.0364, ESS≈59749
[equal-ρ] bracket μ=5.070949, ΔA=-0.0327, ESS≈59718
[equal-ρ] bracket μ=5.070849, ΔA=-0.0291, ESS≈59685
[equal-ρ] bracket μ=5.070749, ΔA=-0.0254, ESS≈59651
mu* = 5.070749   ESS ≈ 59651
0.4860418298475128


success: True
χ²*    : 0.010559928181111258
θ*     : (1.458468687235941, 1.3, 5.074689861723827, 0.9999999999906188, 0.42470988878682847, -0.0513832864668985)

=== Step: target eps_sp=1.320 (prev=1.300) ===
[μ=5.074690] f=m_dense-m_dilute=-0.3246
[step] μ=5.070690 f=-0.2338
[step] μ=5.066690 f=-0.0671
[equal-ρ] μ0=5.066690, ΔA=A_dense-A_dilute=-0.0671, ESS≈60005
[equal-ρ] bracket μ=5.066590, ΔA=-0.0635, ESS≈60004
[equal-ρ] bracket μ=5.066490, ΔA=-0.0599, ESS≈60001
[equal-ρ] bracket μ=5.066390, ΔA=-0.0562, ESS≈59997
[equal-ρ] bracket μ=5.066290, ΔA=-0.0526, ESS≈59991
[equal-ρ] bracket μ=5.066190, ΔA=-0.0489, ESS≈59983
[equal-ρ] bracket μ=5.066090, ΔA=-0.0453, ESS≈59973
[equal-ρ] bracket μ=5.065990, ΔA=-0.0416, ESS≈59962
[equal-ρ] bracket μ=5.065890, ΔA=-0.0380, ESS≈59949
[equal-ρ] bracket μ=5.065790, ΔA=-0.0343, ESS≈59934
[equal-ρ] bracket μ=5.065690, ΔA=-0.0307, ESS≈59917
[equal-ρ] bracket μ=5.065590, ΔA=-0.0270, ESS≈59899
[equal-ρ] bracket μ=5.065490, ΔA=-0.0234, ESS≈59878
[equal-ρ] bracket μ=5.065390, ΔA=-0.0197, ESS≈59857
[equal-ρ] bracket μ=5.065290, ΔA=-0.0161, ESS≈59833
[equal-ρ] bracket μ=5.065190, ΔA=-0.0124, ESS≈59807
[equal-ρ] bracket μ=5.065090, ΔA=-0.0087, ESS≈59780
[equal-ρ] bracket μ=5.064990, ΔA=-0.0051, ESS≈59751
[equal-ρ] bracket μ=5.064890, ΔA=-0.0014, ESS≈59721
[equal-ρ] bracket μ=5.064790, ΔA=+0.0022, ESS≈59688
[equal-ρ] bisect μ=5.065740, ΔA=-0.0325, ESS≈59926
[equal-ρ] bisect μ=5.065265, ΔA=-0.0151, ESS≈59827
[equal-ρ] bisect μ=5.065027, ΔA=-0.0065, ESS≈59762
mu* = 5.065027   ESS ≈ 59762
0.4927199400049995


success: True
χ²*    : 0.017239720396627446
θ*     : (1.4564861289470015, 1.32, 5.066563724558973, 0.9999999999989632, 0.5025380095470241, -0.004669803850974128)

=== Step: target eps_sp=1.340 (prev=1.320) ===
[μ=5.066564] f=m_dense-m_dilute=+0.3101
[step] μ=5.070564 f=+0.1228
[step] μ=5.074564 f=-0.0084
[equal-ρ] μ0=5.074564, ΔA=A_dense-A_dilute=-0.0084, ESS≈60005
mu* = 5.074564   ESS ≈ 60005
0.4906736105324556


success: True
χ²*    : 0.3731363674271219
θ*     : (1.4564863994087902, 1.34, 5.074563995020761, 0.9999999999913282, 0.6221201714728801, -0.031053715380163216)

=== Step: target eps_sp=1.360 (prev=1.340) ===
[μ=5.074564] f=m_dense-m_dilute=+0.4297
[step] μ=5.078564 f=+0.3178
[step] μ=5.082564 f=+0.2228
[step] μ=5.086564 f=+0.0398
[equal-ρ] μ0=5.086564, ΔA=A_dense-A_dilute=+0.0398, ESS≈60005
[equal-ρ] bracket μ=5.086664, ΔA=+0.0361, ESS≈60004
[equal-ρ] bracket μ=5.086764, ΔA=+0.0324, ESS≈60001
[equal-ρ] bracket μ=5.086864, ΔA=+0.0287, ESS≈59997
[equal-ρ] bracket μ=5.086964, ΔA=+0.0251, ESS≈59991
[equal-ρ] bracket μ=5.087064, ΔA=+0.0214, ESS≈59983
[equal-ρ] bracket μ=5.087164, ΔA=+0.0177, ESS≈59973
[equal-ρ] bracket μ=5.087264, ΔA=+0.0140, ESS≈59961
[equal-ρ] bracket μ=5.087364, ΔA=+0.0103, ESS≈59948
[equal-ρ] bracket μ=5.087464, ΔA=+0.0067, ESS≈59933
[equal-ρ] bracket μ=5.087564, ΔA=+0.0030, ESS≈59916
[equal-ρ] bracket μ=5.087664, ΔA=-0.0007, ESS≈59897
[equal-ρ] bisect μ=5.087114, ΔA=+0.0195, ESS≈59978
[equal-ρ] bisect μ=5.087389, ΔA=+0.0094, ESS≈59944
mu* = 5.087389   ESS ≈ 59944
0.49928822598116823


success: True
χ²*    : 0.014764173602947243
θ*     : (1.451582220599712, 1.36, 5.0923648877980465, 1.0000000000002, 0.5080372641911765, 0.0012862113830837923)

=== Step: target eps_sp=1.380 (prev=1.360) ===
[μ=5.092365] f=m_dense-m_dilute=-0.0214
[equal-ρ] μ0=5.092365, ΔA=A_dense-A_dilute=-0.0214, ESS≈60005
[equal-ρ] bracket μ=5.092265, ΔA=-0.0177, ESS≈60004
[equal-ρ] bracket μ=5.092165, ΔA=-0.0141, ESS≈60001
[equal-ρ] bracket μ=5.092065, ΔA=-0.0104, ESS≈59997
[equal-ρ] bracket μ=5.091965, ΔA=-0.0067, ESS≈59991
[equal-ρ] bracket μ=5.091865, ΔA=-0.0030, ESS≈59983
[equal-ρ] bracket μ=5.091765, ΔA=+0.0007, ESS≈59973
[equal-ρ] bisect μ=5.092065, ΔA=-0.0104, ESS≈59997
[equal-ρ] bisect μ=5.091915, ΔA=-0.0049, ESS≈59987
mu* = 5.091915   ESS ≈ 59987
0.4923754687109408


success: True
χ²*    : 0.008834385951295409
θ*     : (1.4460275030631609, 1.3800000000000001, 5.097399680307264, 0.9999999999971937, 0.4827724281092096, -0.010432069125440051)

=== Step: target eps_sp=1.400 (prev=1.380) ===
[μ=5.097400] f=m_dense-m_dilute=-0.1437
[step] μ=5.093400 f=+0.0489
[equal-ρ] μ0=5.093400, ΔA=A_dense-A_dilute=+0.0489, ESS≈60005
[equal-ρ] bracket μ=5.093500, ΔA=+0.0452, ESS≈60004
[equal-ρ] bracket μ=5.093600, ΔA=+0.0416, ESS≈60001
[equal-ρ] bracket μ=5.093700, ΔA=+0.0379, ESS≈59997
[equal-ρ] bracket μ=5.093800, ΔA=+0.0342, ESS≈59991
[equal-ρ] bracket μ=5.093900, ΔA=+0.0306, ESS≈59983
[equal-ρ] bracket μ=5.094000, ΔA=+0.0269, ESS≈59973
[equal-ρ] bracket μ=5.094100, ΔA=+0.0232, ESS≈59962
[equal-ρ] bracket μ=5.094200, ΔA=+0.0196, ESS≈59948
[equal-ρ] bracket μ=5.094300, ΔA=+0.0159, ESS≈59933
[equal-ρ] bracket μ=5.094400, ΔA=+0.0122, ESS≈59917
[equal-ρ] bracket μ=5.094500, ΔA=+0.0086, ESS≈59898
[equal-ρ] bracket μ=5.094600, ΔA=+0.0049, ESS≈59878
[equal-ρ] bracket μ=5.094700, ΔA=+0.0012, ESS≈59856
[equal-ρ] bracket μ=5.094800, ΔA=-0.0024, ESS≈59832
[equal-ρ] bisect μ=5.094100, ΔA=+0.0232, ESS≈59962
[equal-ρ] bisect μ=5.094450, ΔA=+0.0104, ESS≈59907
[equal-ρ] bisect μ=5.094625, ΔA=+0.0040, ESS≈59872
mu* = 5.094625   ESS ≈ 59872
0.4946039496708608


success: True
χ²*    : 0.008720596165474784
θ*     : (1.4389731167457291, 1.4000000000000001, 5.099634229981797, 0.9999999999908533, 0.4629483059270336, -0.02478403963479971)

=== Step: target eps_sp=1.420 (prev=1.400) ===
[μ=5.099634] f=m_dense-m_dilute=-0.2396
[step] μ=5.095634 f=-0.1057
[step] μ=5.091634 f=+0.0951
[equal-ρ] μ0=5.091634, ΔA=A_dense-A_dilute=+0.0951, ESS≈60005
[equal-ρ] bracket μ=5.091734, ΔA=+0.0915, ESS≈60004
[equal-ρ] bracket μ=5.091834, ΔA=+0.0879, ESS≈60002
[equal-ρ] bracket μ=5.091934, ΔA=+0.0843, ESS≈59997
[equal-ρ] bracket μ=5.092034, ΔA=+0.0807, ESS≈59991
[equal-ρ] bracket μ=5.092134, ΔA=+0.0770, ESS≈59983
[equal-ρ] bracket μ=5.092234, ΔA=+0.0734, ESS≈59974
[equal-ρ] bracket μ=5.092334, ΔA=+0.0698, ESS≈59962
[equal-ρ] bracket μ=5.092434, ΔA=+0.0662, ESS≈59949
[equal-ρ] bracket μ=5.092534, ΔA=+0.0625, ESS≈59934
[equal-ρ] bracket μ=5.092634, ΔA=+0.0589, ESS≈59918
[equal-ρ] bracket μ=5.092734, ΔA=+0.0553, ESS≈59900
[equal-ρ] bracket μ=5.092834, ΔA=+0.0516, ESS≈59880
[equal-ρ] bracket μ=5.092934, ΔA=+0.0480, ESS≈59858
[equal-ρ] bracket μ=5.093034, ΔA=+0.0444, ESS≈59834
[equal-ρ] bracket μ=5.093134, ΔA=+0.0407, ESS≈59809
[equal-ρ] bracket μ=5.093234, ΔA=+0.0371, ESS≈59782
[equal-ρ] bracket μ=5.093334, ΔA=+0.0335, ESS≈59753
[equal-ρ] bracket μ=5.093434, ΔA=+0.0298, ESS≈59723
[equal-ρ] bracket μ=5.093534, ΔA=+0.0262, ESS≈59690
[equal-ρ] bracket μ=5.093634, ΔA=+0.0226, ESS≈59657
mu* = 5.093634   ESS ≈ 59657
0.5036696941921506


success: True
χ²*    : 0.016164653122377408
θ*     : (1.4342955951312928, 1.42, 5.098198575075488, 1.000000000026277, 0.5529164192359742, 0.03465690687009552)

=== Step: target eps_sp=1.440 (prev=1.420) ===
[μ=5.098199] f=m_dense-m_dilute=-0.0197
[equal-ρ] μ0=5.098199, ΔA=A_dense-A_dilute=-0.0197, ESS≈60005
[equal-ρ] bracket μ=5.098099, ΔA=-0.0161, ESS≈60004
[equal-ρ] bracket μ=5.097999, ΔA=-0.0125, ESS≈60001
[equal-ρ] bracket μ=5.097899, ΔA=-0.0088, ESS≈59997
[equal-ρ] bracket μ=5.097799, ΔA=-0.0052, ESS≈59991
[equal-ρ] bracket μ=5.097699, ΔA=-0.0015, ESS≈59983
[equal-ρ] bracket μ=5.097599, ΔA=+0.0021, ESS≈59973
[equal-ρ] bisect μ=5.097899, ΔA=-0.0088, ESS≈59997
mu* = 5.097899   ESS ≈ 59997
0.4912805599533372


success: True
χ²*    : 0.007944301286840438
θ*     : (1.4275167313700492, 1.44, 5.1038740172067625, 0.9999999999947193, 0.4623822986255324, -0.0201173961962547)

=== Step: target eps_sp=1.460 (prev=1.440) ===
[μ=5.103874] f=m_dense-m_dilute=-0.2301
[step] μ=5.099874 f=-0.0323
[equal-ρ] μ0=5.099874, ΔA=A_dense-A_dilute=-0.0323, ESS≈60005
[equal-ρ] bracket μ=5.099774, ΔA=-0.0287, ESS≈60004
[equal-ρ] bracket μ=5.099674, ΔA=-0.0250, ESS≈60002
[equal-ρ] bracket μ=5.099574, ΔA=-0.0214, ESS≈59997
[equal-ρ] bracket μ=5.099474, ΔA=-0.0178, ESS≈59991
[equal-ρ] bracket μ=5.099374, ΔA=-0.0142, ESS≈59983
[equal-ρ] bracket μ=5.099274, ΔA=-0.0106, ESS≈59974
[equal-ρ] bracket μ=5.099174, ΔA=-0.0070, ESS≈59962
[equal-ρ] bracket μ=5.099074, ΔA=-0.0033, ESS≈59949
[equal-ρ] bracket μ=5.098974, ΔA=+0.0003, ESS≈59935
[equal-ρ] bisect μ=5.099424, ΔA=-0.0160, ESS≈59987
[equal-ρ] bisect μ=5.099199, ΔA=-0.0079, ESS≈59965
mu* = 5.099199   ESS ≈ 59965
0.4918211815682026


success: True
χ²*    : 0.0085552849462167
θ*     : (1.4234664870258795, 1.46, 5.101903451739065, 0.9999999999958857, 0.48442408840285645, -0.014036162899883282)

=== Step: target eps_sp=1.480 (prev=1.460) ===
[μ=5.101903] f=m_dense-m_dilute=+0.0281
[equal-ρ] μ0=5.101903, ΔA=A_dense-A_dilute=+0.0281, ESS≈60005
[equal-ρ] bracket μ=5.102003, ΔA=+0.0245, ESS≈60004
[equal-ρ] bracket μ=5.102103, ΔA=+0.0209, ESS≈60002
[equal-ρ] bracket μ=5.102203, ΔA=+0.0173, ESS≈59997
[equal-ρ] bracket μ=5.102303, ΔA=+0.0136, ESS≈59991
[equal-ρ] bracket μ=5.102403, ΔA=+0.0100, ESS≈59983
[equal-ρ] bracket μ=5.102503, ΔA=+0.0064, ESS≈59974
[equal-ρ] bracket μ=5.102603, ΔA=+0.0028, ESS≈59962
[equal-ρ] bracket μ=5.102703, ΔA=-0.0008, ESS≈59949
[equal-ρ] bisect μ=5.102303, ΔA=+0.0136, ESS≈59991
[equal-ρ] bisect μ=5.102503, ΔA=+0.0064, ESS≈59974
mu* = 5.102503   ESS ≈ 59974
0.49619698358470127


success: True
χ²*    : 0.008914469391899464
θ*     : (1.4265324109804522, 1.48, 5.102890053162383, 1.0000000000003615, 0.5030064128716553, 0.0020343339024691035)

=== Step: target eps_sp=1.500 (prev=1.480) ===
[μ=5.102890] f=m_dense-m_dilute=+0.6211
[step] μ=5.106890 f=+0.5228
[step] μ=5.110890 f=+0.4212
[step] μ=5.114890 f=+0.3085
[step] μ=5.118890 f=+0.1624
[step] μ=5.122890 f=+0.0194
[equal-ρ] μ0=5.122890, ΔA=A_dense-A_dilute=+0.0194, ESS≈60005
[equal-ρ] bracket μ=5.122990, ΔA=+0.0157, ESS≈60004
[equal-ρ] bracket μ=5.123090, ΔA=+0.0121, ESS≈60001
[equal-ρ] bracket μ=5.123190, ΔA=+0.0084, ESS≈59997
[equal-ρ] bracket μ=5.123290, ΔA=+0.0048, ESS≈59991
[equal-ρ] bracket μ=5.123390, ΔA=+0.0011, ESS≈59983
[equal-ρ] bracket μ=5.123490, ΔA=-0.0026, ESS≈59973
[equal-ρ] bisect μ=5.123190, ΔA=+0.0084, ESS≈59997
mu* = 5.123190   ESS ≈ 59997
0.49576785267894335


success: True
χ²*    : 0.010868075224698555
θ*     : (1.42006836179248, 1.5, 5.129356780559881, 0.9999999999981117, 0.4799565122820379, -0.008854281691894419)

=== Step: target eps_sp=1.520 (prev=1.500) ===
[μ=5.129357] f=m_dense-m_dilute=-0.1837
[step] μ=5.125357 f=-0.0713
[equal-ρ] μ0=5.125357, ΔA=A_dense-A_dilute=-0.0713, ESS≈60005
[equal-ρ] bracket μ=5.125257, ΔA=-0.0676, ESS≈60004
[equal-ρ] bracket μ=5.125157, ΔA=-0.0640, ESS≈60002
[equal-ρ] bracket μ=5.125057, ΔA=-0.0604, ESS≈59997
[equal-ρ] bracket μ=5.124957, ΔA=-0.0568, ESS≈59991
[equal-ρ] bracket μ=5.124857, ΔA=-0.0532, ESS≈59983
[equal-ρ] bracket μ=5.124757, ΔA=-0.0495, ESS≈59974
[equal-ρ] bracket μ=5.124657, ΔA=-0.0459, ESS≈59962
[equal-ρ] bracket μ=5.124557, ΔA=-0.0423, ESS≈59949
[equal-ρ] bracket μ=5.124457, ΔA=-0.0386, ESS≈59934
[equal-ρ] bracket μ=5.124357, ΔA=-0.0350, ESS≈59918
[equal-ρ] bracket μ=5.124257, ΔA=-0.0314, ESS≈59899
[equal-ρ] bracket μ=5.124157, ΔA=-0.0278, ESS≈59879
[equal-ρ] bracket μ=5.124057, ΔA=-0.0241, ESS≈59858
[equal-ρ] bracket μ=5.123957, ΔA=-0.0205, ESS≈59834
[equal-ρ] bracket μ=5.123857, ΔA=-0.0169, ESS≈59809
[equal-ρ] bracket μ=5.123757, ΔA=-0.0132, ESS≈59782
[equal-ρ] bracket μ=5.123657, ΔA=-0.0096, ESS≈59753
[equal-ρ] bracket μ=5.123557, ΔA=-0.0059, ESS≈59723
[equal-ρ] bracket μ=5.123457, ΔA=-0.0023, ESS≈59691
[equal-ρ] bracket μ=5.123357, ΔA=+0.0013, ESS≈59657
[equal-ρ] bisect μ=5.124357, ΔA=-0.0350, ESS≈59918
[equal-ρ] bisect μ=5.123857, ΔA=-0.0169, ESS≈59809
[equal-ρ] bisect μ=5.123607, ΔA=-0.0078, ESS≈59738
mu* = 5.123607   ESS ≈ 59738
0.4907401049912507


success: True
χ²*    : 0.007797272765281392
θ*     : (1.4180479635949779, 1.52, 5.125380309874552, 0.9999999999952721, 0.47570280059894837, -0.017669516730069012)

=== Step: target eps_sp=1.540 (prev=1.520) ===
[μ=5.125380] f=m_dense-m_dilute=+0.3136
[step] μ=5.129380 f=+0.1678
[step] μ=5.133380 f=+0.0016
[equal-ρ] μ0=5.133380, ΔA=A_dense-A_dilute=+0.0016, ESS≈60005
mu* = 5.133380   ESS ≈ 60005
0.4938076826931089


success: True
χ²*    : 0.008231299162010793
θ*     : (1.4115576708629975, 1.54, 5.13839408469284, 0.9999999999984562, 0.4920207890523935, -0.006521342994889466)

=== Step: target eps_sp=1.560 (prev=1.540) ===
[μ=5.138394] f=m_dense-m_dilute=-0.1339
[step] μ=5.134394 f=+0.0596
[equal-ρ] μ0=5.134394, ΔA=A_dense-A_dilute=+0.0596, ESS≈60005
[equal-ρ] bracket μ=5.134494, ΔA=+0.0560, ESS≈60004
[equal-ρ] bracket μ=5.134594, ΔA=+0.0523, ESS≈60002
[equal-ρ] bracket μ=5.134694, ΔA=+0.0487, ESS≈59997
[equal-ρ] bracket μ=5.134794, ΔA=+0.0451, ESS≈59991
[equal-ρ] bracket μ=5.134894, ΔA=+0.0415, ESS≈59983
[equal-ρ] bracket μ=5.134994, ΔA=+0.0378, ESS≈59974
[equal-ρ] bracket μ=5.135094, ΔA=+0.0342, ESS≈59962
[equal-ρ] bracket μ=5.135194, ΔA=+0.0306, ESS≈59949
[equal-ρ] bracket μ=5.135294, ΔA=+0.0270, ESS≈59934
[equal-ρ] bracket μ=5.135394, ΔA=+0.0233, ESS≈59918
[equal-ρ] bracket μ=5.135494, ΔA=+0.0197, ESS≈59900
[equal-ρ] bracket μ=5.135594, ΔA=+0.0161, ESS≈59880
[equal-ρ] bracket μ=5.135694, ΔA=+0.0124, ESS≈59858
[equal-ρ] bracket μ=5.135794, ΔA=+0.0088, ESS≈59834
[equal-ρ] bracket μ=5.135894, ΔA=+0.0052, ESS≈59809
[equal-ρ] bracket μ=5.135994, ΔA=+0.0015, ESS≈59782
[equal-ρ] bracket μ=5.136094, ΔA=-0.0021, ESS≈59754
[equal-ρ] bisect μ=5.135244, ΔA=+0.0288, ESS≈59942
[equal-ρ] bisect μ=5.135669, ΔA=+0.0133, ESS≈59863
[equal-ρ] bisect μ=5.135882, ΔA=+0.0056, ESS≈59812
mu* = 5.135882   ESS ≈ 59812
0.49475543704691277


success: True
χ²*    : 0.008707495397940065
θ*     : (1.403673772584872, 1.56, 5.135719854288614, 0.99999999999804, 0.487323123521258, -0.00809443568638309)

=== Step: target eps_sp=1.580 (prev=1.560) ===
[μ=5.135720] f=m_dense-m_dilute=-0.0863
[equal-ρ] μ0=5.135720, ΔA=A_dense-A_dilute=-0.0863, ESS≈60005
[equal-ρ] bracket μ=5.135620, ΔA=-0.0827, ESS≈60004
[equal-ρ] bracket μ=5.135520, ΔA=-0.0791, ESS≈60002
[equal-ρ] bracket μ=5.135420, ΔA=-0.0756, ESS≈59997
[equal-ρ] bracket μ=5.135320, ΔA=-0.0720, ESS≈59991
[equal-ρ] bracket μ=5.135220, ΔA=-0.0684, ESS≈59984
[equal-ρ] bracket μ=5.135120, ΔA=-0.0648, ESS≈59974
[equal-ρ] bracket μ=5.135020, ΔA=-0.0612, ESS≈59963
[equal-ρ] bracket μ=5.134920, ΔA=-0.0576, ESS≈59950
[equal-ρ] bracket μ=5.134820, ΔA=-0.0540, ESS≈59935
[equal-ρ] bracket μ=5.134720, ΔA=-0.0504, ESS≈59919
[equal-ρ] bracket μ=5.134620, ΔA=-0.0468, ESS≈59901
[equal-ρ] bracket μ=5.134520, ΔA=-0.0432, ESS≈59881
[equal-ρ] bracket μ=5.134420, ΔA=-0.0396, ESS≈59860
[equal-ρ] bracket μ=5.134320, ΔA=-0.0360, ESS≈59836
[equal-ρ] bracket μ=5.134220, ΔA=-0.0324, ESS≈59811
[equal-ρ] bracket μ=5.134120, ΔA=-0.0288, ESS≈59785
[equal-ρ] bracket μ=5.134020, ΔA=-0.0252, ESS≈59756
[equal-ρ] bracket μ=5.133920, ΔA=-0.0216, ESS≈59726
[equal-ρ] bracket μ=5.133820, ΔA=-0.0180, ESS≈59694
[equal-ρ] bracket μ=5.133720, ΔA=-0.0144, ESS≈59661
mu* = 5.133720   ESS ≈ 59661
0.48790317473543865


success: False
χ²*    : 0.007186240792309737
θ*     : (1.39767070972414, 1.58, 5.137587675002634, 0.9999999999893032, 0.4469332145710471, -0.03420828453726908)

=== Step: target eps_sp=1.600 (prev=1.580) ===
[μ=5.137588] f=m_dense-m_dilute=-0.0546
[equal-ρ] μ0=5.137588, ΔA=A_dense-A_dilute=-0.0546, ESS≈60005
[equal-ρ] bracket μ=5.137488, ΔA=-0.0510, ESS≈60004
[equal-ρ] bracket μ=5.137388, ΔA=-0.0474, ESS≈60002
[equal-ρ] bracket μ=5.137288, ΔA=-0.0439, ESS≈59997
[equal-ρ] bracket μ=5.137188, ΔA=-0.0403, ESS≈59991
[equal-ρ] bracket μ=5.137088, ΔA=-0.0367, ESS≈59984
[equal-ρ] bracket μ=5.136988, ΔA=-0.0331, ESS≈59974
[equal-ρ] bracket μ=5.136888, ΔA=-0.0295, ESS≈59963
[equal-ρ] bracket μ=5.136788, ΔA=-0.0260, ESS≈59950
[equal-ρ] bracket μ=5.136688, ΔA=-0.0224, ESS≈59936
[equal-ρ] bracket μ=5.136588, ΔA=-0.0188, ESS≈59920
[equal-ρ] bracket μ=5.136488, ΔA=-0.0152, ESS≈59902
[equal-ρ] bracket μ=5.136388, ΔA=-0.0116, ESS≈59882
[equal-ρ] bracket μ=5.136288, ΔA=-0.0080, ESS≈59861
[equal-ρ] bracket μ=5.136188, ΔA=-0.0045, ESS≈59838
[equal-ρ] bracket μ=5.136088, ΔA=-0.0009, ESS≈59813
[equal-ρ] bracket μ=5.135988, ΔA=+0.0027, ESS≈59786
[equal-ρ] bisect μ=5.136788, ΔA=-0.0260, ESS≈59950
[equal-ρ] bisect μ=5.136388, ΔA=-0.0116, ESS≈59882
[equal-ρ] bisect μ=5.136188, ΔA=-0.0045, ESS≈59838
mu* = 5.136188   ESS ≈ 59838
0.48922589784184656


success: True
χ²*    : 0.009022130807942761
θ*     : (1.3885918042278953, 1.6, 5.143741727767814, 0.9999999999936333, 0.45654635916383396, -0.021498022629813915)

=== Step: target eps_sp=1.620 (prev=1.600) ===
[μ=5.143742] f=m_dense-m_dilute=-0.4410
[step] μ=5.139742 f=-0.2893
[step] μ=5.135742 f=-0.1712
[step] μ=5.131742 f=-0.0340
[equal-ρ] μ0=5.131742, ΔA=A_dense-A_dilute=-0.0340, ESS≈60005
[equal-ρ] bracket μ=5.131642, ΔA=-0.0305, ESS≈60004
[equal-ρ] bracket μ=5.131542, ΔA=-0.0270, ESS≈60002
[equal-ρ] bracket μ=5.131442, ΔA=-0.0235, ESS≈59997
[equal-ρ] bracket μ=5.131342, ΔA=-0.0199, ESS≈59992
[equal-ρ] bracket μ=5.131242, ΔA=-0.0164, ESS≈59984
[equal-ρ] bracket μ=5.131142, ΔA=-0.0128, ESS≈59975
[equal-ρ] bracket μ=5.131042, ΔA=-0.0093, ESS≈59964
[equal-ρ] bracket μ=5.130942, ΔA=-0.0058, ESS≈59951
[equal-ρ] bracket μ=5.130842, ΔA=-0.0022, ESS≈59937
[equal-ρ] bracket μ=5.130742, ΔA=+0.0013, ESS≈59921
[equal-ρ] bisect μ=5.131242, ΔA=-0.0164, ESS≈59984
[equal-ρ] bisect μ=5.130992, ΔA=-0.0075, ESS≈59958
mu* = 5.130992   ESS ≈ 59958
0.48962869760853267


success: True
χ²*    : 0.037905292992513856
θ*     : (1.388561550782494, 1.62, 5.1310251694826094, 0.9999999999923855, 0.4988187372673919, -0.0177483986854374)

=== Step: target eps_sp=1.640 (prev=1.620) ===
[μ=5.131025] f=m_dense-m_dilute=+0.4715
[step] μ=5.135025 f=+0.3240
[step] μ=5.139025 f=+0.2216
[step] μ=5.143025 f=+0.0262
[equal-ρ] μ0=5.143025, ΔA=A_dense-A_dilute=+0.0262, ESS≈60005
[equal-ρ] bracket μ=5.143125, ΔA=+0.0226, ESS≈60004
[equal-ρ] bracket μ=5.143225, ΔA=+0.0190, ESS≈60002
[equal-ρ] bracket μ=5.143325, ΔA=+0.0154, ESS≈59997
[equal-ρ] bracket μ=5.143425, ΔA=+0.0119, ESS≈59991
[equal-ρ] bracket μ=5.143525, ΔA=+0.0083, ESS≈59984
[equal-ρ] bracket μ=5.143625, ΔA=+0.0047, ESS≈59974
[equal-ρ] bracket μ=5.143725, ΔA=+0.0011, ESS≈59963
[equal-ρ] bracket μ=5.143825, ΔA=-0.0024, ESS≈59950
[equal-ρ] bisect μ=5.143425, ΔA=+0.0119, ESS≈59991
[equal-ρ] bisect μ=5.143625, ΔA=+0.0047, ESS≈59974
mu* = 5.143625   ESS ≈ 59974
0.49476710274143815


success: True
χ²*    : 0.04254149540979815
θ*     : (1.3885636500956986, 1.6400000000000001, 5.143624587589068, 0.999999999998045, 0.5191009291772636, -0.007066910917658663)

=== Step: target eps_sp=1.660 (prev=1.640) ===
[μ=5.143625] f=m_dense-m_dilute=+0.5107
[step] μ=5.147625 f=+0.3879
[step] μ=5.151625 f=+0.3254
[step] μ=5.155625 f=+0.1104
[step] μ=5.159625 f=-0.0124
[equal-ρ] μ0=5.159625, ΔA=A_dense-A_dilute=-0.0124, ESS≈60005
[equal-ρ] bracket μ=5.159525, ΔA=-0.0088, ESS≈60004
[equal-ρ] bracket μ=5.159425, ΔA=-0.0052, ESS≈60002
[equal-ρ] bracket μ=5.159325, ΔA=-0.0016, ESS≈59997
[equal-ρ] bracket μ=5.159225, ΔA=+0.0020, ESS≈59991
[equal-ρ] bisect μ=5.159425, ΔA=-0.0052, ESS≈60002
mu* = 5.159425   ESS ≈ 60002
0.49010432463961334


success: True
χ²*    : 0.04168970186410241
θ*     : (1.384815823512409, 1.6600000000000001, 5.1630654536816385, 0.9999999999936662, 0.49181396979664055, -0.021117917085541386)

=== Step: target eps_sp=1.680 (prev=1.660) ===
[μ=5.163065] f=m_dense-m_dilute=+0.0946
[equal-ρ] μ0=5.163065, ΔA=A_dense-A_dilute=+0.0946, ESS≈60005
[equal-ρ] bracket μ=5.163165, ΔA=+0.0910, ESS≈60004
[equal-ρ] bracket μ=5.163265, ΔA=+0.0874, ESS≈60002
[equal-ρ] bracket μ=5.163365, ΔA=+0.0839, ESS≈59997
[equal-ρ] bracket μ=5.163465, ΔA=+0.0803, ESS≈59991
[equal-ρ] bracket μ=5.163565, ΔA=+0.0767, ESS≈59984
[equal-ρ] bracket μ=5.163665, ΔA=+0.0731, ESS≈59974
[equal-ρ] bracket μ=5.163765, ΔA=+0.0695, ESS≈59963
[equal-ρ] bracket μ=5.163865, ΔA=+0.0660, ESS≈59950
[equal-ρ] bracket μ=5.163965, ΔA=+0.0624, ESS≈59936
[equal-ρ] bracket μ=5.164065, ΔA=+0.0588, ESS≈59919
[equal-ρ] bracket μ=5.164165, ΔA=+0.0552, ESS≈59901
[equal-ρ] bracket μ=5.164265, ΔA=+0.0516, ESS≈59881
[equal-ρ] bracket μ=5.164365, ΔA=+0.0480, ESS≈59860
[equal-ρ] bracket μ=5.164465, ΔA=+0.0444, ESS≈59837
[equal-ρ] bracket μ=5.164565, ΔA=+0.0408, ESS≈59812
[equal-ρ] bracket μ=5.164665, ΔA=+0.0372, ESS≈59785
[equal-ρ] bracket μ=5.164765, ΔA=+0.0336, ESS≈59757
[equal-ρ] bracket μ=5.164865, ΔA=+0.0300, ESS≈59727
[equal-ρ] bracket μ=5.164965, ΔA=+0.0264, ESS≈59695
[equal-ρ] bracket μ=5.165065, ΔA=+0.0228, ESS≈59662
mu* = 5.165065   ESS ≈ 59662
0.5038543454712107


success: True
χ²*    : 0.01365229086831185
θ*     : (1.3848159525380819, 1.68, 5.165065376112612, 1.0000000000589637, 0.5925223195833769, 0.060118657275731145)

=== Step: target eps_sp=1.700 (prev=1.680) ===
[μ=5.165065] f=m_dense-m_dilute=+0.4680
[step] μ=5.169065 f=+0.3134
[step] μ=5.173065 f=+0.2573
[step] μ=5.177065 f=+0.1274
[step] μ=5.181065 f=-0.0569
[equal-ρ] μ0=5.181065, ΔA=A_dense-A_dilute=-0.0569, ESS≈60005
[equal-ρ] bracket μ=5.180965, ΔA=-0.0533, ESS≈60004
[equal-ρ] bracket μ=5.180865, ΔA=-0.0497, ESS≈60002
[equal-ρ] bracket μ=5.180765, ΔA=-0.0461, ESS≈59997
[equal-ρ] bracket μ=5.180665, ΔA=-0.0425, ESS≈59991
[equal-ρ] bracket μ=5.180565, ΔA=-0.0389, ESS≈59983
[equal-ρ] bracket μ=5.180465, ΔA=-0.0353, ESS≈59974
[equal-ρ] bracket μ=5.180365, ΔA=-0.0317, ESS≈59963
[equal-ρ] bracket μ=5.180265, ΔA=-0.0281, ESS≈59950
[equal-ρ] bracket μ=5.180165, ΔA=-0.0245, ESS≈59935
[equal-ρ] bracket μ=5.180065, ΔA=-0.0209, ESS≈59919
[equal-ρ] bracket μ=5.179965, ΔA=-0.0173, ESS≈59901
[equal-ρ] bracket μ=5.179865, ΔA=-0.0137, ESS≈59881
[equal-ρ] bracket μ=5.179765, ΔA=-0.0101, ESS≈59859
[equal-ρ] bracket μ=5.179665, ΔA=-0.0065, ESS≈59836
[equal-ρ] bracket μ=5.179565, ΔA=-0.0029, ESS≈59811
[equal-ρ] bracket μ=5.179465, ΔA=+0.0007, ESS≈59784
[equal-ρ] bisect μ=5.180265, ΔA=-0.0281, ESS≈59950
[equal-ρ] bisect μ=5.179865, ΔA=-0.0137, ESS≈59881
[equal-ρ] bisect μ=5.179665, ΔA=-0.0065, ESS≈59836
mu* = 5.179665   ESS ≈ 59836
0.48945304557953506


success: True
χ²*    : 0.008072058813915792
θ*     : (1.379620903233173, 1.7, 5.176898040383565, 0.9999999999938972, 0.4730753369558626, -0.021029945035902747)

=== Step: target eps_sp=1.720 (prev=1.700) ===
[μ=5.176898] f=m_dense-m_dilute=+0.2319
[step] μ=5.180898 f=+0.1090
[step] μ=5.184898 f=-0.0343
[equal-ρ] μ0=5.184898, ΔA=A_dense-A_dilute=-0.0343, ESS≈60005
[equal-ρ] bracket μ=5.184798, ΔA=-0.0307, ESS≈60004
[equal-ρ] bracket μ=5.184698, ΔA=-0.0271, ESS≈60002
[equal-ρ] bracket μ=5.184598, ΔA=-0.0235, ESS≈59997
[equal-ρ] bracket μ=5.184498, ΔA=-0.0200, ESS≈59991
[equal-ρ] bracket μ=5.184398, ΔA=-0.0164, ESS≈59984
[equal-ρ] bracket μ=5.184298, ΔA=-0.0128, ESS≈59974
[equal-ρ] bracket μ=5.184198, ΔA=-0.0092, ESS≈59963
[equal-ρ] bracket μ=5.184098, ΔA=-0.0056, ESS≈59950
[equal-ρ] bracket μ=5.183998, ΔA=-0.0020, ESS≈59936
[equal-ρ] bracket μ=5.183898, ΔA=+0.0015, ESS≈59919
[equal-ρ] bisect μ=5.184398, ΔA=-0.0164, ESS≈59984
[equal-ρ] bisect μ=5.184148, ΔA=-0.0074, ESS≈59957
mu* = 5.184148   ESS ≈ 59957
0.4879273393883843


success: True
χ²*    : 0.006660828668776446
θ*     : (1.3592221644471572, 1.72, 5.171046990454501, 0.999999999990169, 0.4620056555625161, -0.024114341110405182)

=== Step: target eps_sp=1.740 (prev=1.720) ===
[μ=5.171047] f=m_dense-m_dilute=-0.4287
[step] μ=5.167047 f=-0.2953
[step] μ=5.163047 f=-0.1899
[step] μ=5.159047 f=-0.0614
[equal-ρ] μ0=5.159047, ΔA=A_dense-A_dilute=-0.0614, ESS≈60005
[equal-ρ] bracket μ=5.158947, ΔA=-0.0579, ESS≈60004
[equal-ρ] bracket μ=5.158847, ΔA=-0.0545, ESS≈60002
[equal-ρ] bracket μ=5.158747, ΔA=-0.0510, ESS≈59998
[equal-ρ] bracket μ=5.158647, ΔA=-0.0475, ESS≈59992
[equal-ρ] bracket μ=5.158547, ΔA=-0.0440, ESS≈59985
[equal-ρ] bracket μ=5.158447, ΔA=-0.0406, ESS≈59976
[equal-ρ] bracket μ=5.158347, ΔA=-0.0371, ESS≈59965
[equal-ρ] bracket μ=5.158247, ΔA=-0.0336, ESS≈59953
[equal-ρ] bracket μ=5.158147, ΔA=-0.0301, ESS≈59939
[equal-ρ] bracket μ=5.158047, ΔA=-0.0266, ESS≈59923
[equal-ρ] bracket μ=5.157947, ΔA=-0.0232, ESS≈59906
[equal-ρ] bracket μ=5.157847, ΔA=-0.0197, ESS≈59887
[equal-ρ] bracket μ=5.157747, ΔA=-0.0162, ESS≈59867
[equal-ρ] bracket μ=5.157647, ΔA=-0.0127, ESS≈59845
[equal-ρ] bracket μ=5.157547, ΔA=-0.0092, ESS≈59821
[equal-ρ] bracket μ=5.157447, ΔA=-0.0057, ESS≈59796
[equal-ρ] bracket μ=5.157347, ΔA=-0.0023, ESS≈59769
[equal-ρ] bracket μ=5.157247, ΔA=+0.0012, ESS≈59740
[equal-ρ] bisect μ=5.158147, ΔA=-0.0301, ESS≈59939
[equal-ρ] bisect μ=5.157697, ΔA=-0.0145, ESS≈59856
[equal-ρ] bisect μ=5.157472, ΔA=-0.0066, ESS≈59802
mu* = 5.157472   ESS ≈ 59802
0.48995133738855096


success: False
χ²*    : 0.016306912034643503
θ*     : (1.359574980852165, 1.74, 5.157230006991942, 0.9999999999984256, 0.5006789000898312, -0.006972925249209688)

=== Step: target eps_sp=1.760 (prev=1.740) ===
[μ=5.157230] f=m_dense-m_dilute=+0.4846
[step] μ=5.161230 f=+0.4015
[step] μ=5.165230 f=+0.2184
[step] μ=5.169230 f=+0.1198
[step] μ=5.173230 f=-0.0173
[equal-ρ] μ0=5.173230, ΔA=A_dense-A_dilute=-0.0173, ESS≈60005
[equal-ρ] bracket μ=5.173130, ΔA=-0.0138, ESS≈60004
[equal-ρ] bracket μ=5.173030, ΔA=-0.0103, ESS≈60002
[equal-ρ] bracket μ=5.172930, ΔA=-0.0068, ESS≈59998
[equal-ρ] bracket μ=5.172830, ΔA=-0.0033, ESS≈59992
[equal-ρ] bracket μ=5.172730, ΔA=+0.0002, ESS≈59984
[equal-ρ] bisect μ=5.172980, ΔA=-0.0085, ESS≈60000
mu* = 5.172980   ESS ≈ 60000
0.4902238146821098


success: True
χ²*    : 0.007179638802674046
θ*     : (1.3525148841773613, 1.76, 5.178179029429541, 0.9999999999961211, 0.47531196859318736, -0.012625671962639348)

=== Step: target eps_sp=1.780 (prev=1.760) ===
[μ=5.178179] f=m_dense-m_dilute=-0.1737
[step] μ=5.174179 f=-0.0434
[equal-ρ] μ0=5.174179, ΔA=A_dense-A_dilute=-0.0434, ESS≈60005
[equal-ρ] bracket μ=5.174079, ΔA=-0.0400, ESS≈60004
[equal-ρ] bracket μ=5.173979, ΔA=-0.0365, ESS≈60002
[equal-ρ] bracket μ=5.173879, ΔA=-0.0330, ESS≈59998
[equal-ρ] bracket μ=5.173779, ΔA=-0.0296, ESS≈59992
[equal-ρ] bracket μ=5.173679, ΔA=-0.0261, ESS≈59985
[equal-ρ] bracket μ=5.173579, ΔA=-0.0226, ESS≈59976
[equal-ρ] bracket μ=5.173479, ΔA=-0.0191, ESS≈59965
[equal-ρ] bracket μ=5.173379, ΔA=-0.0156, ESS≈59953
[equal-ρ] bracket μ=5.173279, ΔA=-0.0122, ESS≈59939
[equal-ρ] bracket μ=5.173179, ΔA=-0.0087, ESS≈59923
[equal-ρ] bracket μ=5.173079, ΔA=-0.0052, ESS≈59906
[equal-ρ] bracket μ=5.172979, ΔA=-0.0017, ESS≈59887
[equal-ρ] bracket μ=5.172879, ΔA=+0.0017, ESS≈59867
[equal-ρ] bisect μ=5.173529, ΔA=-0.0209, ESS≈59970
[equal-ρ] bisect μ=5.173204, ΔA=-0.0096, ESS≈59927
mu* = 5.173204   ESS ≈ 59927
0.48749387551037415


success: False
χ²*    : 0.025823333923283186
θ*     : (1.3530861695368015, 1.78, 5.172780175769589, 0.9999999999920379, 0.48128759630124895, -0.02382667039734867)

=== Step: target eps_sp=1.800 (prev=1.780) ===
[μ=5.172780] f=m_dense-m_dilute=+0.5072
[step] μ=5.176780 f=+0.4081
[step] μ=5.180780 f=+0.2570
[step] μ=5.184780 f=+0.1353
[step] μ=5.188780 f=+0.0171
[equal-ρ] μ0=5.188780, ΔA=A_dense-A_dilute=+0.0171, ESS≈60005
[equal-ρ] bracket μ=5.188880, ΔA=+0.0136, ESS≈60004
[equal-ρ] bracket μ=5.188980, ΔA=+0.0101, ESS≈60002
[equal-ρ] bracket μ=5.189080, ΔA=+0.0066, ESS≈59998
[equal-ρ] bracket μ=5.189180, ΔA=+0.0031, ESS≈59992
[equal-ρ] bracket μ=5.189280, ΔA=-0.0004, ESS≈59984
[equal-ρ] bisect μ=5.189030, ΔA=+0.0084, ESS≈60000
mu* = 5.189030   ESS ≈ 60000
0.4948027664361303


success: True
χ²*    : 0.026914517943564017
θ*     : (1.3530862528281224, 1.8, 5.189030200916576, 1.0000000000021108, 0.5299362093216927, 0.008456676529386779)

=== Step: target eps_sp=1.820 (prev=1.800) ===
[μ=5.189030] f=m_dense-m_dilute=+0.4270
[step] μ=5.193030 f=+0.3384
[step] μ=5.197030 f=+0.2056
[step] μ=5.201030 f=+0.0700
[equal-ρ] μ0=5.201030, ΔA=A_dense-A_dilute=+0.0700, ESS≈60005
[equal-ρ] bracket μ=5.201130, ΔA=+0.0665, ESS≈60004
[equal-ρ] bracket μ=5.201230, ΔA=+0.0630, ESS≈60002
[equal-ρ] bracket μ=5.201330, ΔA=+0.0595, ESS≈59998
[equal-ρ] bracket μ=5.201430, ΔA=+0.0560, ESS≈59992
[equal-ρ] bracket μ=5.201530, ΔA=+0.0525, ESS≈59984
[equal-ρ] bracket μ=5.201630, ΔA=+0.0490, ESS≈59975
[equal-ρ] bracket μ=5.201730, ΔA=+0.0454, ESS≈59964
[equal-ρ] bracket μ=5.201830, ΔA=+0.0419, ESS≈59952
[equal-ρ] bracket μ=5.201930, ΔA=+0.0384, ESS≈59938
[equal-ρ] bracket μ=5.202030, ΔA=+0.0349, ESS≈59922
[equal-ρ] bracket μ=5.202130, ΔA=+0.0314, ESS≈59904
[equal-ρ] bracket μ=5.202230, ΔA=+0.0279, ESS≈59885
[equal-ρ] bracket μ=5.202330, ΔA=+0.0243, ESS≈59864
[equal-ρ] bracket μ=5.202430, ΔA=+0.0208, ESS≈59842
[equal-ρ] bracket μ=5.202530, ΔA=+0.0173, ESS≈59818
[equal-ρ] bracket μ=5.202630, ΔA=+0.0138, ESS≈59792
[equal-ρ] bracket μ=5.202730, ΔA=+0.0103, ESS≈59765
[equal-ρ] bracket μ=5.202830, ΔA=+0.0067, ESS≈59735
[equal-ρ] bracket μ=5.202930, ΔA=+0.0032, ESS≈59705
[equal-ρ] bracket μ=5.203030, ΔA=-0.0003, ESS≈59672
[equal-ρ] bisect μ=5.202030, ΔA=+0.0349, ESS≈59922
[equal-ρ] bisect μ=5.202530, ΔA=+0.0173, ESS≈59818
[equal-ρ] bisect μ=5.202780, ΔA=+0.0085, ESS≈59750
mu* = 5.202780   ESS ≈ 59750
0.4940426631114074


success: False
χ²*    : 0.008868790286105734
θ*     : (1.3400377536942434, 1.82, 5.213395224943456, 1.0000000000002052, 0.4891025034868285, 0.0009728808646532894)

=== Step: target eps_sp=1.840 (prev=1.820) ===
[μ=5.213395] f=m_dense-m_dilute=-0.6365
[step] μ=5.209395 f=-0.5056
[step] μ=5.205395 f=-0.4509
[step] μ=5.201395 f=-0.3396
[step] μ=5.197395 f=-0.2149
[step] μ=5.193395 f=-0.0735
[equal-ρ] μ0=5.193395, ΔA=A_dense-A_dilute=-0.0735, ESS≈60005
[equal-ρ] bracket μ=5.193295, ΔA=-0.0701, ESS≈60004
[equal-ρ] bracket μ=5.193195, ΔA=-0.0667, ESS≈60002
[equal-ρ] bracket μ=5.193095, ΔA=-0.0632, ESS≈59998
[equal-ρ] bracket μ=5.192995, ΔA=-0.0598, ESS≈59992
[equal-ρ] bracket μ=5.192895, ΔA=-0.0563, ESS≈59985
[equal-ρ] bracket μ=5.192795, ΔA=-0.0529, ESS≈59976
[equal-ρ] bracket μ=5.192695, ΔA=-0.0494, ESS≈59965
[equal-ρ] bracket μ=5.192595, ΔA=-0.0460, ESS≈59953
[equal-ρ] bracket μ=5.192495, ΔA=-0.0425, ESS≈59940
[equal-ρ] bracket μ=5.192395, ΔA=-0.0391, ESS≈59924
[equal-ρ] bracket μ=5.192295, ΔA=-0.0356, ESS≈59907
[equal-ρ] bracket μ=5.192195, ΔA=-0.0322, ESS≈59889
[equal-ρ] bracket μ=5.192095, ΔA=-0.0287, ESS≈59868
[equal-ρ] bracket μ=5.191995, ΔA=-0.0253, ESS≈59847
[equal-ρ] bracket μ=5.191895, ΔA=-0.0218, ESS≈59823
[equal-ρ] bracket μ=5.191795, ΔA=-0.0184, ESS≈59798
[equal-ρ] bracket μ=5.191695, ΔA=-0.0149, ESS≈59771
[equal-ρ] bracket μ=5.191595, ΔA=-0.0115, ESS≈59743
[equal-ρ] bracket μ=5.191495, ΔA=-0.0080, ESS≈59713
[equal-ρ] bracket μ=5.191395, ΔA=-0.0046, ESS≈59682
mu* = 5.191395   ESS ≈ 59682
0.4887706024497959


success: True
χ²*    : 0.009775089444959294
θ*     : (1.3400297067061728, 1.84, 5.191393657616663, 0.9999999999939785, 0.4635187861433306, -0.022360166535584276)

=== Step: target eps_sp=1.860 (prev=1.840) ===
[μ=5.191394] f=m_dense-m_dilute=+0.4731
[step] μ=5.195394 f=+0.3579
[step] μ=5.199394 f=+0.1986
[step] μ=5.203394 f=+0.0720
[equal-ρ] μ0=5.203394, ΔA=A_dense-A_dilute=+0.0720, ESS≈60005
[equal-ρ] bracket μ=5.203494, ΔA=+0.0685, ESS≈60004
[equal-ρ] bracket μ=5.203594, ΔA=+0.0651, ESS≈60002
[equal-ρ] bracket μ=5.203694, ΔA=+0.0616, ESS≈59998
[equal-ρ] bracket μ=5.203794, ΔA=+0.0582, ESS≈59992
[equal-ρ] bracket μ=5.203894, ΔA=+0.0547, ESS≈59985
[equal-ρ] bracket μ=5.203994, ΔA=+0.0512, ESS≈59976
[equal-ρ] bracket μ=5.204094, ΔA=+0.0478, ESS≈59965
[equal-ρ] bracket μ=5.204194, ΔA=+0.0443, ESS≈59953
[equal-ρ] bracket μ=5.204294, ΔA=+0.0408, ESS≈59939
[equal-ρ] bracket μ=5.204394, ΔA=+0.0373, ESS≈59923
[equal-ρ] bracket μ=5.204494, ΔA=+0.0339, ESS≈59906
[equal-ρ] bracket μ=5.204594, ΔA=+0.0304, ESS≈59887
[equal-ρ] bracket μ=5.204694, ΔA=+0.0269, ESS≈59867
[equal-ρ] bracket μ=5.204794, ΔA=+0.0235, ESS≈59845
[equal-ρ] bracket μ=5.204894, ΔA=+0.0200, ESS≈59821
[equal-ρ] bracket μ=5.204994, ΔA=+0.0165, ESS≈59796
[equal-ρ] bracket μ=5.205094, ΔA=+0.0130, ESS≈59769
[equal-ρ] bracket μ=5.205194, ΔA=+0.0096, ESS≈59741
[equal-ρ] bracket μ=5.205294, ΔA=+0.0061, ESS≈59711
[equal-ρ] bracket μ=5.205394, ΔA=+0.0026, ESS≈59679
mu* = 5.205394   ESS ≈ 59679
0.49097325222898097


success: False
χ²*    : 0.01090917673153142
θ*     : (1.3350153805685872, 1.86, 5.2080784254923955, 0.9999999999939355, 0.46994671671758365, -0.018817069453388808)

=== Step: target eps_sp=1.880 (prev=1.860) ===
[μ=5.208078] f=m_dense-m_dilute=+0.0541
[equal-ρ] μ0=5.208078, ΔA=A_dense-A_dilute=+0.0541, ESS≈60005
[equal-ρ] bracket μ=5.208178, ΔA=+0.0506, ESS≈60004
[equal-ρ] bracket μ=5.208278, ΔA=+0.0472, ESS≈60002
[equal-ρ] bracket μ=5.208378, ΔA=+0.0437, ESS≈59998
[equal-ρ] bracket μ=5.208478, ΔA=+0.0402, ESS≈59992
[equal-ρ] bracket μ=5.208578, ΔA=+0.0368, ESS≈59985
[equal-ρ] bracket μ=5.208678, ΔA=+0.0333, ESS≈59976
[equal-ρ] bracket μ=5.208778, ΔA=+0.0298, ESS≈59965
[equal-ρ] bracket μ=5.208878, ΔA=+0.0263, ESS≈59953
[equal-ρ] bracket μ=5.208978, ΔA=+0.0229, ESS≈59939
[equal-ρ] bracket μ=5.209078, ΔA=+0.0194, ESS≈59923
[equal-ρ] bracket μ=5.209178, ΔA=+0.0159, ESS≈59906
[equal-ρ] bracket μ=5.209278, ΔA=+0.0125, ESS≈59887
[equal-ρ] bracket μ=5.209378, ΔA=+0.0090, ESS≈59867
[equal-ρ] bracket μ=5.209478, ΔA=+0.0055, ESS≈59845
[equal-ρ] bracket μ=5.209578, ΔA=+0.0020, ESS≈59821
[equal-ρ] bracket μ=5.209678, ΔA=-0.0014, ESS≈59796
[equal-ρ] bisect μ=5.208878, ΔA=+0.0263, ESS≈59953
[equal-ρ] bisect μ=5.209278, ΔA=+0.0125, ESS≈59887
[equal-ρ] bisect μ=5.209478, ΔA=+0.0055, ESS≈59845
mu* = 5.209478   ESS ≈ 59845
0.4927076076993583


success: True
χ²*    : 0.011424222764785016
θ*     : (1.3350030368441879, 1.8800000000000001, 5.209486852423983, 0.9999999999993073, 0.4940725519310707, -0.0030006906860030914)

=== Step: target eps_sp=1.900 (prev=1.880) ===
[μ=5.209487] f=m_dense-m_dilute=+0.4981
[step] μ=5.213487 f=+0.4169
[step] μ=5.217487 f=+0.2877
[step] μ=5.221487 f=+0.1334
[step] μ=5.225487 f=-0.0331
[equal-ρ] μ0=5.225487, ΔA=A_dense-A_dilute=-0.0331, ESS≈60005
[equal-ρ] bracket μ=5.225387, ΔA=-0.0296, ESS≈60004
[equal-ρ] bracket μ=5.225287, ΔA=-0.0261, ESS≈60002
[equal-ρ] bracket μ=5.225187, ΔA=-0.0227, ESS≈59998
[equal-ρ] bracket μ=5.225087, ΔA=-0.0192, ESS≈59992
[equal-ρ] bracket μ=5.224987, ΔA=-0.0157, ESS≈59984
[equal-ρ] bracket μ=5.224887, ΔA=-0.0122, ESS≈59975
[equal-ρ] bracket μ=5.224787, ΔA=-0.0087, ESS≈59965
[equal-ρ] bracket μ=5.224687, ΔA=-0.0052, ESS≈59952
[equal-ρ] bracket μ=5.224587, ΔA=-0.0018, ESS≈59938
[equal-ρ] bracket μ=5.224487, ΔA=+0.0017, ESS≈59923
[equal-ρ] bisect μ=5.224987, ΔA=-0.0157, ESS≈59984
[equal-ρ] bisect μ=5.224737, ΔA=-0.0070, ESS≈59959
mu* = 5.224737   ESS ≈ 59959
0.48775785351220735


success: True
χ²*    : 0.019168710498451806
θ*     : (1.335442975462511, 1.9000000000000001, 5.224440385433109, 0.9999999999929211, 0.47823384365683175, -0.02225726357814503)

=== Step: target eps_sp=1.920 (prev=1.900) ===
[μ=5.224440] f=m_dense-m_dilute=+0.5102
[step] μ=5.228440 f=+0.4340
[step] μ=5.232440 f=+0.2651
[step] μ=5.236440 f=+0.1224
[step] μ=5.240440 f=-0.0088
[equal-ρ] μ0=5.240440, ΔA=A_dense-A_dilute=-0.0088, ESS≈60005
mu* = 5.240440   ESS ≈ 60005
0.4878501791517373


success: True
χ²*    : 0.12577641070386766
θ*     : (1.235442975462511, 1.92, 5.140442958030648, 0.999999999990987, 0.37908306136107117, -0.026560205958692698)

=== Step: target eps_sp=1.940 (prev=1.920) ===
[μ=5.140443] f=m_dense-m_dilute=-0.9742
[step] μ=5.136443 f=-0.9664
[step] μ=5.132443 f=-0.9593
[step] μ=5.128443 f=-0.9533
[step] μ=5.124443 f=-0.9398
[step] μ=5.120443 f=-0.9292
[step] μ=5.116443 f=-0.9136
[step] μ=5.112443 f=-0.8902
[step] μ=5.108443 f=-0.8755
[step] μ=5.104443 f=-0.8484
[step] μ=5.100443 f=-0.8130
[step] μ=5.096443 f=-0.7775
[step] μ=5.092443 f=-0.7394
[step] μ=5.088443 f=-0.6708
[step] μ=5.084443 f=-0.6224
[step] μ=5.080443 f=-0.5435
[step] μ=5.076443 f=-0.4652
[step] μ=5.072443 f=-0.3577
[step] μ=5.068443 f=-0.2782
[step] μ=5.064443 f=-0.1569
[step] μ=5.060443 f=-0.0578
[equal-ρ] μ0=5.060443, ΔA=A_dense-A_dilute=-0.0578, ESS≈60005
[equal-ρ] bracket μ=5.060343, ΔA=-0.0550, ESS≈60004
[equal-ρ] bracket μ=5.060243, ΔA=-0.0522, ESS≈60003
[equal-ρ] bracket μ=5.060143, ΔA=-0.0494, ESS≈60000
[equal-ρ] bracket μ=5.060043, ΔA=-0.0467, ESS≈59996
[equal-ρ] bracket μ=5.059943, ΔA=-0.0439, ESS≈59990
[equal-ρ] bracket μ=5.059843, ΔA=-0.0411, ESS≈59984
[equal-ρ] bracket μ=5.059743, ΔA=-0.0383, ESS≈59976
[equal-ρ] bracket μ=5.059643, ΔA=-0.0355, ESS≈59967
[equal-ρ] bracket μ=5.059543, ΔA=-0.0327, ESS≈59957
[equal-ρ] bracket μ=5.059443, ΔA=-0.0299, ESS≈59946
[equal-ρ] bracket μ=5.059343, ΔA=-0.0271, ESS≈59934
[equal-ρ] bracket μ=5.059243, ΔA=-0.0243, ESS≈59920
[equal-ρ] bracket μ=5.059143, ΔA=-0.0216, ESS≈59905
[equal-ρ] bracket μ=5.059043, ΔA=-0.0188, ESS≈59890
[equal-ρ] bracket μ=5.058943, ΔA=-0.0160, ESS≈59872
[equal-ρ] bracket μ=5.058843, ΔA=-0.0132, ESS≈59854
[equal-ρ] bracket μ=5.058743, ΔA=-0.0104, ESS≈59835
[equal-ρ] bracket μ=5.058643, ΔA=-0.0076, ESS≈59814
[equal-ρ] bracket μ=5.058543, ΔA=-0.0048, ESS≈59793
[equal-ρ] bracket μ=5.058443, ΔA=-0.0020, ESS≈59770
mu* = 5.058443   ESS ≈ 59770
0.49113990500791593


success: False
χ²*    : 0.11201637009185744
θ*     : (1.235442975462511, 1.94, 5.058442958030657, 1.0, 0.5204734777681682, 0.00676033205389955)

=== Step: target eps_sp=1.960 (prev=1.940) ===
[μ=5.058443] f=m_dense-m_dilute=+0.3941
[step] μ=5.062443 f=+0.3225
[step] μ=5.066443 f=+0.2081
[step] μ=5.070443 f=+0.0952
[equal-ρ] μ0=5.070443, ΔA=A_dense-A_dilute=+0.0952, ESS≈60005
[equal-ρ] bracket μ=5.070543, ΔA=+0.0924, ESS≈60004
[equal-ρ] bracket μ=5.070643, ΔA=+0.0896, ESS≈60003
[equal-ρ] bracket μ=5.070743, ΔA=+0.0868, ESS≈60000
[equal-ρ] bracket μ=5.070843, ΔA=+0.0840, ESS≈59995
[equal-ρ] bracket μ=5.070943, ΔA=+0.0812, ESS≈59990
[equal-ρ] bracket μ=5.071043, ΔA=+0.0784, ESS≈59984
[equal-ρ] bracket μ=5.071143, ΔA=+0.0756, ESS≈59976
[equal-ρ] bracket μ=5.071243, ΔA=+0.0728, ESS≈59967
[equal-ρ] bracket μ=5.071343, ΔA=+0.0700, ESS≈59957
[equal-ρ] bracket μ=5.071443, ΔA=+0.0672, ESS≈59945
[equal-ρ] bracket μ=5.071543, ΔA=+0.0644, ESS≈59933
[equal-ρ] bracket μ=5.071643, ΔA=+0.0616, ESS≈59919
[equal-ρ] bracket μ=5.071743, ΔA=+0.0588, ESS≈59904
[equal-ρ] bracket μ=5.071843, ΔA=+0.0559, ESS≈59888
[equal-ρ] bracket μ=5.071943, ΔA=+0.0531, ESS≈59871
[equal-ρ] bracket μ=5.072043, ΔA=+0.0503, ESS≈59852
[equal-ρ] bracket μ=5.072143, ΔA=+0.0475, ESS≈59833
[equal-ρ] bracket μ=5.072243, ΔA=+0.0447, ESS≈59812
[equal-ρ] bracket μ=5.072343, ΔA=+0.0419, ESS≈59790
[equal-ρ] bracket μ=5.072443, ΔA=+0.0391, ESS≈59766
mu* = 5.072443   ESS ≈ 59766
0.50430047496042


success: True
χ²*    : 0.09245457592629414
θ*     : (1.2356192070828764, 1.96, 5.062542729791798, 1.0, 0.5830418824674525, 0.0479381970168208)



success: True
χ²*    : 0.03908507577195132
θ*     : (1.2448554690957165, 2.42, 5.372127374559902, 1.0, 0.5673550101939646, 0.04185438934939994)

=== Step: target eps_sp=2.440 (prev=2.420) ===
[μ=5.372127] f=m_dense-m_dilute=+0.9901
[step] μ=5.376127 f=+0.9832
[step] μ=5.380127 f=+0.9825
[step] μ=5.384127 f=+0.9777
[step] μ=5.388127 f=+0.9685
[step] μ=5.392127 f=+0.9607
[step] μ=5.396127 f=+0.9572
[step] μ=5.400127 f=+0.9494
[step] μ=5.404127 f=+0.9341
[step] μ=5.408127 f=+0.9117
[step] μ=5.412127 f=+0.8902
[step] μ=5.416127 f=+0.8515
[step] μ=5.420127 f=+0.8111
[step] μ=5.424127 f=+0.7746
[step] μ=5.428127 f=+0.7123
[step] μ=5.432127 f=+0.6436
[step] μ=5.436127 f=+0.5679
[step] μ=5.440127 f=+0.4900
[step] μ=5.444127 f=+0.3434
[step] μ=5.448127 f=+0.1908
[step] μ=5.452127 f=+0.1047
[step] μ=5.456127 f=-0.0261
[equal-ρ] μ0=5.456127, ΔA=A_dense-A_dilute=-0.0261, ESS≈60005
[equal-ρ] bracket μ=5.456027, ΔA=-0.0227, ESS≈60004
[equal-ρ] bracket μ=5.455927, ΔA=-0.0193, ESS≈60002
[equal-ρ] bracket μ=5.455827, ΔA=-0.0159, ESS≈59998
[equal-ρ] bracket μ=5.455727, ΔA=-0.0125, ESS≈59992
[equal-ρ] bracket μ=5.455627, ΔA=-0.0091, ESS≈59985
[equal-ρ] bracket μ=5.455527, ΔA=-0.0057, ESS≈59976
[equal-ρ] bracket μ=5.455427, ΔA=-0.0023, ESS≈59966
[equal-ρ] bracket μ=5.455327, ΔA=+0.0011, ESS≈59954
[equal-ρ] bisect μ=5.455727, ΔA=-0.0125, ESS≈59992
[equal-ρ] bisect μ=5.455527, ΔA=-0.0057, ESS≈59976
mu* = 5.455527   ESS ≈ 59976
0.48413932172318974


success: True
χ²*    : 0.06144385766701481
θ*     : (1.2448591540628897, 2.44, 5.455524112469306, 0.9999999999897657, 0.5016269744925066, -0.015541474105187416)

=== Step: target eps_sp=2.460 (prev=2.440) ===
[μ=5.455524] f=m_dense-m_dilute=+0.4644
[step] μ=5.459524 f=+0.3747
[step] μ=5.463524 f=+0.2279
[step] μ=5.467524 f=+0.0911
[equal-ρ] μ0=5.467524, ΔA=A_dense-A_dilute=+0.0911, ESS≈60005
[equal-ρ] bracket μ=5.467624, ΔA=+0.0877, ESS≈60004
[equal-ρ] bracket μ=5.467724, ΔA=+0.0843, ESS≈60002
[equal-ρ] bracket μ=5.467824, ΔA=+0.0809, ESS≈59998
[equal-ρ] bracket μ=5.467924, ΔA=+0.0775, ESS≈59992
[equal-ρ] bracket μ=5.468024, ΔA=+0.0741, ESS≈59985
[equal-ρ] bracket μ=5.468124, ΔA=+0.0707, ESS≈59976
[equal-ρ] bracket μ=5.468224, ΔA=+0.0673, ESS≈59966
[equal-ρ] bracket μ=5.468324, ΔA=+0.0639, ESS≈59954
[equal-ρ] bracket μ=5.468424, ΔA=+0.0605, ESS≈59940
[equal-ρ] bracket μ=5.468524, ΔA=+0.0571, ESS≈59925
[equal-ρ] bracket μ=5.468624, ΔA=+0.0537, ESS≈59908
[equal-ρ] bracket μ=5.468724, ΔA=+0.0503, ESS≈59890
[equal-ρ] bracket μ=5.468824, ΔA=+0.0468, ESS≈59870
[equal-ρ] bracket μ=5.468924, ΔA=+0.0434, ESS≈59848
[equal-ρ] bracket μ=5.469024, ΔA=+0.0400, ESS≈59825
[equal-ρ] bracket μ=5.469124, ΔA=+0.0366, ESS≈59800
[equal-ρ] bracket μ=5.469224, ΔA=+0.0332, ESS≈59774
[equal-ρ] bracket μ=5.469324, ΔA=+0.0297, ESS≈59746
[equal-ρ] bracket μ=5.469424, ΔA=+0.0263, ESS≈59717
[equal-ρ] bracket μ=5.469524, ΔA=+0.0229, ESS≈59686
mu* = 5.469524   ESS ≈ 59686
0.4956030330805766


success: True
χ²*    : 0.019822122172833457
θ*     : (1.2229775209883025, 2.46, 5.484586211293648, 1.0000000000477325, 0.5259863971133141, 0.03317026280510509)

=== Step: target eps_sp=2.480 (prev=2.460) ===
[μ=5.484586] f=m_dense-m_dilute=-0.8864
[step] μ=5.480586 f=-0.8212
[step] μ=5.476586 f=-0.7906
[step] μ=5.472586 f=-0.7281
[step] μ=5.468586 f=-0.6721
[step] μ=5.464586 f=-0.6046
[step] μ=5.460586 f=-0.5067
[step] μ=5.456586 f=-0.4053
[step] μ=5.452586 f=-0.2898
[step] μ=5.448586 f=-0.1864
[step] μ=5.444586 f=+0.0116
[equal-ρ] μ0=5.444586, ΔA=A_dense-A_dilute=+0.0116, ESS≈60005
[equal-ρ] bracket μ=5.444686, ΔA=+0.0083, ESS≈60004
[equal-ρ] bracket μ=5.444786, ΔA=+0.0050, ESS≈60002
[equal-ρ] bracket μ=5.444886, ΔA=+0.0017, ESS≈59998
[equal-ρ] bracket μ=5.444986, ΔA=-0.0016, ESS≈59993
[equal-ρ] bisect μ=5.444786, ΔA=+0.0050, ESS≈60002
mu* = 5.444786   ESS ≈ 60002
0.4860876593617198


success: True
χ²*    : 0.04844204939285697
θ*     : (1.2229776317228522, 2.48, 5.444786100559102, 0.9999999999840852, 0.48991975225743406, -0.017786932801025387)

=== Step: target eps_sp=2.500 (prev=2.480) ===
[μ=5.444786] f=m_dense-m_dilute=+0.4167
[step] μ=5.448786 f=+0.3239
[step] μ=5.452786 f=+0.2108
[step] μ=5.456786 f=+0.0830
[equal-ρ] μ0=5.456786, ΔA=A_dense-A_dilute=+0.0830, ESS≈60005
[equal-ρ] bracket μ=5.456886, ΔA=+0.0797, ESS≈60004
[equal-ρ] bracket μ=5.456986, ΔA=+0.0764, ESS≈60002
[equal-ρ] bracket μ=5.457086, ΔA=+0.0731, ESS≈59998
[equal-ρ] bracket μ=5.457186, ΔA=+0.0698, ESS≈59993
[equal-ρ] bracket μ=5.457286, ΔA=+0.0665, ESS≈59986
[equal-ρ] bracket μ=5.457386, ΔA=+0.0633, ESS≈59978
[equal-ρ] bracket μ=5.457486, ΔA=+0.0600, ESS≈59968
[equal-ρ] bracket μ=5.457586, ΔA=+0.0567, ESS≈59956
[equal-ρ] bracket μ=5.457686, ΔA=+0.0534, ESS≈59944
[equal-ρ] bracket μ=5.457786, ΔA=+0.0501, ESS≈59929
[equal-ρ] bracket μ=5.457886, ΔA=+0.0468, ESS≈59913
[equal-ρ] bracket μ=5.457986, ΔA=+0.0435, ESS≈59896
[equal-ρ] bracket μ=5.458086, ΔA=+0.0402, ESS≈59877
[equal-ρ] bracket μ=5.458186, ΔA=+0.0369, ESS≈59856
[equal-ρ] bracket μ=5.458286, ΔA=+0.0336, ESS≈59834
[equal-ρ] bracket μ=5.458386, ΔA=+0.0303, ESS≈59811
[equal-ρ] bracket μ=5.458486, ΔA=+0.0270, ESS≈59786
[equal-ρ] bracket μ=5.458586, ΔA=+0.0237, ESS≈59759
[equal-ρ] bracket μ=5.458686, ΔA=+0.0204, ESS≈59731
[equal-ρ] bracket μ=5.458786, ΔA=+0.0170, ESS≈59702
mu* = 5.458786   ESS ≈ 59702
0.49409165902841434


success: True
χ²*    : 0.038537621723170525
θ*     : (1.2243716859875082, 2.5, 5.457647076288956, 1.0000000000371008, 0.5508798115678426, 0.025439316291457553)

=== Step: target eps_sp=2.520 (prev=2.500) ===
[μ=5.457647] f=m_dense-m_dilute=+0.5455
[step] μ=5.461647 f=+0.4862
[step] μ=5.465647 f=+0.3891
[step] μ=5.469647 f=+0.2453
[step] μ=5.473647 f=+0.1378
[step] μ=5.477647 f=+0.0291
[equal-ρ] μ0=5.477647, ΔA=A_dense-A_dilute=+0.0291, ESS≈60005
[equal-ρ] bracket μ=5.477747, ΔA=+0.0257, ESS≈60004
[equal-ρ] bracket μ=5.477847, ΔA=+0.0224, ESS≈60002
[equal-ρ] bracket μ=5.477947, ΔA=+0.0191, ESS≈59998
[equal-ρ] bracket μ=5.478047, ΔA=+0.0158, ESS≈59993
[equal-ρ] bracket μ=5.478147, ΔA=+0.0125, ESS≈59986
[equal-ρ] bracket μ=5.478247, ΔA=+0.0091, ESS≈59977
[equal-ρ] bracket μ=5.478347, ΔA=+0.0058, ESS≈59967
[equal-ρ] bracket μ=5.478447, ΔA=+0.0025, ESS≈59956
[equal-ρ] bracket μ=5.478547, ΔA=-0.0008, ESS≈59943
[equal-ρ] bisect μ=5.478097, ΔA=+0.0141, ESS≈59989
[equal-ρ] bisect μ=5.478322, ΔA=+0.0067, ESS≈59970
mu* = 5.478322   ESS ≈ 59970
0.4894790434130489


success: True
χ²*    : 0.09588123585493803
θ*     : (1.22385123716951, 2.52, 5.477801123775896, 0.9999999999949009, 0.5328814721504371, -0.007074700865138536)

=== Step: target eps_sp=2.540 (prev=2.520) ===
[μ=5.477801] f=m_dense-m_dilute=+0.4143
[step] μ=5.481801 f=+0.3282
[step] μ=5.485801 f=+0.1952
[step] μ=5.489801 f=+0.0801
[equal-ρ] μ0=5.489801, ΔA=A_dense-A_dilute=+0.0801, ESS≈60005
[equal-ρ] bracket μ=5.489901, ΔA=+0.0768, ESS≈60004
[equal-ρ] bracket μ=5.490001, ΔA=+0.0734, ESS≈60002
[equal-ρ] bracket μ=5.490101, ΔA=+0.0701, ESS≈59998
[equal-ρ] bracket μ=5.490201, ΔA=+0.0668, ESS≈59993
[equal-ρ] bracket μ=5.490301, ΔA=+0.0635, ESS≈59986
[equal-ρ] bracket μ=5.490401, ΔA=+0.0601, ESS≈59977
[equal-ρ] bracket μ=5.490501, ΔA=+0.0568, ESS≈59967
[equal-ρ] bracket μ=5.490601, ΔA=+0.0535, ESS≈59956
[equal-ρ] bracket μ=5.490701, ΔA=+0.0501, ESS≈59942
[equal-ρ] bracket μ=5.490801, ΔA=+0.0468, ESS≈59928
[equal-ρ] bracket μ=5.490901, ΔA=+0.0435, ESS≈59911
[equal-ρ] bracket μ=5.491001, ΔA=+0.0401, ESS≈59894
[equal-ρ] bracket μ=5.491101, ΔA=+0.0368, ESS≈59874
[equal-ρ] bracket μ=5.491201, ΔA=+0.0334, ESS≈59854
[equal-ρ] bracket μ=5.491301, ΔA=+0.0301, ESS≈59831
[equal-ρ] bracket μ=5.491401, ΔA=+0.0267, ESS≈59807
[equal-ρ] bracket μ=5.491501, ΔA=+0.0234, ESS≈59782
[equal-ρ] bracket μ=5.491601, ΔA=+0.0201, ESS≈59755
[equal-ρ] bracket μ=5.491701, ΔA=+0.0167, ESS≈59726
[equal-ρ] bracket μ=5.491801, ΔA=+0.0134, ESS≈59696
mu* = 5.491801   ESS ≈ 59696
0.49176635280393305


success: True
χ²*    : 0.029597923060891828
θ*     : (1.247939481414369, 2.54, 5.399626860128604, 1.000000000010862, 0.5336098115458932, 0.013577533840220524)

=== Step: target eps_sp=2.560 (prev=2.540) ===
[μ=5.399627] f=m_dense-m_dilute=+0.9996
[step] μ=5.403627 f=+0.9994
[step] μ=5.407627 f=+0.9994
[step] μ=5.411627 f=+0.9991
[step] μ=5.415627 f=+0.9992
[step] μ=5.419627 f=+0.9991
[step] μ=5.423627 f=+0.9990
[step] μ=5.427627 f=+0.9988
[step] μ=5.431627 f=+0.9984
[step] μ=5.435627 f=+0.9979
[step] μ=5.439627 f=+0.9973
[step] μ=5.443627 f=+0.9976
[step] μ=5.447627 f=+0.9975
[step] μ=5.451627 f=+0.9968
[step] μ=5.455627 f=+0.9944
[step] μ=5.459627 f=+0.9943
[step] μ=5.463627 f=+0.9933
[step] μ=5.467627 f=+0.9899
[step] μ=5.471627 f=+0.9896
[step] μ=5.475627 f=+0.9878
[step] μ=5.479627 f=+0.9857
[step] μ=5.483627 f=+0.9804
[step] μ=5.487627 f=+0.9795
[step] μ=5.491627 f=+0.9732
[step] μ=5.495627 f=+0.9634
[step] μ=5.499627 f=+0.9540
[step] μ=5.503627 f=+0.9438
[step] μ=5.507627 f=+0.9223
[step] μ=5.511627 f=+0.8931
[step] μ=5.515627 f=+0.8899
[step] μ=5.519627 f=+0.8507
[step] μ=5.523627 f=+0.8225
[step] μ=5.527627 f=+0.7200
[step] μ=5.531627 f=+0.6459
[step] μ=5.535627 f=+0.6161
[step] μ=5.539627 f=+0.4600
[step] μ=5.543627 f=+0.3693
[step] μ=5.547627 f=+0.2561
[step] μ=5.551627 f=+0.1148
[step] μ=5.555627 f=-0.0314
[equal-ρ] μ0=5.555627, ΔA=A_dense-A_dilute=-0.0314, ESS≈60005
[equal-ρ] bracket μ=5.555527, ΔA=-0.0279, ESS≈60004
[equal-ρ] bracket μ=5.555427, ΔA=-0.0243, ESS≈60002
[equal-ρ] bracket μ=5.555327, ΔA=-0.0208, ESS≈59997
[equal-ρ] bracket μ=5.555227, ΔA=-0.0173, ESS≈59992
[equal-ρ] bracket μ=5.555127, ΔA=-0.0138, ESS≈59984
[equal-ρ] bracket μ=5.555027, ΔA=-0.0102, ESS≈59975
[equal-ρ] bracket μ=5.554927, ΔA=-0.0067, ESS≈59964
[equal-ρ] bracket μ=5.554827, ΔA=-0.0032, ESS≈59951
[equal-ρ] bracket μ=5.554727, ΔA=+0.0004, ESS≈59937
[equal-ρ] bisect μ=5.555177, ΔA=-0.0155, ESS≈59988
[equal-ρ] bisect μ=5.554952, ΔA=-0.0076, ESS≈59967
mu* = 5.554952   ESS ≈ 59967
0.48491292392300644


success: True
χ²*    : 0.04337333229758579
θ*     : (1.2479395204424293, 2.56, 5.5549518399731825, 0.9999999999947633, 0.48791594761876855, -0.017297598413761106)

=== Step: target eps_sp=2.580 (prev=2.560) ===
[μ=5.554952] f=m_dense-m_dilute=+0.5153
[step] μ=5.558952 f=+0.3925
[step] μ=5.562952 f=+0.2707
[step] μ=5.566952 f=+0.1502
[step] μ=5.570952 f=-0.0237
[equal-ρ] μ0=5.570952, ΔA=A_dense-A_dilute=-0.0237, ESS≈60005
[equal-ρ] bracket μ=5.570852, ΔA=-0.0202, ESS≈60004
[equal-ρ] bracket μ=5.570752, ΔA=-0.0166, ESS≈60002
[equal-ρ] bracket μ=5.570652, ΔA=-0.0130, ESS≈59997
[equal-ρ] bracket μ=5.570552, ΔA=-0.0095, ESS≈59991
[equal-ρ] bracket μ=5.570452, ΔA=-0.0059, ESS≈59984
[equal-ρ] bracket μ=5.570352, ΔA=-0.0024, ESS≈59974
[equal-ρ] bracket μ=5.570252, ΔA=+0.0012, ESS≈59963
[equal-ρ] bisect μ=5.570602, ΔA=-0.0113, ESS≈59995
[equal-ρ] bisect μ=5.570427, ΔA=-0.0050, ESS≈59982
mu* = 5.570427   ESS ≈ 59982
0.4846262811432381


success: True
χ²*    : 0.07437318574449533
θ*     : (1.260542640852409, 2.58, 5.587181508575999, 0.9999999999950897, 0.5088814288133485, -0.013776733949823813)

=== Step: target eps_sp=2.600 (prev=2.580) ===
[μ=5.587182] f=m_dense-m_dilute=+0.6930
[step] μ=5.591182 f=+0.6028
[step] μ=5.595182 f=+0.5520
[step] μ=5.599182 f=+0.4318
[step] μ=5.603182 f=+0.2878
[step] μ=5.607182 f=+0.1322
[step] μ=5.611182 f=-0.0162
[equal-ρ] μ0=5.611182, ΔA=A_dense-A_dilute=-0.0162, ESS≈60005
[equal-ρ] bracket μ=5.611082, ΔA=-0.0125, ESS≈60004
[equal-ρ] bracket μ=5.610982, ΔA=-0.0089, ESS≈60001
[equal-ρ] bracket μ=5.610882, ΔA=-0.0052, ESS≈59997
[equal-ρ] bracket μ=5.610782, ΔA=-0.0015, ESS≈59991
[equal-ρ] bracket μ=5.610682, ΔA=+0.0021, ESS≈59983
[equal-ρ] bisect μ=5.610932, ΔA=-0.0070, ESS≈59999
mu* = 5.610932   ESS ≈ 59999
0.4847886009499208


success: True
χ²*    : 0.014649656166710587
θ*     : (1.2495060270045908, 2.6, 5.612505898686723, 0.9999999999946951, 0.47504781468088775, -0.01486323711287401)

=== Step: target eps_sp=2.620 (prev=2.600) ===
[μ=5.612506] f=m_dense-m_dilute=-0.2200
[step] μ=5.608506 f=-0.1444
[step] μ=5.604506 f=-0.0047
[equal-ρ] μ0=5.604506, ΔA=A_dense-A_dilute=-0.0047, ESS≈60005
mu* = 5.604506   ESS ≈ 60005
0.48583401383218067


success: True
χ²*    : 0.011981220661224604
θ*     : (1.242220395061546, 2.62, 5.611791375736635, 0.999999999994213, 0.45886759865046134, -0.018926380499453433)

=== Step: target eps_sp=2.640 (prev=2.620) ===
[μ=5.611791] f=m_dense-m_dilute=-0.1552
[step] μ=5.607791 f=+0.0007
[equal-ρ] μ0=5.607791, ΔA=A_dense-A_dilute=+0.0007, ESS≈60005
mu* = 5.607791   ESS ≈ 60005
0.48650779101741526


success: True
χ²*    : 0.013378165321006968
θ*     : (1.232935427407765, 2.64, 5.612605404275057, 0.9999999999970827, 0.4725123833401318, -0.01237388340547024)

=== Step: target eps_sp=2.660 (prev=2.640) ===
[μ=5.612605] f=m_dense-m_dilute=-0.2670
[step] μ=5.608605 f=-0.0932
[equal-ρ] μ0=5.608605, ΔA=A_dense-A_dilute=-0.0932, ESS≈60005
[equal-ρ] bracket μ=5.608505, ΔA=-0.0898, ESS≈60004
[equal-ρ] bracket μ=5.608405, ΔA=-0.0863, ESS≈60002
[equal-ρ] bracket μ=5.608305, ΔA=-0.0828, ESS≈59998
[equal-ρ] bracket μ=5.608205, ΔA=-0.0793, ESS≈59992
[equal-ρ] bracket μ=5.608105, ΔA=-0.0758, ESS≈59984
[equal-ρ] bracket μ=5.608005, ΔA=-0.0723, ESS≈59975
[equal-ρ] bracket μ=5.607905, ΔA=-0.0688, ESS≈59964
[equal-ρ] bracket μ=5.607805, ΔA=-0.0653, ESS≈59952
[equal-ρ] bracket μ=5.607705, ΔA=-0.0618, ESS≈59938
[equal-ρ] bracket μ=5.607605, ΔA=-0.0583, ESS≈59922
[equal-ρ] bracket μ=5.607505, ΔA=-0.0548, ESS≈59905
[equal-ρ] bracket μ=5.607405, ΔA=-0.0513, ESS≈59885
[equal-ρ] bracket μ=5.607305, ΔA=-0.0478, ESS≈59865
[equal-ρ] bracket μ=5.607205, ΔA=-0.0443, ESS≈59842
[equal-ρ] bracket μ=5.607105, ΔA=-0.0408, ESS≈59818
[equal-ρ] bracket μ=5.607005, ΔA=-0.0373, ESS≈59792
[equal-ρ] bracket μ=5.606905, ΔA=-0.0338, ESS≈59765
[equal-ρ] bracket μ=5.606805, ΔA=-0.0303, ESS≈59736
[equal-ρ] bracket μ=5.606705, ΔA=-0.0268, ESS≈59705
[equal-ρ] bracket μ=5.606605, ΔA=-0.0233, ESS≈59673
mu* = 5.606605   ESS ≈ 59673
0.476852262311474


success: True
χ²*    : 0.014103933771495459
θ*     : (1.232938164508852, 2.66, 5.606602467178219, 0.999999999987431, 0.4105593842447041, -0.05032801375973258)

=== Step: target eps_sp=2.680 (prev=2.660) ===
[μ=5.606602] f=m_dense-m_dilute=+0.4359
[step] μ=5.610602 f=+0.2909
[step] μ=5.614602 f=+0.2406
[step] μ=5.618602 f=+0.0683
[equal-ρ] μ0=5.618602, ΔA=A_dense-A_dilute=+0.0683, ESS≈60005
[equal-ρ] bracket μ=5.618702, ΔA=+0.0648, ESS≈60004
[equal-ρ] bracket μ=5.618802, ΔA=+0.0613, ESS≈60002
[equal-ρ] bracket μ=5.618902, ΔA=+0.0578, ESS≈59997
[equal-ρ] bracket μ=5.619002, ΔA=+0.0542, ESS≈59992
[equal-ρ] bracket μ=5.619102, ΔA=+0.0507, ESS≈59984
[equal-ρ] bracket μ=5.619202, ΔA=+0.0472, ESS≈59975
[equal-ρ] bracket μ=5.619302, ΔA=+0.0437, ESS≈59964
[equal-ρ] bracket μ=5.619402, ΔA=+0.0402, ESS≈59951
[equal-ρ] bracket μ=5.619502, ΔA=+0.0367, ESS≈59937
[equal-ρ] bracket μ=5.619602, ΔA=+0.0331, ESS≈59921
[equal-ρ] bracket μ=5.619702, ΔA=+0.0296, ESS≈59904
[equal-ρ] bracket μ=5.619802, ΔA=+0.0261, ESS≈59884
[equal-ρ] bracket μ=5.619902, ΔA=+0.0226, ESS≈59863
[equal-ρ] bracket μ=5.620002, ΔA=+0.0190, ESS≈59841
[equal-ρ] bracket μ=5.620102, ΔA=+0.0155, ESS≈59817
[equal-ρ] bracket μ=5.620202, ΔA=+0.0120, ESS≈59791
[equal-ρ] bracket μ=5.620302, ΔA=+0.0085, ESS≈59763
[equal-ρ] bracket μ=5.620402, ΔA=+0.0049, ESS≈59734
[equal-ρ] bracket μ=5.620502, ΔA=+0.0014, ESS≈59703
[equal-ρ] bracket μ=5.620602, ΔA=-0.0021, ESS≈59670
[equal-ρ] bisect μ=5.619602, ΔA=+0.0331, ESS≈59921
[equal-ρ] bisect μ=5.620102, ΔA=+0.0155, ESS≈59817
[equal-ρ] bisect μ=5.620352, ΔA=+0.0067, ESS≈59749
mu* = 5.620352   ESS ≈ 59749
0.49020331639030085


success: True
χ²*    : 0.012324036071627655
θ*     : (1.232845881892591, 2.68, 5.620415841547595, 1.0000000000033424, 0.5084861977794546, 0.01007447907553002)

=== Step: target eps_sp=2.700 (prev=2.680) ===
[μ=5.620416] f=m_dense-m_dilute=+0.4730
[step] μ=5.624416 f=+0.4048
[step] μ=5.628416 f=+0.2809
[step] μ=5.632416 f=+0.1849
[step] μ=5.636416 f=+0.0103
[equal-ρ] μ0=5.636416, ΔA=A_dense-A_dilute=+0.0103, ESS≈60005
[equal-ρ] bracket μ=5.636516, ΔA=+0.0067, ESS≈60004
[equal-ρ] bracket μ=5.636616, ΔA=+0.0032, ESS≈60002
[equal-ρ] bracket μ=5.636716, ΔA=-0.0003, ESS≈59997
[equal-ρ] bisect μ=5.636566, ΔA=+0.0050, ESS≈60003
mu* = 5.636566   ESS ≈ 60003
0.48766969419215067


success: True
χ²*    : 0.033181338037909056
θ*     : (1.2328462654769743, 2.7, 5.636565617670419, 0.9999999999989426, 0.5033025955118912, -0.0052480787533332966)

=== Step: target eps_sp=2.720 (prev=2.700) ===
[μ=5.636566] f=m_dense-m_dilute=+0.5537
[step] μ=5.640566 f=+0.3792
[step] μ=5.644566 f=+0.2577
[step] μ=5.648566 f=+0.1494
[step] μ=5.652566 f=+0.0273
[equal-ρ] μ0=5.652566, ΔA=A_dense-A_dilute=+0.0273, ESS≈60005
[equal-ρ] bracket μ=5.652666, ΔA=+0.0238, ESS≈60004
[equal-ρ] bracket μ=5.652766, ΔA=+0.0202, ESS≈60002
[equal-ρ] bracket μ=5.652866, ΔA=+0.0167, ESS≈59997
[equal-ρ] bracket μ=5.652966, ΔA=+0.0131, ESS≈59991
[equal-ρ] bracket μ=5.653066, ΔA=+0.0095, ESS≈59984
[equal-ρ] bracket μ=5.653166, ΔA=+0.0060, ESS≈59974
[equal-ρ] bracket μ=5.653266, ΔA=+0.0024, ESS≈59963
[equal-ρ] bracket μ=5.653366, ΔA=-0.0012, ESS≈59950
[equal-ρ] bisect μ=5.652966, ΔA=+0.0131, ESS≈59991
[equal-ρ] bisect μ=5.653166, ΔA=+0.0060, ESS≈59974
mu* = 5.653166   ESS ≈ 59974
0.48774252145654523


success: True
χ²*    : 0.01249932951177361
θ*     : (1.2328464214840644, 2.72, 5.653165501090571, 0.9999999999980642, 0.4841367885576105, -0.00813309890253606)

=== Step: target eps_sp=2.740 (prev=2.720) ===
[μ=5.653166] f=m_dense-m_dilute=+0.4744
[step] μ=5.657166 f=+0.3964
[step] μ=5.661166 f=+0.2763
[step] μ=5.665166 f=+0.1141
[step] μ=5.669166 f=+0.0294
[equal-ρ] μ0=5.669166, ΔA=A_dense-A_dilute=+0.0294, ESS≈60005
[equal-ρ] bracket μ=5.669266, ΔA=+0.0258, ESS≈60004
[equal-ρ] bracket μ=5.669366, ΔA=+0.0223, ESS≈60002
[equal-ρ] bracket μ=5.669466, ΔA=+0.0187, ESS≈59997
[equal-ρ] bracket μ=5.669566, ΔA=+0.0151, ESS≈59991
[equal-ρ] bracket μ=5.669666, ΔA=+0.0115, ESS≈59984
[equal-ρ] bracket μ=5.669766, ΔA=+0.0079, ESS≈59974
[equal-ρ] bracket μ=5.669866, ΔA=+0.0043, ESS≈59963
[equal-ρ] bracket μ=5.669966, ΔA=+0.0008, ESS≈59950
[equal-ρ] bracket μ=5.670066, ΔA=-0.0028, ESS≈59935
[equal-ρ] bisect μ=5.669616, ΔA=+0.0133, ESS≈59988
[equal-ρ] bisect μ=5.669841, ΔA=+0.0052, ESS≈59966
mu* = 5.669841   ESS ≈ 59966
0.4882514790434131


success: True
χ²*    : 0.056807574668542755
θ*     : (1.2328468971441786, 2.74, 5.669840378155933, 0.9999999999957262, 0.5038004680594078, -0.012788044862574552)

=== Step: target eps_sp=2.760 (prev=2.740) ===
[μ=5.669840] f=m_dense-m_dilute=+0.4911
[step] μ=5.673840 f=+0.3613
[step] μ=5.677840 f=+0.2073
[step] μ=5.681840 f=+0.0838
[equal-ρ] μ0=5.681840, ΔA=A_dense-A_dilute=+0.0838, ESS≈60005
[equal-ρ] bracket μ=5.681940, ΔA=+0.0802, ESS≈60004
[equal-ρ] bracket μ=5.682040, ΔA=+0.0766, ESS≈60002
[equal-ρ] bracket μ=5.682140, ΔA=+0.0730, ESS≈59997
[equal-ρ] bracket μ=5.682240, ΔA=+0.0695, ESS≈59991
[equal-ρ] bracket μ=5.682340, ΔA=+0.0659, ESS≈59983
[equal-ρ] bracket μ=5.682440, ΔA=+0.0623, ESS≈59974
[equal-ρ] bracket μ=5.682540, ΔA=+0.0587, ESS≈59963
[equal-ρ] bracket μ=5.682640, ΔA=+0.0551, ESS≈59950
[equal-ρ] bracket μ=5.682740, ΔA=+0.0515, ESS≈59935
[equal-ρ] bracket μ=5.682840, ΔA=+0.0479, ESS≈59918
[equal-ρ] bracket μ=5.682940, ΔA=+0.0443, ESS≈59900
[equal-ρ] bracket μ=5.683040, ΔA=+0.0407, ESS≈59880
[equal-ρ] bracket μ=5.683140, ΔA=+0.0370, ESS≈59859
[equal-ρ] bracket μ=5.683240, ΔA=+0.0334, ESS≈59835
[equal-ρ] bracket μ=5.683340, ΔA=+0.0298, ESS≈59810
[equal-ρ] bracket μ=5.683440, ΔA=+0.0262, ESS≈59783
[equal-ρ] bracket μ=5.683540, ΔA=+0.0226, ESS≈59755
[equal-ρ] bracket μ=5.683640, ΔA=+0.0190, ESS≈59724
[equal-ρ] bracket μ=5.683740, ΔA=+0.0154, ESS≈59692
[equal-ρ] bracket μ=5.683840, ΔA=+0.0118, ESS≈59659
mu* = 5.683840   ESS ≈ 59659
0.49012848929255887


success: True
χ²*    : 0.012235521558503909
θ*     : (1.2257753844337949, 2.7600000000000002, 5.690214423207266, 1.0000000000001406, 0.49256289046439966, 0.0007541550626949043)

=== Step: target eps_sp=2.780 (prev=2.760) ===
[μ=5.690214] f=m_dense-m_dilute=-0.1706
[step] μ=5.686214 f=+0.0472
[equal-ρ] μ0=5.686214, ΔA=A_dense-A_dilute=+0.0472, ESS≈60005
[equal-ρ] bracket μ=5.686314, ΔA=+0.0437, ESS≈60004
[equal-ρ] bracket μ=5.686414, ΔA=+0.0401, ESS≈60002
[equal-ρ] bracket μ=5.686514, ΔA=+0.0365, ESS≈59997
[equal-ρ] bracket μ=5.686614, ΔA=+0.0330, ESS≈59991
[equal-ρ] bracket μ=5.686714, ΔA=+0.0294, ESS≈59984
[equal-ρ] bracket μ=5.686814, ΔA=+0.0258, ESS≈59974
[equal-ρ] bracket μ=5.686914, ΔA=+0.0223, ESS≈59963
[equal-ρ] bracket μ=5.687014, ΔA=+0.0187, ESS≈59950
[equal-ρ] bracket μ=5.687114, ΔA=+0.0151, ESS≈59936
[equal-ρ] bracket μ=5.687214, ΔA=+0.0116, ESS≈59920
[equal-ρ] bracket μ=5.687314, ΔA=+0.0080, ESS≈59902
[equal-ρ] bracket μ=5.687414, ΔA=+0.0044, ESS≈59882
[equal-ρ] bracket μ=5.687514, ΔA=+0.0008, ESS≈59861
[equal-ρ] bracket μ=5.687614, ΔA=-0.0027, ESS≈59838
[equal-ρ] bisect μ=5.686914, ΔA=+0.0223, ESS≈59963
[equal-ρ] bisect μ=5.687264, ΔA=+0.0098, ESS≈59911
mu* = 5.687264   ESS ≈ 59911
0.48988867594367136


success: True
χ²*    : 0.02279452871267957
θ*     : (1.2236894251258044, 2.7800000000000002, 5.689117175675174, 1.0000000000007856, 0.5119789371295096, 0.0037421885699583323)

=== Step: target eps_sp=2.800 (prev=2.780) ===
[μ=5.689117] f=m_dense-m_dilute=+0.2949
[step] μ=5.693117 f=+0.2090
[step] μ=5.697117 f=+0.0558
[equal-ρ] μ0=5.697117, ΔA=A_dense-A_dilute=+0.0558, ESS≈60005
[equal-ρ] bracket μ=5.697217, ΔA=+0.0522, ESS≈60004
[equal-ρ] bracket μ=5.697317, ΔA=+0.0487, ESS≈60002
[equal-ρ] bracket μ=5.697417, ΔA=+0.0451, ESS≈59997
[equal-ρ] bracket μ=5.697517, ΔA=+0.0416, ESS≈59991
[equal-ρ] bracket μ=5.697617, ΔA=+0.0380, ESS≈59984
[equal-ρ] bracket μ=5.697717, ΔA=+0.0344, ESS≈59974
[equal-ρ] bracket μ=5.697817, ΔA=+0.0308, ESS≈59963
[equal-ρ] bracket μ=5.697917, ΔA=+0.0273, ESS≈59950
[equal-ρ] bracket μ=5.698017, ΔA=+0.0237, ESS≈59936
[equal-ρ] bracket μ=5.698117, ΔA=+0.0201, ESS≈59919
[equal-ρ] bracket μ=5.698217, ΔA=+0.0166, ESS≈59901
[equal-ρ] bracket μ=5.698317, ΔA=+0.0130, ESS≈59882
[equal-ρ] bracket μ=5.698417, ΔA=+0.0094, ESS≈59860
[equal-ρ] bracket μ=5.698517, ΔA=+0.0058, ESS≈59837
[equal-ρ] bracket μ=5.698617, ΔA=+0.0023, ESS≈59812
[equal-ρ] bracket μ=5.698717, ΔA=-0.0013, ESS≈59786
[equal-ρ] bisect μ=5.697917, ΔA=+0.0273, ESS≈59950
[equal-ρ] bisect μ=5.698317, ΔA=+0.0130, ESS≈59882
[equal-ρ] bisect μ=5.698517, ΔA=+0.0058, ESS≈59837
mu* = 5.698517   ESS ≈ 59837
0.4885854512123989


success: True
χ²*    : 0.02249635106130355
θ*     : (1.2275548148515907, 2.8000000000000003, 5.696611066056329, 0.9999999999992433, 0.49912825522526816, -0.003890992617168784)

=== Step: target eps_sp=2.820 (prev=2.800) ===
[μ=5.696611] f=m_dense-m_dilute=+0.7312
[step] μ=5.700611 f=+0.6566
[step] μ=5.704611 f=+0.5824
[step] μ=5.708611 f=+0.4672
[step] μ=5.712611 f=+0.3604
[step] μ=5.716611 f=+0.2080
[step] μ=5.720611 f=+0.0642
[equal-ρ] μ0=5.720611, ΔA=A_dense-A_dilute=+0.0642, ESS≈60005
[equal-ρ] bracket μ=5.720711, ΔA=+0.0606, ESS≈60004
[equal-ρ] bracket μ=5.720811, ΔA=+0.0570, ESS≈60002
[equal-ρ] bracket μ=5.720911, ΔA=+0.0534, ESS≈59997
[equal-ρ] bracket μ=5.721011, ΔA=+0.0498, ESS≈59991
[equal-ρ] bracket μ=5.721111, ΔA=+0.0462, ESS≈59983
[equal-ρ] bracket μ=5.721211, ΔA=+0.0426, ESS≈59974
[equal-ρ] bracket μ=5.721311, ΔA=+0.0390, ESS≈59962
[equal-ρ] bracket μ=5.721411, ΔA=+0.0354, ESS≈59949
[equal-ρ] bracket μ=5.721511, ΔA=+0.0317, ESS≈59934
[equal-ρ] bracket μ=5.721611, ΔA=+0.0281, ESS≈59918
[equal-ρ] bracket μ=5.721711, ΔA=+0.0245, ESS≈59900
[equal-ρ] bracket μ=5.721811, ΔA=+0.0209, ESS≈59880
[equal-ρ] bracket μ=5.721911, ΔA=+0.0173, ESS≈59858
[equal-ρ] bracket μ=5.722011, ΔA=+0.0137, ESS≈59834
[equal-ρ] bracket μ=5.722111, ΔA=+0.0101, ESS≈59809
[equal-ρ] bracket μ=5.722211, ΔA=+0.0064, ESS≈59782
[equal-ρ] bracket μ=5.722311, ΔA=+0.0028, ESS≈59754
[equal-ρ] bracket μ=5.722411, ΔA=-0.0008, ESS≈59723
[equal-ρ] bisect μ=5.721511, ΔA=+0.0317, ESS≈59934
[equal-ρ] bisect μ=5.721961, ΔA=+0.0155, ESS≈59846
[equal-ρ] bisect μ=5.722186, ΔA=+0.0073, ESS≈59789
mu* = 5.722186   ESS ≈ 59789
0.4876191984001332


success: True
χ²*    : 0.03631988244425599
θ*     : (1.2275591699853579, 2.82, 5.722187060084209, 0.9999999999906235, 0.4723195458297668, -0.02375173597643355)

=== Step: target eps_sp=2.840 (prev=2.820) ===
[μ=5.722187] f=m_dense-m_dilute=+0.5804
[step] μ=5.726187 f=+0.4380
[step] μ=5.730187 f=+0.3130
[step] μ=5.734187 f=+0.1654
[step] μ=5.738187 f=-0.0016
[equal-ρ] μ0=5.738187, ΔA=A_dense-A_dilute=-0.0016, ESS≈60005
mu* = 5.738187   ESS ≈ 60005
0.48540104991250727


success: True
χ²*    : 0.04113494969577805
θ*     : (1.2195118305417436, 2.84, 5.743056870799973, 0.9999999999935638, 0.48784318307209673, -0.0168510714254541)

=== Step: target eps_sp=2.860 (prev=2.840) ===
[μ=5.743057] f=m_dense-m_dilute=-0.1365
[step] μ=5.739057 f=+0.0004
[equal-ρ] μ0=5.739057, ΔA=A_dense-A_dilute=+0.0004, ESS≈60005
mu* = 5.739057   ESS ≈ 60005
0.48559570035830346


success: True
χ²*    : 0.03680611091470353
θ*     : (1.2123357366378096, 2.86, 5.745441017007577, 0.9999999999939412, 0.4847917340068769, -0.01493249419387408)

=== Step: target eps_sp=2.880 (prev=2.860) ===
[μ=5.745441] f=m_dense-m_dilute=-0.1907
[step] μ=5.741441 f=+0.0337
[equal-ρ] μ0=5.741441, ΔA=A_dense-A_dilute=+0.0337, ESS≈60005
[equal-ρ] bracket μ=5.741541, ΔA=+0.0302, ESS≈60004
[equal-ρ] bracket μ=5.741641, ΔA=+0.0266, ESS≈60002
[equal-ρ] bracket μ=5.741741, ΔA=+0.0230, ESS≈59997
[equal-ρ] bracket μ=5.741841, ΔA=+0.0195, ESS≈59991
[equal-ρ] bracket μ=5.741941, ΔA=+0.0159, ESS≈59984
[equal-ρ] bracket μ=5.742041, ΔA=+0.0124, ESS≈59974
[equal-ρ] bracket μ=5.742141, ΔA=+0.0088, ESS≈59963
[equal-ρ] bracket μ=5.742241, ΔA=+0.0053, ESS≈59951
[equal-ρ] bracket μ=5.742341, ΔA=+0.0017, ESS≈59936
[equal-ρ] bracket μ=5.742441, ΔA=-0.0019, ESS≈59920
[equal-ρ] bisect μ=5.741941, ΔA=+0.0159, ESS≈59984
[equal-ρ] bisect μ=5.742191, ΔA=+0.0070, ESS≈59957
mu* = 5.742191   ESS ≈ 59957
0.48760003333055574


success: False
χ²*    : 0.0696000737260459
θ*     : (1.2123357366378096, 2.88, 5.742191017007578, 0.9999999999974146, 0.5098793993206654, -0.010492743999973277)

=== Step: target eps_sp=2.900 (prev=2.880) ===
[μ=5.742191] f=m_dense-m_dilute=+0.4862
[step] μ=5.746191 f=+0.4085
[step] μ=5.750191 f=+0.2329
[step] μ=5.754191 f=+0.1420
[step] μ=5.758191 f=-0.0164
[equal-ρ] μ0=5.758191, ΔA=A_dense-A_dilute=-0.0164, ESS≈60005
[equal-ρ] bracket μ=5.758091, ΔA=-0.0128, ESS≈60004
[equal-ρ] bracket μ=5.757991, ΔA=-0.0092, ESS≈60002
[equal-ρ] bracket μ=5.757891, ΔA=-0.0057, ESS≈59997
[equal-ρ] bracket μ=5.757791, ΔA=-0.0021, ESS≈59991
[equal-ρ] bracket μ=5.757691, ΔA=+0.0015, ESS≈59984
[equal-ρ] bisect μ=5.757941, ΔA=-0.0074, ESS≈60000
mu* = 5.757941   ESS ≈ 60000
0.48147454378801763


success: True
χ²*    : 0.044606320396484454
θ*     : (1.2110182308228437, 2.9, 5.7640392307652135, 0.9999999999883215, 0.4701048413642792, -0.026895806035586535)

=== Step: target eps_sp=2.920 (prev=2.900) ===
[μ=5.764039] f=m_dense-m_dilute=+0.2216
[step] μ=5.768039 f=+0.0963
[equal-ρ] μ0=5.768039, ΔA=A_dense-A_dilute=+0.0963, ESS≈60005
[equal-ρ] bracket μ=5.768139, ΔA=+0.0927, ESS≈60004
[equal-ρ] bracket μ=5.768239, ΔA=+0.0892, ESS≈60002
[equal-ρ] bracket μ=5.768339, ΔA=+0.0856, ESS≈59997
[equal-ρ] bracket μ=5.768439, ΔA=+0.0820, ESS≈59991
[equal-ρ] bracket μ=5.768539, ΔA=+0.0785, ESS≈59984
[equal-ρ] bracket μ=5.768639, ΔA=+0.0749, ESS≈59974
[equal-ρ] bracket μ=5.768739, ΔA=+0.0713, ESS≈59963
[equal-ρ] bracket μ=5.768839, ΔA=+0.0678, ESS≈59950
[equal-ρ] bracket μ=5.768939, ΔA=+0.0642, ESS≈59936
[equal-ρ] bracket μ=5.769039, ΔA=+0.0606, ESS≈59919
[equal-ρ] bracket μ=5.769139, ΔA=+0.0571, ESS≈59901
[equal-ρ] bracket μ=5.769239, ΔA=+0.0535, ESS≈59881
[equal-ρ] bracket μ=5.769339, ΔA=+0.0499, ESS≈59860
[equal-ρ] bracket μ=5.769439, ΔA=+0.0463, ESS≈59837
[equal-ρ] bracket μ=5.769539, ΔA=+0.0428, ESS≈59812
[equal-ρ] bracket μ=5.769639, ΔA=+0.0392, ESS≈59785
[equal-ρ] bracket μ=5.769739, ΔA=+0.0356, ESS≈59757
[equal-ρ] bracket μ=5.769839, ΔA=+0.0320, ESS≈59727
[equal-ρ] bracket μ=5.769939, ΔA=+0.0284, ESS≈59695
[equal-ρ] bracket μ=5.770039, ΔA=+0.0249, ESS≈59662
mu* = 5.770039   ESS ≈ 59662
0.4953008915923673


success: True
χ²*    : 0.025988650369193456
θ*     : (1.211028982800853, 2.92, 5.770034246136778, 1.0000000000245015, 0.5754930180880634, 0.03630216847983079)

=== Step: target eps_sp=2.940 (prev=2.920) ===
[μ=5.770034] f=m_dense-m_dilute=+0.5826
[step] μ=5.774034 f=+0.4350
[step] μ=5.778034 f=+0.3378
[step] μ=5.782034 f=+0.2243
[step] μ=5.786034 f=+0.0921
[equal-ρ] μ0=5.786034, ΔA=A_dense-A_dilute=+0.0921, ESS≈60005
[equal-ρ] bracket μ=5.786134, ΔA=+0.0886, ESS≈60004
[equal-ρ] bracket μ=5.786234, ΔA=+0.0850, ESS≈60002
[equal-ρ] bracket μ=5.786334, ΔA=+0.0814, ESS≈59997
[equal-ρ] bracket μ=5.786434, ΔA=+0.0779, ESS≈59991
[equal-ρ] bracket μ=5.786534, ΔA=+0.0743, ESS≈59984
[equal-ρ] bracket μ=5.786634, ΔA=+0.0707, ESS≈59974
[equal-ρ] bracket μ=5.786734, ΔA=+0.0671, ESS≈59963
[equal-ρ] bracket μ=5.786834, ΔA=+0.0636, ESS≈59950
[equal-ρ] bracket μ=5.786934, ΔA=+0.0600, ESS≈59935
[equal-ρ] bracket μ=5.787034, ΔA=+0.0564, ESS≈59919
[equal-ρ] bracket μ=5.787134, ΔA=+0.0528, ESS≈59901
[equal-ρ] bracket μ=5.787234, ΔA=+0.0492, ESS≈59881
[equal-ρ] bracket μ=5.787334, ΔA=+0.0457, ESS≈59860
[equal-ρ] bracket μ=5.787434, ΔA=+0.0421, ESS≈59836
[equal-ρ] bracket μ=5.787534, ΔA=+0.0385, ESS≈59811
[equal-ρ] bracket μ=5.787634, ΔA=+0.0349, ESS≈59785
[equal-ρ] bracket μ=5.787734, ΔA=+0.0313, ESS≈59756
[equal-ρ] bracket μ=5.787834, ΔA=+0.0277, ESS≈59726
[equal-ρ] bracket μ=5.787934, ΔA=+0.0241, ESS≈59694
[equal-ρ] bracket μ=5.788034, ΔA=+0.0205, ESS≈59661
mu* = 5.788034   ESS ≈ 59661
0.493137238563453


success: True
χ²*    : 0.014637160366453916
θ*     : (1.2110290118701938, 2.94, 5.788034226206583, 1.0000000000224427, 0.5599592883156307, 0.0339188972632881)

=== Step: target eps_sp=2.960 (prev=2.940) ===
[μ=5.788034] f=m_dense-m_dilute=+0.4919
[step] μ=5.792034 f=+0.4132
[step] μ=5.796034 f=+0.3364
[step] μ=5.800034 f=+0.1533
[step] μ=5.804034 f=+0.0100
[equal-ρ] μ0=5.804034, ΔA=A_dense-A_dilute=+0.0100, ESS≈60005
mu* = 5.804034   ESS ≈ 60005
0.4892823931339054


success: True
χ²*    : 0.0636602438558926
θ*     : (1.2042365537213222, 2.96, 5.809950362273948, 1.0000000000030211, 0.5496351368187263, 0.01045153420444607)

=== Step: target eps_sp=2.980 (prev=2.960) ===
[μ=5.809950] f=m_dense-m_dilute=-0.0522
[equal-ρ] μ0=5.809950, ΔA=A_dense-A_dilute=-0.0522, ESS≈60005
[equal-ρ] bracket μ=5.809850, ΔA=-0.0486, ESS≈60004
[equal-ρ] bracket μ=5.809750, ΔA=-0.0450, ESS≈60002
[equal-ρ] bracket μ=5.809650, ΔA=-0.0414, ESS≈59997
[equal-ρ] bracket μ=5.809550, ΔA=-0.0379, ESS≈59991
[equal-ρ] bracket μ=5.809450, ΔA=-0.0343, ESS≈59983
[equal-ρ] bracket μ=5.809350, ΔA=-0.0307, ESS≈59974
[equal-ρ] bracket μ=5.809250, ΔA=-0.0271, ESS≈59963
[equal-ρ] bracket μ=5.809150, ΔA=-0.0235, ESS≈59950
[equal-ρ] bracket μ=5.809050, ΔA=-0.0200, ESS≈59935
[equal-ρ] bracket μ=5.808950, ΔA=-0.0164, ESS≈59919
[equal-ρ] bracket μ=5.808850, ΔA=-0.0128, ESS≈59901
[equal-ρ] bracket μ=5.808750, ΔA=-0.0092, ESS≈59881
[equal-ρ] bracket μ=5.808650, ΔA=-0.0056, ESS≈59860
[equal-ρ] bracket μ=5.808550, ΔA=-0.0020, ESS≈59837
[equal-ρ] bracket μ=5.808450, ΔA=+0.0016, ESS≈59812
[equal-ρ] bisect μ=5.809200, ΔA=-0.0253, ESS≈59957
[equal-ρ] bisect μ=5.808825, ΔA=-0.0119, ESS≈59896
[equal-ρ] bisect μ=5.808638, ΔA=-0.0052, ESS≈59857
mu* = 5.808638   ESS ≈ 59857
0.48296275310390807


success: False
χ²*    : 0.03189062878431412
θ*     : (1.2042604313737417, 2.98, 5.808637543004758, 0.9999999999977454, 0.49338892362641346, -0.009769447998188782)

=== Step: target eps_sp=3.000 (prev=2.980) ===
[μ=5.808638] f=m_dense-m_dilute=+0.5163
[step] μ=5.812638 f=+0.4153
[step] μ=5.816638 f=+0.2498
[step] μ=5.820638 f=+0.1353
[step] μ=5.824638 f=-0.0339
[equal-ρ] μ0=5.824638, ΔA=A_dense-A_dilute=-0.0339, ESS≈60005
[equal-ρ] bracket μ=5.824538, ΔA=-0.0303, ESS≈60004
[equal-ρ] bracket μ=5.824438, ΔA=-0.0268, ESS≈60002
[equal-ρ] bracket μ=5.824338, ΔA=-0.0232, ESS≈59997
[equal-ρ] bracket μ=5.824238, ΔA=-0.0196, ESS≈59991
[equal-ρ] bracket μ=5.824138, ΔA=-0.0160, ESS≈59983
[equal-ρ] bracket μ=5.824038, ΔA=-0.0124, ESS≈59974
[equal-ρ] bracket μ=5.823938, ΔA=-0.0088, ESS≈59963
[equal-ρ] bracket μ=5.823838, ΔA=-0.0052, ESS≈59950
[equal-ρ] bracket μ=5.823738, ΔA=-0.0016, ESS≈59935
[equal-ρ] bracket μ=5.823638, ΔA=+0.0020, ESS≈59919
[equal-ρ] bisect μ=5.824138, ΔA=-0.0160, ESS≈59983
[equal-ρ] bisect μ=5.823888, ΔA=-0.0070, ESS≈59956
mu* = 5.823888   ESS ≈ 59956
0.4808745937838513


success: False
χ²*    : 0.047886477035377774
θ*     : (1.2042604313737417, 3.0, 5.823887543004756, 0.9999999999908822, 0.4683942682420132, -0.027373601069463526)

=== Step: target eps_sp=3.020 (prev=3.000) ===
[μ=5.823888] f=m_dense-m_dilute=+0.5630
[step] μ=5.827888 f=+0.4568
[step] μ=5.831888 f=+0.3458
[step] μ=5.835888 f=+0.1879
[step] μ=5.839888 f=+0.0255
[equal-ρ] μ0=5.839888, ΔA=A_dense-A_dilute=+0.0255, ESS≈60005
[equal-ρ] bracket μ=5.839988, ΔA=+0.0219, ESS≈60004
[equal-ρ] bracket μ=5.840088, ΔA=+0.0183, ESS≈60002
[equal-ρ] bracket μ=5.840188, ΔA=+0.0147, ESS≈59997
[equal-ρ] bracket μ=5.840288, ΔA=+0.0111, ESS≈59991
[equal-ρ] bracket μ=5.840388, ΔA=+0.0075, ESS≈59983
[equal-ρ] bracket μ=5.840488, ΔA=+0.0039, ESS≈59974
[equal-ρ] bracket μ=5.840588, ΔA=+0.0003, ESS≈59962
[equal-ρ] bracket μ=5.840688, ΔA=-0.0033, ESS≈59949
[equal-ρ] bisect μ=5.840288, ΔA=+0.0111, ESS≈59991
[equal-ρ] bisect μ=5.840488, ΔA=+0.0039, ESS≈59974
mu* = 5.840488   ESS ≈ 59974
0.4869285892842262


success: True
χ²*    : 0.04941025275103382
θ*     : (1.2213072992127072, 3.02, 5.866292567699495, 0.9999999999963409, 0.4983484582822948, -0.011772361550582554)

=== Step: target eps_sp=3.040 (prev=3.020) ===
[μ=5.866293] f=m_dense-m_dilute=+0.7245
[step] μ=5.870293 f=+0.6315
[step] μ=5.874293 f=+0.5269
[step] μ=5.878293 f=+0.4229
[step] μ=5.882293 f=+0.2911
[step] μ=5.886293 f=+0.1351
[step] μ=5.890293 f=+0.0241
[equal-ρ] μ0=5.890293, ΔA=A_dense-A_dilute=+0.0241, ESS≈60005
[equal-ρ] bracket μ=5.890393, ΔA=+0.0204, ESS≈60004
[equal-ρ] bracket μ=5.890493, ΔA=+0.0166, ESS≈60001
[equal-ρ] bracket μ=5.890593, ΔA=+0.0129, ESS≈59997
[equal-ρ] bracket μ=5.890693, ΔA=+0.0092, ESS≈59990
[equal-ρ] bracket μ=5.890793, ΔA=+0.0055, ESS≈59982
[equal-ρ] bracket μ=5.890893, ΔA=+0.0017, ESS≈59972
[equal-ρ] bracket μ=5.890993, ΔA=-0.0020, ESS≈59960
[equal-ρ] bisect μ=5.890643, ΔA=+0.0111, ESS≈59994
[equal-ρ] bisect μ=5.890818, ΔA=+0.0045, ESS≈59980
mu* = 5.890818   ESS ≈ 59980
0.4846071160736606


success: True
χ²*    : 0.019970726715493495
θ*     : (1.2171451433898974, 3.04, 5.897966503308578, 0.9999999999914944, 0.44241361720216216, -0.028509663565696255)

=== Step: target eps_sp=3.060 (prev=3.040) ===
[μ=5.897967] f=m_dense-m_dilute=+0.0049
[equal-ρ] μ0=5.897967, ΔA=A_dense-A_dilute=+0.0049, ESS≈60005
mu* = 5.897967   ESS ≈ 60005
0.4874538788434297


success: True
χ²*    : 0.020795209649887406
θ*     : (1.2082118430647204, 3.06, 5.905586733273709, 0.9999999999996592, 0.4698502922987189, -0.0014934561935661785)

=== Step: target eps_sp=3.080 (prev=3.060) ===
[μ=5.905587] f=m_dense-m_dilute=-0.3002
[step] μ=5.901587 f=-0.1451
[step] μ=5.897587 f=+0.0163
[equal-ρ] μ0=5.897587, ΔA=A_dense-A_dilute=+0.0163, ESS≈60005
[equal-ρ] bracket μ=5.897687, ΔA=+0.0126, ESS≈60004
[equal-ρ] bracket μ=5.897787, ΔA=+0.0089, ESS≈60001
[equal-ρ] bracket μ=5.897887, ΔA=+0.0052, ESS≈59997
[equal-ρ] bracket μ=5.897987, ΔA=+0.0016, ESS≈59991
[equal-ρ] bracket μ=5.898087, ΔA=-0.0021, ESS≈59983
[equal-ρ] bisect μ=5.897837, ΔA=+0.0071, ESS≈59999
mu* = 5.897837   ESS ≈ 59999
0.48726822764769595


success: True
χ²*    : 0.02508097104554708
θ*     : (1.2082119907506084, 3.08, 5.897836640013256, 0.9999999999992844, 0.499095943568118, -0.0031400064440294745)

=== Step: target eps_sp=3.100 (prev=3.080) ===
[μ=5.897837] f=m_dense-m_dilute=+0.5366
[step] μ=5.901837 f=+0.4418
[step] μ=5.905837 f=+0.3652
[step] μ=5.909837 f=+0.1958
[step] μ=5.913837 f=-0.0038
[equal-ρ] μ0=5.913837, ΔA=A_dense-A_dilute=-0.0038, ESS≈60005
mu* = 5.913837   ESS ≈ 60005
0.48362836430297473


success: True
χ²*    : 0.014465385194978609
θ*     : (1.1899473298060692, 3.1, 5.910381060366676, 0.9999999999958358, 0.4402918165451603, -0.023502912482903576)

=== Step: target eps_sp=3.120 (prev=3.100) ===
[μ=5.910381] f=m_dense-m_dilute=-0.4813
[step] μ=5.906381 f=-0.4035
[step] μ=5.902381 f=-0.2409
[step] μ=5.898381 f=-0.0738
[equal-ρ] μ0=5.898381, ΔA=A_dense-A_dilute=-0.0738, ESS≈60005
[equal-ρ] bracket μ=5.898281, ΔA=-0.0702, ESS≈60004
[equal-ρ] bracket μ=5.898181, ΔA=-0.0667, ESS≈60002
[equal-ρ] bracket μ=5.898081, ΔA=-0.0631, ESS≈59997
[equal-ρ] bracket μ=5.897981, ΔA=-0.0596, ESS≈59991
[equal-ρ] bracket μ=5.897881, ΔA=-0.0560, ESS≈59984
[equal-ρ] bracket μ=5.897781, ΔA=-0.0525, ESS≈59974
[equal-ρ] bracket μ=5.897681, ΔA=-0.0489, ESS≈59963
[equal-ρ] bracket μ=5.897581, ΔA=-0.0453, ESS≈59950
[equal-ρ] bracket μ=5.897481, ΔA=-0.0418, ESS≈59936
[equal-ρ] bracket μ=5.897381, ΔA=-0.0382, ESS≈59919
[equal-ρ] bracket μ=5.897281, ΔA=-0.0347, ESS≈59902
[equal-ρ] bracket μ=5.897181, ΔA=-0.0311, ESS≈59882
[equal-ρ] bracket μ=5.897081, ΔA=-0.0275, ESS≈59860
[equal-ρ] bracket μ=5.896981, ΔA=-0.0240, ESS≈59837
[equal-ρ] bracket μ=5.896881, ΔA=-0.0204, ESS≈59813
[equal-ρ] bracket μ=5.896781, ΔA=-0.0168, ESS≈59786
[equal-ρ] bracket μ=5.896681, ΔA=-0.0133, ESS≈59758
[equal-ρ] bracket μ=5.896581, ΔA=-0.0097, ESS≈59728
[equal-ρ] bracket μ=5.896481, ΔA=-0.0061, ESS≈59697
[equal-ρ] bracket μ=5.896381, ΔA=-0.0025, ESS≈59663
mu* = 5.896381   ESS ≈ 59663
0.4821941504874594


success: True
χ²*    : 0.013837342904279924
θ*     : (1.192601411448201, 3.12, 5.8944298582891905, 0.9999999999929693, 0.4433588148262471, -0.023287837301876117)

=== Step: target eps_sp=3.140 (prev=3.120) ===
[μ=5.894430] f=m_dense-m_dilute=+0.7060
[step] μ=5.898430 f=+0.5763
[step] μ=5.902430 f=+0.5151
[step] μ=5.906430 f=+0.3718
[step] μ=5.910430 f=+0.2692
[step] μ=5.914430 f=+0.1223
[step] μ=5.918430 f=-0.0480
[equal-ρ] μ0=5.918430, ΔA=A_dense-A_dilute=-0.0480, ESS≈60005
[equal-ρ] bracket μ=5.918330, ΔA=-0.0443, ESS≈60004
[equal-ρ] bracket μ=5.918230, ΔA=-0.0407, ESS≈60002
[equal-ρ] bracket μ=5.918130, ΔA=-0.0371, ESS≈59997
[equal-ρ] bracket μ=5.918030, ΔA=-0.0335, ESS≈59991
[equal-ρ] bracket μ=5.917930, ΔA=-0.0299, ESS≈59983
[equal-ρ] bracket μ=5.917830, ΔA=-0.0263, ESS≈59974
[equal-ρ] bracket μ=5.917730, ΔA=-0.0226, ESS≈59962
[equal-ρ] bracket μ=5.917630, ΔA=-0.0190, ESS≈59949
[equal-ρ] bracket μ=5.917530, ΔA=-0.0154, ESS≈59934
[equal-ρ] bracket μ=5.917430, ΔA=-0.0118, ESS≈59918
[equal-ρ] bracket μ=5.917330, ΔA=-0.0082, ESS≈59899
[equal-ρ] bracket μ=5.917230, ΔA=-0.0045, ESS≈59879
[equal-ρ] bracket μ=5.917130, ΔA=-0.0009, ESS≈59857
[equal-ρ] bracket μ=5.917030, ΔA=+0.0027, ESS≈59834
[equal-ρ] bisect μ=5.917730, ΔA=-0.0226, ESS≈59962
[equal-ρ] bisect μ=5.917380, ΔA=-0.0100, ESS≈59909
mu* = 5.917380   ESS ≈ 59909
0.4819505041246562


success: True
χ²*    : 0.030792886660833952
θ*     : (1.1926024132929163, 3.14, 5.91737925848345, 0.999999999992692, 0.4683460526744379, -0.020463503933813198)

=== Step: target eps_sp=3.160 (prev=3.140) ===
[μ=5.917379] f=m_dense-m_dilute=+0.5385
[step] μ=5.921379 f=+0.4128
[step] μ=5.925379 f=+0.3017
[step] μ=5.929379 f=+0.1956
[step] μ=5.933379 f=+0.0137
[equal-ρ] μ0=5.933379, ΔA=A_dense-A_dilute=+0.0137, ESS≈60005
[equal-ρ] bracket μ=5.933479, ΔA=+0.0101, ESS≈60004
[equal-ρ] bracket μ=5.933579, ΔA=+0.0065, ESS≈60001
[equal-ρ] bracket μ=5.933679, ΔA=+0.0028, ESS≈59997
[equal-ρ] bracket μ=5.933779, ΔA=-0.0008, ESS≈59991
[equal-ρ] bisect μ=5.933579, ΔA=+0.0065, ESS≈60001
mu* = 5.933579   ESS ≈ 60001
0.4866639446712774


success: True
χ²*    : 0.03226133047570695
θ*     : (1.1862451737358655, 3.16, 5.938787051280815, 0.9999999999974003, 0.49298999157519285, -0.008069270584471941)

=== Step: target eps_sp=3.180 (prev=3.160) ===
[μ=5.938787] f=m_dense-m_dilute=+0.0270
[equal-ρ] μ0=5.938787, ΔA=A_dense-A_dilute=+0.0270, ESS≈60005
[equal-ρ] bracket μ=5.938887, ΔA=+0.0234, ESS≈60004
[equal-ρ] bracket μ=5.938987, ΔA=+0.0198, ESS≈60002
[equal-ρ] bracket μ=5.939087, ΔA=+0.0162, ESS≈59997
[equal-ρ] bracket μ=5.939187, ΔA=+0.0126, ESS≈59991
[equal-ρ] bracket μ=5.939287, ΔA=+0.0090, ESS≈59983
[equal-ρ] bracket μ=5.939387, ΔA=+0.0054, ESS≈59974
[equal-ρ] bracket μ=5.939487, ΔA=+0.0018, ESS≈59962
[equal-ρ] bracket μ=5.939587, ΔA=-0.0018, ESS≈59949
[equal-ρ] bisect μ=5.939187, ΔA=+0.0126, ESS≈59991
[equal-ρ] bisect μ=5.939387, ΔA=+0.0054, ESS≈59974
mu* = 5.939387   ESS ≈ 59974
0.4877815182068161


success: True
χ²*    : 0.03125615051275192
θ*     : (1.1815261456903667, 3.18, 5.944136819923636, 0.9999999999999174, 0.5037069639934267, -0.0006533442153456695)

=== Step: target eps_sp=3.200 (prev=3.180) ===
[μ=5.944137] f=m_dense-m_dilute=+0.0411
[equal-ρ] μ0=5.944137, ΔA=A_dense-A_dilute=+0.0411, ESS≈60005
[equal-ρ] bracket μ=5.944237, ΔA=+0.0375, ESS≈60004
[equal-ρ] bracket μ=5.944337, ΔA=+0.0339, ESS≈60002
[equal-ρ] bracket μ=5.944437, ΔA=+0.0303, ESS≈59997
[equal-ρ] bracket μ=5.944537, ΔA=+0.0268, ESS≈59991
[equal-ρ] bracket μ=5.944637, ΔA=+0.0232, ESS≈59983
[equal-ρ] bracket μ=5.944737, ΔA=+0.0196, ESS≈59974
[equal-ρ] bracket μ=5.944837, ΔA=+0.0160, ESS≈59963
[equal-ρ] bracket μ=5.944937, ΔA=+0.0124, ESS≈59950
[equal-ρ] bracket μ=5.945037, ΔA=+0.0088, ESS≈59935
[equal-ρ] bracket μ=5.945137, ΔA=+0.0052, ESS≈59919
[equal-ρ] bracket μ=5.945237, ΔA=+0.0016, ESS≈59901
[equal-ρ] bracket μ=5.945337, ΔA=-0.0019, ESS≈59881
[equal-ρ] bisect μ=5.944737, ΔA=+0.0196, ESS≈59974
[equal-ρ] bisect μ=5.945037, ΔA=+0.0088, ESS≈59935
mu* = 5.945037   ESS ≈ 59935
0.4888354303808017


success: True
χ²*    : 0.04285321068125428
θ*     : (1.181526435952345, 3.2, 5.945036771232934, 1.0000000000008549, 0.5268469688482427, 0.004066397323437729)

=== Step: target eps_sp=3.220 (prev=3.200) ===
[μ=5.945037] f=m_dense-m_dilute=+0.5787
[step] μ=5.949037 f=+0.4697
[step] μ=5.953037 f=+0.3557
[step] μ=5.957037 f=+0.2277
[step] μ=5.961037 f=+0.0797
[equal-ρ] μ0=5.961037, ΔA=A_dense-A_dilute=+0.0797, ESS≈60005
[equal-ρ] bracket μ=5.961137, ΔA=+0.0762, ESS≈60004
[equal-ρ] bracket μ=5.961237, ΔA=+0.0726, ESS≈60002
[equal-ρ] bracket μ=5.961337, ΔA=+0.0690, ESS≈59997
[equal-ρ] bracket μ=5.961437, ΔA=+0.0654, ESS≈59991
[equal-ρ] bracket μ=5.961537, ΔA=+0.0618, ESS≈59983
[equal-ρ] bracket μ=5.961637, ΔA=+0.0583, ESS≈59974
[equal-ρ] bracket μ=5.961737, ΔA=+0.0547, ESS≈59963
[equal-ρ] bracket μ=5.961837, ΔA=+0.0511, ESS≈59950
[equal-ρ] bracket μ=5.961937, ΔA=+0.0475, ESS≈59935
[equal-ρ] bracket μ=5.962037, ΔA=+0.0439, ESS≈59919
[equal-ρ] bracket μ=5.962137, ΔA=+0.0403, ESS≈59900
[equal-ρ] bracket μ=5.962237, ΔA=+0.0367, ESS≈59880
[equal-ρ] bracket μ=5.962337, ΔA=+0.0331, ESS≈59859
[equal-ρ] bracket μ=5.962437, ΔA=+0.0295, ESS≈59836
[equal-ρ] bracket μ=5.962537, ΔA=+0.0259, ESS≈59810
[equal-ρ] bracket μ=5.962637, ΔA=+0.0223, ESS≈59784
[equal-ρ] bracket μ=5.962737, ΔA=+0.0187, ESS≈59755
[equal-ρ] bracket μ=5.962837, ΔA=+0.0151, ESS≈59725
[equal-ρ] bracket μ=5.962937, ΔA=+0.0115, ESS≈59693
[equal-ρ] bracket μ=5.963037, ΔA=+0.0079, ESS≈59659
mu* = 5.963037   ESS ≈ 59659
0.4876910257478542


success: True
χ²*    : 0.01855339170029448
θ*     : (1.17953699454311, 3.22, 5.968234657153926, 0.999999999999153, 0.48590973497876305, -0.004601036943831564)

=== Step: target eps_sp=3.240 (prev=3.220) ===
[μ=5.968235] f=m_dense-m_dilute=+0.2726
[step] μ=5.972235 f=+0.1332
[step] μ=5.976235 f=+0.0112
[equal-ρ] μ0=5.976235, ΔA=A_dense-A_dilute=+0.0112, ESS≈60005
[equal-ρ] bracket μ=5.976335, ΔA=+0.0076, ESS≈60004
[equal-ρ] bracket μ=5.976435, ΔA=+0.0040, ESS≈60002
[equal-ρ] bracket μ=5.976535, ΔA=+0.0004, ESS≈59997
[equal-ρ] bracket μ=5.976635, ΔA=-0.0032, ESS≈59991
[equal-ρ] bisect μ=5.976435, ΔA=+0.0040, ESS≈60002
mu* = 5.976435   ESS ≈ 60002
0.48647162736438637


success: True
χ²*    : 0.021251140009365652
θ*     : (1.1859814338978367, 3.24, 5.9934099938171395, 0.9999999999997213, 0.49950733048494156, -0.0014875461903426028)

=== Step: target eps_sp=3.260 (prev=3.240) ===
[μ=5.993410] f=m_dense-m_dilute=+0.3770
[step] μ=5.997410 f=+0.3160
[step] μ=6.001410 f=+0.1931
[step] μ=6.005410 f=+0.0135
[equal-ρ] μ0=6.005410, ΔA=A_dense-A_dilute=+0.0135, ESS≈60005
[equal-ρ] bracket μ=6.005510, ΔA=+0.0098, ESS≈60004
[equal-ρ] bracket μ=6.005610, ΔA=+0.0061, ESS≈60001
[equal-ρ] bracket μ=6.005710, ΔA=+0.0024, ESS≈59997
[equal-ρ] bracket μ=6.005810, ΔA=-0.0012, ESS≈59991
[equal-ρ] bisect μ=6.005610, ΔA=+0.0061, ESS≈60001
mu* = 6.005610   ESS ≈ 60001
0.4847232730605783


success: True
χ²*    : 0.02486337764189996
θ*     : (1.1788835081958677, 3.2600000000000002, 6.0127079063822295, 0.9999999999911754, 0.4531236877487717, -0.02492524898682263)

=== Step: target eps_sp=3.280 (prev=3.260) ===
[μ=6.012708] f=m_dense-m_dilute=-0.1245
[step] μ=6.008708 f=-0.0224
[equal-ρ] μ0=6.008708, ΔA=A_dense-A_dilute=-0.0224, ESS≈60005
[equal-ρ] bracket μ=6.008608, ΔA=-0.0187, ESS≈60004
[equal-ρ] bracket μ=6.008508, ΔA=-0.0151, ESS≈60001
[equal-ρ] bracket μ=6.008408, ΔA=-0.0115, ESS≈59997
[equal-ρ] bracket μ=6.008308, ΔA=-0.0078, ESS≈59991
[equal-ρ] bracket μ=6.008208, ΔA=-0.0042, ESS≈59983
[equal-ρ] bracket μ=6.008108, ΔA=-0.0006, ESS≈59973
[equal-ρ] bracket μ=6.008008, ΔA=+0.0031, ESS≈59962
[equal-ρ] bisect μ=6.008358, ΔA=-0.0097, ESS≈59994
mu* = 6.008358   ESS ≈ 59994
0.48221948170985757


success: True
χ²*    : 0.013666762527515346
θ*     : (1.171416068550855, 3.2800000000000002, 6.0156649105958415, 0.9999999999925582, 0.45721278387357606, -0.01724322172860689)

=== Step: target eps_sp=3.300 (prev=3.280) ===
[μ=6.015665] f=m_dense-m_dilute=-0.1843
[step] μ=6.011665 f=-0.0202
[equal-ρ] μ0=6.011665, ΔA=A_dense-A_dilute=-0.0202, ESS≈60005
[equal-ρ] bracket μ=6.011565, ΔA=-0.0167, ESS≈60004
[equal-ρ] bracket μ=6.011465, ΔA=-0.0131, ESS≈60002
[equal-ρ] bracket μ=6.011365, ΔA=-0.0095, ESS≈59997
[equal-ρ] bracket μ=6.011265, ΔA=-0.0059, ESS≈59991
[equal-ρ] bracket μ=6.011165, ΔA=-0.0023, ESS≈59983
[equal-ρ] bracket μ=6.011065, ΔA=+0.0012, ESS≈59974
[equal-ρ] bisect μ=6.011365, ΔA=-0.0095, ESS≈59997
mu* = 6.011365   ESS ≈ 59997
0.47979551704024664


success: True
χ²*    : 0.0292911880743917
θ*     : (1.163222469458235, 3.3000000000000003, 6.024124791312382, 0.9999999999920457, 0.41001161006741893, -0.029644961426964083)

=== Step: target eps_sp=3.320 (prev=3.300) ===
[μ=6.024125] f=m_dense-m_dilute=-0.4128
[step] μ=6.020125 f=-0.2846
[step] μ=6.016125 f=-0.1686
[step] μ=6.012125 f=-0.0373
[equal-ρ] μ0=6.012125, ΔA=A_dense-A_dilute=-0.0373, ESS≈60005
[equal-ρ] bracket μ=6.012025, ΔA=-0.0338, ESS≈60004
[equal-ρ] bracket μ=6.011925, ΔA=-0.0302, ESS≈60002
[equal-ρ] bracket μ=6.011825, ΔA=-0.0267, ESS≈59997
[equal-ρ] bracket μ=6.011725, ΔA=-0.0231, ESS≈59991
[equal-ρ] bracket μ=6.011625, ΔA=-0.0196, ESS≈59984
[equal-ρ] bracket μ=6.011525, ΔA=-0.0161, ESS≈59974
[equal-ρ] bracket μ=6.011425, ΔA=-0.0125, ESS≈59963
[equal-ρ] bracket μ=6.011325, ΔA=-0.0090, ESS≈59951
[equal-ρ] bracket μ=6.011225, ΔA=-0.0054, ESS≈59936
[equal-ρ] bracket μ=6.011125, ΔA=-0.0019, ESS≈59920
[equal-ρ] bracket μ=6.011025, ΔA=+0.0017, ESS≈59903
[equal-ρ] bisect μ=6.011575, ΔA=-0.0178, ESS≈59979
[equal-ρ] bisect μ=6.011300, ΔA=-0.0081, ESS≈59947
mu* = 6.011300   ESS ≈ 59947
0.4820383301391551


success: True
χ²*    : 0.013722452456428155
θ*     : (1.1548774407423683, 3.3200000000000003, 6.014219563229315, 0.9999999999948634, 0.4540167171849354, -0.01700669773206389)

=== Step: target eps_sp=3.340 (prev=3.320) ===
[μ=6.014220] f=m_dense-m_dilute=-0.0383
[equal-ρ] μ0=6.014220, ΔA=A_dense-A_dilute=-0.0383, ESS≈60005
[equal-ρ] bracket μ=6.014120, ΔA=-0.0348, ESS≈60004
[equal-ρ] bracket μ=6.014020, ΔA=-0.0313, ESS≈60002
[equal-ρ] bracket μ=6.013920, ΔA=-0.0278, ESS≈59998
[equal-ρ] bracket μ=6.013820, ΔA=-0.0243, ESS≈59992
[equal-ρ] bracket μ=6.013720, ΔA=-0.0208, ESS≈59984
[equal-ρ] bracket μ=6.013620, ΔA=-0.0173, ESS≈59975
[equal-ρ] bracket μ=6.013520, ΔA=-0.0138, ESS≈59964
[equal-ρ] bracket μ=6.013420, ΔA=-0.0102, ESS≈59952
[equal-ρ] bracket μ=6.013320, ΔA=-0.0067, ESS≈59938
[equal-ρ] bracket μ=6.013220, ΔA=-0.0032, ESS≈59922
[equal-ρ] bracket μ=6.013120, ΔA=+0.0003, ESS≈59904
[equal-ρ] bisect μ=6.013670, ΔA=-0.0190, ESS≈59980
[equal-ρ] bisect μ=6.013395, ΔA=-0.0094, ESS≈59948
mu* = 6.013395   ESS ≈ 59948
0.4802341471544038


success: True
χ²*    : 0.051478923208500185
θ*     : (1.1548813484120146, 3.34, 6.013392811458997, 0.9999999999942413, 0.48138316508461837, -0.01833175690856979)

=== Step: target eps_sp=3.360 (prev=3.340) ===
[μ=6.013393] f=m_dense-m_dilute=+0.5064
[step] μ=6.017393 f=+0.3724
[step] μ=6.021393 f=+0.2759
[step] μ=6.025393 f=+0.1169
[step] μ=6.029393 f=+0.0346
[equal-ρ] μ0=6.029393, ΔA=A_dense-A_dilute=+0.0346, ESS≈60005
[equal-ρ] bracket μ=6.029493, ΔA=+0.0311, ESS≈60004
[equal-ρ] bracket μ=6.029593, ΔA=+0.0276, ESS≈60002
[equal-ρ] bracket μ=6.029693, ΔA=+0.0241, ESS≈59997
[equal-ρ] bracket μ=6.029793, ΔA=+0.0206, ESS≈59992
[equal-ρ] bracket μ=6.029893, ΔA=+0.0170, ESS≈59984
[equal-ρ] bracket μ=6.029993, ΔA=+0.0135, ESS≈59975
[equal-ρ] bracket μ=6.030093, ΔA=+0.0100, ESS≈59964
[equal-ρ] bracket μ=6.030193, ΔA=+0.0065, ESS≈59951
[equal-ρ] bracket μ=6.030293, ΔA=+0.0030, ESS≈59937
[equal-ρ] bracket μ=6.030393, ΔA=-0.0006, ESS≈59921
[equal-ρ] bisect μ=6.029893, ΔA=+0.0170, ESS≈59984
[equal-ρ] bisect μ=6.030143, ΔA=+0.0082, ESS≈59958
mu* = 6.030143   ESS ≈ 59958
0.4862673110574119


success: True
χ²*    : 0.10419245478595512
θ*     : (1.1548820338882908, 3.36, 6.030142514198943, 0.9999999999964018, 0.5150149107135469, -0.013590986225438409)

=== Step: target eps_sp=3.380 (prev=3.360) ===
[μ=6.030143] f=m_dense-m_dilute=+0.4913
[step] μ=6.034143 f=+0.4419
[step] μ=6.038143 f=+0.2870
[step] μ=6.042143 f=+0.1494
[step] μ=6.046143 f=+0.0513
[equal-ρ] μ0=6.046143, ΔA=A_dense-A_dilute=+0.0513, ESS≈60005
[equal-ρ] bracket μ=6.046243, ΔA=+0.0477, ESS≈60004
[equal-ρ] bracket μ=6.046343, ΔA=+0.0442, ESS≈60002
[equal-ρ] bracket μ=6.046443, ΔA=+0.0406, ESS≈59997
[equal-ρ] bracket μ=6.046543, ΔA=+0.0371, ESS≈59991
[equal-ρ] bracket μ=6.046643, ΔA=+0.0335, ESS≈59984
[equal-ρ] bracket μ=6.046743, ΔA=+0.0300, ESS≈59974
[equal-ρ] bracket μ=6.046843, ΔA=+0.0264, ESS≈59963
[equal-ρ] bracket μ=6.046943, ΔA=+0.0229, ESS≈59951
[equal-ρ] bracket μ=6.047043, ΔA=+0.0193, ESS≈59936
[equal-ρ] bracket μ=6.047143, ΔA=+0.0158, ESS≈59920
[equal-ρ] bracket μ=6.047243, ΔA=+0.0122, ESS≈59902
[equal-ρ] bracket μ=6.047343, ΔA=+0.0087, ESS≈59883
[equal-ρ] bracket μ=6.047443, ΔA=+0.0051, ESS≈59861
[equal-ρ] bracket μ=6.047543, ΔA=+0.0016, ESS≈59838
[equal-ρ] bracket μ=6.047643, ΔA=-0.0020, ESS≈59814
[equal-ρ] bisect μ=6.046893, ΔA=+0.0247, ESS≈59957
[equal-ρ] bisect μ=6.047268, ΔA=+0.0113, ESS≈59897
[equal-ρ] bisect μ=6.047455, ΔA=+0.0047, ESS≈59859
mu* = 6.047455   ESS ≈ 59859
0.48290309140904925


success: True
χ²*    : 0.01778189380966591
θ*     : (1.1629254165993432, 3.38, 6.0805975204771, 0.9999999999924176, 0.43179617984042123, -0.02322413261828645)


[array([0, 0, 1, 1]), array([0, 1, 1, 0]), array([1, 1, 0, 0]), array([1, 0, 0, 1]), array([2, 2, 2, 2])]

=== Step: target eps_sp=3.420 (prev=3.420) ===
[μ=6.093263] f=m_dense-m_dilute=-0.0397
[equal-ρ] μ0=6.093263, ΔA=A_dense-A_dilute=-0.0397, ESS≈15005
[equal-ρ] bracket μ=6.093163, ΔA=-0.0362, ESS≈15005
[equal-ρ] bracket μ=6.093063, ΔA=-0.0326, ESS≈15004
[equal-ρ] bracket μ=6.092963, ΔA=-0.0290, ESS≈15003
[equal-ρ] bracket μ=6.092863, ΔA=-0.0255, ESS≈15002
[equal-ρ] bracket μ=6.092763, ΔA=-0.0219, ESS≈15000
[equal-ρ] bracket μ=6.092663, ΔA=-0.0183, ESS≈14997
[equal-ρ] bracket μ=6.092563, ΔA=-0.0148, ESS≈14995
[equal-ρ] bracket μ=6.092463, ΔA=-0.0112, ESS≈14991
[equal-ρ] bracket μ=6.092363, ΔA=-0.0076, ESS≈14988
[equal-ρ] bracket μ=6.092263, ΔA=-0.0041, ESS≈14984
[equal-ρ] bracket μ=6.092163, ΔA=-0.0005, ESS≈14979
[equal-ρ] bracket μ=6.092063, ΔA=+0.0031, ESS≈14974
[equal-ρ] bisect μ=6.092663, ΔA=-0.0183, ESS≈14997
[equal-ρ] bisect μ=6.092363, ΔA=-0.0076, ESS≈14988
mu* = 6.092363   ESS ≈ 14988
0.48434988337220924


success: True
χ²*    : 0.015065512061892867
θ*     : (1.1526113312207868, 3.42, 6.092221948206192, 1.0000000000158764, 0.537618585489772, 0.026001627134723107)

=== Step: target eps_sp=3.440 (prev=3.420) ===
[μ=6.092222] f=m_dense-m_dilute=+0.0393
[equal-ρ] μ0=6.092222, ΔA=A_dense-A_dilute=+0.0393, ESS≈15005
[equal-ρ] bracket μ=6.092322, ΔA=+0.0358, ESS≈15005
[equal-ρ] bracket μ=6.092422, ΔA=+0.0322, ESS≈15004
[equal-ρ] bracket μ=6.092522, ΔA=+0.0287, ESS≈15003
[equal-ρ] bracket μ=6.092622, ΔA=+0.0251, ESS≈15002
[equal-ρ] bracket μ=6.092722, ΔA=+0.0216, ESS≈15000
[equal-ρ] bracket μ=6.092822, ΔA=+0.0180, ESS≈14997
[equal-ρ] bracket μ=6.092922, ΔA=+0.0145, ESS≈14995
[equal-ρ] bracket μ=6.093022, ΔA=+0.0109, ESS≈14991
[equal-ρ] bracket μ=6.093122, ΔA=+0.0074, ESS≈14988
[equal-ρ] bracket μ=6.093222, ΔA=+0.0038, ESS≈14984
[equal-ρ] bracket μ=6.093322, ΔA=+0.0003, ESS≈14979
[equal-ρ] bracket μ=6.093422, ΔA=-0.0033, ESS≈14974
[equal-ρ] bisect μ=6.092822, ΔA=+0.0180, ESS≈14997
[equal-ρ] bisect μ=6.093122, ΔA=+0.0074, ESS≈14988
mu* = 6.093122   ESS ≈ 14988
0.48866177940686434


success: True
χ²*    : 0.11084654989816363
θ*     : (1.1453904430361261, 3.44, 6.097983796921241, 1.0000000000018743, 0.5657631978945525, 0.007341771165285305)

=== Step: target eps_sp=3.460 (prev=3.440) ===
[μ=6.097984] f=m_dense-m_dilute=-0.0419
[equal-ρ] μ0=6.097984, ΔA=A_dense-A_dilute=-0.0419, ESS≈15005
[equal-ρ] bracket μ=6.097884, ΔA=-0.0384, ESS≈15005
[equal-ρ] bracket μ=6.097784, ΔA=-0.0349, ESS≈15004
[equal-ρ] bracket μ=6.097684, ΔA=-0.0314, ESS≈15003
[equal-ρ] bracket μ=6.097584, ΔA=-0.0279, ESS≈15002
[equal-ρ] bracket μ=6.097484, ΔA=-0.0243, ESS≈15000
[equal-ρ] bracket μ=6.097384, ΔA=-0.0208, ESS≈14997
[equal-ρ] bracket μ=6.097284, ΔA=-0.0173, ESS≈14995
[equal-ρ] bracket μ=6.097184, ΔA=-0.0138, ESS≈14992
[equal-ρ] bracket μ=6.097084, ΔA=-0.0103, ESS≈14988
[equal-ρ] bracket μ=6.096984, ΔA=-0.0068, ESS≈14984
[equal-ρ] bracket μ=6.096884, ΔA=-0.0032, ESS≈14980
[equal-ρ] bracket μ=6.096784, ΔA=+0.0003, ESS≈14975
[equal-ρ] bisect μ=6.097384, ΔA=-0.0208, ESS≈14997
[equal-ρ] bisect μ=6.097084, ΔA=-0.0103, ESS≈14988
[equal-ρ] bisect μ=6.096934, ΔA=-0.0050, ESS≈14982
mu* = 6.096934   ESS ≈ 14982
0.4810316561146284


success: True
χ²*    : 0.016255147309156087
θ*     : (1.1345764801578464, 3.46, 6.102502615555518, 1.0000000000014084, 0.4896725378166642, 0.0052487409420089405)

=== Step: target eps_sp=3.480 (prev=3.460) ===
[μ=6.102503] f=m_dense-m_dilute=-0.3551
[step] μ=6.098503 f=-0.2132
[step] μ=6.094503 f=-0.0947
[equal-ρ] μ0=6.094503, ΔA=A_dense-A_dilute=-0.0947, ESS≈15005
[equal-ρ] bracket μ=6.094403, ΔA=-0.0913, ESS≈15005
[equal-ρ] bracket μ=6.094303, ΔA=-0.0879, ESS≈15004
[equal-ρ] bracket μ=6.094203, ΔA=-0.0844, ESS≈15003
[equal-ρ] bracket μ=6.094103, ΔA=-0.0810, ESS≈15002
[equal-ρ] bracket μ=6.094003, ΔA=-0.0776, ESS≈15000
[equal-ρ] bracket μ=6.093903, ΔA=-0.0741, ESS≈14998
[equal-ρ] bracket μ=6.093803, ΔA=-0.0707, ESS≈14995
[equal-ρ] bracket μ=6.093703, ΔA=-0.0673, ESS≈14992
[equal-ρ] bracket μ=6.093603, ΔA=-0.0638, ESS≈14989
[equal-ρ] bracket μ=6.093503, ΔA=-0.0604, ESS≈14985
[equal-ρ] bracket μ=6.093403, ΔA=-0.0569, ESS≈14980
[equal-ρ] bracket μ=6.093303, ΔA=-0.0535, ESS≈14976
[equal-ρ] bracket μ=6.093203, ΔA=-0.0500, ESS≈14971
[equal-ρ] bracket μ=6.093103, ΔA=-0.0466, ESS≈14965
[equal-ρ] bracket μ=6.093003, ΔA=-0.0432, ESS≈14959
[equal-ρ] bracket μ=6.092903, ΔA=-0.0397, ESS≈14953
[equal-ρ] bracket μ=6.092803, ΔA=-0.0363, ESS≈14946
[equal-ρ] bracket μ=6.092703, ΔA=-0.0328, ESS≈14939
[equal-ρ] bracket μ=6.092603, ΔA=-0.0294, ESS≈14932
[equal-ρ] bracket μ=6.092503, ΔA=-0.0259, ESS≈14924
mu* = 6.092503   ESS ≈ 14924
0.47467777407530815


success: True
χ²*    : 0.06853558375800933
θ*     : (1.1237556271511664, 3.48, 6.100903231606952, 0.9999999999738647, 0.3736133609414204, -0.03799909374855112)

[array([0, 0, 1, 1]), array([0, 1, 1, 0]), array([1, 1, 0, 0]), array([1, 0, 0, 1]), array([2, 2, 2, 2])]

=== Step: target eps_sp=3.540 (prev=3.540) ===
[μ=6.129823] f=m_dense-m_dilute=+0.8303
[step] μ=6.133823 f=+0.7877
[step] μ=6.137823 f=+0.7346
[step] μ=6.141823 f=+0.6674
[step] μ=6.145823 f=+0.5822
[step] μ=6.149823 f=+0.4680
[step] μ=6.153823 f=+0.3753
[step] μ=6.157823 f=+0.2542
[step] μ=6.161823 f=+0.1007
[step] μ=6.165823 f=-0.0242
[equal-ρ] μ0=6.165823, ΔA=A_dense-A_dilute=-0.0242, ESS≈15005
[equal-ρ] bracket μ=6.165723, ΔA=-0.0207, ESS≈15005
[equal-ρ] bracket μ=6.165623, ΔA=-0.0171, ESS≈15004
[equal-ρ] bracket μ=6.165523, ΔA=-0.0136, ESS≈15003
[equal-ρ] bracket μ=6.165423, ΔA=-0.0100, ESS≈15002
[equal-ρ] bracket μ=6.165323, ΔA=-0.0065, ESS≈15000
[equal-ρ] bracket μ=6.165223, ΔA=-0.0030, ESS≈14997
[equal-ρ] bracket μ=6.165123, ΔA=+0.0006, ESS≈14995
[equal-ρ] bisect μ=6.165473, ΔA=-0.0118, ESS≈15002
[equal-ρ] bisect μ=6.165298, ΔA=-0.0056, ESS≈14999
mu* = 6.165298   ESS ≈ 14999
0.4804631789403532


success: True
χ²*    : 0.015132298974551447
θ*     : (1.1364285224991493, 3.54, 6.165195024736171, 0.9999999999952182, 0.4543204238608708, -0.015212950113589094)

=== Step: target eps_sp=3.560 (prev=3.540) ===
[μ=6.165195] f=m_dense-m_dilute=-0.0325
[equal-ρ] μ0=6.165195, ΔA=A_dense-A_dilute=-0.0325, ESS≈15005
[equal-ρ] bracket μ=6.165095, ΔA=-0.0289, ESS≈15005
[equal-ρ] bracket μ=6.164995, ΔA=-0.0254, ESS≈15004
[equal-ρ] bracket μ=6.164895, ΔA=-0.0219, ESS≈15003
[equal-ρ] bracket μ=6.164795, ΔA=-0.0184, ESS≈15002
[equal-ρ] bracket μ=6.164695, ΔA=-0.0149, ESS≈15000
[equal-ρ] bracket μ=6.164595, ΔA=-0.0114, ESS≈14997
[equal-ρ] bracket μ=6.164495, ΔA=-0.0078, ESS≈14995
[equal-ρ] bracket μ=6.164395, ΔA=-0.0043, ESS≈14992
[equal-ρ] bracket μ=6.164295, ΔA=-0.0008, ESS≈14988
[equal-ρ] bracket μ=6.164195, ΔA=+0.0027, ESS≈14984
[equal-ρ] bisect μ=6.164695, ΔA=-0.0149, ESS≈15000
[equal-ρ] bisect μ=6.164445, ΔA=-0.0061, ESS≈14993
mu* = 6.164445   ESS ≈ 14993
0.4833242252582473


success: True
χ²*    : 0.02389837434116
θ*     : (1.1256695110957455, 3.56, 6.1692092688376015, 1.0000000000601963, 0.5624700973737747, 0.03332797659021167)

=== Step: target eps_sp=3.580 (prev=3.560) ===
[μ=6.169209] f=m_dense-m_dilute=-0.2559
[step] μ=6.165209 f=-0.1459
[step] μ=6.161209 f=-0.0016
[equal-ρ] μ0=6.161209, ΔA=A_dense-A_dilute=-0.0016, ESS≈15005
mu* = 6.161209   ESS ≈ 15005
0.48487304231922695


success: True
χ²*    : 0.0709992971892485
θ*     : (1.1190710510806323, 3.58, 6.167840390527852, 1.000000000000461, 0.5353615572732066, 0.0012374332235316008)

=== Step: target eps_sp=3.600 (prev=3.580) ===
[μ=6.167840] f=m_dense-m_dilute=-0.0660
[equal-ρ] μ0=6.167840, ΔA=A_dense-A_dilute=-0.0660, ESS≈15005
[equal-ρ] bracket μ=6.167740, ΔA=-0.0626, ESS≈15005
[equal-ρ] bracket μ=6.167640, ΔA=-0.0592, ESS≈15004
[equal-ρ] bracket μ=6.167540, ΔA=-0.0557, ESS≈15003
[equal-ρ] bracket μ=6.167440, ΔA=-0.0523, ESS≈15002
[equal-ρ] bracket μ=6.167340, ΔA=-0.0489, ESS≈15000
[equal-ρ] bracket μ=6.167240, ΔA=-0.0455, ESS≈14998
[equal-ρ] bracket μ=6.167140, ΔA=-0.0421, ESS≈14995
[equal-ρ] bracket μ=6.167040, ΔA=-0.0387, ESS≈14992
[equal-ρ] bracket μ=6.166940, ΔA=-0.0352, ESS≈14989
[equal-ρ] bracket μ=6.166840, ΔA=-0.0318, ESS≈14985
[equal-ρ] bracket μ=6.166740, ΔA=-0.0284, ESS≈14981
[equal-ρ] bracket μ=6.166640, ΔA=-0.0250, ESS≈14976
[equal-ρ] bracket μ=6.166540, ΔA=-0.0216, ESS≈14971
[equal-ρ] bracket μ=6.166440, ΔA=-0.0181, ESS≈14966
[equal-ρ] bracket μ=6.166340, ΔA=-0.0147, ESS≈14960
[equal-ρ] bracket μ=6.166240, ΔA=-0.0113, ESS≈14954
[equal-ρ] bracket μ=6.166140, ΔA=-0.0079, ESS≈14947
[equal-ρ] bracket μ=6.166040, ΔA=-0.0045, ESS≈14940
[equal-ρ] bracket μ=6.165940, ΔA=-0.0010, ESS≈14933
[equal-ρ] bracket μ=6.165840, ΔA=+0.0024, ESS≈14925
[equal-ρ] bisect μ=6.166840, ΔA=-0.0318, ESS≈14985
[equal-ρ] bisect μ=6.166340, ΔA=-0.0147, ESS≈14960
[equal-ρ] bisect μ=6.166090, ΔA=-0.0062, ESS≈14944
mu* = 6.166090   ESS ≈ 14944
0.4805958013995335


success: True
χ²*    : 0.3535262960485939
θ*     : (1.119071600308323, 3.6, 6.166090939755543, 0.9999999999926201, 0.6639020142325032, -0.00927463472932979)

=== Step: target eps_sp=3.620 (prev=3.600) ===
[μ=6.166091] f=m_dense-m_dilute=+0.5322
[step] μ=6.170091 f=+0.4011
[step] μ=6.174091 f=+0.2860
[step] μ=6.178091 f=+0.1755
[step] μ=6.182091 f=+0.0131
[equal-ρ] μ0=6.182091, ΔA=A_dense-A_dilute=+0.0131, ESS≈15005
[equal-ρ] bracket μ=6.182191, ΔA=+0.0096, ESS≈15005
[equal-ρ] bracket μ=6.182291, ΔA=+0.0062, ESS≈15004
[equal-ρ] bracket μ=6.182391, ΔA=+0.0027, ESS≈15003
[equal-ρ] bracket μ=6.182491, ΔA=-0.0007, ESS≈15002
[equal-ρ] bisect μ=6.182291, ΔA=+0.0062, ESS≈15004
mu* = 6.182291   ESS ≈ 15004
0.4882925691436188


success: True
χ²*    : 0.18980069540669126
θ*     : (1.113187721725285, 3.62, 6.18530200818725, 1.0000000000487257, 0.6680978599565607, 0.031335235318493686)

=== Step: target eps_sp=3.640 (prev=3.620) ===
[μ=6.185302] f=m_dense-m_dilute=+0.1378
[step] μ=6.189302 f=-0.0149
[equal-ρ] μ0=6.189302, ΔA=A_dense-A_dilute=-0.0149, ESS≈15005
[equal-ρ] bracket μ=6.189202, ΔA=-0.0115, ESS≈15005
[equal-ρ] bracket μ=6.189102, ΔA=-0.0081, ESS≈15004
[equal-ρ] bracket μ=6.189002, ΔA=-0.0047, ESS≈15003
[equal-ρ] bracket μ=6.188902, ΔA=-0.0013, ESS≈15002
[equal-ρ] bracket μ=6.188802, ΔA=+0.0021, ESS≈15000
[equal-ρ] bisect μ=6.189052, ΔA=-0.0064, ESS≈15004
mu* = 6.189052   ESS ≈ 15004
0.48106897700766416


success: True
χ²*    : 0.2371040461105322
θ*     : (1.108309212923319, 3.64, 6.19124179463326, 0.9999999999998471, 0.6070588263375463, -0.00035845293773226574)

=== Step: target eps_sp=3.660 (prev=3.640) ===
[μ=6.191242] f=m_dense-m_dilute=+0.2054
[step] μ=6.195242 f=+0.0564
[equal-ρ] μ0=6.195242, ΔA=A_dense-A_dilute=+0.0564, ESS≈15005
[equal-ρ] bracket μ=6.195342, ΔA=+0.0530, ESS≈15005
[equal-ρ] bracket μ=6.195442, ΔA=+0.0496, ESS≈15004
[equal-ρ] bracket μ=6.195542, ΔA=+0.0462, ESS≈15003
[equal-ρ] bracket μ=6.195642, ΔA=+0.0429, ESS≈15002
[equal-ρ] bracket μ=6.195742, ΔA=+0.0395, ESS≈15000
[equal-ρ] bracket μ=6.195842, ΔA=+0.0361, ESS≈14998
[equal-ρ] bracket μ=6.195942, ΔA=+0.0327, ESS≈14995
[equal-ρ] bracket μ=6.196042, ΔA=+0.0293, ESS≈14992
[equal-ρ] bracket μ=6.196142, ΔA=+0.0259, ESS≈14989
[equal-ρ] bracket μ=6.196242, ΔA=+0.0225, ESS≈14985
[equal-ρ] bracket μ=6.196342, ΔA=+0.0191, ESS≈14981
[equal-ρ] bracket μ=6.196442, ΔA=+0.0158, ESS≈14976
[equal-ρ] bracket μ=6.196542, ΔA=+0.0124, ESS≈14971
[equal-ρ] bracket μ=6.196642, ΔA=+0.0090, ESS≈14966
[equal-ρ] bracket μ=6.196742, ΔA=+0.0056, ESS≈14960
[equal-ρ] bracket μ=6.196842, ΔA=+0.0022, ESS≈14954
[equal-ρ] bracket μ=6.196942, ΔA=-0.0012, ESS≈14948
[equal-ρ] bisect μ=6.196092, ΔA=+0.0276, ESS≈14991
[equal-ρ] bisect μ=6.196517, ΔA=+0.0132, ESS≈14973
[equal-ρ] bisect μ=6.196729, ΔA=+0.0060, ESS≈14961
mu* = 6.196729   ESS ≈ 14961
0.48866244585138285


success: True
χ²*    : 0.22382148183391753
θ*     : (1.088309212923319, 3.66, 6.182178015338771, 1.0000000000543348, 0.6911086890894802, 0.02922080903784772)

[array([0, 0, 1, 1]), array([0, 1, 1, 0]), array([1, 1, 0, 0]), array([1, 0, 0, 1]), array([2, 2, 2, 2])]

=== Step: target eps_sp=4.180 (prev=4.180) ===
[μ=6.665361] f=m_dense-m_dilute=-0.0011
[equal-ρ] μ0=6.665361, ΔA=A_dense-A_dilute=-0.0011, ESS≈7505
mu* = 6.665361   ESS ≈ 7505
0.4848074616922051


success: True
χ²*    : 0.02496629663966308
θ*     : (1.1037719401254222, 4.180000000000001, 6.665537121424699, 0.9999999999994951, 0.4834571677306171, -0.0029786230047351395)

=== Step: target eps_sp=4.200 (prev=4.180) ===
[μ=6.665537] f=m_dense-m_dilute=+0.0148
[equal-ρ] μ0=6.665537, ΔA=A_dense-A_dilute=+0.0148, ESS≈7505
[equal-ρ] bracket μ=6.665637, ΔA=+0.0111, ESS≈7505
[equal-ρ] bracket μ=6.665737, ΔA=+0.0074, ESS≈7505
[equal-ρ] bracket μ=6.665837, ΔA=+0.0037, ESS≈7504
[equal-ρ] bracket μ=6.665937, ΔA=+0.0001, ESS≈7503
[equal-ρ] bracket μ=6.666037, ΔA=-0.0036, ESS≈7502
[equal-ρ] bisect μ=6.665787, ΔA=+0.0056, ESS≈7504
mu* = 6.665787   ESS ≈ 7504
0.48760959360426387


success: True
χ²*    : 0.04185658777122818
θ*     : (1.0942408259318765, 4.2, 6.6753186493686965, 1.0000000000016174, 0.5243828876699251, 0.006245142276633597)

=== Step: target eps_sp=4.220 (prev=4.200) ===
[μ=6.675319] f=m_dense-m_dilute=-0.3799
[step] μ=6.671319 f=-0.2185
[step] μ=6.667319 f=-0.0841
[equal-ρ] μ0=6.667319, ΔA=A_dense-A_dilute=-0.0841, ESS≈7505
[equal-ρ] bracket μ=6.667219, ΔA=-0.0804, ESS≈7505
[equal-ρ] bracket μ=6.667119, ΔA=-0.0768, ESS≈7505
[equal-ρ] bracket μ=6.667019, ΔA=-0.0732, ESS≈7504
[equal-ρ] bracket μ=6.666919, ΔA=-0.0695, ESS≈7503
[equal-ρ] bracket μ=6.666819, ΔA=-0.0659, ESS≈7502
[equal-ρ] bracket μ=6.666719, ΔA=-0.0622, ESS≈7501
[equal-ρ] bracket μ=6.666619, ΔA=-0.0586, ESS≈7500
[equal-ρ] bracket μ=6.666519, ΔA=-0.0549, ESS≈7498
[equal-ρ] bracket μ=6.666419, ΔA=-0.0513, ESS≈7496
[equal-ρ] bracket μ=6.666319, ΔA=-0.0476, ESS≈7494
[equal-ρ] bracket μ=6.666219, ΔA=-0.0440, ESS≈7492
[equal-ρ] bracket μ=6.666119, ΔA=-0.0403, ESS≈7489
[equal-ρ] bracket μ=6.666019, ΔA=-0.0366, ESS≈7486
[equal-ρ] bracket μ=6.665919, ΔA=-0.0330, ESS≈7483
[equal-ρ] bracket μ=6.665819, ΔA=-0.0293, ESS≈7480
[equal-ρ] bracket μ=6.665719, ΔA=-0.0257, ESS≈7476
[equal-ρ] bracket μ=6.665619, ΔA=-0.0220, ESS≈7473
[equal-ρ] bracket μ=6.665519, ΔA=-0.0183, ESS≈7469
[equal-ρ] bracket μ=6.665419, ΔA=-0.0147, ESS≈7465
[equal-ρ] bracket μ=6.665319, ΔA=-0.0110, ESS≈7460
mu* = 6.665319   ESS ≈ 7460
0.4782864756828781


success: True
χ²*    : 0.02984130397507022
θ*     : (1.085141806382482, 4.22, 6.674864054798606, 0.999999999993827, 0.3905680728704513, -0.04465326311853297)

=== Step: target eps_sp=4.240 (prev=4.220) ===
[μ=6.674864] f=m_dense-m_dilute=-0.3415
[step] μ=6.670864 f=-0.2266
[step] μ=6.666864 f=-0.0216
[equal-ρ] μ0=6.666864, ΔA=A_dense-A_dilute=-0.0216, ESS≈7505
[equal-ρ] bracket μ=6.666764, ΔA=-0.0180, ESS≈7505
[equal-ρ] bracket μ=6.666664, ΔA=-0.0144, ESS≈7505
[equal-ρ] bracket μ=6.666564, ΔA=-0.0107, ESS≈7504
[equal-ρ] bracket μ=6.666464, ΔA=-0.0071, ESS≈7503
[equal-ρ] bracket μ=6.666364, ΔA=-0.0035, ESS≈7502
[equal-ρ] bracket μ=6.666264, ΔA=+0.0001, ESS≈7501
[equal-ρ] bisect μ=6.666564, ΔA=-0.0107, ESS≈7504
[equal-ρ] bisect μ=6.666414, ΔA=-0.0053, ESS≈7503
mu* = 6.666414   ESS ≈ 7503
0.4834177215189873


success: False
χ²*    : 0.026528691673871965
θ*     : (1.0765689186643181, 4.239999999999999, 6.674986942516769, 0.9999999999967614, 0.4479871203378571, -0.01204050715340722)

=== Step: target eps_sp=4.260 (prev=4.240) ===
[μ=6.674987] f=m_dense-m_dilute=-0.2889
[step] μ=6.670987 f=-0.1699
[step] μ=6.666987 f=-0.0217
[equal-ρ] μ0=6.666987, ΔA=A_dense-A_dilute=-0.0217, ESS≈7505
[equal-ρ] bracket μ=6.666887, ΔA=-0.0182, ESS≈7505
[equal-ρ] bracket μ=6.666787, ΔA=-0.0146, ESS≈7505
[equal-ρ] bracket μ=6.666687, ΔA=-0.0110, ESS≈7504
[equal-ρ] bracket μ=6.666587, ΔA=-0.0075, ESS≈7503
[equal-ρ] bracket μ=6.666487, ΔA=-0.0039, ESS≈7502
[equal-ρ] bracket μ=6.666387, ΔA=-0.0003, ESS≈7501
[equal-ρ] bracket μ=6.666287, ΔA=+0.0032, ESS≈7500
[equal-ρ] bisect μ=6.666637, ΔA=-0.0092, ESS≈7504
mu* = 6.666637   ESS ≈ 7504
0.4806835443037975


success: True
χ²*    : 0.03628710728167255
θ*     : (1.0675447594608567, 4.259999999999999, 6.677186234404021, 0.9999999999943135, 0.45450376730137143, -0.02219771827421054)

=== Step: target eps_sp=4.280 (prev=4.260) ===
[μ=6.677186] f=m_dense-m_dilute=-0.3197
[step] μ=6.673186 f=-0.2024
[step] μ=6.669186 f=-0.0616
[equal-ρ] μ0=6.669186, ΔA=A_dense-A_dilute=-0.0616, ESS≈7505
[equal-ρ] bracket μ=6.669086, ΔA=-0.0581, ESS≈7505
[equal-ρ] bracket μ=6.668986, ΔA=-0.0546, ESS≈7505
[equal-ρ] bracket μ=6.668886, ΔA=-0.0511, ESS≈7504
[equal-ρ] bracket μ=6.668786, ΔA=-0.0477, ESS≈7503
[equal-ρ] bracket μ=6.668686, ΔA=-0.0442, ESS≈7502
[equal-ρ] bracket μ=6.668586, ΔA=-0.0407, ESS≈7501
[equal-ρ] bracket μ=6.668486, ΔA=-0.0372, ESS≈7500
[equal-ρ] bracket μ=6.668386, ΔA=-0.0337, ESS≈7498
[equal-ρ] bracket μ=6.668286, ΔA=-0.0302, ESS≈7497
[equal-ρ] bracket μ=6.668186, ΔA=-0.0268, ESS≈7495
[equal-ρ] bracket μ=6.668086, ΔA=-0.0233, ESS≈7492
[equal-ρ] bracket μ=6.667986, ΔA=-0.0198, ESS≈7490
[equal-ρ] bracket μ=6.667886, ΔA=-0.0163, ESS≈7487
[equal-ρ] bracket μ=6.667786, ΔA=-0.0128, ESS≈7485
[equal-ρ] bracket μ=6.667686, ΔA=-0.0093, ESS≈7482
[equal-ρ] bracket μ=6.667586, ΔA=-0.0058, ESS≈7478
[equal-ρ] bracket μ=6.667486, ΔA=-0.0024, ESS≈7475
[equal-ρ] bracket μ=6.667386, ΔA=+0.0011, ESS≈7471
[equal-ρ] bisect μ=6.668286, ΔA=-0.0302, ESS≈7497
[equal-ρ] bisect μ=6.667836, ΔA=-0.0146, ESS≈7486
[equal-ρ] bisect μ=6.667611, ΔA=-0.0067, ESS≈7479
mu* = 6.667611   ESS ≈ 7479
0.48243037974683545


success: True
χ²*    : 0.02505698058668593
θ*     : (1.0614538077812934, 4.2799999999999985, 6.680310136225551, 0.9999999999902313, 0.4555789059982774, -0.01706443913298449)
[array([0, 0, 1, 1]), array([0, 1, 1, 0]), array([1, 1, 0, 0]), array([1, 0, 0, 1]), array([2, 2, 2, 2])]

=== Step: target eps_sp=5.560 (prev=5.560) ===
[μ=7.673816] f=m_dense-m_dilute=+0.4113
[step] μ=7.677816 f=+0.2821
[step] μ=7.681816 f=+0.1611
[step] μ=7.685816 f=+0.0528
[equal-ρ] μ0=7.685816, ΔA=A_dense-A_dilute=+0.0528, ESS≈7505
[equal-ρ] bracket μ=7.685916, ΔA=+0.0493, ESS≈7505
[equal-ρ] bracket μ=7.686016, ΔA=+0.0458, ESS≈7505
[equal-ρ] bracket μ=7.686116, ΔA=+0.0423, ESS≈7504
[equal-ρ] bracket μ=7.686216, ΔA=+0.0388, ESS≈7503
[equal-ρ] bracket μ=7.686316, ΔA=+0.0353, ESS≈7502
[equal-ρ] bracket μ=7.686416, ΔA=+0.0318, ESS≈7501
[equal-ρ] bracket μ=7.686516, ΔA=+0.0283, ESS≈7500
[equal-ρ] bracket μ=7.686616, ΔA=+0.0248, ESS≈7498
[equal-ρ] bracket μ=7.686716, ΔA=+0.0213, ESS≈7496
[equal-ρ] bracket μ=7.686816, ΔA=+0.0178, ESS≈7494
[equal-ρ] bracket μ=7.686916, ΔA=+0.0142, ESS≈7492
[equal-ρ] bracket μ=7.687016, ΔA=+0.0107, ESS≈7490
[equal-ρ] bracket μ=7.687116, ΔA=+0.0072, ESS≈7487
[equal-ρ] bracket μ=7.687216, ΔA=+0.0037, ESS≈7484
[equal-ρ] bracket μ=7.687316, ΔA=+0.0002, ESS≈7481
[equal-ρ] bracket μ=7.687416, ΔA=-0.0033, ESS≈7478
[equal-ρ] bisect μ=7.686616, ΔA=+0.0248, ESS≈7498
[equal-ρ] bisect μ=7.687016, ΔA=+0.0107, ESS≈7490
[equal-ρ] bisect μ=7.687216, ΔA=+0.0037, ESS≈7484
mu* = 7.687216   ESS ≈ 7484
0.4925289806795469


success: True
χ²*    : 0.04313739030552109
θ*     : (0.9696904199812989, 5.559999999999971, 7.687096922196666, 0.9999999999994625, 0.4924755616535188, -0.0011363338338119021)

=== Step: target eps_sp=5.580 (prev=5.560) ===
[μ=7.687097] f=m_dense-m_dilute=-0.0097
[equal-ρ] μ0=7.687097, ΔA=A_dense-A_dilute=-0.0097, ESS≈7505
mu* = 7.687097   ESS ≈ 7505
0.49056628914057293


success: True
χ²*    : 0.04179918845882734
θ*     : (0.9682292093913117, 5.579999999999971, 7.6687001663310035, 0.999999999999977, 0.5012426400813795, -0.00012448355660223484)

=== Step: target eps_sp=5.600 (prev=5.580) ===
[μ=7.668700] f=m_dense-m_dilute=+0.8168
[step] μ=7.672700 f=+0.7662
[step] μ=7.676700 f=+0.7284
[step] μ=7.680700 f=+0.6208
[step] μ=7.684700 f=+0.5600
[step] μ=7.688700 f=+0.4460
[step] μ=7.692700 f=+0.3792
[step] μ=7.696700 f=+0.2204
[step] μ=7.700700 f=+0.0758
[equal-ρ] μ0=7.700700, ΔA=A_dense-A_dilute=+0.0758, ESS≈7505
[equal-ρ] bracket μ=7.700800, ΔA=+0.0723, ESS≈7505
[equal-ρ] bracket μ=7.700900, ΔA=+0.0689, ESS≈7505
[equal-ρ] bracket μ=7.701000, ΔA=+0.0654, ESS≈7504
[equal-ρ] bracket μ=7.701100, ΔA=+0.0619, ESS≈7503
[equal-ρ] bracket μ=7.701200, ΔA=+0.0584, ESS≈7502
[equal-ρ] bracket μ=7.701300, ΔA=+0.0549, ESS≈7501
[equal-ρ] bracket μ=7.701400, ΔA=+0.0515, ESS≈7500
[equal-ρ] bracket μ=7.701500, ΔA=+0.0480, ESS≈7498
[equal-ρ] bracket μ=7.701600, ΔA=+0.0445, ESS≈7497
[equal-ρ] bracket μ=7.701700, ΔA=+0.0410, ESS≈7495
[equal-ρ] bracket μ=7.701800, ΔA=+0.0375, ESS≈7492
[equal-ρ] bracket μ=7.701900, ΔA=+0.0340, ESS≈7490
[equal-ρ] bracket μ=7.702000, ΔA=+0.0305, ESS≈7487
[equal-ρ] bracket μ=7.702100, ΔA=+0.0270, ESS≈7484
[equal-ρ] bracket μ=7.702200, ΔA=+0.0236, ESS≈7481
[equal-ρ] bracket μ=7.702300, ΔA=+0.0201, ESS≈7478
[equal-ρ] bracket μ=7.702400, ΔA=+0.0166, ESS≈7475
[equal-ρ] bracket μ=7.702500, ΔA=+0.0131, ESS≈7471
[equal-ρ] bracket μ=7.702600, ΔA=+0.0096, ESS≈7467
[equal-ρ] bracket μ=7.702700, ΔA=+0.0061, ESS≈7463
mu* = 7.702700   ESS ≈ 7463
0.49839973351099265


success: False
χ²*    : 0.04309086014279978
θ*     : (0.9583752169819003, 5.59999999999997, 7.6928461739215885, 1.0000000000812335, 0.6090800475160306, 0.033208165780814515)

=== Step: target eps_sp=5.620 (prev=5.600) ===
[μ=7.692846] f=m_dense-m_dilute=+0.3354
[step] μ=7.696846 f=+0.1973
[step] μ=7.700846 f=+0.0362
[equal-ρ] μ0=7.700846, ΔA=A_dense-A_dilute=+0.0362, ESS≈7505
[equal-ρ] bracket μ=7.700946, ΔA=+0.0328, ESS≈7505
[equal-ρ] bracket μ=7.701046, ΔA=+0.0294, ESS≈7505
[equal-ρ] bracket μ=7.701146, ΔA=+0.0260, ESS≈7504
[equal-ρ] bracket μ=7.701246, ΔA=+0.0226, ESS≈7503
[equal-ρ] bracket μ=7.701346, ΔA=+0.0192, ESS≈7502
[equal-ρ] bracket μ=7.701446, ΔA=+0.0157, ESS≈7501
[equal-ρ] bracket μ=7.701546, ΔA=+0.0123, ESS≈7500
[equal-ρ] bracket μ=7.701646, ΔA=+0.0089, ESS≈7499
[equal-ρ] bracket μ=7.701746, ΔA=+0.0055, ESS≈7497
[equal-ρ] bracket μ=7.701846, ΔA=+0.0021, ESS≈7495
[equal-ρ] bracket μ=7.701946, ΔA=-0.0014, ESS≈7493
[equal-ρ] bisect μ=7.701396, ΔA=+0.0175, ESS≈7502
[equal-ρ] bisect μ=7.701671, ΔA=+0.0081, ESS≈7498
mu* = 7.701671   ESS ≈ 7498
0.4953351099267155


success: True
χ²*    : 0.04336986049671668
θ*     : (0.9483181260506285, 5.61999999999997, 7.6916140829903155, 1.000000000018481, 0.5463971145855362, 0.011804048304275519)

=== Step: target eps_sp=5.640 (prev=5.620) ===
[μ=7.691614] f=m_dense-m_dilute=+0.3074
[step] μ=7.695614 f=+0.2378
[step] μ=7.699614 f=+0.0850
[equal-ρ] μ0=7.699614, ΔA=A_dense-A_dilute=+0.0850, ESS≈7505
[equal-ρ] bracket μ=7.699714, ΔA=+0.0817, ESS≈7505
[equal-ρ] bracket μ=7.699814, ΔA=+0.0783, ESS≈7505
[equal-ρ] bracket μ=7.699914, ΔA=+0.0750, ESS≈7504
[equal-ρ] bracket μ=7.700014, ΔA=+0.0716, ESS≈7503
[equal-ρ] bracket μ=7.700114, ΔA=+0.0683, ESS≈7503
[equal-ρ] bracket μ=7.700214, ΔA=+0.0649, ESS≈7501
[equal-ρ] bracket μ=7.700314, ΔA=+0.0616, ESS≈7500
[equal-ρ] bracket μ=7.700414, ΔA=+0.0582, ESS≈7499
[equal-ρ] bracket μ=7.700514, ΔA=+0.0549, ESS≈7497
[equal-ρ] bracket μ=7.700614, ΔA=+0.0515, ESS≈7495
[equal-ρ] bracket μ=7.700714, ΔA=+0.0482, ESS≈7493
[equal-ρ] bracket μ=7.700814, ΔA=+0.0448, ESS≈7491
[equal-ρ] bracket μ=7.700914, ΔA=+0.0415, ESS≈7488
[equal-ρ] bracket μ=7.701014, ΔA=+0.0381, ESS≈7486
[equal-ρ] bracket μ=7.701114, ΔA=+0.0347, ESS≈7483
[equal-ρ] bracket μ=7.701214, ΔA=+0.0314, ESS≈7480
[equal-ρ] bracket μ=7.701314, ΔA=+0.0280, ESS≈7476
[equal-ρ] bracket μ=7.701414, ΔA=+0.0246, ESS≈7473
[equal-ρ] bracket μ=7.701514, ΔA=+0.0213, ESS≈7469
[equal-ρ] bracket μ=7.701614, ΔA=+0.0179, ESS≈7466
mu* = 7.701614   ESS ≈ 7466
0.5009900066622253


success: False
χ²*    : 0.1727343330333509
θ*     : (0.9398114813087668, 5.6399999999999695, 7.683136305733017, 1.0, 1.0110999920478392, 0.11019647457611728)

=== Step: target eps_sp=5.660 (prev=5.640) ===
[μ=7.683136] f=m_dense-m_dilute=+0.6244
[step] μ=7.687136 f=+0.5071
[step] μ=7.691136 f=+0.3848
[step] μ=7.695136 f=+0.3129
[step] μ=7.699136 f=+0.1939
[step] μ=7.703136 f=+0.0508
[equal-ρ] μ0=7.703136, ΔA=A_dense-A_dilute=+0.0508, ESS≈7505
[equal-ρ] bracket μ=7.703236, ΔA=+0.0475, ESS≈7505
[equal-ρ] bracket μ=7.703336, ΔA=+0.0442, ESS≈7505
[equal-ρ] bracket μ=7.703436, ΔA=+0.0409, ESS≈7504
[equal-ρ] bracket μ=7.703536, ΔA=+0.0376, ESS≈7503
[equal-ρ] bracket μ=7.703636, ΔA=+0.0343, ESS≈7503
[equal-ρ] bracket μ=7.703736, ΔA=+0.0311, ESS≈7502
[equal-ρ] bracket μ=7.703836, ΔA=+0.0278, ESS≈7500
[equal-ρ] bracket μ=7.703936, ΔA=+0.0245, ESS≈7499
[equal-ρ] bracket μ=7.704036, ΔA=+0.0212, ESS≈7497
[equal-ρ] bracket μ=7.704136, ΔA=+0.0179, ESS≈7495
[equal-ρ] bracket μ=7.704236, ΔA=+0.0146, ESS≈7493
[equal-ρ] bracket μ=7.704336, ΔA=+0.0113, ESS≈7491
[equal-ρ] bracket μ=7.704436, ΔA=+0.0080, ESS≈7489
[equal-ρ] bracket μ=7.704536, ΔA=+0.0047, ESS≈7486
[equal-ρ] bracket μ=7.704636, ΔA=+0.0015, ESS≈7483
[equal-ρ] bracket μ=7.704736, ΔA=-0.0018, ESS≈7480
[equal-ρ] bisect μ=7.703936, ΔA=+0.0245, ESS≈7499
[equal-ρ] bisect μ=7.704336, ΔA=+0.0113, ESS≈7491
[equal-ρ] bisect μ=7.704536, ΔA=+0.0047, ESS≈7486
mu* = 7.704536   ESS ≈ 7486
0.49554163890739505


success: True
χ²*    : 0.05214678597930421
θ*     : (0.9303653450824978, 5.659999999999969, 7.695104210434348, 1.0, 0.52421049110334, 0.010718578435927257)

=== Step: target eps_sp=5.680 (prev=5.660) ===
[μ=7.695104] f=m_dense-m_dilute=+0.2933
[step] μ=7.699104 f=+0.1999
[step] μ=7.703104 f=+0.0891
[equal-ρ] μ0=7.703104, ΔA=A_dense-A_dilute=+0.0891, ESS≈7505
[equal-ρ] bracket μ=7.703204, ΔA=+0.0859, ESS≈7505
[equal-ρ] bracket μ=7.703304, ΔA=+0.0827, ESS≈7505
[equal-ρ] bracket μ=7.703404, ΔA=+0.0795, ESS≈7504
[equal-ρ] bracket μ=7.703504, ΔA=+0.0763, ESS≈7504
[equal-ρ] bracket μ=7.703604, ΔA=+0.0731, ESS≈7503
[equal-ρ] bracket μ=7.703704, ΔA=+0.0699, ESS≈7502
[equal-ρ] bracket μ=7.703804, ΔA=+0.0667, ESS≈7500
[equal-ρ] bracket μ=7.703904, ΔA=+0.0635, ESS≈7499
[equal-ρ] bracket μ=7.704004, ΔA=+0.0603, ESS≈7498
[equal-ρ] bracket μ=7.704104, ΔA=+0.0571, ESS≈7496
[equal-ρ] bracket μ=7.704204, ΔA=+0.0539, ESS≈7494
[equal-ρ] bracket μ=7.704304, ΔA=+0.0506, ESS≈7492
[equal-ρ] bracket μ=7.704404, ΔA=+0.0474, ESS≈7489
[equal-ρ] bracket μ=7.704504, ΔA=+0.0442, ESS≈7487
[equal-ρ] bracket μ=7.704604, ΔA=+0.0410, ESS≈7484
[equal-ρ] bracket μ=7.704704, ΔA=+0.0378, ESS≈7481
[equal-ρ] bracket μ=7.704804, ΔA=+0.0346, ESS≈7478
[equal-ρ] bracket μ=7.704904, ΔA=+0.0313, ESS≈7475
[equal-ρ] bracket μ=7.705004, ΔA=+0.0281, ESS≈7472
[equal-ρ] bracket μ=7.705104, ΔA=+0.0249, ESS≈7468
mu* = 7.705104   ESS ≈ 7468
0.5040119920053298


success: False
χ²*    : 0.0610911501589492
θ*     : (0.9202859651249389, 5.679999999999969, 7.695024830476789, 1.0, 1.230195446734015, 0.226930419320847)

=== Step: target eps_sp=5.700 (prev=5.680) ===
[μ=7.695025] f=m_dense-m_dilute=+0.2838
[step] μ=7.699025 f=+0.1731
[step] μ=7.703025 f=+0.0677
[equal-ρ] μ0=7.703025, ΔA=A_dense-A_dilute=+0.0677, ESS≈7505
[equal-ρ] bracket μ=7.703125, ΔA=+0.0646, ESS≈7505
[equal-ρ] bracket μ=7.703225, ΔA=+0.0614, ESS≈7505
[equal-ρ] bracket μ=7.703325, ΔA=+0.0583, ESS≈7504
[equal-ρ] bracket μ=7.703425, ΔA=+0.0552, ESS≈7504
[equal-ρ] bracket μ=7.703525, ΔA=+0.0520, ESS≈7503
[equal-ρ] bracket μ=7.703625, ΔA=+0.0489, ESS≈7502
[equal-ρ] bracket μ=7.703725, ΔA=+0.0458, ESS≈7501
[equal-ρ] bracket μ=7.703825, ΔA=+0.0426, ESS≈7499
[equal-ρ] bracket μ=7.703925, ΔA=+0.0395, ESS≈7498
[equal-ρ] bracket μ=7.704025, ΔA=+0.0364, ESS≈7496
[equal-ρ] bracket μ=7.704125, ΔA=+0.0332, ESS≈7494
[equal-ρ] bracket μ=7.704225, ΔA=+0.0301, ESS≈7492
[equal-ρ] bracket μ=7.704325, ΔA=+0.0269, ESS≈7490
[equal-ρ] bracket μ=7.704425, ΔA=+0.0238, ESS≈7488
[equal-ρ] bracket μ=7.704525, ΔA=+0.0207, ESS≈7485
[equal-ρ] bracket μ=7.704625, ΔA=+0.0175, ESS≈7482
[equal-ρ] bracket μ=7.704725, ΔA=+0.0144, ESS≈7479
[equal-ρ] bracket μ=7.704825, ΔA=+0.0112, ESS≈7476
[equal-ρ] bracket μ=7.704925, ΔA=+0.0081, ESS≈7473
[equal-ρ] bracket μ=7.705025, ΔA=+0.0049, ESS≈7469
mu* = 7.705025   ESS ≈ 7469
0.4975296469020653


success: True
χ²*    : 0.2041188871508799
θ*     : (0.915579347798176, 5.699999999999968, 7.70031704915017, 1.0, 0.4401809438684138, 0.02466504149875741)

=== Step: target eps_sp=5.720 (prev=5.700) ===
[μ=7.700317] f=m_dense-m_dilute=+0.4453
[step] μ=7.704317 f=+0.3131
[step] μ=7.708317 f=+0.1968
[step] μ=7.712317 f=+0.0745
[equal-ρ] μ0=7.712317, ΔA=A_dense-A_dilute=+0.0745, ESS≈7505
[equal-ρ] bracket μ=7.712417, ΔA=+0.0714, ESS≈7505
[equal-ρ] bracket μ=7.712517, ΔA=+0.0683, ESS≈7505
[equal-ρ] bracket μ=7.712617, ΔA=+0.0653, ESS≈7504
[equal-ρ] bracket μ=7.712717, ΔA=+0.0622, ESS≈7504
[equal-ρ] bracket μ=7.712817, ΔA=+0.0591, ESS≈7503
[equal-ρ] bracket μ=7.712917, ΔA=+0.0561, ESS≈7502
[equal-ρ] bracket μ=7.713017, ΔA=+0.0530, ESS≈7501
[equal-ρ] bracket μ=7.713117, ΔA=+0.0499, ESS≈7499
[equal-ρ] bracket μ=7.713217, ΔA=+0.0468, ESS≈7498
[equal-ρ] bracket μ=7.713317, ΔA=+0.0437, ESS≈7496
[equal-ρ] bracket μ=7.713417, ΔA=+0.0407, ESS≈7494
[equal-ρ] bracket μ=7.713517, ΔA=+0.0376, ESS≈7492
[equal-ρ] bracket μ=7.713617, ΔA=+0.0345, ESS≈7490
[equal-ρ] bracket μ=7.713717, ΔA=+0.0314, ESS≈7488
[equal-ρ] bracket μ=7.713817, ΔA=+0.0283, ESS≈7485
[equal-ρ] bracket μ=7.713917, ΔA=+0.0252, ESS≈7483
[equal-ρ] bracket μ=7.714017, ΔA=+0.0222, ESS≈7480
[equal-ρ] bracket μ=7.714117, ΔA=+0.0191, ESS≈7477
[equal-ρ] bracket μ=7.714217, ΔA=+0.0160, ESS≈7474
[equal-ρ] bracket μ=7.714317, ΔA=+0.0129, ESS≈7470
mu* = 7.714317   ESS ≈ 7470
0.4948807461692205


success: True
χ²*    : 0.2130951022322218
θ*     : (0.9113230452418916, 5.719999999999968, 7.710026490838725, 1.0, 0.36656059196135693, -0.0035812511763867317)

=== Step: target eps_sp=5.740 (prev=5.720) ===
[μ=7.710026] f=m_dense-m_dilute=+0.4285
[step] μ=7.714026 f=+0.3250
[step] μ=7.718026 f=+0.2405
[step] μ=7.722026 f=+0.1057
[step] μ=7.726026 f=+0.0029
[equal-ρ] μ0=7.726026, ΔA=A_dense-A_dilute=+0.0029, ESS≈7505
mu* = 7.726026   ESS ≈ 7505
0.4939693537641572


success: True
χ²*    : 0.22163505119502233
θ*     : (0.9217315678852108, 5.739999999999967, 7.707734959134435, 1.0, 0.3803745017759287, 0.002512537153578981)

=== Step: target eps_sp=5.760 (prev=5.740) ===
[μ=7.707735] f=m_dense-m_dilute=+0.9407
[step] μ=7.711735 f=+0.9233
[step] μ=7.715735 f=+0.9039
[step] μ=7.719735 f=+0.8767
[step] μ=7.723735 f=+0.8542
[step] μ=7.727735 f=+0.8208
[step] μ=7.731735 f=+0.7648
[step] μ=7.735735 f=+0.7203
[step] μ=7.739735 f=+0.6588
[step] μ=7.743735 f=+0.5905
[step] μ=7.747735 f=+0.4859
[step] μ=7.751735 f=+0.3940
[step] μ=7.755735 f=+0.3066
[step] μ=7.759735 f=+0.1626
[step] μ=7.763735 f=+0.0261
[equal-ρ] μ0=7.763735, ΔA=A_dense-A_dilute=+0.0261, ESS≈7505
[equal-ρ] bracket μ=7.763835, ΔA=+0.0229, ESS≈7505
[equal-ρ] bracket μ=7.763935, ΔA=+0.0197, ESS≈7505
[equal-ρ] bracket μ=7.764035, ΔA=+0.0165, ESS≈7504
[equal-ρ] bracket μ=7.764135, ΔA=+0.0133, ESS≈7504
[equal-ρ] bracket μ=7.764235, ΔA=+0.0101, ESS≈7503
[equal-ρ] bracket μ=7.764335, ΔA=+0.0070, ESS≈7502
[equal-ρ] bracket μ=7.764435, ΔA=+0.0038, ESS≈7501
[equal-ρ] bracket μ=7.764535, ΔA=+0.0006, ESS≈7499
[equal-ρ] bracket μ=7.764635, ΔA=-0.0026, ESS≈7498
[equal-ρ] bisect μ=7.764185, ΔA=+0.0117, ESS≈7503
[equal-ρ] bisect μ=7.764410, ΔA=+0.0046, ESS≈7501
mu* = 7.764410   ESS ≈ 7501
0.4960359760159894


success: True
χ²*    : 0.25390840262547776
θ*     : (0.9073980695298419, 5.759999999999967, 7.745459218301241, 1.0, 1.11276154027585, 0.10832966130046452)

=== Step: target eps_sp=5.780 (prev=5.760) ===
[μ=7.745459] f=m_dense-m_dilute=+0.3190
[step] μ=7.749459 f=+0.2013
[step] μ=7.753459 f=+0.0782
[equal-ρ] μ0=7.753459, ΔA=A_dense-A_dilute=+0.0782, ESS≈7505
[equal-ρ] bracket μ=7.753559, ΔA=+0.0752, ESS≈7505
[equal-ρ] bracket μ=7.753659, ΔA=+0.0721, ESS≈7505
[equal-ρ] bracket μ=7.753759, ΔA=+0.0690, ESS≈7504
[equal-ρ] bracket μ=7.753859, ΔA=+0.0660, ESS≈7504
[equal-ρ] bracket μ=7.753959, ΔA=+0.0629, ESS≈7503
[equal-ρ] bracket μ=7.754059, ΔA=+0.0598, ESS≈7502
[equal-ρ] bracket μ=7.754159, ΔA=+0.0567, ESS≈7501
[equal-ρ] bracket μ=7.754259, ΔA=+0.0537, ESS≈7499
[equal-ρ] bracket μ=7.754359, ΔA=+0.0506, ESS≈7498
[equal-ρ] bracket μ=7.754459, ΔA=+0.0475, ESS≈7496
[equal-ρ] bracket μ=7.754559, ΔA=+0.0445, ESS≈7494
[equal-ρ] bracket μ=7.754659, ΔA=+0.0414, ESS≈7492
[equal-ρ] bracket μ=7.754759, ΔA=+0.0383, ESS≈7490
[equal-ρ] bracket μ=7.754859, ΔA=+0.0352, ESS≈7488
[equal-ρ] bracket μ=7.754959, ΔA=+0.0321, ESS≈7485
[equal-ρ] bracket μ=7.755059, ΔA=+0.0291, ESS≈7483
[equal-ρ] bracket μ=7.755159, ΔA=+0.0260, ESS≈7480
[equal-ρ] bracket μ=7.755259, ΔA=+0.0229, ESS≈7477
[equal-ρ] bracket μ=7.755359, ΔA=+0.0198, ESS≈7474
[equal-ρ] bracket μ=7.755459, ΔA=+0.0167, ESS≈7470
mu* = 7.755459   ESS ≈ 7470
0.502674217188541



=== Step: target eps_sp=5.800 (prev=5.780) ===
[μ=7.735459] f=m_dense-m_dilute=+0.0200
[equal-ρ] μ0=7.735459, ΔA=A_dense-A_dilute=+0.0200, ESS≈7505
[equal-ρ] bracket μ=7.735559, ΔA=+0.0171, ESS≈7505
[equal-ρ] bracket μ=7.735659, ΔA=+0.0142, ESS≈7505
[equal-ρ] bracket μ=7.735759, ΔA=+0.0113, ESS≈7504
[equal-ρ] bracket μ=7.735859, ΔA=+0.0084, ESS≈7504
[equal-ρ] bracket μ=7.735959, ΔA=+0.0055, ESS≈7503
[equal-ρ] bracket μ=7.736059, ΔA=+0.0026, ESS≈7502
[equal-ρ] bracket μ=7.736159, ΔA=-0.0003, ESS≈7501
[equal-ρ] bisect μ=7.735809, ΔA=+0.0098, ESS≈7504
mu* = 7.735809   ESS ≈ 7504
0.4893271152564957


success: True
χ²*    : 0.24765176623445298
θ*     : (0.9073980695298419, 5.799999999999966, 7.715814105273746, 1.0, 0.26908789953818685, -0.027380216426956795)

=== Step: target eps_sp=5.820 (prev=5.800) ===
[μ=7.715814] f=m_dense-m_dilute=+0.9750
[step] μ=7.719814 f=+0.9723
[step] μ=7.723814 f=+0.9664
[step] μ=7.727814 f=+0.9552
[step] μ=7.731814 f=+0.9491
[step] μ=7.735814 f=+0.9318
[step] μ=7.739814 f=+0.9275
[step] μ=7.743814 f=+0.9074
[step] μ=7.747814 f=+0.8978
[step] μ=7.751814 f=+0.8504
[step] μ=7.755814 f=+0.8196
[step] μ=7.759814 f=+0.7750
[step] μ=7.763814 f=+0.7290
[step] μ=7.767814 f=+0.6586
[step] μ=7.771814 f=+0.6060
[step] μ=7.775814 f=+0.5203
[step] μ=7.779814 f=+0.4149
[step] μ=7.783814 f=+0.2986
[step] μ=7.787814 f=+0.1932
[step] μ=7.791814 f=+0.0736
[equal-ρ] μ0=7.791814, ΔA=A_dense-A_dilute=+0.0736, ESS≈7505
[equal-ρ] bracket μ=7.791914, ΔA=+0.0705, ESS≈7505
[equal-ρ] bracket μ=7.792014, ΔA=+0.0674, ESS≈7505
[equal-ρ] bracket μ=7.792114, ΔA=+0.0643, ESS≈7504
[equal-ρ] bracket μ=7.792214, ΔA=+0.0612, ESS≈7504
[equal-ρ] bracket μ=7.792314, ΔA=+0.0581, ESS≈7503
[equal-ρ] bracket μ=7.792414, ΔA=+0.0550, ESS≈7502
[equal-ρ] bracket μ=7.792514, ΔA=+0.0519, ESS≈7501
[equal-ρ] bracket μ=7.792614, ΔA=+0.0488, ESS≈7499
[equal-ρ] bracket μ=7.792714, ΔA=+0.0457, ESS≈7498
[equal-ρ] bracket μ=7.792814, ΔA=+0.0426, ESS≈7496
[equal-ρ] bracket μ=7.792914, ΔA=+0.0395, ESS≈7494
[equal-ρ] bracket μ=7.793014, ΔA=+0.0364, ESS≈7492
[equal-ρ] bracket μ=7.793114, ΔA=+0.0333, ESS≈7490
[equal-ρ] bracket μ=7.793214, ΔA=+0.0302, ESS≈7488
[equal-ρ] bracket μ=7.793314, ΔA=+0.0271, ESS≈7485
[equal-ρ] bracket μ=7.793414, ΔA=+0.0240, ESS≈7483
[equal-ρ] bracket μ=7.793514, ΔA=+0.0209, ESS≈7480
[equal-ρ] bracket μ=7.793614, ΔA=+0.0178, ESS≈7477
[equal-ρ] bracket μ=7.793714, ΔA=+0.0147, ESS≈7473
[equal-ρ] bracket μ=7.793814, ΔA=+0.0116, ESS≈7470
mu* = 7.793814   ESS ≈ 7470
0.49930979347101934


success: True
χ²*    : 0.25998970580241615
θ*     : (0.904643895212542, 5.819999999999966, 7.790931025985311, 1.0, 0.41880182040679753, 0.033784315678296095)
