[array([1, 0, 1, 0]), array([0, 1, 0, 1]), array([2, 2, 2, 2])]

=== Step: target eps_sp=0.000 (prev=0.000) ===
[μ=4.227147] f=m_dense-m_dilute=+0.0059
[equal-ρ] μ0=4.227147, ΔA=A_dense-A_dilute=+0.0059, ESS≈7505
mu* = 4.227147   ESS ≈ 7505
0.5023184543637574


success: True
χ²*    : 0.021817219769427673
θ*     : (1.767001312678446, 0.0, 4.227145867881499, 1.0000000000174454, 0.5412013530712743, 0.03345665619356059)

=== Step: target eps_sp=0.020 (prev=0.000) ===
[μ=4.227146] f=m_dense-m_dilute=-0.0270
[equal-ρ] μ0=4.227146, ΔA=A_dense-A_dilute=-0.0270, ESS≈7505
[equal-ρ] bracket μ=4.227046, ΔA=-0.0233, ESS≈7505
[equal-ρ] bracket μ=4.226946, ΔA=-0.0195, ESS≈7505
[equal-ρ] bracket μ=4.226846, ΔA=-0.0157, ESS≈7504
[equal-ρ] bracket μ=4.226746, ΔA=-0.0119, ESS≈7503
[equal-ρ] bracket μ=4.226646, ΔA=-0.0081, ESS≈7502
[equal-ρ] bracket μ=4.226546, ΔA=-0.0043, ESS≈7501
[equal-ρ] bracket μ=4.226446, ΔA=-0.0004, ESS≈7499
[equal-ρ] bracket μ=4.226346, ΔA=+0.0034, ESS≈7498
[equal-ρ] bisect μ=4.226746, ΔA=-0.0119, ESS≈7503
[equal-ρ] bisect μ=4.226546, ΔA=-0.0043, ESS≈7501
mu* = 4.226546   ESS ≈ 7501
0.4997748167888074


success: True
χ²*    : 0.023075018303024483
θ*     : (1.7631964161806852, 0.02, 4.230276731193692, 1.0000000000089688, 0.5296262381224385, 0.02149703681054796)

=== Step: target eps_sp=0.040 (prev=0.020) ===
[μ=4.230277] f=m_dense-m_dilute=-0.0336
[equal-ρ] μ0=4.230277, ΔA=A_dense-A_dilute=-0.0336, ESS≈7505
[equal-ρ] bracket μ=4.230177, ΔA=-0.0298, ESS≈7505
[equal-ρ] bracket μ=4.230077, ΔA=-0.0260, ESS≈7505
[equal-ρ] bracket μ=4.229977, ΔA=-0.0222, ESS≈7504
[equal-ρ] bracket μ=4.229877, ΔA=-0.0184, ESS≈7503
[equal-ρ] bracket μ=4.229777, ΔA=-0.0146, ESS≈7502
[equal-ρ] bracket μ=4.229677, ΔA=-0.0108, ESS≈7501
[equal-ρ] bracket μ=4.229577, ΔA=-0.0070, ESS≈7499
[equal-ρ] bracket μ=4.229477, ΔA=-0.0032, ESS≈7498
[equal-ρ] bracket μ=4.229377, ΔA=+0.0006, ESS≈7496
[equal-ρ] bisect μ=4.229827, ΔA=-0.0165, ESS≈7503
[equal-ρ] bisect μ=4.229602, ΔA=-0.0079, ESS≈7500
mu* = 4.229602   ESS ≈ 7500
0.4981345769487009


success: True
χ²*    : 0.02387459522243321
θ*     : (1.759308836427713, 0.04, 4.2328224454193, 1.00000000000933, 0.5301971556508891, 0.021570896450070504)

=== Step: target eps_sp=0.060 (prev=0.040) ===
[μ=4.232822] f=m_dense-m_dilute=-0.0269
[equal-ρ] μ0=4.232822, ΔA=A_dense-A_dilute=-0.0269, ESS≈7505
[equal-ρ] bracket μ=4.232722, ΔA=-0.0231, ESS≈7505
[equal-ρ] bracket μ=4.232622, ΔA=-0.0193, ESS≈7505
[equal-ρ] bracket μ=4.232522, ΔA=-0.0155, ESS≈7504
[equal-ρ] bracket μ=4.232422, ΔA=-0.0117, ESS≈7503
[equal-ρ] bracket μ=4.232322, ΔA=-0.0079, ESS≈7502
[equal-ρ] bracket μ=4.232222, ΔA=-0.0041, ESS≈7501
[equal-ρ] bracket μ=4.232122, ΔA=-0.0003, ESS≈7499
[equal-ρ] bracket μ=4.232022, ΔA=+0.0035, ESS≈7498
[equal-ρ] bisect μ=4.232422, ΔA=-0.0117, ESS≈7503
[equal-ρ] bisect μ=4.232222, ΔA=-0.0041, ESS≈7501
mu* = 4.232222   ESS ≈ 7501
0.4962091938707528


success: True
χ²*    : 0.028516635799849185
θ*     : (1.7556780990153784, 0.06, 4.235707363815721, 0.9999999999992443, 0.4955964003424496, -0.0032442833078050216)

=== Step: target eps_sp=0.080 (prev=0.060) ===
[μ=4.235707] f=m_dense-m_dilute=-0.0389
[equal-ρ] μ0=4.235707, ΔA=A_dense-A_dilute=-0.0389, ESS≈7505
[equal-ρ] bracket μ=4.235607, ΔA=-0.0351, ESS≈7505
[equal-ρ] bracket μ=4.235507, ΔA=-0.0313, ESS≈7505
[equal-ρ] bracket μ=4.235407, ΔA=-0.0275, ESS≈7504
[equal-ρ] bracket μ=4.235307, ΔA=-0.0237, ESS≈7503
[equal-ρ] bracket μ=4.235207, ΔA=-0.0199, ESS≈7502
[equal-ρ] bracket μ=4.235107, ΔA=-0.0161, ESS≈7501
[equal-ρ] bracket μ=4.235007, ΔA=-0.0123, ESS≈7499
[equal-ρ] bracket μ=4.234907, ΔA=-0.0085, ESS≈7498
[equal-ρ] bracket μ=4.234807, ΔA=-0.0047, ESS≈7496
[equal-ρ] bracket μ=4.234707, ΔA=-0.0009, ESS≈7493
[equal-ρ] bracket μ=4.234607, ΔA=+0.0029, ESS≈7491
[equal-ρ] bisect μ=4.235157, ΔA=-0.0180, ESS≈7501
[equal-ρ] bisect μ=4.234882, ΔA=-0.0075, ESS≈7497
mu* = 4.234882   ESS ≈ 7497
0.4977934710193205


success: False
χ²*    : 0.020149900229182782
θ*     : (1.7520176983766702, 0.08, 4.2383021814636805, 1.000000000005031, 0.52213867518956, 0.013903811852932673)

=== Step: target eps_sp=0.100 (prev=0.080) ===
[μ=4.238302] f=m_dense-m_dilute=-0.0120
[equal-ρ] μ0=4.238302, ΔA=A_dense-A_dilute=-0.0120, ESS≈7505
[equal-ρ] bracket μ=4.238202, ΔA=-0.0082, ESS≈7505
[equal-ρ] bracket μ=4.238102, ΔA=-0.0044, ESS≈7505
[equal-ρ] bracket μ=4.238002, ΔA=-0.0006, ESS≈7504
[equal-ρ] bracket μ=4.237902, ΔA=+0.0032, ESS≈7503
[equal-ρ] bisect μ=4.238102, ΔA=-0.0044, ESS≈7505
mu* = 4.238102   ESS ≈ 7505
0.5014603597601599


success: True
χ²*    : 0.02595479659315273
θ*     : (1.7479679754338078, 0.1, 4.241718370168905, 1.0000000000069824, 0.5270814706834697, 0.01963292950247524)

=== Step: target eps_sp=0.120 (prev=0.100) ===
[μ=4.241718] f=m_dense-m_dilute=-0.0641
[equal-ρ] μ0=4.241718, ΔA=A_dense-A_dilute=-0.0641, ESS≈7505
[equal-ρ] bracket μ=4.241618, ΔA=-0.0603, ESS≈7505
[equal-ρ] bracket μ=4.241518, ΔA=-0.0565, ESS≈7505
[equal-ρ] bracket μ=4.241418, ΔA=-0.0526, ESS≈7504
[equal-ρ] bracket μ=4.241318, ΔA=-0.0488, ESS≈7503
[equal-ρ] bracket μ=4.241218, ΔA=-0.0450, ESS≈7502
[equal-ρ] bracket μ=4.241118, ΔA=-0.0412, ESS≈7501
[equal-ρ] bracket μ=4.241018, ΔA=-0.0374, ESS≈7499
[equal-ρ] bracket μ=4.240918, ΔA=-0.0335, ESS≈7497
[equal-ρ] bracket μ=4.240818, ΔA=-0.0297, ESS≈7495
[equal-ρ] bracket μ=4.240718, ΔA=-0.0259, ESS≈7493
[equal-ρ] bracket μ=4.240618, ΔA=-0.0220, ESS≈7491
[equal-ρ] bracket μ=4.240518, ΔA=-0.0182, ESS≈7488
[equal-ρ] bracket μ=4.240418, ΔA=-0.0144, ESS≈7485
[equal-ρ] bracket μ=4.240318, ΔA=-0.0106, ESS≈7482
[equal-ρ] bracket μ=4.240218, ΔA=-0.0067, ESS≈7479
[equal-ρ] bracket μ=4.240118, ΔA=-0.0029, ESS≈7475
[equal-ρ] bracket μ=4.240018, ΔA=+0.0009, ESS≈7471
[equal-ρ] bisect μ=4.240868, ΔA=-0.0316, ESS≈7496
[equal-ρ] bisect μ=4.240443, ΔA=-0.0153, ESS≈7486
[equal-ρ] bisect μ=4.240231, ΔA=-0.0072, ESS≈7479
mu* = 4.240231   ESS ≈ 7479
0.49683810792804795


success: True
χ²*    : 0.02399644844154846
θ*     : (1.7471318340957152, 0.12, 4.240924857958018, 0.9999999999966679, 0.4863014690738443, -0.01476364550269799)

=== Step: target eps_sp=0.140 (prev=0.120) ===
[μ=4.240925] f=m_dense-m_dilute=+0.2938
[step] μ=4.244925 f=+0.1146
[step] μ=4.248925 f=-0.0393
[equal-ρ] μ0=4.248925, ΔA=A_dense-A_dilute=-0.0393, ESS≈7505
[equal-ρ] bracket μ=4.248825, ΔA=-0.0355, ESS≈7505
[equal-ρ] bracket μ=4.248725, ΔA=-0.0316, ESS≈7505
[equal-ρ] bracket μ=4.248625, ΔA=-0.0278, ESS≈7504
[equal-ρ] bracket μ=4.248525, ΔA=-0.0240, ESS≈7503
[equal-ρ] bracket μ=4.248425, ΔA=-0.0202, ESS≈7502
[equal-ρ] bracket μ=4.248325, ΔA=-0.0163, ESS≈7501
[equal-ρ] bracket μ=4.248225, ΔA=-0.0125, ESS≈7499
[equal-ρ] bracket μ=4.248125, ΔA=-0.0086, ESS≈7497
[equal-ρ] bracket μ=4.248025, ΔA=-0.0048, ESS≈7495
[equal-ρ] bracket μ=4.247925, ΔA=-0.0010, ESS≈7493
[equal-ρ] bracket μ=4.247825, ΔA=+0.0029, ESS≈7491
[equal-ρ] bisect μ=4.248375, ΔA=-0.0182, ESS≈7501
[equal-ρ] bisect μ=4.248100, ΔA=-0.0077, ESS≈7497
mu* = 4.248100   ESS ≈ 7497
0.49210526315789466


success: False
χ²*    : 0.024878027784298633
θ*     : (1.740660487830006, 0.14, 4.248712555401511, 0.9999999999968555, 0.47571716847014633, -0.015260260104564778)

=== Step: target eps_sp=0.160 (prev=0.140) ===
[μ=4.248713] f=m_dense-m_dilute=-0.1033
[step] μ=4.244713 f=+0.0365
[equal-ρ] μ0=4.244713, ΔA=A_dense-A_dilute=+0.0365, ESS≈7505
[equal-ρ] bracket μ=4.244813, ΔA=+0.0327, ESS≈7505
[equal-ρ] bracket μ=4.244913, ΔA=+0.0289, ESS≈7505
[equal-ρ] bracket μ=4.245013, ΔA=+0.0250, ESS≈7504
[equal-ρ] bracket μ=4.245113, ΔA=+0.0212, ESS≈7503
[equal-ρ] bracket μ=4.245213, ΔA=+0.0174, ESS≈7502
[equal-ρ] bracket μ=4.245313, ΔA=+0.0136, ESS≈7501
[equal-ρ] bracket μ=4.245413, ΔA=+0.0097, ESS≈7499
[equal-ρ] bracket μ=4.245513, ΔA=+0.0059, ESS≈7497
[equal-ρ] bracket μ=4.245613, ΔA=+0.0021, ESS≈7495
[equal-ρ] bracket μ=4.245713, ΔA=-0.0017, ESS≈7493
[equal-ρ] bisect μ=4.245213, ΔA=+0.0174, ESS≈7502
[equal-ρ] bisect μ=4.245463, ΔA=+0.0078, ESS≈7498
mu* = 4.245463   ESS ≈ 7498
0.505794803464357


success: True
χ²*    : 0.02522218277478717
θ*     : (1.7357594464658976, 0.16, 4.249879077742119, 0.9999999999981815, 0.48090605902059225, -0.01013423239931789)

=== Step: target eps_sp=0.180 (prev=0.160) ===
[μ=4.249879] f=m_dense-m_dilute=-0.1213
[step] μ=4.245879 f=+0.0276
[equal-ρ] μ0=4.245879, ΔA=A_dense-A_dilute=+0.0276, ESS≈7505
[equal-ρ] bracket μ=4.245979, ΔA=+0.0238, ESS≈7505
[equal-ρ] bracket μ=4.246079, ΔA=+0.0199, ESS≈7505
[equal-ρ] bracket μ=4.246179, ΔA=+0.0161, ESS≈7504
[equal-ρ] bracket μ=4.246279, ΔA=+0.0123, ESS≈7503
[equal-ρ] bracket μ=4.246379, ΔA=+0.0084, ESS≈7502
[equal-ρ] bracket μ=4.246479, ΔA=+0.0046, ESS≈7501
[equal-ρ] bracket μ=4.246579, ΔA=+0.0008, ESS≈7499
[equal-ρ] bracket μ=4.246679, ΔA=-0.0031, ESS≈7497
[equal-ρ] bisect μ=4.246279, ΔA=+0.0123, ESS≈7503
[equal-ρ] bisect μ=4.246479, ΔA=+0.0046, ESS≈7501
mu* = 4.246479   ESS ≈ 7501
0.5010339773484344


success: True
χ²*    : 0.02498865724910028
θ*     : (1.7311131506543296, 0.18, 4.25106982892737, 0.9999999999953945, 0.46463552889278, -0.024913921432375988)

=== Step: target eps_sp=0.200 (prev=0.180) ===
[μ=4.251070] f=m_dense-m_dilute=-0.1326
[step] μ=4.247070 f=+0.0071
[equal-ρ] μ0=4.247070, ΔA=A_dense-A_dilute=+0.0071, ESS≈7505
mu* = 4.247070   ESS ≈ 7505
0.5037001998667555


success: True
χ²*    : 0.24853411654896873
θ*     : (1.7295656381039104, 0.2, 4.248617339744127, 1.0000000000172142, 0.6663390913652273, 0.04086062938139714)

=== Step: target eps_sp=0.220 (prev=0.200) ===
[μ=4.248617] f=m_dense-m_dilute=+0.2409
[step] μ=4.252617 f=+0.0669
[equal-ρ] μ0=4.252617, ΔA=A_dense-A_dilute=+0.0669, ESS≈7505
[equal-ρ] bracket μ=4.252717, ΔA=+0.0630, ESS≈7505
[equal-ρ] bracket μ=4.252817, ΔA=+0.0592, ESS≈7505
[equal-ρ] bracket μ=4.252917, ΔA=+0.0554, ESS≈7504
[equal-ρ] bracket μ=4.253017, ΔA=+0.0515, ESS≈7503
[equal-ρ] bracket μ=4.253117, ΔA=+0.0477, ESS≈7502
[equal-ρ] bracket μ=4.253217, ΔA=+0.0438, ESS≈7501
[equal-ρ] bracket μ=4.253317, ΔA=+0.0400, ESS≈7499
[equal-ρ] bracket μ=4.253417, ΔA=+0.0361, ESS≈7497
[equal-ρ] bracket μ=4.253517, ΔA=+0.0323, ESS≈7495
[equal-ρ] bracket μ=4.253617, ΔA=+0.0284, ESS≈7493
[equal-ρ] bracket μ=4.253717, ΔA=+0.0246, ESS≈7491
[equal-ρ] bracket μ=4.253817, ΔA=+0.0207, ESS≈7488
[equal-ρ] bracket μ=4.253917, ΔA=+0.0169, ESS≈7485
[equal-ρ] bracket μ=4.254017, ΔA=+0.0130, ESS≈7482
[equal-ρ] bracket μ=4.254117, ΔA=+0.0092, ESS≈7478
[equal-ρ] bracket μ=4.254217, ΔA=+0.0053, ESS≈7475
[equal-ρ] bracket μ=4.254317, ΔA=+0.0014, ESS≈7471
[equal-ρ] bracket μ=4.254417, ΔA=-0.0024, ESS≈7467
[equal-ρ] bisect μ=4.253517, ΔA=+0.0323, ESS≈7495
[equal-ρ] bisect μ=4.253967, ΔA=+0.0149, ESS≈7483
[equal-ρ] bisect μ=4.254192, ΔA=+0.0063, ESS≈7476
mu* = 4.254192   ESS ≈ 7476
0.5043077948034643


success: True
χ²*    : 0.028480851410056206
θ*     : (1.7243255992867348, 0.22, 4.259340762699687, 1.0000000000017237, 0.5094575435072732, 0.008649532672964122)

=== Step: target eps_sp=0.240 (prev=0.220) ===
[μ=4.259341] f=m_dense-m_dilute=-0.1586
[step] μ=4.255341 f=-0.0341
[equal-ρ] μ0=4.255341, ΔA=A_dense-A_dilute=-0.0341, ESS≈7505
[equal-ρ] bracket μ=4.255241, ΔA=-0.0303, ESS≈7505
[equal-ρ] bracket μ=4.255141, ΔA=-0.0264, ESS≈7505
[equal-ρ] bracket μ=4.255041, ΔA=-0.0225, ESS≈7504
[equal-ρ] bracket μ=4.254941, ΔA=-0.0187, ESS≈7503
[equal-ρ] bracket μ=4.254841, ΔA=-0.0148, ESS≈7502
[equal-ρ] bracket μ=4.254741, ΔA=-0.0110, ESS≈7501
[equal-ρ] bracket μ=4.254641, ΔA=-0.0071, ESS≈7499
[equal-ρ] bracket μ=4.254541, ΔA=-0.0032, ESS≈7497
[equal-ρ] bracket μ=4.254441, ΔA=+0.0006, ESS≈7495
[equal-ρ] bisect μ=4.254891, ΔA=-0.0167, ESS≈7503
[equal-ρ] bisect μ=4.254666, ΔA=-0.0081, ESS≈7500
mu* = 4.254666   ESS ≈ 7500
0.4967581612258494


success: True
χ²*    : 0.026906648716800027
θ*     : (1.7204073427800153, 0.24, 4.258737703581719, 1.000000000002266, 0.5157222339703734, 0.011107593176124229)

=== Step: target eps_sp=0.260 (prev=0.240) ===
[μ=4.258738] f=m_dense-m_dilute=-0.0401
[equal-ρ] μ0=4.258738, ΔA=A_dense-A_dilute=-0.0401, ESS≈7505
[equal-ρ] bracket μ=4.258638, ΔA=-0.0363, ESS≈7505
[equal-ρ] bracket μ=4.258538, ΔA=-0.0324, ESS≈7505
[equal-ρ] bracket μ=4.258438, ΔA=-0.0286, ESS≈7504
[equal-ρ] bracket μ=4.258338, ΔA=-0.0247, ESS≈7503
[equal-ρ] bracket μ=4.258238, ΔA=-0.0209, ESS≈7502
[equal-ρ] bracket μ=4.258138, ΔA=-0.0170, ESS≈7501
[equal-ρ] bracket μ=4.258038, ΔA=-0.0132, ESS≈7499
[equal-ρ] bracket μ=4.257938, ΔA=-0.0093, ESS≈7497
[equal-ρ] bracket μ=4.257838, ΔA=-0.0054, ESS≈7495
[equal-ρ] bracket μ=4.257738, ΔA=-0.0016, ESS≈7493
[equal-ρ] bracket μ=4.257638, ΔA=+0.0023, ESS≈7491
[equal-ρ] bisect μ=4.258188, ΔA=-0.0189, ESS≈7501
[equal-ρ] bisect μ=4.257913, ΔA=-0.0083, ESS≈7497
mu* = 4.257913   ESS ≈ 7497
0.4920039973351099


success: True
χ²*    : 0.027546872607380597
θ*     : (1.7161035518519154, 0.26, 4.2616333220178655, 0.9999999999977299, 0.4813322245905656, -0.013223457604062834)

=== Step: target eps_sp=0.280 (prev=0.260) ===
[μ=4.261633] f=m_dense-m_dilute=-0.0540
[equal-ρ] μ0=4.261633, ΔA=A_dense-A_dilute=-0.0540, ESS≈7505
[equal-ρ] bracket μ=4.261533, ΔA=-0.0501, ESS≈7505
[equal-ρ] bracket μ=4.261433, ΔA=-0.0462, ESS≈7505
[equal-ρ] bracket μ=4.261333, ΔA=-0.0424, ESS≈7504
[equal-ρ] bracket μ=4.261233, ΔA=-0.0385, ESS≈7503
[equal-ρ] bracket μ=4.261133, ΔA=-0.0347, ESS≈7502
[equal-ρ] bracket μ=4.261033, ΔA=-0.0308, ESS≈7501
[equal-ρ] bracket μ=4.260933, ΔA=-0.0269, ESS≈7499
[equal-ρ] bracket μ=4.260833, ΔA=-0.0231, ESS≈7497
[equal-ρ] bracket μ=4.260733, ΔA=-0.0192, ESS≈7495
[equal-ρ] bracket μ=4.260633, ΔA=-0.0153, ESS≈7493
[equal-ρ] bracket μ=4.260533, ΔA=-0.0115, ESS≈7490
[equal-ρ] bracket μ=4.260433, ΔA=-0.0076, ESS≈7488
[equal-ρ] bracket μ=4.260333, ΔA=-0.0037, ESS≈7485
[equal-ρ] bracket μ=4.260233, ΔA=+0.0001, ESS≈7482
[equal-ρ] bisect μ=4.260933, ΔA=-0.0269, ESS≈7499
[equal-ρ] bisect μ=4.260583, ΔA=-0.0134, ESS≈7492
[equal-ρ] bisect μ=4.260408, ΔA=-0.0066, ESS≈7487
mu* = 4.260408   ESS ≈ 7487
0.4917934710193204


success: True
χ²*    : 0.026091807571378682
θ*     : (1.7121555365579757, 0.28, 4.264102907809094, 0.9999999999956729, 0.4618117385881384, -0.029610394359044237)

=== Step: target eps_sp=0.300 (prev=0.280) ===
[μ=4.264103] f=m_dense-m_dilute=-0.0389
[equal-ρ] μ0=4.264103, ΔA=A_dense-A_dilute=-0.0389, ESS≈7505
[equal-ρ] bracket μ=4.264003, ΔA=-0.0350, ESS≈7505
[equal-ρ] bracket μ=4.263903, ΔA=-0.0312, ESS≈7505
[equal-ρ] bracket μ=4.263803, ΔA=-0.0273, ESS≈7504
[equal-ρ] bracket μ=4.263703, ΔA=-0.0234, ESS≈7503
[equal-ρ] bracket μ=4.263603, ΔA=-0.0195, ESS≈7502
[equal-ρ] bracket μ=4.263503, ΔA=-0.0157, ESS≈7501
[equal-ρ] bracket μ=4.263403, ΔA=-0.0118, ESS≈7499
[equal-ρ] bracket μ=4.263303, ΔA=-0.0079, ESS≈7497
[equal-ρ] bracket μ=4.263203, ΔA=-0.0040, ESS≈7495
[equal-ρ] bracket μ=4.263103, ΔA=-0.0001, ESS≈7493
[equal-ρ] bracket μ=4.263003, ΔA=+0.0037, ESS≈7490
[equal-ρ] bisect μ=4.263553, ΔA=-0.0176, ESS≈7501
[equal-ρ] bisect μ=4.263278, ΔA=-0.0069, ESS≈7497
mu* = 4.263278   ESS ≈ 7497
0.49629580279813457


success: True
χ²*    : 0.027134223110095085
θ*     : (1.7079302243585532, 0.3, 4.267141720291542, 0.9999999999996299, 0.49587434349318177, -0.0028941069022433382)

=== Step: target eps_sp=0.320 (prev=0.300) ===
[μ=4.267142] f=m_dense-m_dilute=-0.0989
[equal-ρ] μ0=4.267142, ΔA=A_dense-A_dilute=-0.0989, ESS≈7505
[equal-ρ] bracket μ=4.267042, ΔA=-0.0950, ESS≈7505
[equal-ρ] bracket μ=4.266942, ΔA=-0.0912, ESS≈7505
[equal-ρ] bracket μ=4.266842, ΔA=-0.0873, ESS≈7504
[equal-ρ] bracket μ=4.266742, ΔA=-0.0835, ESS≈7503
[equal-ρ] bracket μ=4.266642, ΔA=-0.0796, ESS≈7502
[equal-ρ] bracket μ=4.266542, ΔA=-0.0758, ESS≈7501
[equal-ρ] bracket μ=4.266442, ΔA=-0.0719, ESS≈7499
[equal-ρ] bracket μ=4.266342, ΔA=-0.0681, ESS≈7497
[equal-ρ] bracket μ=4.266242, ΔA=-0.0642, ESS≈7495
[equal-ρ] bracket μ=4.266142, ΔA=-0.0604, ESS≈7493
[equal-ρ] bracket μ=4.266042, ΔA=-0.0565, ESS≈7491
[equal-ρ] bracket μ=4.265942, ΔA=-0.0526, ESS≈7488
[equal-ρ] bracket μ=4.265842, ΔA=-0.0488, ESS≈7485
[equal-ρ] bracket μ=4.265742, ΔA=-0.0449, ESS≈7482
[equal-ρ] bracket μ=4.265642, ΔA=-0.0410, ESS≈7478
[equal-ρ] bracket μ=4.265542, ΔA=-0.0372, ESS≈7474
[equal-ρ] bracket μ=4.265442, ΔA=-0.0333, ESS≈7470
[equal-ρ] bracket μ=4.265342, ΔA=-0.0294, ESS≈7466
[equal-ρ] bracket μ=4.265242, ΔA=-0.0255, ESS≈7462
[equal-ρ] bracket μ=4.265142, ΔA=-0.0217, ESS≈7457
mu* = 4.265142   ESS ≈ 7457
0.49113257828114587


success: True
χ²*    : 0.03088991727465442
θ*     : (1.707852860102541, 0.32, 4.265218855041905, 0.9999999999848299, 0.45032351155137307, -0.04549397464532555)

=== Step: target eps_sp=0.340 (prev=0.320) ===
[μ=4.265219] f=m_dense-m_dilute=+0.4041
[step] μ=4.269219 f=+0.2456
[step] μ=4.273219 f=+0.0729
[equal-ρ] μ0=4.273219, ΔA=A_dense-A_dilute=+0.0729, ESS≈7505
[equal-ρ] bracket μ=4.273319, ΔA=+0.0690, ESS≈7505
[equal-ρ] bracket μ=4.273419, ΔA=+0.0651, ESS≈7505
[equal-ρ] bracket μ=4.273519, ΔA=+0.0612, ESS≈7504
[equal-ρ] bracket μ=4.273619, ΔA=+0.0573, ESS≈7503
[equal-ρ] bracket μ=4.273719, ΔA=+0.0535, ESS≈7502
[equal-ρ] bracket μ=4.273819, ΔA=+0.0496, ESS≈7501
[equal-ρ] bracket μ=4.273919, ΔA=+0.0457, ESS≈7499
[equal-ρ] bracket μ=4.274019, ΔA=+0.0418, ESS≈7497
[equal-ρ] bracket μ=4.274119, ΔA=+0.0379, ESS≈7495
[equal-ρ] bracket μ=4.274219, ΔA=+0.0340, ESS≈7493
[equal-ρ] bracket μ=4.274319, ΔA=+0.0301, ESS≈7490
[equal-ρ] bracket μ=4.274419, ΔA=+0.0262, ESS≈7488
[equal-ρ] bracket μ=4.274519, ΔA=+0.0223, ESS≈7485
[equal-ρ] bracket μ=4.274619, ΔA=+0.0184, ESS≈7481
[equal-ρ] bracket μ=4.274719, ΔA=+0.0145, ESS≈7478
[equal-ρ] bracket μ=4.274819, ΔA=+0.0106, ESS≈7474
[equal-ρ] bracket μ=4.274919, ΔA=+0.0067, ESS≈7470
[equal-ρ] bracket μ=4.275019, ΔA=+0.0028, ESS≈7466
[equal-ρ] bracket μ=4.275119, ΔA=-0.0011, ESS≈7461
[equal-ρ] bisect μ=4.274169, ΔA=+0.0359, ESS≈7494
[equal-ρ] bisect μ=4.274644, ΔA=+0.0174, ESS≈7480
[equal-ρ] bisect μ=4.274881, ΔA=+0.0081, ESS≈7472
mu* = 4.274881   ESS ≈ 7472
0.5017295136575616


success: True
χ²*    : 0.03516029306037542
θ*     : (1.6768553882477963, 0.34, 4.293663676824408, 1.0000000000014122, 0.4953596636979043, 0.005018889376499293)

=== Step: target eps_sp=0.360 (prev=0.340) ===
[μ=4.293664] f=m_dense-m_dilute=-0.9845
[step] μ=4.289664 f=-0.9833
[step] μ=4.285664 f=-0.9769
[step] μ=4.281664 f=-0.9644
[step] μ=4.277664 f=-0.9632
[step] μ=4.273664 f=-0.9410
[step] μ=4.269664 f=-0.9272
[step] μ=4.265664 f=-0.9050
[step] μ=4.261664 f=-0.8807
[step] μ=4.257664 f=-0.8445
[step] μ=4.253664 f=-0.7900
[step] μ=4.249664 f=-0.7137
[step] μ=4.245664 f=-0.6576
[step] μ=4.241664 f=-0.5732
[step] μ=4.237664 f=-0.4542
[step] μ=4.233664 f=-0.3274
[step] μ=4.229664 f=-0.1916
[step] μ=4.225664 f=-0.0430
[equal-ρ] μ0=4.225664, ΔA=A_dense-A_dilute=-0.0430, ESS≈7505
[equal-ρ] bracket μ=4.225564, ΔA=-0.0393, ESS≈7505
[equal-ρ] bracket μ=4.225464, ΔA=-0.0355, ESS≈7505
[equal-ρ] bracket μ=4.225364, ΔA=-0.0317, ESS≈7504
[equal-ρ] bracket μ=4.225264, ΔA=-0.0280, ESS≈7503
[equal-ρ] bracket μ=4.225164, ΔA=-0.0242, ESS≈7502
[equal-ρ] bracket μ=4.225064, ΔA=-0.0204, ESS≈7501
[equal-ρ] bracket μ=4.224964, ΔA=-0.0167, ESS≈7499
[equal-ρ] bracket μ=4.224864, ΔA=-0.0129, ESS≈7498
[equal-ρ] bracket μ=4.224764, ΔA=-0.0091, ESS≈7496
[equal-ρ] bracket μ=4.224664, ΔA=-0.0054, ESS≈7494
[equal-ρ] bracket μ=4.224564, ΔA=-0.0016, ESS≈7491
[equal-ρ] bracket μ=4.224464, ΔA=+0.0022, ESS≈7488
[equal-ρ] bisect μ=4.225064, ΔA=-0.0204, ESS≈7501
[equal-ρ] bisect μ=4.224764, ΔA=-0.0091, ESS≈7496
mu* = 4.224764   ESS ≈ 7496
0.492815456362425


success: True
χ²*    : 0.014702135403553845
θ*     : (1.672751187188052, 0.36, 4.228920176334186, 1.0000000000045277, 0.5165884145216425, 0.013274389222242526)

=== Step: target eps_sp=0.380 (prev=0.360) ===
[μ=4.228920] f=m_dense-m_dilute=-0.0364
[equal-ρ] μ0=4.228920, ΔA=A_dense-A_dilute=-0.0364, ESS≈7505
[equal-ρ] bracket μ=4.228820, ΔA=-0.0326, ESS≈7505
[equal-ρ] bracket μ=4.228720, ΔA=-0.0289, ESS≈7505
[equal-ρ] bracket μ=4.228620, ΔA=-0.0251, ESS≈7504
[equal-ρ] bracket μ=4.228520, ΔA=-0.0214, ESS≈7503
[equal-ρ] bracket μ=4.228420, ΔA=-0.0176, ESS≈7502
[equal-ρ] bracket μ=4.228320, ΔA=-0.0138, ESS≈7501
[equal-ρ] bracket μ=4.228220, ΔA=-0.0101, ESS≈7499
[equal-ρ] bracket μ=4.228120, ΔA=-0.0063, ESS≈7498
[equal-ρ] bracket μ=4.228020, ΔA=-0.0026, ESS≈7496
[equal-ρ] bracket μ=4.227920, ΔA=+0.0012, ESS≈7494
[equal-ρ] bisect μ=4.228420, ΔA=-0.0176, ESS≈7502
[equal-ρ] bisect μ=4.228170, ΔA=-0.0082, ESS≈7499
mu* = 4.228170   ESS ≈ 7499
0.494524983344437


success: True
χ²*    : 0.014164214731125719
θ*     : (1.6683882237393697, 0.38, 4.232510836586527, 0.9999999999931936, 0.47345948318148984, -0.01943944983901165)

=== Step: target eps_sp=0.400 (prev=0.380) ===
[μ=4.232511] f=m_dense-m_dilute=-0.1063
[step] μ=4.228511 f=+0.0540
[equal-ρ] μ0=4.228511, ΔA=A_dense-A_dilute=+0.0540, ESS≈7505
[equal-ρ] bracket μ=4.228611, ΔA=+0.0502, ESS≈7505
[equal-ρ] bracket μ=4.228711, ΔA=+0.0464, ESS≈7505
[equal-ρ] bracket μ=4.228811, ΔA=+0.0427, ESS≈7504
[equal-ρ] bracket μ=4.228911, ΔA=+0.0389, ESS≈7503
[equal-ρ] bracket μ=4.229011, ΔA=+0.0351, ESS≈7502
[equal-ρ] bracket μ=4.229111, ΔA=+0.0314, ESS≈7501
[equal-ρ] bracket μ=4.229211, ΔA=+0.0276, ESS≈7499
[equal-ρ] bracket μ=4.229311, ΔA=+0.0238, ESS≈7498
[equal-ρ] bracket μ=4.229411, ΔA=+0.0201, ESS≈7496
[equal-ρ] bracket μ=4.229511, ΔA=+0.0163, ESS≈7494
[equal-ρ] bracket μ=4.229611, ΔA=+0.0125, ESS≈7491
[equal-ρ] bracket μ=4.229711, ΔA=+0.0087, ESS≈7488
[equal-ρ] bracket μ=4.229811, ΔA=+0.0050, ESS≈7486
[equal-ρ] bracket μ=4.229911, ΔA=+0.0012, ESS≈7482
[equal-ρ] bracket μ=4.230011, ΔA=-0.0026, ESS≈7479
[equal-ρ] bisect μ=4.229261, ΔA=+0.0257, ESS≈7499
[equal-ρ] bisect μ=4.229636, ΔA=+0.0116, ESS≈7490
[equal-ρ] bisect μ=4.229823, ΔA=+0.0045, ESS≈7485
mu* = 4.229823   ESS ≈ 7485
0.5013297801465689


success: True
χ²*    : 0.016831203920717797
θ*     : (1.6635341063722024, 0.4, 4.234677253128343, 0.9999999999941821, 0.47219241322258404, -0.022637182354817455)

=== Step: target eps_sp=0.420 (prev=0.400) ===
[μ=4.234677] f=m_dense-m_dilute=-0.1376
[step] μ=4.230677 f=+0.0260
[equal-ρ] μ0=4.230677, ΔA=A_dense-A_dilute=+0.0260, ESS≈7505
[equal-ρ] bracket μ=4.230777, ΔA=+0.0222, ESS≈7505
[equal-ρ] bracket μ=4.230877, ΔA=+0.0184, ESS≈7505
[equal-ρ] bracket μ=4.230977, ΔA=+0.0146, ESS≈7504
[equal-ρ] bracket μ=4.231077, ΔA=+0.0109, ESS≈7503
[equal-ρ] bracket μ=4.231177, ΔA=+0.0071, ESS≈7502
[equal-ρ] bracket μ=4.231277, ΔA=+0.0033, ESS≈7501
[equal-ρ] bracket μ=4.231377, ΔA=-0.0005, ESS≈7499
[equal-ρ] bisect μ=4.231027, ΔA=+0.0128, ESS≈7504
[equal-ρ] bisect μ=4.231202, ΔA=+0.0061, ESS≈7502
mu* = 4.231202   ESS ≈ 7502
0.4974536975349766


success: True
χ²*    : 0.01686212359081937
θ*     : (1.6591310938302597, 0.42, 4.236457736165508, 0.999999999988511, 0.4444047746662348, -0.04328089784686026)

=== Step: target eps_sp=0.440 (prev=0.420) ===
[μ=4.236458] f=m_dense-m_dilute=-0.1006
[step] μ=4.232458 f=+0.0478
[equal-ρ] μ0=4.232458, ΔA=A_dense-A_dilute=+0.0478, ESS≈7505
[equal-ρ] bracket μ=4.232558, ΔA=+0.0441, ESS≈7505
[equal-ρ] bracket μ=4.232658, ΔA=+0.0403, ESS≈7505
[equal-ρ] bracket μ=4.232758, ΔA=+0.0365, ESS≈7504
[equal-ρ] bracket μ=4.232858, ΔA=+0.0327, ESS≈7503
[equal-ρ] bracket μ=4.232958, ΔA=+0.0290, ESS≈7502
[equal-ρ] bracket μ=4.233058, ΔA=+0.0252, ESS≈7501
[equal-ρ] bracket μ=4.233158, ΔA=+0.0214, ESS≈7499
[equal-ρ] bracket μ=4.233258, ΔA=+0.0176, ESS≈7498
[equal-ρ] bracket μ=4.233358, ΔA=+0.0139, ESS≈7496
[equal-ρ] bracket μ=4.233458, ΔA=+0.0101, ESS≈7493
[equal-ρ] bracket μ=4.233558, ΔA=+0.0063, ESS≈7491
[equal-ρ] bracket μ=4.233658, ΔA=+0.0025, ESS≈7488
[equal-ρ] bracket μ=4.233758, ΔA=-0.0013, ESS≈7485
[equal-ρ] bisect μ=4.233108, ΔA=+0.0233, ESS≈7500
[equal-ρ] bisect μ=4.233433, ΔA=+0.0110, ESS≈7494
[equal-ρ] bisect μ=4.233595, ΔA=+0.0049, ESS≈7490
mu* = 4.233595   ESS ≈ 7490
0.4977135243171219


success: True
χ²*    : 0.0216726158037051
θ*     : (1.6538908075220404, 0.44, 4.238534326138962, 0.9999999999898977, 0.43472671338012864, -0.04974612464765397)

=== Step: target eps_sp=0.460 (prev=0.440) ===
[μ=4.238534] f=m_dense-m_dilute=-0.1811
[step] μ=4.234534 f=-0.0262
[equal-ρ] μ0=4.234534, ΔA=A_dense-A_dilute=-0.0262, ESS≈7505
[equal-ρ] bracket μ=4.234434, ΔA=-0.0225, ESS≈7505
[equal-ρ] bracket μ=4.234334, ΔA=-0.0187, ESS≈7505
[equal-ρ] bracket μ=4.234234, ΔA=-0.0150, ESS≈7504
[equal-ρ] bracket μ=4.234134, ΔA=-0.0112, ESS≈7503
[equal-ρ] bracket μ=4.234034, ΔA=-0.0074, ESS≈7502
[equal-ρ] bracket μ=4.233934, ΔA=-0.0037, ESS≈7501
[equal-ρ] bracket μ=4.233834, ΔA=+0.0001, ESS≈7499
[equal-ρ] bisect μ=4.234184, ΔA=-0.0131, ESS≈7504
[equal-ρ] bisect μ=4.234009, ΔA=-0.0065, ESS≈7502
mu* = 4.234009   ESS ≈ 7502
0.49798267821452363


success: False
χ²*    : 0.015540035575008751
θ*     : (1.6494173105449816, 0.46, 4.238204531216947, 1.000000000005942, 0.5209243852608297, 0.01694127428656041)

=== Step: target eps_sp=0.480 (prev=0.460) ===
[μ=4.238205] f=m_dense-m_dilute=-0.0893
[equal-ρ] μ0=4.238205, ΔA=A_dense-A_dilute=-0.0893, ESS≈7505
[equal-ρ] bracket μ=4.238105, ΔA=-0.0855, ESS≈7505
[equal-ρ] bracket μ=4.238005, ΔA=-0.0818, ESS≈7505
[equal-ρ] bracket μ=4.237905, ΔA=-0.0780, ESS≈7504
[equal-ρ] bracket μ=4.237805, ΔA=-0.0742, ESS≈7503
[equal-ρ] bracket μ=4.237705, ΔA=-0.0705, ESS≈7502
[equal-ρ] bracket μ=4.237605, ΔA=-0.0667, ESS≈7501
[equal-ρ] bracket μ=4.237505, ΔA=-0.0629, ESS≈7499
[equal-ρ] bracket μ=4.237405, ΔA=-0.0592, ESS≈7498
[equal-ρ] bracket μ=4.237305, ΔA=-0.0554, ESS≈7496
[equal-ρ] bracket μ=4.237205, ΔA=-0.0516, ESS≈7493
[equal-ρ] bracket μ=4.237105, ΔA=-0.0478, ESS≈7491
[equal-ρ] bracket μ=4.237005, ΔA=-0.0441, ESS≈7488
[equal-ρ] bracket μ=4.236905, ΔA=-0.0403, ESS≈7486
[equal-ρ] bracket μ=4.236805, ΔA=-0.0365, ESS≈7482
[equal-ρ] bracket μ=4.236705, ΔA=-0.0327, ESS≈7479
[equal-ρ] bracket μ=4.236605, ΔA=-0.0289, ESS≈7476
[equal-ρ] bracket μ=4.236505, ΔA=-0.0252, ESS≈7472
[equal-ρ] bracket μ=4.236405, ΔA=-0.0214, ESS≈7468
[equal-ρ] bracket μ=4.236305, ΔA=-0.0176, ESS≈7463
[equal-ρ] bracket μ=4.236205, ΔA=-0.0138, ESS≈7459
mu* = 4.236205   ESS ≈ 7459
0.4955389740173218


success: True
χ²*    : 0.020870163545828546
θ*     : (1.6450623742844548, 0.48, 4.24055944192613, 1.0000000000274958, 0.5520384675672052, 0.04661479982156024)

=== Step: target eps_sp=0.500 (prev=0.480) ===
[μ=4.240559] f=m_dense-m_dilute=-0.0430
[equal-ρ] μ0=4.240559, ΔA=A_dense-A_dilute=-0.0430, ESS≈7505
[equal-ρ] bracket μ=4.240459, ΔA=-0.0393, ESS≈7505
[equal-ρ] bracket μ=4.240359, ΔA=-0.0355, ESS≈7505
[equal-ρ] bracket μ=4.240259, ΔA=-0.0318, ESS≈7504
[equal-ρ] bracket μ=4.240159, ΔA=-0.0280, ESS≈7503
[equal-ρ] bracket μ=4.240059, ΔA=-0.0242, ESS≈7502
[equal-ρ] bracket μ=4.239959, ΔA=-0.0205, ESS≈7501
[equal-ρ] bracket μ=4.239859, ΔA=-0.0167, ESS≈7499
[equal-ρ] bracket μ=4.239759, ΔA=-0.0129, ESS≈7498
[equal-ρ] bracket μ=4.239659, ΔA=-0.0092, ESS≈7496
[equal-ρ] bracket μ=4.239559, ΔA=-0.0054, ESS≈7493
[equal-ρ] bracket μ=4.239459, ΔA=-0.0016, ESS≈7491
[equal-ρ] bracket μ=4.239359, ΔA=+0.0021, ESS≈7488
[equal-ρ] bisect μ=4.239959, ΔA=-0.0205, ESS≈7501
[equal-ρ] bisect μ=4.239659, ΔA=-0.0092, ESS≈7496
mu* = 4.239659   ESS ≈ 7496
0.49499800133244504


success: True
χ²*    : 0.014290812390242134
θ*     : (1.6406074202037193, 0.5, 4.243577002049826, 1.0000000000052631, 0.5196573804179442, 0.015319283480268906)

=== Step: target eps_sp=0.520 (prev=0.500) ===
[μ=4.243577] f=m_dense-m_dilute=-0.1117
[step] μ=4.239577 f=+0.0801
[equal-ρ] μ0=4.239577, ΔA=A_dense-A_dilute=+0.0801, ESS≈7505
[equal-ρ] bracket μ=4.239677, ΔA=+0.0763, ESS≈7505
[equal-ρ] bracket μ=4.239777, ΔA=+0.0726, ESS≈7505
[equal-ρ] bracket μ=4.239877, ΔA=+0.0688, ESS≈7504
[equal-ρ] bracket μ=4.239977, ΔA=+0.0651, ESS≈7503
[equal-ρ] bracket μ=4.240077, ΔA=+0.0613, ESS≈7502
[equal-ρ] bracket μ=4.240177, ΔA=+0.0576, ESS≈7501
[equal-ρ] bracket μ=4.240277, ΔA=+0.0538, ESS≈7499
[equal-ρ] bracket μ=4.240377, ΔA=+0.0501, ESS≈7498
[equal-ρ] bracket μ=4.240477, ΔA=+0.0463, ESS≈7496
[equal-ρ] bracket μ=4.240577, ΔA=+0.0425, ESS≈7494
[equal-ρ] bracket μ=4.240677, ΔA=+0.0388, ESS≈7491
[equal-ρ] bracket μ=4.240777, ΔA=+0.0350, ESS≈7488
[equal-ρ] bracket μ=4.240877, ΔA=+0.0313, ESS≈7486
[equal-ρ] bracket μ=4.240977, ΔA=+0.0275, ESS≈7483
[equal-ρ] bracket μ=4.241077, ΔA=+0.0237, ESS≈7479
[equal-ρ] bracket μ=4.241177, ΔA=+0.0200, ESS≈7476
[equal-ρ] bracket μ=4.241277, ΔA=+0.0162, ESS≈7472
[equal-ρ] bracket μ=4.241377, ΔA=+0.0124, ESS≈7468
[equal-ρ] bracket μ=4.241477, ΔA=+0.0087, ESS≈7464
[equal-ρ] bracket μ=4.241577, ΔA=+0.0049, ESS≈7459
mu* = 4.241577   ESS ≈ 7459
0.49671818787475014


success: True
χ²*    : 0.020093201975053876
θ*     : (1.633720125225941, 0.52, 4.248399909164502, 0.999999999989608, 0.442875604473629, -0.040447257815435365)

=== Step: target eps_sp=0.540 (prev=0.520) ===
[μ=4.248400] f=m_dense-m_dilute=-0.3458
[step] μ=4.244400 f=-0.2095
[step] μ=4.240400 f=-0.0169
[equal-ρ] μ0=4.240400, ΔA=A_dense-A_dilute=-0.0169, ESS≈7505
[equal-ρ] bracket μ=4.240300, ΔA=-0.0132, ESS≈7505
[equal-ρ] bracket μ=4.240200, ΔA=-0.0094, ESS≈7505
[equal-ρ] bracket μ=4.240100, ΔA=-0.0056, ESS≈7504
[equal-ρ] bracket μ=4.240000, ΔA=-0.0019, ESS≈7503
[equal-ρ] bracket μ=4.239900, ΔA=+0.0019, ESS≈7502
[equal-ρ] bisect μ=4.240150, ΔA=-0.0075, ESS≈7504
mu* = 4.240150   ESS ≈ 7504
0.49918054630246506


success: False
χ²*    : 0.02304126865149237
θ*     : (1.6287778944257771, 0.54, 4.24474936827431, 1.000000000001014, 0.5024531327426043, 0.004339175027748302)

=== Step: target eps_sp=0.560 (prev=0.540) ===
[μ=4.244749] f=m_dense-m_dilute=-0.1334
[step] μ=4.240749 f=+0.0081
[equal-ρ] μ0=4.240749, ΔA=A_dense-A_dilute=+0.0081, ESS≈7505
mu* = 4.240749   ESS ≈ 7505
0.5013177881412392


success: True
χ²*    : 0.028748891099240635
θ*     : (1.623483346454139, 0.56, 4.246043861293728, 1.000000000003617, 0.49320187531210397, 0.011256585115448062)

=== Step: target eps_sp=0.580 (prev=0.560) ===
[μ=4.246044] f=m_dense-m_dilute=-0.1450
[step] μ=4.242044 f=+0.0177
[equal-ρ] μ0=4.242044, ΔA=A_dense-A_dilute=+0.0177, ESS≈7505
[equal-ρ] bracket μ=4.242144, ΔA=+0.0140, ESS≈7505
[equal-ρ] bracket μ=4.242244, ΔA=+0.0102, ESS≈7505
[equal-ρ] bracket μ=4.242344, ΔA=+0.0065, ESS≈7504
[equal-ρ] bracket μ=4.242444, ΔA=+0.0027, ESS≈7503
[equal-ρ] bracket μ=4.242544, ΔA=-0.0011, ESS≈7502
[equal-ρ] bisect μ=4.242294, ΔA=+0.0083, ESS≈7504
mu* = 4.242294   ESS ≈ 7504
0.49989873417721514


success: True
χ²*    : 0.01420440685074178
θ*     : (1.6184841586204437, 0.58, 4.2467275510005535, 0.9999999999971694, 0.4884518800145324, -0.010185860559436238)

=== Step: target eps_sp=0.600 (prev=0.580) ===
[μ=4.246728] f=m_dense-m_dilute=-0.1217
[step] μ=4.242728 f=+0.0521
[equal-ρ] μ0=4.242728, ΔA=A_dense-A_dilute=+0.0521, ESS≈7505
[equal-ρ] bracket μ=4.242828, ΔA=+0.0483, ESS≈7505
[equal-ρ] bracket μ=4.242928, ΔA=+0.0446, ESS≈7505
[equal-ρ] bracket μ=4.243028, ΔA=+0.0408, ESS≈7504
[equal-ρ] bracket μ=4.243128, ΔA=+0.0371, ESS≈7503
[equal-ρ] bracket μ=4.243228, ΔA=+0.0333, ESS≈7502
[equal-ρ] bracket μ=4.243328, ΔA=+0.0295, ESS≈7501
[equal-ρ] bracket μ=4.243428, ΔA=+0.0258, ESS≈7499
[equal-ρ] bracket μ=4.243528, ΔA=+0.0220, ESS≈7498
[equal-ρ] bracket μ=4.243628, ΔA=+0.0182, ESS≈7496
[equal-ρ] bracket μ=4.243728, ΔA=+0.0145, ESS≈7494
[equal-ρ] bracket μ=4.243828, ΔA=+0.0107, ESS≈7491
[equal-ρ] bracket μ=4.243928, ΔA=+0.0069, ESS≈7488
[equal-ρ] bracket μ=4.244028, ΔA=+0.0032, ESS≈7486
[equal-ρ] bracket μ=4.244128, ΔA=-0.0006, ESS≈7483
[equal-ρ] bisect μ=4.243428, ΔA=+0.0258, ESS≈7499
[equal-ρ] bisect μ=4.243778, ΔA=+0.0126, ESS≈7492
[equal-ρ] bisect μ=4.243953, ΔA=+0.0060, ESS≈7488
mu* = 4.243953   ESS ≈ 7488
0.4972271818787475


success: True
χ²*    : 0.01940058880933355
θ*     : (1.613381566145209, 0.6, 4.248657490832962, 0.9999999999882749, 0.43145432362867775, -0.05634152794645063)

=== Step: target eps_sp=0.620 (prev=0.600) ===
[μ=4.248657] f=m_dense-m_dilute=-0.1270
[step] μ=4.244657 f=-0.0093
[equal-ρ] μ0=4.244657, ΔA=A_dense-A_dilute=-0.0093, ESS≈7505
mu* = 4.244657   ESS ≈ 7505
0.4936655562958028


success: True
χ²*    : 0.01811726988683137
θ*     : (1.6085012005514678, 0.62, 4.250083970594319, 0.9999999999897945, 0.4460781684183034, -0.03457279375809862)

=== Step: target eps_sp=0.640 (prev=0.620) ===
[μ=4.250084] f=m_dense-m_dilute=-0.1267
[step] μ=4.246084 f=+0.0325
[equal-ρ] μ0=4.246084, ΔA=A_dense-A_dilute=+0.0325, ESS≈7505
[equal-ρ] bracket μ=4.246184, ΔA=+0.0288, ESS≈7505
[equal-ρ] bracket μ=4.246284, ΔA=+0.0250, ESS≈7505
[equal-ρ] bracket μ=4.246384, ΔA=+0.0213, ESS≈7504
[equal-ρ] bracket μ=4.246484, ΔA=+0.0176, ESS≈7503
[equal-ρ] bracket μ=4.246584, ΔA=+0.0138, ESS≈7502
[equal-ρ] bracket μ=4.246684, ΔA=+0.0101, ESS≈7501
[equal-ρ] bracket μ=4.246784, ΔA=+0.0063, ESS≈7499
[equal-ρ] bracket μ=4.246884, ΔA=+0.0026, ESS≈7498
[equal-ρ] bracket μ=4.246984, ΔA=-0.0011, ESS≈7496
[equal-ρ] bisect μ=4.246534, ΔA=+0.0157, ESS≈7503
[equal-ρ] bisect μ=4.246759, ΔA=+0.0073, ESS≈7500
mu* = 4.246759   ESS ≈ 7500
0.49634910059960025


success: False
χ²*    : 0.01548488722334455
θ*     : (1.6032155973408875, 0.64, 4.251759211989388, 0.9999999999873022, 0.4398226062320047, -0.04473477643473424)

=== Step: target eps_sp=0.660 (prev=0.640) ===
[μ=4.251759] f=m_dense-m_dilute=-0.1334
[step] μ=4.247759 f=+0.0188
[equal-ρ] μ0=4.247759, ΔA=A_dense-A_dilute=+0.0188, ESS≈7505
[equal-ρ] bracket μ=4.247859, ΔA=+0.0150, ESS≈7505
[equal-ρ] bracket μ=4.247959, ΔA=+0.0112, ESS≈7505
[equal-ρ] bracket μ=4.248059, ΔA=+0.0075, ESS≈7504
[equal-ρ] bracket μ=4.248159, ΔA=+0.0037, ESS≈7503
[equal-ρ] bracket μ=4.248259, ΔA=-0.0001, ESS≈7502
[equal-ρ] bisect μ=4.248009, ΔA=+0.0094, ESS≈7504
mu* = 4.248009   ESS ≈ 7504
0.49768687541638906


success: False
χ²*    : 0.014885060498933901
θ*     : (1.599037774662211, 0.66, 4.254006673627785, 0.9999999999946438, 0.4794259955011103, -0.01570615270025291)

=== Step: target eps_sp=0.680 (prev=0.660) ===
[μ=4.254007] f=m_dense-m_dilute=-0.1214
[step] μ=4.250007 f=+0.0282
[equal-ρ] μ0=4.250007, ΔA=A_dense-A_dilute=+0.0282, ESS≈7505
[equal-ρ] bracket μ=4.250107, ΔA=+0.0245, ESS≈7505
[equal-ρ] bracket μ=4.250207, ΔA=+0.0208, ESS≈7505
[equal-ρ] bracket μ=4.250307, ΔA=+0.0170, ESS≈7504
[equal-ρ] bracket μ=4.250407, ΔA=+0.0133, ESS≈7503
[equal-ρ] bracket μ=4.250507, ΔA=+0.0095, ESS≈7502
[equal-ρ] bracket μ=4.250607, ΔA=+0.0058, ESS≈7501
[equal-ρ] bracket μ=4.250707, ΔA=+0.0020, ESS≈7499
[equal-ρ] bracket μ=4.250807, ΔA=-0.0017, ESS≈7498
[equal-ρ] bisect μ=4.250407, ΔA=+0.0133, ESS≈7503
[equal-ρ] bisect μ=4.250607, ΔA=+0.0058, ESS≈7501
mu* = 4.250607   ESS ≈ 7501
0.49999999999999994


success: True
χ²*    : 0.04592952146686195
θ*     : (1.5927991003172821, 0.68, 4.2588708102043755, 0.9999999999932877, 0.44748660987723876, -0.02096482082122046)

=== Step: target eps_sp=0.700 (prev=0.680) ===
[μ=4.258871] f=m_dense-m_dilute=-0.2733
[step] μ=4.254871 f=-0.1408
[step] μ=4.250871 f=-0.0003
[equal-ρ] μ0=4.250871, ΔA=A_dense-A_dilute=-0.0003, ESS≈7505
mu* = 4.250871   ESS ≈ 7505
0.49669153897401735


success: True
χ²*    : 0.015086605008498222
θ*     : (1.5878948951629548, 0.7000000000000001, 4.255720747341815, 0.9999999999985756, 0.4921083057927923, -0.006470553641583914)

=== Step: target eps_sp=0.720 (prev=0.700) ===
[μ=4.255721] f=m_dense-m_dilute=-0.0886
[equal-ρ] μ0=4.255721, ΔA=A_dense-A_dilute=-0.0886, ESS≈7505
[equal-ρ] bracket μ=4.255621, ΔA=-0.0849, ESS≈7505
[equal-ρ] bracket μ=4.255521, ΔA=-0.0812, ESS≈7505
[equal-ρ] bracket μ=4.255421, ΔA=-0.0774, ESS≈7504
[equal-ρ] bracket μ=4.255321, ΔA=-0.0737, ESS≈7503
[equal-ρ] bracket μ=4.255221, ΔA=-0.0700, ESS≈7502
[equal-ρ] bracket μ=4.255121, ΔA=-0.0663, ESS≈7501
[equal-ρ] bracket μ=4.255021, ΔA=-0.0625, ESS≈7499
[equal-ρ] bracket μ=4.254921, ΔA=-0.0588, ESS≈7498
[equal-ρ] bracket μ=4.254821, ΔA=-0.0550, ESS≈7496
[equal-ρ] bracket μ=4.254721, ΔA=-0.0513, ESS≈7494
[equal-ρ] bracket μ=4.254621, ΔA=-0.0476, ESS≈7491
[equal-ρ] bracket μ=4.254521, ΔA=-0.0438, ESS≈7489
[equal-ρ] bracket μ=4.254421, ΔA=-0.0401, ESS≈7486
[equal-ρ] bracket μ=4.254321, ΔA=-0.0363, ESS≈7483
[equal-ρ] bracket μ=4.254221, ΔA=-0.0326, ESS≈7479
[equal-ρ] bracket μ=4.254121, ΔA=-0.0288, ESS≈7476
[equal-ρ] bracket μ=4.254021, ΔA=-0.0251, ESS≈7472
[equal-ρ] bracket μ=4.253921, ΔA=-0.0214, ESS≈7468
[equal-ρ] bracket μ=4.253821, ΔA=-0.0176, ESS≈7464
[equal-ρ] bracket μ=4.253721, ΔA=-0.0139, ESS≈7460
mu* = 4.253721   ESS ≈ 7460
0.49564423717521644


success: True
χ²*    : 0.01868830352211228
θ*     : (1.5824392515315824, 0.72, 4.259155755471892, 1.000000000006195, 0.5124648589167332, 0.01794138893255432)

=== Step: target eps_sp=0.740 (prev=0.720) ===
[μ=4.259156] f=m_dense-m_dilute=-0.2077
[step] μ=4.255156 f=-0.0301
[equal-ρ] μ0=4.255156, ΔA=A_dense-A_dilute=-0.0301, ESS≈7505
[equal-ρ] bracket μ=4.255056, ΔA=-0.0264, ESS≈7505
[equal-ρ] bracket μ=4.254956, ΔA=-0.0226, ESS≈7505
[equal-ρ] bracket μ=4.254856, ΔA=-0.0188, ESS≈7504
[equal-ρ] bracket μ=4.254756, ΔA=-0.0151, ESS≈7503
[equal-ρ] bracket μ=4.254656, ΔA=-0.0113, ESS≈7502
[equal-ρ] bracket μ=4.254556, ΔA=-0.0075, ESS≈7501
[equal-ρ] bracket μ=4.254456, ΔA=-0.0038, ESS≈7499
[equal-ρ] bracket μ=4.254356, ΔA=-0.0000, ESS≈7498
[equal-ρ] bracket μ=4.254256, ΔA=+0.0038, ESS≈7496
[equal-ρ] bisect μ=4.254706, ΔA=-0.0132, ESS≈7503
[equal-ρ] bisect μ=4.254481, ΔA=-0.0047, ESS≈7500
mu* = 4.254481   ESS ≈ 7500
0.4978947368421052


success: False
χ²*    : 0.016339014094794404
θ*     : (1.5821634275059553, 0.74, 4.254679188524219, 0.9999999999993148, 0.49547502396138854, -0.003096508698859538)

=== Step: target eps_sp=0.760 (prev=0.740) ===
[μ=4.254679] f=m_dense-m_dilute=+0.3769
[step] μ=4.258679 f=+0.2472
[step] μ=4.262679 f=+0.1191
[step] μ=4.266679 f=-0.0525
[equal-ρ] μ0=4.266679, ΔA=A_dense-A_dilute=-0.0525, ESS≈7505
[equal-ρ] bracket μ=4.266579, ΔA=-0.0487, ESS≈7505
[equal-ρ] bracket μ=4.266479, ΔA=-0.0449, ESS≈7505
[equal-ρ] bracket μ=4.266379, ΔA=-0.0411, ESS≈7504
[equal-ρ] bracket μ=4.266279, ΔA=-0.0373, ESS≈7503
[equal-ρ] bracket μ=4.266179, ΔA=-0.0336, ESS≈7502
[equal-ρ] bracket μ=4.266079, ΔA=-0.0298, ESS≈7501
[equal-ρ] bracket μ=4.265979, ΔA=-0.0260, ESS≈7499
[equal-ρ] bracket μ=4.265879, ΔA=-0.0222, ESS≈7498
[equal-ρ] bracket μ=4.265779, ΔA=-0.0184, ESS≈7496
[equal-ρ] bracket μ=4.265679, ΔA=-0.0146, ESS≈7493
[equal-ρ] bracket μ=4.265579, ΔA=-0.0108, ESS≈7491
[equal-ρ] bracket μ=4.265479, ΔA=-0.0070, ESS≈7488
[equal-ρ] bracket μ=4.265379, ΔA=-0.0032, ESS≈7485
[equal-ρ] bracket μ=4.265279, ΔA=+0.0006, ESS≈7482
[equal-ρ] bisect μ=4.265979, ΔA=-0.0260, ESS≈7499
[equal-ρ] bisect μ=4.265629, ΔA=-0.0127, ESS≈7492
[equal-ρ] bisect μ=4.265454, ΔA=-0.0061, ESS≈7488
mu* = 4.265454   ESS ≈ 7488
0.49982011992005326


success: True
χ²*    : 0.020307461921430903
θ*     : (1.5772523229074775, 0.76, 4.2699701909691585, 1.0000000000334948, 0.5943301543539083, 0.07757208920635977)

=== Step: target eps_sp=0.780 (prev=0.760) ===
[μ=4.269970] f=m_dense-m_dilute=-0.0606
[equal-ρ] μ0=4.269970, ΔA=A_dense-A_dilute=-0.0606, ESS≈7505
[equal-ρ] bracket μ=4.269870, ΔA=-0.0568, ESS≈7505
[equal-ρ] bracket μ=4.269770, ΔA=-0.0531, ESS≈7505
[equal-ρ] bracket μ=4.269670, ΔA=-0.0493, ESS≈7504
[equal-ρ] bracket μ=4.269570, ΔA=-0.0455, ESS≈7503
[equal-ρ] bracket μ=4.269470, ΔA=-0.0417, ESS≈7502
[equal-ρ] bracket μ=4.269370, ΔA=-0.0379, ESS≈7501
[equal-ρ] bracket μ=4.269270, ΔA=-0.0341, ESS≈7499
[equal-ρ] bracket μ=4.269170, ΔA=-0.0303, ESS≈7498
[equal-ρ] bracket μ=4.269070, ΔA=-0.0265, ESS≈7496
[equal-ρ] bracket μ=4.268970, ΔA=-0.0227, ESS≈7493
[equal-ρ] bracket μ=4.268870, ΔA=-0.0189, ESS≈7491
[equal-ρ] bracket μ=4.268770, ΔA=-0.0151, ESS≈7488
[equal-ρ] bracket μ=4.268670, ΔA=-0.0113, ESS≈7485
[equal-ρ] bracket μ=4.268570, ΔA=-0.0075, ESS≈7482
[equal-ρ] bracket μ=4.268470, ΔA=-0.0037, ESS≈7479
[equal-ρ] bracket μ=4.268370, ΔA=+0.0001, ESS≈7475
[equal-ρ] bisect μ=4.269170, ΔA=-0.0303, ESS≈7498
[equal-ρ] bisect μ=4.268770, ΔA=-0.0151, ESS≈7488
[equal-ρ] bisect μ=4.268570, ΔA=-0.0075, ESS≈7482
mu* = 4.268570   ESS ≈ 7482
0.49100333111259153


success: True
χ²*    : 0.021576469532136447
θ*     : (1.5720647074155936, 0.78, 4.273752913596147, 0.9999999999937212, 0.4676437169083879, -0.019997463335977055)

=== Step: target eps_sp=0.800 (prev=0.780) ===
[μ=4.273753] f=m_dense-m_dilute=-0.1117
[step] μ=4.269753 f=-0.0028
[equal-ρ] μ0=4.269753, ΔA=A_dense-A_dilute=-0.0028, ESS≈7505
mu* = 4.269753   ESS ≈ 7505
0.49573351099267154


success: True
χ²*    : 0.03297805151230781
θ*     : (1.5654649657318958, 0.8, 4.274198353040049, 0.9999999999947706, 0.45702944413378005, -0.016244950229698855)

=== Step: target eps_sp=0.820 (prev=0.800) ===
[μ=4.274198] f=m_dense-m_dilute=-0.2384
[step] μ=4.270198 f=-0.0636
[equal-ρ] μ0=4.270198, ΔA=A_dense-A_dilute=-0.0636, ESS≈7505
[equal-ρ] bracket μ=4.270098, ΔA=-0.0598, ESS≈7505
[equal-ρ] bracket μ=4.269998, ΔA=-0.0561, ESS≈7505
[equal-ρ] bracket μ=4.269898, ΔA=-0.0523, ESS≈7504
[equal-ρ] bracket μ=4.269798, ΔA=-0.0486, ESS≈7503
[equal-ρ] bracket μ=4.269698, ΔA=-0.0448, ESS≈7502
[equal-ρ] bracket μ=4.269598, ΔA=-0.0410, ESS≈7501
[equal-ρ] bracket μ=4.269498, ΔA=-0.0373, ESS≈7499
[equal-ρ] bracket μ=4.269398, ΔA=-0.0335, ESS≈7498
[equal-ρ] bracket μ=4.269298, ΔA=-0.0298, ESS≈7496
[equal-ρ] bracket μ=4.269198, ΔA=-0.0260, ESS≈7494
[equal-ρ] bracket μ=4.269098, ΔA=-0.0222, ESS≈7491
[equal-ρ] bracket μ=4.268998, ΔA=-0.0185, ESS≈7488
[equal-ρ] bracket μ=4.268898, ΔA=-0.0147, ESS≈7486
[equal-ρ] bracket μ=4.268798, ΔA=-0.0109, ESS≈7483
[equal-ρ] bracket μ=4.268698, ΔA=-0.0072, ESS≈7479
[equal-ρ] bracket μ=4.268598, ΔA=-0.0034, ESS≈7476
[equal-ρ] bracket μ=4.268498, ΔA=+0.0003, ESS≈7472
[equal-ρ] bisect μ=4.269348, ΔA=-0.0316, ESS≈7497
[equal-ρ] bisect μ=4.268923, ΔA=-0.0157, ESS≈7486
[equal-ρ] bisect μ=4.268711, ΔA=-0.0077, ESS≈7480
mu* = 4.268711   ESS ≈ 7480
0.49211192538307796


success: False
χ²*    : 0.01518439357330369
θ*     : (1.5610950827448187, 0.8200000000000001, 4.272921254555824, 1.0000000000032658, 0.5128206058383253, 0.010162580329548677)

=== Step: target eps_sp=0.840 (prev=0.820) ===
[μ=4.272921] f=m_dense-m_dilute=-0.0136
[equal-ρ] μ0=4.272921, ΔA=A_dense-A_dilute=-0.0136, ESS≈7505
[equal-ρ] bracket μ=4.272821, ΔA=-0.0098, ESS≈7505
[equal-ρ] bracket μ=4.272721, ΔA=-0.0060, ESS≈7505
[equal-ρ] bracket μ=4.272621, ΔA=-0.0023, ESS≈7504
[equal-ρ] bracket μ=4.272521, ΔA=+0.0015, ESS≈7503
[equal-ρ] bisect μ=4.272721, ΔA=-0.0060, ESS≈7505
mu* = 4.272721   ESS ≈ 7505
0.4965369753497668


success: True
χ²*    : 0.01816217183667461
θ*     : (1.5560293412048563, 0.84, 4.277305812435018, 0.9999999999996679, 0.49797583538264245, -0.0016003635869400986)

=== Step: target eps_sp=0.860 (prev=0.840) ===
[μ=4.277306] f=m_dense-m_dilute=-0.1214
[step] μ=4.273306 f=+0.0449
[equal-ρ] μ0=4.273306, ΔA=A_dense-A_dilute=+0.0449, ESS≈7505
[equal-ρ] bracket μ=4.273406, ΔA=+0.0411, ESS≈7505
[equal-ρ] bracket μ=4.273506, ΔA=+0.0374, ESS≈7505
[equal-ρ] bracket μ=4.273606, ΔA=+0.0336, ESS≈7504
[equal-ρ] bracket μ=4.273706, ΔA=+0.0298, ESS≈7503
[equal-ρ] bracket μ=4.273806, ΔA=+0.0261, ESS≈7502
[equal-ρ] bracket μ=4.273906, ΔA=+0.0223, ESS≈7501
[equal-ρ] bracket μ=4.274006, ΔA=+0.0185, ESS≈7499
[equal-ρ] bracket μ=4.274106, ΔA=+0.0148, ESS≈7498
[equal-ρ] bracket μ=4.274206, ΔA=+0.0110, ESS≈7496
[equal-ρ] bracket μ=4.274306, ΔA=+0.0072, ESS≈7493
[equal-ρ] bracket μ=4.274406, ΔA=+0.0035, ESS≈7491
[equal-ρ] bracket μ=4.274506, ΔA=-0.0003, ESS≈7488
[equal-ρ] bisect μ=4.273906, ΔA=+0.0223, ESS≈7501
[equal-ρ] bisect μ=4.274206, ΔA=+0.0110, ESS≈7496
[equal-ρ] bisect μ=4.274356, ΔA=+0.0053, ESS≈7492
mu* = 4.274356   ESS ≈ 7492
0.4980999333777482


success: True
χ²*    : 0.014244378623678385
θ*     : (1.550389882559392, 0.86, 4.279890667286541, 0.999999999994373, 0.47615133093865525, -0.017775556023513956)

=== Step: target eps_sp=0.880 (prev=0.860) ===
[μ=4.279891] f=m_dense-m_dilute=-0.1494
[step] μ=4.275891 f=-0.0544
[equal-ρ] μ0=4.275891, ΔA=A_dense-A_dilute=-0.0544, ESS≈7505
[equal-ρ] bracket μ=4.275791, ΔA=-0.0506, ESS≈7505
[equal-ρ] bracket μ=4.275691, ΔA=-0.0469, ESS≈7505
[equal-ρ] bracket μ=4.275591, ΔA=-0.0431, ESS≈7504
[equal-ρ] bracket μ=4.275491, ΔA=-0.0394, ESS≈7503
[equal-ρ] bracket μ=4.275391, ΔA=-0.0356, ESS≈7502
[equal-ρ] bracket μ=4.275291, ΔA=-0.0319, ESS≈7501
[equal-ρ] bracket μ=4.275191, ΔA=-0.0281, ESS≈7499
[equal-ρ] bracket μ=4.275091, ΔA=-0.0244, ESS≈7498
[equal-ρ] bracket μ=4.274991, ΔA=-0.0206, ESS≈7496
[equal-ρ] bracket μ=4.274891, ΔA=-0.0169, ESS≈7494
[equal-ρ] bracket μ=4.274791, ΔA=-0.0131, ESS≈7491
[equal-ρ] bracket μ=4.274691, ΔA=-0.0094, ESS≈7489
[equal-ρ] bracket μ=4.274591, ΔA=-0.0056, ESS≈7486
[equal-ρ] bracket μ=4.274491, ΔA=-0.0019, ESS≈7483
[equal-ρ] bracket μ=4.274391, ΔA=+0.0019, ESS≈7479
[equal-ρ] bisect μ=4.275141, ΔA=-0.0263, ESS≈7499
[equal-ρ] bisect μ=4.274766, ΔA=-0.0122, ESS≈7491
[equal-ρ] bisect μ=4.274578, ΔA=-0.0051, ESS≈7485
mu* = 4.274578   ESS ≈ 7485
0.4960612924716855


success: False
χ²*    : 0.015264646659288226
θ*     : (1.5454992414505988, 0.88, 4.279348894234254, 0.9999999999998744, 0.4968397702704765, -0.0008644016267511006)

=== Step: target eps_sp=0.900 (prev=0.880) ===
[μ=4.279349] f=m_dense-m_dilute=-0.0270
[equal-ρ] μ0=4.279349, ΔA=A_dense-A_dilute=-0.0270, ESS≈7505
[equal-ρ] bracket μ=4.279249, ΔA=-0.0233, ESS≈7505
[equal-ρ] bracket μ=4.279149, ΔA=-0.0196, ESS≈7505
[equal-ρ] bracket μ=4.279049, ΔA=-0.0158, ESS≈7504
[equal-ρ] bracket μ=4.278949, ΔA=-0.0121, ESS≈7503
[equal-ρ] bracket μ=4.278849, ΔA=-0.0083, ESS≈7502
[equal-ρ] bracket μ=4.278749, ΔA=-0.0046, ESS≈7501
[equal-ρ] bracket μ=4.278649, ΔA=-0.0008, ESS≈7499
[equal-ρ] bracket μ=4.278549, ΔA=+0.0029, ESS≈7498
[equal-ρ] bisect μ=4.278949, ΔA=-0.0121, ESS≈7503
[equal-ρ] bisect μ=4.278749, ΔA=-0.0046, ESS≈7501
mu* = 4.278749   ESS ≈ 7501
0.4957868087941373


success: True
χ²*    : 0.017467824923381926
θ*     : (1.5407556298360305, 0.9, 4.28344661930954, 0.9999999999994413, 0.49775514662580855, -0.0024886971534101945)

=== Step: target eps_sp=0.920 (prev=0.900) ===
[μ=4.283447] f=m_dense-m_dilute=-0.0890
[equal-ρ] μ0=4.283447, ΔA=A_dense-A_dilute=-0.0890, ESS≈7505
[equal-ρ] bracket μ=4.283347, ΔA=-0.0853, ESS≈7505
[equal-ρ] bracket μ=4.283247, ΔA=-0.0815, ESS≈7505
[equal-ρ] bracket μ=4.283147, ΔA=-0.0778, ESS≈7504
[equal-ρ] bracket μ=4.283047, ΔA=-0.0741, ESS≈7503
[equal-ρ] bracket μ=4.282947, ΔA=-0.0703, ESS≈7502
[equal-ρ] bracket μ=4.282847, ΔA=-0.0666, ESS≈7501
[equal-ρ] bracket μ=4.282747, ΔA=-0.0629, ESS≈7499
[equal-ρ] bracket μ=4.282647, ΔA=-0.0591, ESS≈7498
[equal-ρ] bracket μ=4.282547, ΔA=-0.0554, ESS≈7496
[equal-ρ] bracket μ=4.282447, ΔA=-0.0516, ESS≈7494
[equal-ρ] bracket μ=4.282347, ΔA=-0.0479, ESS≈7491
[equal-ρ] bracket μ=4.282247, ΔA=-0.0441, ESS≈7489
[equal-ρ] bracket μ=4.282147, ΔA=-0.0404, ESS≈7486
[equal-ρ] bracket μ=4.282047, ΔA=-0.0366, ESS≈7483
[equal-ρ] bracket μ=4.281947, ΔA=-0.0329, ESS≈7479
[equal-ρ] bracket μ=4.281847, ΔA=-0.0291, ESS≈7476
[equal-ρ] bracket μ=4.281747, ΔA=-0.0254, ESS≈7472
[equal-ρ] bracket μ=4.281647, ΔA=-0.0216, ESS≈7468
[equal-ρ] bracket μ=4.281547, ΔA=-0.0179, ESS≈7464
[equal-ρ] bracket μ=4.281447, ΔA=-0.0141, ESS≈7459
mu* = 4.281447   ESS ≈ 7459
0.49468620919387074


success: False
χ²*    : 0.017020420354711168
θ*     : (1.5363603383165605, 0.92, 4.285762391829393, 1.0000000000345803, 0.5675279365265998, 0.04989466148497492)

=== Step: target eps_sp=0.940 (prev=0.920) ===
[μ=4.285762] f=m_dense-m_dilute=-0.0171
[equal-ρ] μ0=4.285762, ΔA=A_dense-A_dilute=-0.0171, ESS≈7505
[equal-ρ] bracket μ=4.285662, ΔA=-0.0133, ESS≈7505
[equal-ρ] bracket μ=4.285562, ΔA=-0.0096, ESS≈7505
[equal-ρ] bracket μ=4.285462, ΔA=-0.0058, ESS≈7504
[equal-ρ] bracket μ=4.285362, ΔA=-0.0021, ESS≈7503
[equal-ρ] bracket μ=4.285262, ΔA=+0.0017, ESS≈7502
[equal-ρ] bisect μ=4.285512, ΔA=-0.0077, ESS≈7504
mu* = 4.285512   ESS ≈ 7504
0.49136175882744837


success: True
χ²*    : 0.014462779484388566
θ*     : (1.530860432401747, 0.9400000000000001, 4.290931320456157, 0.9999999999886795, 0.44444066396250187, -0.0403801257225924)

=== Step: target eps_sp=0.960 (prev=0.940) ===
[μ=4.290931] f=m_dense-m_dilute=-0.1287
[step] μ=4.286931 f=-0.0136
[equal-ρ] μ0=4.286931, ΔA=A_dense-A_dilute=-0.0136, ESS≈7505
[equal-ρ] bracket μ=4.286831, ΔA=-0.0098, ESS≈7505
[equal-ρ] bracket μ=4.286731, ΔA=-0.0061, ESS≈7505
[equal-ρ] bracket μ=4.286631, ΔA=-0.0023, ESS≈7504
[equal-ρ] bracket μ=4.286531, ΔA=+0.0014, ESS≈7503
[equal-ρ] bisect μ=4.286731, ΔA=-0.0061, ESS≈7505
mu* = 4.286731   ESS ≈ 7505
0.5017561625582945


success: True
χ²*    : 0.020431457051325538
θ*     : (1.5252670212896058, 0.96, 4.292324686259076, 1.0000000000159976, 0.5341841572642505, 0.030934368657435787)

=== Step: target eps_sp=0.980 (prev=0.960) ===
[μ=4.292325] f=m_dense-m_dilute=-0.1085
[step] μ=4.288325 f=+0.0096
[equal-ρ] μ0=4.288325, ΔA=A_dense-A_dilute=+0.0096, ESS≈7505
mu* = 4.288325   ESS ≈ 7505
0.49813590939373753


success: True
χ²*    : 0.016640920349241375
θ*     : (1.5197563476812916, 0.98, 4.293781872165412, 0.9999999999990077, 0.4914593213201283, -0.004315332224996743)

=== Step: target eps_sp=1.000 (prev=0.980) ===
[μ=4.293782] f=m_dense-m_dilute=-0.1268
[step] μ=4.289782 f=+0.0079
[equal-ρ] μ0=4.289782, ΔA=A_dense-A_dilute=+0.0079, ESS≈7505
mu* = 4.289782   ESS ≈ 7505
0.49950966022651566


success: False
χ²*    : 0.013801077107721509
θ*     : (1.5127171674459416, 1.0, 4.293145650376483, 1.000000000002672, 0.5098093990623469, 0.00855664071097042)

=== Step: target eps_sp=1.020 (prev=1.000) ===
[μ=4.293146] f=m_dense-m_dilute=-0.1398
[step] μ=4.289146 f=+0.0325
[equal-ρ] μ0=4.289146, ΔA=A_dense-A_dilute=+0.0325, ESS≈7505
[equal-ρ] bracket μ=4.289246, ΔA=+0.0288, ESS≈7505
[equal-ρ] bracket μ=4.289346, ΔA=+0.0250, ESS≈7505
[equal-ρ] bracket μ=4.289446, ΔA=+0.0213, ESS≈7504
[equal-ρ] bracket μ=4.289546, ΔA=+0.0176, ESS≈7503
[equal-ρ] bracket μ=4.289646, ΔA=+0.0138, ESS≈7502
[equal-ρ] bracket μ=4.289746, ΔA=+0.0101, ESS≈7501
[equal-ρ] bracket μ=4.289846, ΔA=+0.0064, ESS≈7499
[equal-ρ] bracket μ=4.289946, ΔA=+0.0026, ESS≈7498
[equal-ρ] bracket μ=4.290046, ΔA=-0.0011, ESS≈7496
[equal-ρ] bisect μ=4.289596, ΔA=+0.0157, ESS≈7503
[equal-ρ] bisect μ=4.289821, ΔA=+0.0073, ESS≈7500
mu* = 4.289821   ESS ≈ 7500
0.49195869420386407


success: True
χ²*    : 0.013659522752673327
θ*     : (1.5015629174019827, 1.02, 4.288917849624718, 0.9999999999904167, 0.44560746612948027, -0.038893325466819666)

=== Step: target eps_sp=1.040 (prev=1.020) ===
[μ=4.288918] f=m_dense-m_dilute=-0.3275
[step] μ=4.284918 f=-0.1667
[step] μ=4.280918 f=-0.0494
[equal-ρ] μ0=4.280918, ΔA=A_dense-A_dilute=-0.0494, ESS≈7505
[equal-ρ] bracket μ=4.280818, ΔA=-0.0458, ESS≈7505
[equal-ρ] bracket μ=4.280718, ΔA=-0.0421, ESS≈7505
[equal-ρ] bracket μ=4.280618, ΔA=-0.0384, ESS≈7504
[equal-ρ] bracket μ=4.280518, ΔA=-0.0347, ESS≈7503
[equal-ρ] bracket μ=4.280418, ΔA=-0.0310, ESS≈7502
[equal-ρ] bracket μ=4.280318, ΔA=-0.0273, ESS≈7501
[equal-ρ] bracket μ=4.280218, ΔA=-0.0237, ESS≈7500
[equal-ρ] bracket μ=4.280118, ΔA=-0.0200, ESS≈7498
[equal-ρ] bracket μ=4.280018, ΔA=-0.0163, ESS≈7496
[equal-ρ] bracket μ=4.279918, ΔA=-0.0126, ESS≈7494
[equal-ρ] bracket μ=4.279818, ΔA=-0.0089, ESS≈7492
[equal-ρ] bracket μ=4.279718, ΔA=-0.0052, ESS≈7489
[equal-ρ] bracket μ=4.279618, ΔA=-0.0015, ESS≈7486
[equal-ρ] bracket μ=4.279518, ΔA=+0.0021, ESS≈7483
[equal-ρ] bisect μ=4.280218, ΔA=-0.0237, ESS≈7500
[equal-ρ] bisect μ=4.279868, ΔA=-0.0108, ESS≈7493
[equal-ρ] bisect μ=4.279693, ΔA=-0.0043, ESS≈7488
mu* = 4.279693   ESS ≈ 7488
0.49325782811459024


success: True
χ²*    : 0.009829075950495803
θ*     : (1.4963641107023835, 1.04, 4.284851596707371, 0.9999999999975812, 0.483172456577004, -0.011168125842016029)

=== Step: target eps_sp=1.060 (prev=1.040) ===
[μ=4.284852] f=m_dense-m_dilute=-0.0954
[equal-ρ] μ0=4.284852, ΔA=A_dense-A_dilute=-0.0954, ESS≈7505
[equal-ρ] bracket μ=4.284752, ΔA=-0.0917, ESS≈7505
[equal-ρ] bracket μ=4.284652, ΔA=-0.0880, ESS≈7505
[equal-ρ] bracket μ=4.284552, ΔA=-0.0844, ESS≈7504
[equal-ρ] bracket μ=4.284452, ΔA=-0.0807, ESS≈7503
[equal-ρ] bracket μ=4.284352, ΔA=-0.0770, ESS≈7502
[equal-ρ] bracket μ=4.284252, ΔA=-0.0733, ESS≈7501
[equal-ρ] bracket μ=4.284152, ΔA=-0.0696, ESS≈7500
[equal-ρ] bracket μ=4.284052, ΔA=-0.0659, ESS≈7498
[equal-ρ] bracket μ=4.283952, ΔA=-0.0622, ESS≈7496
[equal-ρ] bracket μ=4.283852, ΔA=-0.0585, ESS≈7494
[equal-ρ] bracket μ=4.283752, ΔA=-0.0548, ESS≈7491
[equal-ρ] bracket μ=4.283652, ΔA=-0.0511, ESS≈7489
[equal-ρ] bracket μ=4.283552, ΔA=-0.0474, ESS≈7486
[equal-ρ] bracket μ=4.283452, ΔA=-0.0437, ESS≈7483
[equal-ρ] bracket μ=4.283352, ΔA=-0.0400, ESS≈7480
[equal-ρ] bracket μ=4.283252, ΔA=-0.0362, ESS≈7476
[equal-ρ] bracket μ=4.283152, ΔA=-0.0325, ESS≈7473
[equal-ρ] bracket μ=4.283052, ΔA=-0.0288, ESS≈7469
[equal-ρ] bracket μ=4.282952, ΔA=-0.0251, ESS≈7465
[equal-ρ] bracket μ=4.282852, ΔA=-0.0214, ESS≈7460
mu* = 4.282852   ESS ≈ 7460
0.4904463690872752


success: True
χ²*    : 0.016655302232874165
θ*     : (1.4920365312198745, 1.06, 4.287026052583046, 1.0000000000022302, 0.5151314405373786, 0.008356508299019356)

=== Step: target eps_sp=1.080 (prev=1.060) ===
[μ=4.287026] f=m_dense-m_dilute=-0.0019
[equal-ρ] μ0=4.287026, ΔA=A_dense-A_dilute=-0.0019, ESS≈7505
mu* = 4.287026   ESS ≈ 7505
0.494871419053964


success: True
χ²*    : 0.01281107984234427
θ*     : (1.4857009194352244, 1.08, 4.291281189081142, 0.9999999999937724, 0.4726654594315798, -0.02427709000826368)

=== Step: target eps_sp=1.100 (prev=1.080) ===
[μ=4.291281] f=m_dense-m_dilute=-0.1447
[step] μ=4.287281 f=-0.0015
[equal-ρ] μ0=4.287281, ΔA=A_dense-A_dilute=-0.0015, ESS≈7505
mu* = 4.287281   ESS ≈ 7505
0.4939200532978015


success: True
χ²*    : 0.010483931807173573
θ*     : (1.4800163758772262, 1.1, 4.293110388254964, 0.9999999999931296, 0.4602117309323016, -0.026934727197833082)

=== Step: target eps_sp=1.120 (prev=1.100) ===
[μ=4.293110] f=m_dense-m_dilute=-0.1185
[step] μ=4.289110 f=+0.0149
[equal-ρ] μ0=4.289110, ΔA=A_dense-A_dilute=+0.0149, ESS≈7505
[equal-ρ] bracket μ=4.289210, ΔA=+0.0112, ESS≈7505
[equal-ρ] bracket μ=4.289310, ΔA=+0.0075, ESS≈7505
[equal-ρ] bracket μ=4.289410, ΔA=+0.0039, ESS≈7504
[equal-ρ] bracket μ=4.289510, ΔA=+0.0002, ESS≈7503
[equal-ρ] bracket μ=4.289610, ΔA=-0.0035, ESS≈7502
[equal-ρ] bisect μ=4.289360, ΔA=+0.0057, ESS≈7504
mu* = 4.289360   ESS ≈ 7504
0.4967328447701532


success: True
χ²*    : 0.011686846083898157
θ*     : (1.4739172528841737, 1.12, 4.295337487311043, 0.999999999999138, 0.4907676446027581, -0.0036161251106112684)

=== Step: target eps_sp=1.140 (prev=1.120) ===
[μ=4.295337] f=m_dense-m_dilute=-0.1664
[step] μ=4.291337 f=-0.0219
[equal-ρ] μ0=4.291337, ΔA=A_dense-A_dilute=-0.0219, ESS≈7505
[equal-ρ] bracket μ=4.291237, ΔA=-0.0182, ESS≈7505
[equal-ρ] bracket μ=4.291137, ΔA=-0.0145, ESS≈7505
[equal-ρ] bracket μ=4.291037, ΔA=-0.0108, ESS≈7504
[equal-ρ] bracket μ=4.290937, ΔA=-0.0072, ESS≈7503
[equal-ρ] bracket μ=4.290837, ΔA=-0.0035, ESS≈7502
[equal-ρ] bracket μ=4.290737, ΔA=+0.0002, ESS≈7501
[equal-ρ] bisect μ=4.291037, ΔA=-0.0108, ESS≈7504
[equal-ρ] bisect μ=4.290887, ΔA=-0.0053, ESS≈7503
mu* = 4.290887   ESS ≈ 7503
0.4942385076615589


success: True
χ²*    : 0.012956699912465933
θ*     : (1.4682086163505186, 1.1400000000000001, 4.296227527826844, 0.9999999999982584, 0.48845404306306667, -0.00767132269324542)

=== Step: target eps_sp=1.160 (prev=1.140) ===
[μ=4.296228] f=m_dense-m_dilute=-0.1352
[step] μ=4.292228 f=+0.0430
[equal-ρ] μ0=4.292228, ΔA=A_dense-A_dilute=+0.0430, ESS≈7505
[equal-ρ] bracket μ=4.292328, ΔA=+0.0394, ESS≈7505
[equal-ρ] bracket μ=4.292428, ΔA=+0.0357, ESS≈7505
[equal-ρ] bracket μ=4.292528, ΔA=+0.0321, ESS≈7504
[equal-ρ] bracket μ=4.292628, ΔA=+0.0284, ESS≈7503
[equal-ρ] bracket μ=4.292728, ΔA=+0.0248, ESS≈7502
[equal-ρ] bracket μ=4.292828, ΔA=+0.0211, ESS≈7501
[equal-ρ] bracket μ=4.292928, ΔA=+0.0175, ESS≈7500
[equal-ρ] bracket μ=4.293028, ΔA=+0.0138, ESS≈7498
[equal-ρ] bracket μ=4.293128, ΔA=+0.0102, ESS≈7496
[equal-ρ] bracket μ=4.293228, ΔA=+0.0065, ESS≈7494
[equal-ρ] bracket μ=4.293328, ΔA=+0.0028, ESS≈7492
[equal-ρ] bracket μ=4.293428, ΔA=-0.0008, ESS≈7489
[equal-ρ] bisect μ=4.292828, ΔA=+0.0211, ESS≈7501
[equal-ρ] bisect μ=4.293128, ΔA=+0.0102, ESS≈7496
[equal-ρ] bisect μ=4.293278, ΔA=+0.0047, ESS≈7493
mu* = 4.293278   ESS ≈ 7493
0.49648900732844764


success: True
χ²*    : 0.01199282421198274
θ*     : (1.4614138139215107, 1.16, 4.299345966967292, 0.9999999999879424, 0.43660632767238333, -0.044129671619413294)

=== Step: target eps_sp=1.180 (prev=1.160) ===
[μ=4.299346] f=m_dense-m_dilute=-0.2289
[step] μ=4.295346 f=-0.0838
[equal-ρ] μ0=4.295346, ΔA=A_dense-A_dilute=-0.0838, ESS≈7505
[equal-ρ] bracket μ=4.295246, ΔA=-0.0802, ESS≈7505
[equal-ρ] bracket μ=4.295146, ΔA=-0.0765, ESS≈7505
[equal-ρ] bracket μ=4.295046, ΔA=-0.0729, ESS≈7504
[equal-ρ] bracket μ=4.294946, ΔA=-0.0693, ESS≈7503
[equal-ρ] bracket μ=4.294846, ΔA=-0.0656, ESS≈7502
[equal-ρ] bracket μ=4.294746, ΔA=-0.0620, ESS≈7501
[equal-ρ] bracket μ=4.294646, ΔA=-0.0584, ESS≈7500
[equal-ρ] bracket μ=4.294546, ΔA=-0.0547, ESS≈7498
[equal-ρ] bracket μ=4.294446, ΔA=-0.0511, ESS≈7496
[equal-ρ] bracket μ=4.294346, ΔA=-0.0474, ESS≈7494
[equal-ρ] bracket μ=4.294246, ΔA=-0.0438, ESS≈7492
[equal-ρ] bracket μ=4.294146, ΔA=-0.0401, ESS≈7489
[equal-ρ] bracket μ=4.294046, ΔA=-0.0365, ESS≈7486
[equal-ρ] bracket μ=4.293946, ΔA=-0.0328, ESS≈7484
[equal-ρ] bracket μ=4.293846, ΔA=-0.0292, ESS≈7480
[equal-ρ] bracket μ=4.293746, ΔA=-0.0255, ESS≈7477
[equal-ρ] bracket μ=4.293646, ΔA=-0.0219, ESS≈7473
[equal-ρ] bracket μ=4.293546, ΔA=-0.0182, ESS≈7469
[equal-ρ] bracket μ=4.293446, ΔA=-0.0146, ESS≈7465
[equal-ρ] bracket μ=4.293346, ΔA=-0.0109, ESS≈7461
mu* = 4.293346   ESS ≈ 7461
0.4877348434377082


success: True
χ²*    : 0.008253024647424223
θ*     : (1.4563869480535914, 1.18, 4.298149327443223, 0.9999999999914565, 0.4513507090397073, -0.035720285682522654)

=== Step: target eps_sp=1.200 (prev=1.180) ===
[μ=4.298149] f=m_dense-m_dilute=-0.0890
[equal-ρ] μ0=4.298149, ΔA=A_dense-A_dilute=-0.0890, ESS≈7505
[equal-ρ] bracket μ=4.298049, ΔA=-0.0854, ESS≈7505
[equal-ρ] bracket μ=4.297949, ΔA=-0.0818, ESS≈7505
[equal-ρ] bracket μ=4.297849, ΔA=-0.0782, ESS≈7504
[equal-ρ] bracket μ=4.297749, ΔA=-0.0745, ESS≈7503
[equal-ρ] bracket μ=4.297649, ΔA=-0.0709, ESS≈7502
[equal-ρ] bracket μ=4.297549, ΔA=-0.0673, ESS≈7501
[equal-ρ] bracket μ=4.297449, ΔA=-0.0637, ESS≈7500
[equal-ρ] bracket μ=4.297349, ΔA=-0.0600, ESS≈7498
[equal-ρ] bracket μ=4.297249, ΔA=-0.0564, ESS≈7496
[equal-ρ] bracket μ=4.297149, ΔA=-0.0528, ESS≈7494
[equal-ρ] bracket μ=4.297049, ΔA=-0.0491, ESS≈7492
[equal-ρ] bracket μ=4.296949, ΔA=-0.0455, ESS≈7489
[equal-ρ] bracket μ=4.296849, ΔA=-0.0419, ESS≈7487
[equal-ρ] bracket μ=4.296749, ΔA=-0.0382, ESS≈7484
[equal-ρ] bracket μ=4.296649, ΔA=-0.0346, ESS≈7480
[equal-ρ] bracket μ=4.296549, ΔA=-0.0310, ESS≈7477
[equal-ρ] bracket μ=4.296449, ΔA=-0.0273, ESS≈7474
[equal-ρ] bracket μ=4.296349, ΔA=-0.0237, ESS≈7470
[equal-ρ] bracket μ=4.296249, ΔA=-0.0200, ESS≈7466
[equal-ρ] bracket μ=4.296149, ΔA=-0.0164, ESS≈7461
mu* = 4.296149   ESS ≈ 7461
0.492435709526982


success: True
χ²*    : 0.008786830305190525
θ*     : (1.4516831920737017, 1.2, 4.300782053382736, 1.0000000000018474, 0.5093452498446478, 0.0068980406323404546)

=== Step: target eps_sp=1.220 (prev=1.200) ===
[μ=4.300782] f=m_dense-m_dilute=-0.0047
[equal-ρ] μ0=4.300782, ΔA=A_dense-A_dilute=-0.0047, ESS≈7505
mu* = 4.300782   ESS ≈ 7505
0.4923624250499667


success: True
χ²*    : 0.010856270550426997
θ*     : (1.4446840874711815, 1.22, 4.3056245625950105, 0.9999999999882933, 0.4513403439967056, -0.03166376740245563)

=== Step: target eps_sp=1.240 (prev=1.220) ===
[μ=4.305625] f=m_dense-m_dilute=-0.2131
[step] μ=4.301625 f=-0.0556
[equal-ρ] μ0=4.301625, ΔA=A_dense-A_dilute=-0.0556, ESS≈7505
[equal-ρ] bracket μ=4.301525, ΔA=-0.0519, ESS≈7505
[equal-ρ] bracket μ=4.301425, ΔA=-0.0483, ESS≈7505
[equal-ρ] bracket μ=4.301325, ΔA=-0.0447, ESS≈7504
[equal-ρ] bracket μ=4.301225, ΔA=-0.0410, ESS≈7503
[equal-ρ] bracket μ=4.301125, ΔA=-0.0374, ESS≈7502
[equal-ρ] bracket μ=4.301025, ΔA=-0.0338, ESS≈7501
[equal-ρ] bracket μ=4.300925, ΔA=-0.0301, ESS≈7500
[equal-ρ] bracket μ=4.300825, ΔA=-0.0265, ESS≈7498
[equal-ρ] bracket μ=4.300725, ΔA=-0.0229, ESS≈7496
[equal-ρ] bracket μ=4.300625, ΔA=-0.0192, ESS≈7494
[equal-ρ] bracket μ=4.300525, ΔA=-0.0156, ESS≈7492
[equal-ρ] bracket μ=4.300425, ΔA=-0.0119, ESS≈7489
[equal-ρ] bracket μ=4.300325, ΔA=-0.0083, ESS≈7487
[equal-ρ] bracket μ=4.300225, ΔA=-0.0047, ESS≈7484
[equal-ρ] bracket μ=4.300125, ΔA=-0.0010, ESS≈7480
[equal-ρ] bracket μ=4.300025, ΔA=+0.0026, ESS≈7477
[equal-ρ] bisect μ=4.300825, ΔA=-0.0265, ESS≈7498
[equal-ρ] bisect μ=4.300425, ΔA=-0.0119, ESS≈7489
[equal-ρ] bisect μ=4.300225, ΔA=-0.0047, ESS≈7484
mu* = 4.300225   ESS ≈ 7484
0.49336175882744837


success: True
χ²*    : 0.008518207115018923
θ*     : (1.439498298156966, 1.24, 4.305567039169347, 1.000000000002157, 0.5067189752281203, 0.007373043448425322)

=== Step: target eps_sp=1.260 (prev=1.240) ===
[μ=4.305567] f=m_dense-m_dilute=-0.0720
[equal-ρ] μ0=4.305567, ΔA=A_dense-A_dilute=-0.0720, ESS≈7505
[equal-ρ] bracket μ=4.305467, ΔA=-0.0683, ESS≈7505
[equal-ρ] bracket μ=4.305367, ΔA=-0.0647, ESS≈7505
[equal-ρ] bracket μ=4.305267, ΔA=-0.0611, ESS≈7504
[equal-ρ] bracket μ=4.305167, ΔA=-0.0575, ESS≈7503
[equal-ρ] bracket μ=4.305067, ΔA=-0.0539, ESS≈7502
[equal-ρ] bracket μ=4.304967, ΔA=-0.0503, ESS≈7501
[equal-ρ] bracket μ=4.304867, ΔA=-0.0466, ESS≈7500
[equal-ρ] bracket μ=4.304767, ΔA=-0.0430, ESS≈7498
[equal-ρ] bracket μ=4.304667, ΔA=-0.0394, ESS≈7496
[equal-ρ] bracket μ=4.304567, ΔA=-0.0358, ESS≈7494
[equal-ρ] bracket μ=4.304467, ΔA=-0.0322, ESS≈7492
[equal-ρ] bracket μ=4.304367, ΔA=-0.0285, ESS≈7489
[equal-ρ] bracket μ=4.304267, ΔA=-0.0249, ESS≈7487
[equal-ρ] bracket μ=4.304167, ΔA=-0.0213, ESS≈7484
[equal-ρ] bracket μ=4.304067, ΔA=-0.0176, ESS≈7481
[equal-ρ] bracket μ=4.303967, ΔA=-0.0140, ESS≈7477
[equal-ρ] bracket μ=4.303867, ΔA=-0.0104, ESS≈7474
[equal-ρ] bracket μ=4.303767, ΔA=-0.0068, ESS≈7470
[equal-ρ] bracket μ=4.303667, ΔA=-0.0031, ESS≈7466
[equal-ρ] bracket μ=4.303567, ΔA=+0.0005, ESS≈7462
[equal-ρ] bisect μ=4.304567, ΔA=-0.0358, ESS≈7494
[equal-ρ] bisect μ=4.304067, ΔA=-0.0176, ESS≈7481
[equal-ρ] bisect μ=4.303817, ΔA=-0.0086, ESS≈7472
mu* = 4.303817   ESS ≈ 7472
0.4832711525649567


success: True
χ²*    : 0.009425273317028655
θ*     : (1.4335736682922864, 1.26, 4.30973613805904, 0.9999999999870258, 0.4298101413308148, -0.047267967725268645)

=== Step: target eps_sp=1.280 (prev=1.260) ===
[μ=4.309736] f=m_dense-m_dilute=-0.1576
[step] μ=4.305736 f=-0.0032
[equal-ρ] μ0=4.305736, ΔA=A_dense-A_dilute=-0.0032, ESS≈7505
mu* = 4.305736   ESS ≈ 7505
0.4924716855429713


success: True
χ²*    : 0.009075927329202205
θ*     : (1.426576531592842, 1.28, 4.310528218328568, 0.9999999999885811, 0.4611478446591174, -0.02705415836670033)

=== Step: target eps_sp=1.300 (prev=1.280) ===
[μ=4.310528] f=m_dense-m_dilute=-0.1969
[step] μ=4.306528 f=-0.0394
[equal-ρ] μ0=4.306528, ΔA=A_dense-A_dilute=-0.0394, ESS≈7505
[equal-ρ] bracket μ=4.306428, ΔA=-0.0358, ESS≈7505
[equal-ρ] bracket μ=4.306328, ΔA=-0.0322, ESS≈7505
[equal-ρ] bracket μ=4.306228, ΔA=-0.0285, ESS≈7504
[equal-ρ] bracket μ=4.306128, ΔA=-0.0249, ESS≈7503
[equal-ρ] bracket μ=4.306028, ΔA=-0.0213, ESS≈7502
[equal-ρ] bracket μ=4.305928, ΔA=-0.0176, ESS≈7501
[equal-ρ] bracket μ=4.305828, ΔA=-0.0140, ESS≈7500
[equal-ρ] bracket μ=4.305728, ΔA=-0.0104, ESS≈7498
[equal-ρ] bracket μ=4.305628, ΔA=-0.0067, ESS≈7496
[equal-ρ] bracket μ=4.305528, ΔA=-0.0031, ESS≈7494
[equal-ρ] bracket μ=4.305428, ΔA=+0.0006, ESS≈7492
[equal-ρ] bisect μ=4.305978, ΔA=-0.0194, ESS≈7502
[equal-ρ] bisect μ=4.305703, ΔA=-0.0094, ESS≈7498
mu* = 4.305703   ESS ≈ 7498
0.4879173884077282


success: True
χ²*    : 0.009927395573802724
θ*     : (1.4204372055240386, 1.3, 4.311444246599087, 0.9999999999881308, 0.4447232125677026, -0.03877134890331213)

=== Step: target eps_sp=1.320 (prev=1.300) ===
[μ=4.311444] f=m_dense-m_dilute=-0.1600
[step] μ=4.307444 f=-0.0428
[equal-ρ] μ0=4.307444, ΔA=A_dense-A_dilute=-0.0428, ESS≈7505
[equal-ρ] bracket μ=4.307344, ΔA=-0.0392, ESS≈7505
[equal-ρ] bracket μ=4.307244, ΔA=-0.0356, ESS≈7505
[equal-ρ] bracket μ=4.307144, ΔA=-0.0319, ESS≈7504
[equal-ρ] bracket μ=4.307044, ΔA=-0.0283, ESS≈7503
[equal-ρ] bracket μ=4.306944, ΔA=-0.0247, ESS≈7502
[equal-ρ] bracket μ=4.306844, ΔA=-0.0211, ESS≈7501
[equal-ρ] bracket μ=4.306744, ΔA=-0.0175, ESS≈7500
[equal-ρ] bracket μ=4.306644, ΔA=-0.0139, ESS≈7498
[equal-ρ] bracket μ=4.306544, ΔA=-0.0103, ESS≈7496
[equal-ρ] bracket μ=4.306444, ΔA=-0.0067, ESS≈7494
[equal-ρ] bracket μ=4.306344, ΔA=-0.0030, ESS≈7492
[equal-ρ] bracket μ=4.306244, ΔA=+0.0006, ESS≈7489
[equal-ρ] bisect μ=4.306844, ΔA=-0.0211, ESS≈7501
[equal-ρ] bisect μ=4.306544, ΔA=-0.0103, ESS≈7496
[equal-ρ] bisect μ=4.306394, ΔA=-0.0048, ESS≈7493
mu* = 4.306394   ESS ≈ 7493
0.4932818121252498


success: True
χ²*    : 0.007591354847526315
θ*     : (1.4137673817934895, 1.32, 4.311916594072744, 0.999999999993982, 0.47278823156387023, -0.017004768865611884)

=== Step: target eps_sp=1.340 (prev=1.320) ===
[μ=4.311917] f=m_dense-m_dilute=-0.1799
[step] μ=4.307917 f=-0.0084
[equal-ρ] μ0=4.307917, ΔA=A_dense-A_dilute=-0.0084, ESS≈7505
mu* = 4.307917   ESS ≈ 7505
0.49006928714190545


success: True
χ²*    : 0.009419615457580757
θ*     : (1.4055323715232775, 1.34, 4.311507948415341, 0.9999999999859897, 0.4397464642165063, -0.043786134633425816)

=== Step: target eps_sp=1.360 (prev=1.340) ===
[μ=4.311508] f=m_dense-m_dilute=-0.2021
[step] μ=4.307508 f=-0.0814
[equal-ρ] μ0=4.307508, ΔA=A_dense-A_dilute=-0.0814, ESS≈7505
[equal-ρ] bracket μ=4.307408, ΔA=-0.0779, ESS≈7505
[equal-ρ] bracket μ=4.307308, ΔA=-0.0743, ESS≈7505
[equal-ρ] bracket μ=4.307208, ΔA=-0.0707, ESS≈7504
[equal-ρ] bracket μ=4.307108, ΔA=-0.0672, ESS≈7503
[equal-ρ] bracket μ=4.307008, ΔA=-0.0636, ESS≈7502
[equal-ρ] bracket μ=4.306908, ΔA=-0.0600, ESS≈7501
[equal-ρ] bracket μ=4.306808, ΔA=-0.0565, ESS≈7500
[equal-ρ] bracket μ=4.306708, ΔA=-0.0529, ESS≈7498
[equal-ρ] bracket μ=4.306608, ΔA=-0.0493, ESS≈7496
[equal-ρ] bracket μ=4.306508, ΔA=-0.0458, ESS≈7494
[equal-ρ] bracket μ=4.306408, ΔA=-0.0422, ESS≈7492
[equal-ρ] bracket μ=4.306308, ΔA=-0.0386, ESS≈7490
[equal-ρ] bracket μ=4.306208, ΔA=-0.0350, ESS≈7487
[equal-ρ] bracket μ=4.306108, ΔA=-0.0315, ESS≈7484
[equal-ρ] bracket μ=4.306008, ΔA=-0.0279, ESS≈7481
[equal-ρ] bracket μ=4.305908, ΔA=-0.0243, ESS≈7478
[equal-ρ] bracket μ=4.305808, ΔA=-0.0207, ESS≈7474
[equal-ρ] bracket μ=4.305708, ΔA=-0.0172, ESS≈7471
[equal-ρ] bracket μ=4.305608, ΔA=-0.0136, ESS≈7467
[equal-ρ] bracket μ=4.305508, ΔA=-0.0100, ESS≈7463
mu* = 4.305508   ESS ≈ 7463
0.48937908061292473


success: True
χ²*    : 0.006925476987809891
θ*     : (1.4001096431875775, 1.36, 4.310271772910397, 0.9999999999883314, 0.4603922151417091, -0.02793276730187328)

=== Step: target eps_sp=1.380 (prev=1.360) ===
[μ=4.310272] f=m_dense-m_dilute=-0.0442
[equal-ρ] μ0=4.310272, ΔA=A_dense-A_dilute=-0.0442, ESS≈7505
[equal-ρ] bracket μ=4.310172, ΔA=-0.0407, ESS≈7505
[equal-ρ] bracket μ=4.310072, ΔA=-0.0371, ESS≈7505
[equal-ρ] bracket μ=4.309972, ΔA=-0.0335, ESS≈7504
[equal-ρ] bracket μ=4.309872, ΔA=-0.0299, ESS≈7503
[equal-ρ] bracket μ=4.309772, ΔA=-0.0264, ESS≈7502
[equal-ρ] bracket μ=4.309672, ΔA=-0.0228, ESS≈7501
[equal-ρ] bracket μ=4.309572, ΔA=-0.0192, ESS≈7500
[equal-ρ] bracket μ=4.309472, ΔA=-0.0156, ESS≈7498
[equal-ρ] bracket μ=4.309372, ΔA=-0.0120, ESS≈7496
[equal-ρ] bracket μ=4.309272, ΔA=-0.0085, ESS≈7494
[equal-ρ] bracket μ=4.309172, ΔA=-0.0049, ESS≈7492
[equal-ρ] bracket μ=4.309072, ΔA=-0.0013, ESS≈7490
[equal-ρ] bracket μ=4.308972, ΔA=+0.0023, ESS≈7487
[equal-ρ] bisect μ=4.309622, ΔA=-0.0210, ESS≈7500
[equal-ρ] bisect μ=4.309297, ΔA=-0.0094, ESS≈7495
mu* = 4.309297   ESS ≈ 7495
0.487582944703531


success: False
χ²*    : 0.010674314457206574
θ*     : (1.3946404568643809, 1.3800000000000001, 4.314461785716324, 0.9999999999972226, 0.49117963354942207, -0.00994541605771168)

=== Step: target eps_sp=1.400 (prev=1.380) ===
[μ=4.314462] f=m_dense-m_dilute=-0.0714
[equal-ρ] μ0=4.314462, ΔA=A_dense-A_dilute=-0.0714, ESS≈7505
[equal-ρ] bracket μ=4.314362, ΔA=-0.0679, ESS≈7505
[equal-ρ] bracket μ=4.314262, ΔA=-0.0644, ESS≈7505
[equal-ρ] bracket μ=4.314162, ΔA=-0.0608, ESS≈7504
[equal-ρ] bracket μ=4.314062, ΔA=-0.0573, ESS≈7503
[equal-ρ] bracket μ=4.313962, ΔA=-0.0537, ESS≈7502
[equal-ρ] bracket μ=4.313862, ΔA=-0.0502, ESS≈7501
[equal-ρ] bracket μ=4.313762, ΔA=-0.0467, ESS≈7500
[equal-ρ] bracket μ=4.313662, ΔA=-0.0431, ESS≈7498
[equal-ρ] bracket μ=4.313562, ΔA=-0.0396, ESS≈7496
[equal-ρ] bracket μ=4.313462, ΔA=-0.0360, ESS≈7494
[equal-ρ] bracket μ=4.313362, ΔA=-0.0325, ESS≈7492
[equal-ρ] bracket μ=4.313262, ΔA=-0.0289, ESS≈7490
[equal-ρ] bracket μ=4.313162, ΔA=-0.0254, ESS≈7487
[equal-ρ] bracket μ=4.313062, ΔA=-0.0219, ESS≈7484
[equal-ρ] bracket μ=4.312962, ΔA=-0.0183, ESS≈7481
[equal-ρ] bracket μ=4.312862, ΔA=-0.0148, ESS≈7478
[equal-ρ] bracket μ=4.312762, ΔA=-0.0112, ESS≈7475
[equal-ρ] bracket μ=4.312662, ΔA=-0.0077, ESS≈7471
[equal-ρ] bracket μ=4.312562, ΔA=-0.0041, ESS≈7467
[equal-ρ] bracket μ=4.312462, ΔA=-0.0006, ESS≈7463
mu* = 4.312462   ESS ≈ 7463
0.4948167888074617


success: True
χ²*    : 0.02971619908402634
θ*     : (1.394614114441572, 1.4000000000000001, 4.312419976044211, 1.0000000000021538, 0.529808561358829, 0.006589324851926006)

=== Step: target eps_sp=1.420 (prev=1.400) ===
[μ=4.312420] f=m_dense-m_dilute=+0.4650
[step] μ=4.316420 f=+0.3696
[step] μ=4.320420 f=+0.2365
[step] μ=4.324420 f=+0.0566
[equal-ρ] μ0=4.324420, ΔA=A_dense-A_dilute=+0.0566, ESS≈7505
[equal-ρ] bracket μ=4.324520, ΔA=+0.0530, ESS≈7505
[equal-ρ] bracket μ=4.324620, ΔA=+0.0495, ESS≈7505
[equal-ρ] bracket μ=4.324720, ΔA=+0.0459, ESS≈7504
[equal-ρ] bracket μ=4.324820, ΔA=+0.0423, ESS≈7503
[equal-ρ] bracket μ=4.324920, ΔA=+0.0387, ESS≈7502
[equal-ρ] bracket μ=4.325020, ΔA=+0.0351, ESS≈7501
[equal-ρ] bracket μ=4.325120, ΔA=+0.0315, ESS≈7500
[equal-ρ] bracket μ=4.325220, ΔA=+0.0279, ESS≈7498
[equal-ρ] bracket μ=4.325320, ΔA=+0.0243, ESS≈7496
[equal-ρ] bracket μ=4.325420, ΔA=+0.0207, ESS≈7494
[equal-ρ] bracket μ=4.325520, ΔA=+0.0171, ESS≈7492
[equal-ρ] bracket μ=4.325620, ΔA=+0.0135, ESS≈7490
[equal-ρ] bracket μ=4.325720, ΔA=+0.0099, ESS≈7487
[equal-ρ] bracket μ=4.325820, ΔA=+0.0063, ESS≈7484
[equal-ρ] bracket μ=4.325920, ΔA=+0.0027, ESS≈7481
[equal-ρ] bracket μ=4.326020, ΔA=-0.0009, ESS≈7478
[equal-ρ] bisect μ=4.325220, ΔA=+0.0279, ESS≈7498
[equal-ρ] bisect μ=4.325620, ΔA=+0.0135, ESS≈7490
[equal-ρ] bisect μ=4.325820, ΔA=+0.0063, ESS≈7484
mu* = 4.325820   ESS ≈ 7484
0.4944023984010659


success: True
χ²*    : 0.008768759062428686
θ*     : (1.3871280699035025, 1.42, 4.3330364261432, 0.9999999999851977, 0.4227876565001154, -0.05273854981753295)

=== Step: target eps_sp=1.440 (prev=1.420) ===
[μ=4.333036] f=m_dense-m_dilute=-0.2582
[step] μ=4.329036 f=-0.0929
[equal-ρ] μ0=4.329036, ΔA=A_dense-A_dilute=-0.0929, ESS≈7505
[equal-ρ] bracket μ=4.328936, ΔA=-0.0893, ESS≈7505
[equal-ρ] bracket μ=4.328836, ΔA=-0.0857, ESS≈7505
[equal-ρ] bracket μ=4.328736, ΔA=-0.0822, ESS≈7504
[equal-ρ] bracket μ=4.328636, ΔA=-0.0786, ESS≈7503
[equal-ρ] bracket μ=4.328536, ΔA=-0.0750, ESS≈7502
[equal-ρ] bracket μ=4.328436, ΔA=-0.0715, ESS≈7501
[equal-ρ] bracket μ=4.328336, ΔA=-0.0679, ESS≈7500
[equal-ρ] bracket μ=4.328236, ΔA=-0.0643, ESS≈7498
[equal-ρ] bracket μ=4.328136, ΔA=-0.0607, ESS≈7496
[equal-ρ] bracket μ=4.328036, ΔA=-0.0572, ESS≈7494
[equal-ρ] bracket μ=4.327936, ΔA=-0.0536, ESS≈7492
[equal-ρ] bracket μ=4.327836, ΔA=-0.0500, ESS≈7490
[equal-ρ] bracket μ=4.327736, ΔA=-0.0464, ESS≈7487
[equal-ρ] bracket μ=4.327636, ΔA=-0.0428, ESS≈7484
[equal-ρ] bracket μ=4.327536, ΔA=-0.0392, ESS≈7481
[equal-ρ] bracket μ=4.327436, ΔA=-0.0357, ESS≈7478
[equal-ρ] bracket μ=4.327336, ΔA=-0.0321, ESS≈7474
[equal-ρ] bracket μ=4.327236, ΔA=-0.0285, ESS≈7470
[equal-ρ] bracket μ=4.327136, ΔA=-0.0249, ESS≈7466
[equal-ρ] bracket μ=4.327036, ΔA=-0.0213, ESS≈7462
mu* = 4.327036   ESS ≈ 7462
0.48400932711525646


success: True
χ²*    : 0.0109301238603801
θ*     : (1.3795502193455937, 1.44, 4.332772131046055, 0.9999999999911401, 0.45089376778738577, -0.02582170752106477)

=== Step: target eps_sp=1.460 (prev=1.440) ===
[μ=4.332772] f=m_dense-m_dilute=-0.2661
[step] μ=4.328772 f=-0.1051
[step] μ=4.324772 f=+0.0117
[equal-ρ] μ0=4.324772, ΔA=A_dense-A_dilute=+0.0117, ESS≈7505
[equal-ρ] bracket μ=4.324872, ΔA=+0.0081, ESS≈7505
[equal-ρ] bracket μ=4.324972, ΔA=+0.0045, ESS≈7505
[equal-ρ] bracket μ=4.325072, ΔA=+0.0009, ESS≈7504
[equal-ρ] bracket μ=4.325172, ΔA=-0.0027, ESS≈7503
[equal-ρ] bisect μ=4.324972, ΔA=+0.0045, ESS≈7505
mu* = 4.324972   ESS ≈ 7505
0.48880346435709526


success: True
χ²*    : 0.018479917496992272
θ*     : (1.3713453499003103, 1.46, 4.330873583396322, 0.999999999983366, 0.3987828823842828, -0.06347126160897645)

=== Step: target eps_sp=1.480 (prev=1.460) ===
[μ=4.330874] f=m_dense-m_dilute=-0.2484
[step] μ=4.326874 f=-0.1122
[step] μ=4.322874 f=+0.0382
[equal-ρ] μ0=4.322874, ΔA=A_dense-A_dilute=+0.0382, ESS≈7505
[equal-ρ] bracket μ=4.322974, ΔA=+0.0347, ESS≈7505
[equal-ρ] bracket μ=4.323074, ΔA=+0.0311, ESS≈7505
[equal-ρ] bracket μ=4.323174, ΔA=+0.0275, ESS≈7504
[equal-ρ] bracket μ=4.323274, ΔA=+0.0239, ESS≈7503
[equal-ρ] bracket μ=4.323374, ΔA=+0.0203, ESS≈7502
[equal-ρ] bracket μ=4.323474, ΔA=+0.0168, ESS≈7501
[equal-ρ] bracket μ=4.323574, ΔA=+0.0132, ESS≈7500
[equal-ρ] bracket μ=4.323674, ΔA=+0.0096, ESS≈7498
[equal-ρ] bracket μ=4.323774, ΔA=+0.0060, ESS≈7496
[equal-ρ] bracket μ=4.323874, ΔA=+0.0024, ESS≈7494
[equal-ρ] bracket μ=4.323974, ΔA=-0.0011, ESS≈7492
[equal-ρ] bisect μ=4.323424, ΔA=+0.0186, ESS≈7502
[equal-ρ] bisect μ=4.323699, ΔA=+0.0087, ESS≈7498
mu* = 4.323699   ESS ≈ 7498
0.4895589606928714


success: True
χ²*    : 0.008799592892229978
θ*     : (1.364442644697295, 1.48, 4.330553925505291, 0.9999999999832114, 0.414005916252609, -0.060159848593497905)

=== Step: target eps_sp=1.500 (prev=1.480) ===
[μ=4.330554] f=m_dense-m_dilute=-0.2001
[step] μ=4.326554 f=-0.0668
[equal-ρ] μ0=4.326554, ΔA=A_dense-A_dilute=-0.0668, ESS≈7505
[equal-ρ] bracket μ=4.326454, ΔA=-0.0632, ESS≈7505
[equal-ρ] bracket μ=4.326354, ΔA=-0.0597, ESS≈7505
[equal-ρ] bracket μ=4.326254, ΔA=-0.0561, ESS≈7504
[equal-ρ] bracket μ=4.326154, ΔA=-0.0526, ESS≈7503
[equal-ρ] bracket μ=4.326054, ΔA=-0.0490, ESS≈7502
[equal-ρ] bracket μ=4.325954, ΔA=-0.0455, ESS≈7501
[equal-ρ] bracket μ=4.325854, ΔA=-0.0419, ESS≈7500
[equal-ρ] bracket μ=4.325754, ΔA=-0.0384, ESS≈7498
[equal-ρ] bracket μ=4.325654, ΔA=-0.0349, ESS≈7496
[equal-ρ] bracket μ=4.325554, ΔA=-0.0313, ESS≈7494
[equal-ρ] bracket μ=4.325454, ΔA=-0.0277, ESS≈7492
[equal-ρ] bracket μ=4.325354, ΔA=-0.0242, ESS≈7490
[equal-ρ] bracket μ=4.325254, ΔA=-0.0206, ESS≈7487
[equal-ρ] bracket μ=4.325154, ΔA=-0.0171, ESS≈7484
[equal-ρ] bracket μ=4.325054, ΔA=-0.0135, ESS≈7481
[equal-ρ] bracket μ=4.324954, ΔA=-0.0100, ESS≈7478
[equal-ρ] bracket μ=4.324854, ΔA=-0.0064, ESS≈7475
[equal-ρ] bracket μ=4.324754, ΔA=-0.0029, ESS≈7471
[equal-ρ] bracket μ=4.324654, ΔA=+0.0007, ESS≈7467
[equal-ρ] bisect μ=4.325604, ΔA=-0.0331, ESS≈7495
[equal-ρ] bisect μ=4.325129, ΔA=-0.0162, ESS≈7484
[equal-ρ] bisect μ=4.324891, ΔA=-0.0078, ESS≈7476
mu* = 4.324891   ESS ≈ 7476
0.48931912058627586


success: True
χ²*    : 0.010967194009631333
θ*     : (1.3606804039941218, 1.5, 4.328851563561396, 0.9999999999924597, 0.47843604735896955, -0.0183704218338465)

=== Step: target eps_sp=1.520 (prev=1.500) ===
[μ=4.328852] f=m_dense-m_dilute=+0.0853
[equal-ρ] μ0=4.328852, ΔA=A_dense-A_dilute=+0.0853, ESS≈7505
[equal-ρ] bracket μ=4.328952, ΔA=+0.0817, ESS≈7505
[equal-ρ] bracket μ=4.329052, ΔA=+0.0782, ESS≈7505
[equal-ρ] bracket μ=4.329152, ΔA=+0.0747, ESS≈7504
[equal-ρ] bracket μ=4.329252, ΔA=+0.0711, ESS≈7503
[equal-ρ] bracket μ=4.329352, ΔA=+0.0676, ESS≈7502
[equal-ρ] bracket μ=4.329452, ΔA=+0.0641, ESS≈7501
[equal-ρ] bracket μ=4.329552, ΔA=+0.0605, ESS≈7500
[equal-ρ] bracket μ=4.329652, ΔA=+0.0570, ESS≈7498
[equal-ρ] bracket μ=4.329752, ΔA=+0.0534, ESS≈7496
[equal-ρ] bracket μ=4.329852, ΔA=+0.0499, ESS≈7494
[equal-ρ] bracket μ=4.329952, ΔA=+0.0463, ESS≈7492
[equal-ρ] bracket μ=4.330052, ΔA=+0.0428, ESS≈7490
[equal-ρ] bracket μ=4.330152, ΔA=+0.0392, ESS≈7487
[equal-ρ] bracket μ=4.330252, ΔA=+0.0357, ESS≈7484
[equal-ρ] bracket μ=4.330352, ΔA=+0.0321, ESS≈7481
[equal-ρ] bracket μ=4.330452, ΔA=+0.0286, ESS≈7478
[equal-ρ] bracket μ=4.330552, ΔA=+0.0250, ESS≈7475
[equal-ρ] bracket μ=4.330652, ΔA=+0.0214, ESS≈7471
[equal-ρ] bracket μ=4.330752, ΔA=+0.0179, ESS≈7467
[equal-ρ] bracket μ=4.330852, ΔA=+0.0143, ESS≈7463
mu* = 4.330852   ESS ≈ 7463
0.49962425049966686


success: True
χ²*    : 0.028898778553830405
θ*     : (1.3574710816370803, 1.52, 4.335677813245511, 0.9999999999915806, 0.4910513737615656, -0.020967381963599676)

=== Step: target eps_sp=1.540 (prev=1.520) ===
[μ=4.335678] f=m_dense-m_dilute=+0.1587
[step] μ=4.339678 f=+0.0223
[equal-ρ] μ0=4.339678, ΔA=A_dense-A_dilute=+0.0223, ESS≈7505
[equal-ρ] bracket μ=4.339778, ΔA=+0.0187, ESS≈7505
[equal-ρ] bracket μ=4.339878, ΔA=+0.0151, ESS≈7505
[equal-ρ] bracket μ=4.339978, ΔA=+0.0115, ESS≈7504
[equal-ρ] bracket μ=4.340078, ΔA=+0.0079, ESS≈7503
[equal-ρ] bracket μ=4.340178, ΔA=+0.0044, ESS≈7502
[equal-ρ] bracket μ=4.340278, ΔA=+0.0008, ESS≈7501
[equal-ρ] bracket μ=4.340378, ΔA=-0.0028, ESS≈7500
[equal-ρ] bisect μ=4.340028, ΔA=+0.0097, ESS≈7504
mu* = 4.340028   ESS ≈ 7504
0.49568687541638906


success: True
χ²*    : 0.021171536687043697
θ*     : (1.3574699231543648, 1.54, 4.340031706295819, 0.9999999999971376, 0.5030722457495937, -0.010891375866175938)

=== Step: target eps_sp=1.560 (prev=1.540) ===
[μ=4.340032] f=m_dense-m_dilute=+0.4698
[step] μ=4.344032 f=+0.3775
[step] μ=4.348032 f=+0.2532
[step] μ=4.352032 f=+0.1274
[step] μ=4.356032 f=-0.0301
[equal-ρ] μ0=4.356032, ΔA=A_dense-A_dilute=-0.0301, ESS≈7505
[equal-ρ] bracket μ=4.355932, ΔA=-0.0265, ESS≈7505
[equal-ρ] bracket μ=4.355832, ΔA=-0.0229, ESS≈7505
[equal-ρ] bracket μ=4.355732, ΔA=-0.0193, ESS≈7504
[equal-ρ] bracket μ=4.355632, ΔA=-0.0157, ESS≈7503
[equal-ρ] bracket μ=4.355532, ΔA=-0.0121, ESS≈7502
[equal-ρ] bracket μ=4.355432, ΔA=-0.0084, ESS≈7501
[equal-ρ] bracket μ=4.355332, ΔA=-0.0048, ESS≈7500
[equal-ρ] bracket μ=4.355232, ΔA=-0.0012, ESS≈7498
[equal-ρ] bracket μ=4.355132, ΔA=+0.0024, ESS≈7496
[equal-ρ] bisect μ=4.355582, ΔA=-0.0139, ESS≈7503
[equal-ρ] bisect μ=4.355357, ΔA=-0.0057, ESS≈7500
mu* = 4.355357   ESS ≈ 7500
0.493709526982012


success: True
χ²*    : 0.007606174207644341
θ*     : (1.350653668554826, 1.56, 4.359269407871172, 0.9999999999946356, 0.4828142622325234, -0.01452688403500144)

=== Step: target eps_sp=1.580 (prev=1.560) ===
[μ=4.359269] f=m_dense-m_dilute=-0.1242
[step] μ=4.355269 f=+0.0546
[equal-ρ] μ0=4.355269, ΔA=A_dense-A_dilute=+0.0546, ESS≈7505
[equal-ρ] bracket μ=4.355369, ΔA=+0.0510, ESS≈7505
[equal-ρ] bracket μ=4.355469, ΔA=+0.0474, ESS≈7505
[equal-ρ] bracket μ=4.355569, ΔA=+0.0438, ESS≈7504
[equal-ρ] bracket μ=4.355669, ΔA=+0.0402, ESS≈7503
[equal-ρ] bracket μ=4.355769, ΔA=+0.0366, ESS≈7502
[equal-ρ] bracket μ=4.355869, ΔA=+0.0330, ESS≈7501
[equal-ρ] bracket μ=4.355969, ΔA=+0.0294, ESS≈7500
[equal-ρ] bracket μ=4.356069, ΔA=+0.0258, ESS≈7498
[equal-ρ] bracket μ=4.356169, ΔA=+0.0222, ESS≈7496
[equal-ρ] bracket μ=4.356269, ΔA=+0.0186, ESS≈7494
[equal-ρ] bracket μ=4.356369, ΔA=+0.0150, ESS≈7492
[equal-ρ] bracket μ=4.356469, ΔA=+0.0114, ESS≈7489
[equal-ρ] bracket μ=4.356569, ΔA=+0.0078, ESS≈7487
[equal-ρ] bracket μ=4.356669, ΔA=+0.0042, ESS≈7484
[equal-ρ] bracket μ=4.356769, ΔA=+0.0006, ESS≈7481
[equal-ρ] bracket μ=4.356869, ΔA=-0.0030, ESS≈7477
[equal-ρ] bisect μ=4.356069, ΔA=+0.0258, ESS≈7498
[equal-ρ] bisect μ=4.356469, ΔA=+0.0114, ESS≈7489
[equal-ρ] bisect μ=4.356669, ΔA=+0.0042, ESS≈7484
mu* = 4.356669   ESS ≈ 7484
0.49505662891405733


success: True
χ²*    : 0.04894838754297638
θ*     : (1.348130698999514, 1.58, 4.359575853284977, 0.999999999989293, 0.4672473315677517, -0.04486090329400864)

=== Step: target eps_sp=1.600 (prev=1.580) ===
[μ=4.359576] f=m_dense-m_dilute=+0.2649
[step] μ=4.363576 f=+0.1190
[step] μ=4.367576 f=-0.0344
[equal-ρ] μ0=4.367576, ΔA=A_dense-A_dilute=-0.0344, ESS≈7505
[equal-ρ] bracket μ=4.367476, ΔA=-0.0307, ESS≈7505
[equal-ρ] bracket μ=4.367376, ΔA=-0.0271, ESS≈7505
[equal-ρ] bracket μ=4.367276, ΔA=-0.0235, ESS≈7504
[equal-ρ] bracket μ=4.367176, ΔA=-0.0199, ESS≈7503
[equal-ρ] bracket μ=4.367076, ΔA=-0.0162, ESS≈7502
[equal-ρ] bracket μ=4.366976, ΔA=-0.0126, ESS≈7501
[equal-ρ] bracket μ=4.366876, ΔA=-0.0090, ESS≈7500
[equal-ρ] bracket μ=4.366776, ΔA=-0.0053, ESS≈7498
[equal-ρ] bracket μ=4.366676, ΔA=-0.0017, ESS≈7496
[equal-ρ] bracket μ=4.366576, ΔA=+0.0019, ESS≈7494
[equal-ρ] bisect μ=4.367076, ΔA=-0.0162, ESS≈7502
[equal-ρ] bisect μ=4.366826, ΔA=-0.0071, ESS≈7499
mu* = 4.366826   ESS ≈ 7499
0.49157095269820117


success: False
χ²*    : 0.0075745619154576815
θ*     : (1.3410536516423202, 1.6, 4.373901314442214, 0.9999999999959286, 0.4730694989004184, -0.013322939391121068)

=== Step: target eps_sp=1.620 (prev=1.600) ===
[μ=4.373901] f=m_dense-m_dilute=-0.1755
[step] μ=4.369901 f=-0.0594
[equal-ρ] μ0=4.369901, ΔA=A_dense-A_dilute=-0.0594, ESS≈7505
[equal-ρ] bracket μ=4.369801, ΔA=-0.0559, ESS≈7505
[equal-ρ] bracket μ=4.369701, ΔA=-0.0523, ESS≈7505
[equal-ρ] bracket μ=4.369601, ΔA=-0.0487, ESS≈7504
[equal-ρ] bracket μ=4.369501, ΔA=-0.0452, ESS≈7503
[equal-ρ] bracket μ=4.369401, ΔA=-0.0416, ESS≈7502
[equal-ρ] bracket μ=4.369301, ΔA=-0.0380, ESS≈7501
[equal-ρ] bracket μ=4.369201, ΔA=-0.0344, ESS≈7500
[equal-ρ] bracket μ=4.369101, ΔA=-0.0309, ESS≈7498
[equal-ρ] bracket μ=4.369001, ΔA=-0.0273, ESS≈7496
[equal-ρ] bracket μ=4.368901, ΔA=-0.0237, ESS≈7494
[equal-ρ] bracket μ=4.368801, ΔA=-0.0201, ESS≈7492
[equal-ρ] bracket μ=4.368701, ΔA=-0.0166, ESS≈7490
[equal-ρ] bracket μ=4.368601, ΔA=-0.0130, ESS≈7487
[equal-ρ] bracket μ=4.368501, ΔA=-0.0094, ESS≈7484
[equal-ρ] bracket μ=4.368401, ΔA=-0.0058, ESS≈7481
[equal-ρ] bracket μ=4.368301, ΔA=-0.0023, ESS≈7478
[equal-ρ] bracket μ=4.368201, ΔA=+0.0013, ESS≈7474
[equal-ρ] bisect μ=4.369051, ΔA=-0.0291, ESS≈7497
[equal-ρ] bisect μ=4.368626, ΔA=-0.0139, ESS≈7488
[equal-ρ] bisect μ=4.368414, ΔA=-0.0063, ESS≈7481
mu* = 4.368414   ESS ≈ 7481
0.4898814123917388


success: True
χ²*    : 0.010632940961904574
θ*     : (1.3348690889920662, 1.62, 4.373998891810526, 0.9999999999891777, 0.451338154729843, -0.034608513044246)

=== Step: target eps_sp=1.640 (prev=1.620) ===
[μ=4.373999] f=m_dense-m_dilute=-0.0811
[equal-ρ] μ0=4.373999, ΔA=A_dense-A_dilute=-0.0811, ESS≈7505
[equal-ρ] bracket μ=4.373899, ΔA=-0.0776, ESS≈7505
[equal-ρ] bracket μ=4.373799, ΔA=-0.0740, ESS≈7505
[equal-ρ] bracket μ=4.373699, ΔA=-0.0704, ESS≈7504
[equal-ρ] bracket μ=4.373599, ΔA=-0.0668, ESS≈7503
[equal-ρ] bracket μ=4.373499, ΔA=-0.0632, ESS≈7502
[equal-ρ] bracket μ=4.373399, ΔA=-0.0596, ESS≈7501
[equal-ρ] bracket μ=4.373299, ΔA=-0.0560, ESS≈7500
[equal-ρ] bracket μ=4.373199, ΔA=-0.0524, ESS≈7498
[equal-ρ] bracket μ=4.373099, ΔA=-0.0488, ESS≈7496
[equal-ρ] bracket μ=4.372999, ΔA=-0.0452, ESS≈7494
[equal-ρ] bracket μ=4.372899, ΔA=-0.0416, ESS≈7492
[equal-ρ] bracket μ=4.372799, ΔA=-0.0380, ESS≈7489
[equal-ρ] bracket μ=4.372699, ΔA=-0.0344, ESS≈7487
[equal-ρ] bracket μ=4.372599, ΔA=-0.0308, ESS≈7484
[equal-ρ] bracket μ=4.372499, ΔA=-0.0272, ESS≈7481
[equal-ρ] bracket μ=4.372399, ΔA=-0.0236, ESS≈7477
[equal-ρ] bracket μ=4.372299, ΔA=-0.0200, ESS≈7474
[equal-ρ] bracket μ=4.372199, ΔA=-0.0164, ESS≈7470
[equal-ρ] bracket μ=4.372099, ΔA=-0.0128, ESS≈7466
[equal-ρ] bracket μ=4.371999, ΔA=-0.0092, ESS≈7462
mu* = 4.371999   ESS ≈ 7462
0.48919120586275816


success: False
χ²*    : 0.009211600459611986
θ*     : (1.329337464133786, 1.6400000000000001, 4.376982194430997, 0.9999999999871401, 0.4238389075597775, -0.05383024785862791)

=== Step: target eps_sp=1.660 (prev=1.640) ===
[μ=4.376982] f=m_dense-m_dilute=-0.0280
[equal-ρ] μ0=4.376982, ΔA=A_dense-A_dilute=-0.0280, ESS≈7505
[equal-ρ] bracket μ=4.376882, ΔA=-0.0244, ESS≈7505
[equal-ρ] bracket μ=4.376782, ΔA=-0.0207, ESS≈7505
[equal-ρ] bracket μ=4.376682, ΔA=-0.0171, ESS≈7504
[equal-ρ] bracket μ=4.376582, ΔA=-0.0135, ESS≈7503
[equal-ρ] bracket μ=4.376482, ΔA=-0.0099, ESS≈7502
[equal-ρ] bracket μ=4.376382, ΔA=-0.0063, ESS≈7501
[equal-ρ] bracket μ=4.376282, ΔA=-0.0026, ESS≈7500
[equal-ρ] bracket μ=4.376182, ΔA=+0.0010, ESS≈7498
[equal-ρ] bisect μ=4.376582, ΔA=-0.0135, ESS≈7503
[equal-ρ] bisect μ=4.376382, ΔA=-0.0063, ESS≈7501
mu* = 4.376382   ESS ≈ 7501
0.4910632911392405


success: True
χ²*    : 0.008430314772871417
θ*     : (1.3223125248485683, 1.6600000000000001, 4.383406737934156, 0.9999999999914964, 0.4476175341416258, -0.036400884667419385)

=== Step: target eps_sp=1.680 (prev=1.660) ===
[μ=4.383407] f=m_dense-m_dilute=-0.1919
[step] μ=4.379407 f=-0.0454
[equal-ρ] μ0=4.379407, ΔA=A_dense-A_dilute=-0.0454, ESS≈7505
[equal-ρ] bracket μ=4.379307, ΔA=-0.0418, ESS≈7505
[equal-ρ] bracket μ=4.379207, ΔA=-0.0382, ESS≈7505
[equal-ρ] bracket μ=4.379107, ΔA=-0.0347, ESS≈7504
[equal-ρ] bracket μ=4.379007, ΔA=-0.0311, ESS≈7503
[equal-ρ] bracket μ=4.378907, ΔA=-0.0275, ESS≈7502
[equal-ρ] bracket μ=4.378807, ΔA=-0.0239, ESS≈7501
[equal-ρ] bracket μ=4.378707, ΔA=-0.0203, ESS≈7500
[equal-ρ] bracket μ=4.378607, ΔA=-0.0167, ESS≈7498
[equal-ρ] bracket μ=4.378507, ΔA=-0.0131, ESS≈7496
[equal-ρ] bracket μ=4.378407, ΔA=-0.0095, ESS≈7494
[equal-ρ] bracket μ=4.378307, ΔA=-0.0059, ESS≈7492
[equal-ρ] bracket μ=4.378207, ΔA=-0.0023, ESS≈7489
[equal-ρ] bracket μ=4.378107, ΔA=+0.0013, ESS≈7487
[equal-ρ] bisect μ=4.378757, ΔA=-0.0221, ESS≈7500
[equal-ρ] bisect μ=4.378432, ΔA=-0.0104, ESS≈7495
[equal-ρ] bisect μ=4.378269, ΔA=-0.0045, ESS≈7491
mu* = 4.378269   ESS ≈ 7491
0.49346968687541637


success: True
χ²*    : 0.04521390383470297
θ*     : (1.3216986916700304, 1.68, 4.380019560701181, 0.9999999999945395, 0.5006656542751667, -0.021770401919513932)

=== Step: target eps_sp=1.700 (prev=1.680) ===
[μ=4.380020] f=m_dense-m_dilute=+0.4127
[step] μ=4.384020 f=+0.2986
[step] μ=4.388020 f=+0.1607
[step] μ=4.392020 f=-0.0025
[equal-ρ] μ0=4.392020, ΔA=A_dense-A_dilute=-0.0025, ESS≈7505
mu* = 4.392020   ESS ≈ 7505
0.4927221852098601


success: True
χ²*    : 0.0113906525263444
θ*     : (1.3135813628099775, 1.7, 4.398696529300765, 0.9999999999920408, 0.4333596513085962, -0.043945483419886966)

=== Step: target eps_sp=1.720 (prev=1.700) ===
[μ=4.398697] f=m_dense-m_dilute=-0.2452
[step] μ=4.394697 f=-0.0520
[equal-ρ] μ0=4.394697, ΔA=A_dense-A_dilute=-0.0520, ESS≈7505
[equal-ρ] bracket μ=4.394597, ΔA=-0.0483, ESS≈7505
[equal-ρ] bracket μ=4.394497, ΔA=-0.0447, ESS≈7505
[equal-ρ] bracket μ=4.394397, ΔA=-0.0410, ESS≈7504
[equal-ρ] bracket μ=4.394297, ΔA=-0.0374, ESS≈7503
[equal-ρ] bracket μ=4.394197, ΔA=-0.0337, ESS≈7502
[equal-ρ] bracket μ=4.394097, ΔA=-0.0301, ESS≈7501
[equal-ρ] bracket μ=4.393997, ΔA=-0.0264, ESS≈7500
[equal-ρ] bracket μ=4.393897, ΔA=-0.0228, ESS≈7498
[equal-ρ] bracket μ=4.393797, ΔA=-0.0191, ESS≈7496
[equal-ρ] bracket μ=4.393697, ΔA=-0.0155, ESS≈7494
[equal-ρ] bracket μ=4.393597, ΔA=-0.0118, ESS≈7492
[equal-ρ] bracket μ=4.393497, ΔA=-0.0082, ESS≈7489
[equal-ρ] bracket μ=4.393397, ΔA=-0.0045, ESS≈7486
[equal-ρ] bracket μ=4.393297, ΔA=-0.0009, ESS≈7483
[equal-ρ] bracket μ=4.393197, ΔA=+0.0028, ESS≈7480
[equal-ρ] bisect μ=4.393947, ΔA=-0.0246, ESS≈7499
[equal-ρ] bisect μ=4.393572, ΔA=-0.0109, ESS≈7491
[equal-ρ] bisect μ=4.393384, ΔA=-0.0041, ESS≈7486
mu* = 4.393384   ESS ≈ 7486
0.48910859427048636


success: True
χ²*    : 0.009865917718798745
θ*     : (1.3070269842330258, 1.72, 4.400290819035146, 0.9999999999914665, 0.45455173381191033, -0.030275250681509394)

=== Step: target eps_sp=1.740 (prev=1.720) ===
[μ=4.400291] f=m_dense-m_dilute=-0.1627
[step] μ=4.396291 f=-0.0457
[equal-ρ] μ0=4.396291, ΔA=A_dense-A_dilute=-0.0457, ESS≈7505
[equal-ρ] bracket μ=4.396191, ΔA=-0.0421, ESS≈7505
[equal-ρ] bracket μ=4.396091, ΔA=-0.0384, ESS≈7505
[equal-ρ] bracket μ=4.395991, ΔA=-0.0348, ESS≈7504
[equal-ρ] bracket μ=4.395891, ΔA=-0.0312, ESS≈7503
[equal-ρ] bracket μ=4.395791, ΔA=-0.0275, ESS≈7502
[equal-ρ] bracket μ=4.395691, ΔA=-0.0239, ESS≈7501
[equal-ρ] bracket μ=4.395591, ΔA=-0.0203, ESS≈7500
[equal-ρ] bracket μ=4.395491, ΔA=-0.0166, ESS≈7498
[equal-ρ] bracket μ=4.395391, ΔA=-0.0130, ESS≈7496
[equal-ρ] bracket μ=4.395291, ΔA=-0.0093, ESS≈7494
[equal-ρ] bracket μ=4.395191, ΔA=-0.0057, ESS≈7492
[equal-ρ] bracket μ=4.395091, ΔA=-0.0021, ESS≈7489
[equal-ρ] bracket μ=4.394991, ΔA=+0.0016, ESS≈7486
[equal-ρ] bisect μ=4.395641, ΔA=-0.0221, ESS≈7500
[equal-ρ] bisect μ=4.395316, ΔA=-0.0102, ESS≈7495
[equal-ρ] bisect μ=4.395153, ΔA=-0.0043, ESS≈7491
mu* = 4.395153   ESS ≈ 7491
0.48980413057961353


success: True
χ²*    : 0.010310435007757149
θ*     : (1.2997813376487724, 1.74, 4.402401749119812, 0.9999999999948284, 0.46509865259187294, -0.02210858715818141)

=== Step: target eps_sp=1.760 (prev=1.740) ===
[μ=4.402402] f=m_dense-m_dilute=-0.1796
[step] μ=4.398402 f=-0.0345
[equal-ρ] μ0=4.398402, ΔA=A_dense-A_dilute=-0.0345, ESS≈7505
[equal-ρ] bracket μ=4.398302, ΔA=-0.0309, ESS≈7505
[equal-ρ] bracket μ=4.398202, ΔA=-0.0272, ESS≈7505
[equal-ρ] bracket μ=4.398102, ΔA=-0.0235, ESS≈7504
[equal-ρ] bracket μ=4.398002, ΔA=-0.0199, ESS≈7503
[equal-ρ] bracket μ=4.397902, ΔA=-0.0162, ESS≈7502
[equal-ρ] bracket μ=4.397802, ΔA=-0.0126, ESS≈7501
[equal-ρ] bracket μ=4.397702, ΔA=-0.0089, ESS≈7500
[equal-ρ] bracket μ=4.397602, ΔA=-0.0053, ESS≈7498
[equal-ρ] bracket μ=4.397502, ΔA=-0.0016, ESS≈7496
[equal-ρ] bracket μ=4.397402, ΔA=+0.0021, ESS≈7494
[equal-ρ] bisect μ=4.397902, ΔA=-0.0162, ESS≈7502
[equal-ρ] bisect μ=4.397652, ΔA=-0.0071, ESS≈7499
mu* = 4.397652   ESS ≈ 7499
0.49073684210526314


success: True
χ²*    : 0.012618548421266935
θ*     : (1.2929280232044977, 1.76, 4.404501467970934, 0.9999999999950276, 0.4536859216518664, -0.035587585882581395)

=== Step: target eps_sp=1.780 (prev=1.760) ===
[μ=4.404501] f=m_dense-m_dilute=-0.1764
[step] μ=4.400501 f=-0.0243
[equal-ρ] μ0=4.400501, ΔA=A_dense-A_dilute=-0.0243, ESS≈7505
[equal-ρ] bracket μ=4.400401, ΔA=-0.0206, ESS≈7505
[equal-ρ] bracket μ=4.400301, ΔA=-0.0169, ESS≈7505
[equal-ρ] bracket μ=4.400201, ΔA=-0.0132, ESS≈7504
[equal-ρ] bracket μ=4.400101, ΔA=-0.0095, ESS≈7503
[equal-ρ] bracket μ=4.400001, ΔA=-0.0058, ESS≈7502
[equal-ρ] bracket μ=4.399901, ΔA=-0.0022, ESS≈7501
[equal-ρ] bracket μ=4.399801, ΔA=+0.0015, ESS≈7500
[equal-ρ] bisect μ=4.400151, ΔA=-0.0114, ESS≈7504
[equal-ρ] bisect μ=4.399976, ΔA=-0.0049, ESS≈7502
mu* = 4.399976   ESS ≈ 7502
0.4905223184543637


success: True
χ²*    : 0.01190908542133889
θ*     : (1.2879071875982149, 1.78, 4.405806581479834, 0.9999999999895336, 0.42781470299264857, -0.05303186987326256)

=== Step: target eps_sp=1.800 (prev=1.780) ===
[μ=4.405807] f=m_dense-m_dilute=+0.0482
[equal-ρ] μ0=4.405807, ΔA=A_dense-A_dilute=+0.0482, ESS≈7505
[equal-ρ] bracket μ=4.405907, ΔA=+0.0446, ESS≈7505
[equal-ρ] bracket μ=4.406007, ΔA=+0.0409, ESS≈7505
[equal-ρ] bracket μ=4.406107, ΔA=+0.0372, ESS≈7504
[equal-ρ] bracket μ=4.406207, ΔA=+0.0335, ESS≈7503
[equal-ρ] bracket μ=4.406307, ΔA=+0.0298, ESS≈7502
[equal-ρ] bracket μ=4.406407, ΔA=+0.0262, ESS≈7501
[equal-ρ] bracket μ=4.406507, ΔA=+0.0225, ESS≈7500
[equal-ρ] bracket μ=4.406607, ΔA=+0.0188, ESS≈7498
[equal-ρ] bracket μ=4.406707, ΔA=+0.0151, ESS≈7496
[equal-ρ] bracket μ=4.406807, ΔA=+0.0114, ESS≈7494
[equal-ρ] bracket μ=4.406907, ΔA=+0.0077, ESS≈7491
[equal-ρ] bracket μ=4.407007, ΔA=+0.0041, ESS≈7489
[equal-ρ] bracket μ=4.407107, ΔA=+0.0004, ESS≈7486
[equal-ρ] bracket μ=4.407207, ΔA=-0.0033, ESS≈7483
[equal-ρ] bisect μ=4.406507, ΔA=+0.0225, ESS≈7500
[equal-ρ] bisect μ=4.406857, ΔA=+0.0096, ESS≈7493
mu* = 4.406857   ESS ≈ 7493
0.5006675549633578


success: False
χ²*    : 0.012904305994218684
θ*     : (1.2798462604243968, 1.8, 4.41489350074435, 0.9999999999931801, 0.45782382955431, -0.030505644322819575)

=== Step: target eps_sp=1.820 (prev=1.800) ===
[μ=4.414894] f=m_dense-m_dilute=-0.2729
[step] μ=4.410894 f=-0.1490
[step] μ=4.406894 f=+0.0189
[equal-ρ] μ0=4.406894, ΔA=A_dense-A_dilute=+0.0189, ESS≈7505
[equal-ρ] bracket μ=4.406994, ΔA=+0.0153, ESS≈7505
[equal-ρ] bracket μ=4.407094, ΔA=+0.0116, ESS≈7505
[equal-ρ] bracket μ=4.407194, ΔA=+0.0079, ESS≈7504
[equal-ρ] bracket μ=4.407294, ΔA=+0.0043, ESS≈7503
[equal-ρ] bracket μ=4.407394, ΔA=+0.0006, ESS≈7502
[equal-ρ] bracket μ=4.407494, ΔA=-0.0031, ESS≈7501
[equal-ρ] bisect μ=4.407194, ΔA=+0.0079, ESS≈7504
mu* = 4.407194   ESS ≈ 7504
0.4998134576948701


success: False
χ²*    : 0.011612036950084139
θ*     : (1.271218513119519, 1.82, 4.415798654109669, 0.9999999999944204, 0.4634720030297725, -0.021712540728934013)

=== Step: target eps_sp=1.840 (prev=1.820) ===
[μ=4.415799] f=m_dense-m_dilute=-0.3054
[step] μ=4.411799 f=-0.1731
[step] μ=4.407799 f=-0.0441
[equal-ρ] μ0=4.407799, ΔA=A_dense-A_dilute=-0.0441, ESS≈7505
[equal-ρ] bracket μ=4.407699, ΔA=-0.0404, ESS≈7505
[equal-ρ] bracket μ=4.407599, ΔA=-0.0368, ESS≈7505
[equal-ρ] bracket μ=4.407499, ΔA=-0.0331, ESS≈7504
[equal-ρ] bracket μ=4.407399, ΔA=-0.0295, ESS≈7503
[equal-ρ] bracket μ=4.407299, ΔA=-0.0258, ESS≈7502
[equal-ρ] bracket μ=4.407199, ΔA=-0.0221, ESS≈7501
[equal-ρ] bracket μ=4.407099, ΔA=-0.0185, ESS≈7500
[equal-ρ] bracket μ=4.406999, ΔA=-0.0148, ESS≈7498
[equal-ρ] bracket μ=4.406899, ΔA=-0.0111, ESS≈7496
[equal-ρ] bracket μ=4.406799, ΔA=-0.0075, ESS≈7494
[equal-ρ] bracket μ=4.406699, ΔA=-0.0038, ESS≈7491
[equal-ρ] bracket μ=4.406599, ΔA=-0.0001, ESS≈7489
[equal-ρ] bracket μ=4.406499, ΔA=+0.0035, ESS≈7486
[equal-ρ] bisect μ=4.407149, ΔA=-0.0203, ESS≈7500
[equal-ρ] bisect μ=4.406824, ΔA=-0.0084, ESS≈7494
mu* = 4.406824   ESS ≈ 7494
0.49009726848767493


success: True
χ²*    : 0.015391214060812258
θ*     : (1.2651823537765556, 1.84, 4.412859807914687, 0.9999999999938736, 0.4473736592552707, -0.042877703943633445)

=== Step: target eps_sp=1.860 (prev=1.840) ===
[μ=4.412860] f=m_dense-m_dilute=-0.0132
[equal-ρ] μ0=4.412860, ΔA=A_dense-A_dilute=-0.0132, ESS≈7505
[equal-ρ] bracket μ=4.412760, ΔA=-0.0095, ESS≈7505
[equal-ρ] bracket μ=4.412660, ΔA=-0.0058, ESS≈7505
[equal-ρ] bracket μ=4.412560, ΔA=-0.0021, ESS≈7504
[equal-ρ] bracket μ=4.412460, ΔA=+0.0016, ESS≈7503
[equal-ρ] bisect μ=4.412660, ΔA=-0.0058, ESS≈7505
mu* = 4.412660   ESS ≈ 7505
0.5025742838107927


success: False
χ²*    : 0.01360288474995027
θ*     : (1.2566694601853272, 1.86, 4.420488488038382, 1.0000000000061413, 0.5246222318198549, 0.018044425838891605)

=== Step: target eps_sp=1.880 (prev=1.860) ===
[μ=4.420488] f=m_dense-m_dilute=-0.2981
[step] μ=4.416488 f=-0.1867
[step] μ=4.412488 f=-0.0329
[equal-ρ] μ0=4.412488, ΔA=A_dense-A_dilute=-0.0329, ESS≈7505
[equal-ρ] bracket μ=4.412388, ΔA=-0.0292, ESS≈7505
[equal-ρ] bracket μ=4.412288, ΔA=-0.0255, ESS≈7505
[equal-ρ] bracket μ=4.412188, ΔA=-0.0218, ESS≈7504
[equal-ρ] bracket μ=4.412088, ΔA=-0.0182, ESS≈7503
[equal-ρ] bracket μ=4.411988, ΔA=-0.0145, ESS≈7502
[equal-ρ] bracket μ=4.411888, ΔA=-0.0108, ESS≈7501
[equal-ρ] bracket μ=4.411788, ΔA=-0.0071, ESS≈7499
[equal-ρ] bracket μ=4.411688, ΔA=-0.0034, ESS≈7498
[equal-ρ] bracket μ=4.411588, ΔA=+0.0003, ESS≈7496
[equal-ρ] bisect μ=4.412038, ΔA=-0.0163, ESS≈7503
[equal-ρ] bisect μ=4.411813, ΔA=-0.0080, ESS≈7500
mu* = 4.411813   ESS ≈ 7500
0.49609993337774816


success: False
χ²*    : 0.024281624934251733
θ*     : (1.2477247180167288, 1.8800000000000001, 4.420758230206982, 0.9999999999980205, 0.46657722422404246, -0.014056576892127793)

=== Step: target eps_sp=1.900 (prev=1.880) ===
[μ=4.420758] f=m_dense-m_dilute=-0.3468
[step] μ=4.416758 f=-0.2024
[step] μ=4.412758 f=-0.0546
[equal-ρ] μ0=4.412758, ΔA=A_dense-A_dilute=-0.0546, ESS≈7505
[equal-ρ] bracket μ=4.412658, ΔA=-0.0510, ESS≈7505
[equal-ρ] bracket μ=4.412558, ΔA=-0.0473, ESS≈7505
[equal-ρ] bracket μ=4.412458, ΔA=-0.0436, ESS≈7504
[equal-ρ] bracket μ=4.412358, ΔA=-0.0400, ESS≈7503
[equal-ρ] bracket μ=4.412258, ΔA=-0.0363, ESS≈7502
[equal-ρ] bracket μ=4.412158, ΔA=-0.0326, ESS≈7501
[equal-ρ] bracket μ=4.412058, ΔA=-0.0290, ESS≈7500
[equal-ρ] bracket μ=4.411958, ΔA=-0.0253, ESS≈7498
[equal-ρ] bracket μ=4.411858, ΔA=-0.0216, ESS≈7496
[equal-ρ] bracket μ=4.411758, ΔA=-0.0180, ESS≈7494
[equal-ρ] bracket μ=4.411658, ΔA=-0.0143, ESS≈7491
[equal-ρ] bracket μ=4.411558, ΔA=-0.0106, ESS≈7489
[equal-ρ] bracket μ=4.411458, ΔA=-0.0069, ESS≈7486
[equal-ρ] bracket μ=4.411358, ΔA=-0.0033, ESS≈7483
[equal-ρ] bracket μ=4.411258, ΔA=+0.0004, ESS≈7480
[equal-ρ] bisect μ=4.412008, ΔA=-0.0271, ESS≈7499
[equal-ρ] bisect μ=4.411633, ΔA=-0.0134, ESS≈7491
[equal-ρ] bisect μ=4.411446, ΔA=-0.0065, ESS≈7486
mu* = 4.411446   ESS ≈ 7486
0.5014497001998668


success: True
χ²*    : 0.012255958703177798
θ*     : (1.2420043782507613, 1.9000000000000001, 4.415699850387538, 0.9999999999991454, 0.4972215148749998, -0.00559570133195548)

=== Step: target eps_sp=1.920 (prev=1.900) ===
[μ=4.415700] f=m_dense-m_dilute=+0.0612
[equal-ρ] μ0=4.415700, ΔA=A_dense-A_dilute=+0.0612, ESS≈7505
[equal-ρ] bracket μ=4.415800, ΔA=+0.0575, ESS≈7505
[equal-ρ] bracket μ=4.415900, ΔA=+0.0538, ESS≈7505
[equal-ρ] bracket μ=4.416000, ΔA=+0.0500, ESS≈7504
[equal-ρ] bracket μ=4.416100, ΔA=+0.0463, ESS≈7503
[equal-ρ] bracket μ=4.416200, ΔA=+0.0426, ESS≈7502
[equal-ρ] bracket μ=4.416300, ΔA=+0.0389, ESS≈7501
[equal-ρ] bracket μ=4.416400, ΔA=+0.0352, ESS≈7499
[equal-ρ] bracket μ=4.416500, ΔA=+0.0315, ESS≈7498
[equal-ρ] bracket μ=4.416600, ΔA=+0.0278, ESS≈7496
[equal-ρ] bracket μ=4.416700, ΔA=+0.0241, ESS≈7494
[equal-ρ] bracket μ=4.416800, ΔA=+0.0204, ESS≈7491
[equal-ρ] bracket μ=4.416900, ΔA=+0.0166, ESS≈7489
[equal-ρ] bracket μ=4.417000, ΔA=+0.0129, ESS≈7486
[equal-ρ] bracket μ=4.417100, ΔA=+0.0092, ESS≈7483
[equal-ρ] bracket μ=4.417200, ΔA=+0.0055, ESS≈7479
[equal-ρ] bracket μ=4.417300, ΔA=+0.0018, ESS≈7476
[equal-ρ] bracket μ=4.417400, ΔA=-0.0019, ESS≈7472
[equal-ρ] bisect μ=4.416550, ΔA=+0.0296, ESS≈7497
[equal-ρ] bisect μ=4.416975, ΔA=+0.0138, ESS≈7486
[equal-ρ] bisect μ=4.417187, ΔA=+0.0060, ESS≈7480
mu* = 4.417187   ESS ≈ 7480
0.5017668221185876


success: True
χ²*    : 0.02454099697477586
θ*     : (1.2317382828247998, 1.92, 4.4277524790895715, 0.9999999999946868, 0.43642966409108175, -0.03958160570925897)

=== Step: target eps_sp=1.940 (prev=1.920) ===
[μ=4.427752] f=m_dense-m_dilute=-0.4754
[step] μ=4.423752 f=-0.3447
[step] μ=4.419752 f=-0.1933
[step] μ=4.415752 f=-0.0346
[equal-ρ] μ0=4.415752, ΔA=A_dense-A_dilute=-0.0346, ESS≈7505
[equal-ρ] bracket μ=4.415652, ΔA=-0.0309, ESS≈7505
[equal-ρ] bracket μ=4.415552, ΔA=-0.0272, ESS≈7505
[equal-ρ] bracket μ=4.415452, ΔA=-0.0235, ESS≈7504
[equal-ρ] bracket μ=4.415352, ΔA=-0.0198, ESS≈7503
[equal-ρ] bracket μ=4.415252, ΔA=-0.0161, ESS≈7502
[equal-ρ] bracket μ=4.415152, ΔA=-0.0124, ESS≈7501
[equal-ρ] bracket μ=4.415052, ΔA=-0.0087, ESS≈7499
[equal-ρ] bracket μ=4.414952, ΔA=-0.0050, ESS≈7498
[equal-ρ] bracket μ=4.414852, ΔA=-0.0013, ESS≈7496
[equal-ρ] bracket μ=4.414752, ΔA=+0.0024, ESS≈7494
[equal-ρ] bisect μ=4.415252, ΔA=-0.0161, ESS≈7502
[equal-ρ] bisect μ=4.415002, ΔA=-0.0069, ESS≈7499
mu* = 4.415002   ESS ≈ 7499
0.5002744836775482


success: True
χ²*    : 0.02275175341873086
θ*     : (1.2211511460517763, 1.94, 4.424265487056826, 0.9999999999977095, 0.4775576970516553, -0.009867089476800024)

=== Step: target eps_sp=1.960 (prev=1.940) ===
[μ=4.424265] f=m_dense-m_dilute=-0.4669
[step] μ=4.420265 f=-0.3368
[step] μ=4.416265 f=-0.1813
[step] μ=4.412265 f=-0.0793
[equal-ρ] μ0=4.412265, ΔA=A_dense-A_dilute=-0.0793, ESS≈7505
[equal-ρ] bracket μ=4.412165, ΔA=-0.0756, ESS≈7505
[equal-ρ] bracket μ=4.412065, ΔA=-0.0719, ESS≈7505
[equal-ρ] bracket μ=4.411965, ΔA=-0.0682, ESS≈7504
[equal-ρ] bracket μ=4.411865, ΔA=-0.0645, ESS≈7503
[equal-ρ] bracket μ=4.411765, ΔA=-0.0608, ESS≈7502
[equal-ρ] bracket μ=4.411665, ΔA=-0.0571, ESS≈7501
[equal-ρ] bracket μ=4.411565, ΔA=-0.0533, ESS≈7499
[equal-ρ] bracket μ=4.411465, ΔA=-0.0496, ESS≈7498
[equal-ρ] bracket μ=4.411365, ΔA=-0.0459, ESS≈7496
[equal-ρ] bracket μ=4.411265, ΔA=-0.0422, ESS≈7494
[equal-ρ] bracket μ=4.411165, ΔA=-0.0385, ESS≈7491
[equal-ρ] bracket μ=4.411065, ΔA=-0.0348, ESS≈7488
[equal-ρ] bracket μ=4.410965, ΔA=-0.0311, ESS≈7486
[equal-ρ] bracket μ=4.410865, ΔA=-0.0273, ESS≈7482
[equal-ρ] bracket μ=4.410765, ΔA=-0.0236, ESS≈7479
[equal-ρ] bracket μ=4.410665, ΔA=-0.0199, ESS≈7476
[equal-ρ] bracket μ=4.410565, ΔA=-0.0162, ESS≈7472
[equal-ρ] bracket μ=4.410465, ΔA=-0.0125, ESS≈7468
[equal-ρ] bracket μ=4.410365, ΔA=-0.0087, ESS≈7464
[equal-ρ] bracket μ=4.410265, ΔA=-0.0050, ESS≈7459
mu* = 4.410265   ESS ≈ 7459
0.5026049300466356


success: False
χ²*    : 0.016529368708008276
θ*     : (1.2148321910996245, 1.96, 4.4165650449707385, 1.0000000000022182, 0.52660284330879, 0.010250119680610346)

=== Step: target eps_sp=1.980 (prev=1.960) ===
[μ=4.416565] f=m_dense-m_dilute=-0.0369
[equal-ρ] μ0=4.416565, ΔA=A_dense-A_dilute=-0.0369, ESS≈7505
[equal-ρ] bracket μ=4.416465, ΔA=-0.0332, ESS≈7505
[equal-ρ] bracket μ=4.416365, ΔA=-0.0295, ESS≈7505
[equal-ρ] bracket μ=4.416265, ΔA=-0.0258, ESS≈7504
[equal-ρ] bracket μ=4.416165, ΔA=-0.0220, ESS≈7503
[equal-ρ] bracket μ=4.416065, ΔA=-0.0183, ESS≈7502
[equal-ρ] bracket μ=4.415965, ΔA=-0.0146, ESS≈7501
[equal-ρ] bracket μ=4.415865, ΔA=-0.0109, ESS≈7499
[equal-ρ] bracket μ=4.415765, ΔA=-0.0071, ESS≈7498
[equal-ρ] bracket μ=4.415665, ΔA=-0.0034, ESS≈7496
[equal-ρ] bracket μ=4.415565, ΔA=+0.0003, ESS≈7494
[equal-ρ] bisect μ=4.416065, ΔA=-0.0183, ESS≈7502
[equal-ρ] bisect μ=4.415815, ΔA=-0.0090, ESS≈7499
mu* = 4.415815   ESS ≈ 7499
0.4980732844770153


success: True
χ²*    : 0.020143167433177366
θ*     : (1.207018393625575, 1.98, 4.423666668378576, 0.9999999999977761, 0.4792672457705835, -0.016933962382497423)

=== Step: target eps_sp=2.000 (prev=1.980) ===
[μ=4.423667] f=m_dense-m_dilute=-0.2344
[step] μ=4.419667 f=-0.0556
[equal-ρ] μ0=4.419667, ΔA=A_dense-A_dilute=-0.0556, ESS≈7505
[equal-ρ] bracket μ=4.419567, ΔA=-0.0518, ESS≈7505
[equal-ρ] bracket μ=4.419467, ΔA=-0.0481, ESS≈7505
[equal-ρ] bracket μ=4.419367, ΔA=-0.0444, ESS≈7504
[equal-ρ] bracket μ=4.419267, ΔA=-0.0407, ESS≈7503
[equal-ρ] bracket μ=4.419167, ΔA=-0.0370, ESS≈7502
[equal-ρ] bracket μ=4.419067, ΔA=-0.0332, ESS≈7501
[equal-ρ] bracket μ=4.418967, ΔA=-0.0295, ESS≈7499
[equal-ρ] bracket μ=4.418867, ΔA=-0.0258, ESS≈7498
[equal-ρ] bracket μ=4.418767, ΔA=-0.0221, ESS≈7496
[equal-ρ] bracket μ=4.418667, ΔA=-0.0183, ESS≈7493
[equal-ρ] bracket μ=4.418567, ΔA=-0.0146, ESS≈7491
[equal-ρ] bracket μ=4.418467, ΔA=-0.0109, ESS≈7488
[equal-ρ] bracket μ=4.418367, ΔA=-0.0072, ESS≈7486
[equal-ρ] bracket μ=4.418267, ΔA=-0.0034, ESS≈7482
[equal-ρ] bracket μ=4.418167, ΔA=+0.0003, ESS≈7479
[equal-ρ] bisect μ=4.418917, ΔA=-0.0277, ESS≈7499
[equal-ρ] bisect μ=4.418542, ΔA=-0.0137, ESS≈7490
[equal-ρ] bisect μ=4.418354, ΔA=-0.0067, ESS≈7485
mu* = 4.418354   ESS ≈ 7485
0.49900333111259165


success: True
χ²*    : 0.022512403475485804
θ*     : (1.1987586899601834, 2.0, 4.426612276954092, 0.9999999999982035, 0.4762485699681145, -0.01798253874725887)

=== Step: target eps_sp=2.020 (prev=2.000) ===
[μ=4.426612] f=m_dense-m_dilute=-0.2640
[step] μ=4.422612 f=-0.1011
[step] μ=4.418612 f=+0.0545
[equal-ρ] μ0=4.418612, ΔA=A_dense-A_dilute=+0.0545, ESS≈7505
[equal-ρ] bracket μ=4.418712, ΔA=+0.0508, ESS≈7505
[equal-ρ] bracket μ=4.418812, ΔA=+0.0470, ESS≈7505
[equal-ρ] bracket μ=4.418912, ΔA=+0.0433, ESS≈7504
[equal-ρ] bracket μ=4.419012, ΔA=+0.0396, ESS≈7503
[equal-ρ] bracket μ=4.419112, ΔA=+0.0358, ESS≈7502
[equal-ρ] bracket μ=4.419212, ΔA=+0.0321, ESS≈7501
[equal-ρ] bracket μ=4.419312, ΔA=+0.0284, ESS≈7499
[equal-ρ] bracket μ=4.419412, ΔA=+0.0246, ESS≈7498
[equal-ρ] bracket μ=4.419512, ΔA=+0.0209, ESS≈7496
[equal-ρ] bracket μ=4.419612, ΔA=+0.0172, ESS≈7493
[equal-ρ] bracket μ=4.419712, ΔA=+0.0134, ESS≈7491
[equal-ρ] bracket μ=4.419812, ΔA=+0.0097, ESS≈7488
[equal-ρ] bracket μ=4.419912, ΔA=+0.0060, ESS≈7485
[equal-ρ] bracket μ=4.420012, ΔA=+0.0022, ESS≈7482
[equal-ρ] bracket μ=4.420112, ΔA=-0.0015, ESS≈7479
[equal-ρ] bisect μ=4.419362, ΔA=+0.0265, ESS≈7498
[equal-ρ] bisect μ=4.419737, ΔA=+0.0125, ESS≈7490
[equal-ρ] bisect μ=4.419925, ΔA=+0.0055, ESS≈7485
mu* = 4.419925   ESS ≈ 7485
0.5070832778147901


success: True
χ²*    : 0.034115217415497716
θ*     : (1.1919942140045472, 2.02, 4.426689148770939, 0.999999999998181, 0.49833380209717454, -0.01760146278505874)

=== Step: target eps_sp=2.040 (prev=2.020) ===
[μ=4.426689] f=m_dense-m_dilute=-0.0923
[equal-ρ] μ0=4.426689, ΔA=A_dense-A_dilute=-0.0923, ESS≈7505
[equal-ρ] bracket μ=4.426589, ΔA=-0.0886, ESS≈7505
[equal-ρ] bracket μ=4.426489, ΔA=-0.0849, ESS≈7505
[equal-ρ] bracket μ=4.426389, ΔA=-0.0812, ESS≈7504
[equal-ρ] bracket μ=4.426289, ΔA=-0.0775, ESS≈7503
[equal-ρ] bracket μ=4.426189, ΔA=-0.0737, ESS≈7502
[equal-ρ] bracket μ=4.426089, ΔA=-0.0700, ESS≈7501
[equal-ρ] bracket μ=4.425989, ΔA=-0.0663, ESS≈7499
[equal-ρ] bracket μ=4.425889, ΔA=-0.0625, ESS≈7498
[equal-ρ] bracket μ=4.425789, ΔA=-0.0588, ESS≈7496
[equal-ρ] bracket μ=4.425689, ΔA=-0.0551, ESS≈7493
[equal-ρ] bracket μ=4.425589, ΔA=-0.0513, ESS≈7491
[equal-ρ] bracket μ=4.425489, ΔA=-0.0476, ESS≈7488
[equal-ρ] bracket μ=4.425389, ΔA=-0.0438, ESS≈7485
[equal-ρ] bracket μ=4.425289, ΔA=-0.0401, ESS≈7482
[equal-ρ] bracket μ=4.425189, ΔA=-0.0363, ESS≈7479
[equal-ρ] bracket μ=4.425089, ΔA=-0.0326, ESS≈7475
[equal-ρ] bracket μ=4.424989, ΔA=-0.0289, ESS≈7471
[equal-ρ] bracket μ=4.424889, ΔA=-0.0251, ESS≈7467
[equal-ρ] bracket μ=4.424789, ΔA=-0.0214, ESS≈7463
[equal-ρ] bracket μ=4.424689, ΔA=-0.0176, ESS≈7459
mu* = 4.424689   ESS ≈ 7459
0.49652631578947365


success: True
χ²*    : 0.02860451768078842
θ*     : (1.180181964511233, 2.04, 4.43660529561264, 0.999999999995331, 0.4543851379256395, -0.024703715972193115)

=== Step: target eps_sp=2.060 (prev=2.040) ===
[μ=4.436605] f=m_dense-m_dilute=-0.5795
[step] μ=4.432605 f=-0.4526
[step] μ=4.428605 f=-0.3488
[step] μ=4.424605 f=-0.1845
[step] μ=4.420605 f=-0.0645
[equal-ρ] μ0=4.420605, ΔA=A_dense-A_dilute=-0.0645, ESS≈7505
[equal-ρ] bracket μ=4.420505, ΔA=-0.0608, ESS≈7505
[equal-ρ] bracket μ=4.420405, ΔA=-0.0571, ESS≈7505
[equal-ρ] bracket μ=4.420305, ΔA=-0.0534, ESS≈7504
[equal-ρ] bracket μ=4.420205, ΔA=-0.0497, ESS≈7503
[equal-ρ] bracket μ=4.420105, ΔA=-0.0460, ESS≈7502
[equal-ρ] bracket μ=4.420005, ΔA=-0.0423, ESS≈7501
[equal-ρ] bracket μ=4.419905, ΔA=-0.0386, ESS≈7499
[equal-ρ] bracket μ=4.419805, ΔA=-0.0348, ESS≈7498
[equal-ρ] bracket μ=4.419705, ΔA=-0.0311, ESS≈7496
[equal-ρ] bracket μ=4.419605, ΔA=-0.0274, ESS≈7494
[equal-ρ] bracket μ=4.419505, ΔA=-0.0237, ESS≈7491
[equal-ρ] bracket μ=4.419405, ΔA=-0.0200, ESS≈7488
[equal-ρ] bracket μ=4.419305, ΔA=-0.0163, ESS≈7486
[equal-ρ] bracket μ=4.419205, ΔA=-0.0126, ESS≈7482
[equal-ρ] bracket μ=4.419105, ΔA=-0.0088, ESS≈7479
[equal-ρ] bracket μ=4.419005, ΔA=-0.0051, ESS≈7476
[equal-ρ] bracket μ=4.418905, ΔA=-0.0014, ESS≈7472
[equal-ρ] bracket μ=4.418805, ΔA=+0.0023, ESS≈7468
[equal-ρ] bisect μ=4.419705, ΔA=-0.0311, ESS≈7496
[equal-ρ] bisect μ=4.419255, ΔA=-0.0144, ESS≈7484
[equal-ρ] bisect μ=4.419030, ΔA=-0.0061, ESS≈7477
mu* = 4.419030   ESS ≈ 7477
0.4987874750166556


success: True
χ²*    : 0.01936673561514672
θ*     : (1.1713694107932184, 2.06, 4.4290343232915825, 0.9999999999964451, 0.4731500037875369, -0.017514475114705944)

=== Step: target eps_sp=2.080 (prev=2.060) ===
[μ=4.429034] f=m_dense-m_dilute=-0.3599
[step] μ=4.425034 f=-0.1949
[step] μ=4.421034 f=-0.0608
[equal-ρ] μ0=4.421034, ΔA=A_dense-A_dilute=-0.0608, ESS≈7505
[equal-ρ] bracket μ=4.420934, ΔA=-0.0571, ESS≈7505
[equal-ρ] bracket μ=4.420834, ΔA=-0.0534, ESS≈7505
[equal-ρ] bracket μ=4.420734, ΔA=-0.0497, ESS≈7504
[equal-ρ] bracket μ=4.420634, ΔA=-0.0460, ESS≈7503
[equal-ρ] bracket μ=4.420534, ΔA=-0.0423, ESS≈7502
[equal-ρ] bracket μ=4.420434, ΔA=-0.0385, ESS≈7501
[equal-ρ] bracket μ=4.420334, ΔA=-0.0348, ESS≈7499
[equal-ρ] bracket μ=4.420234, ΔA=-0.0311, ESS≈7498
[equal-ρ] bracket μ=4.420134, ΔA=-0.0274, ESS≈7496
[equal-ρ] bracket μ=4.420034, ΔA=-0.0237, ESS≈7494
[equal-ρ] bracket μ=4.419934, ΔA=-0.0200, ESS≈7491
[equal-ρ] bracket μ=4.419834, ΔA=-0.0163, ESS≈7488
[equal-ρ] bracket μ=4.419734, ΔA=-0.0126, ESS≈7486
[equal-ρ] bracket μ=4.419634, ΔA=-0.0089, ESS≈7483
[equal-ρ] bracket μ=4.419534, ΔA=-0.0052, ESS≈7479
[equal-ρ] bracket μ=4.419434, ΔA=-0.0014, ESS≈7476
[equal-ρ] bracket μ=4.419334, ΔA=+0.0023, ESS≈7472
[equal-ρ] bisect μ=4.420184, ΔA=-0.0293, ESS≈7497
[equal-ρ] bisect μ=4.419759, ΔA=-0.0135, ESS≈7486
[equal-ρ] bisect μ=4.419547, ΔA=-0.0056, ESS≈7480
mu* = 4.419547   ESS ≈ 7480
0.5021785476349101


success: True
χ²*    : 0.01745615450864909
θ*     : (1.163618334979301, 2.08, 4.426961306449727, 1.0000000000020082, 0.5397926568163794, 0.01793112296629804)

=== Step: target eps_sp=2.100 (prev=2.080) ===
[μ=4.426961] f=m_dense-m_dilute=-0.1676
[step] μ=4.422961 f=-0.0007
[equal-ρ] μ0=4.422961, ΔA=A_dense-A_dilute=-0.0007, ESS≈7505
mu* = 4.422961   ESS ≈ 7505
0.5071618920719521


success: True
χ²*    : 0.02287913330245618
θ*     : (1.153190818794296, 2.1, 4.43062477726244, 1.0000000000012603, 0.5179027082859468, 0.009597017816995686)

=== Step: target eps_sp=2.120 (prev=2.100) ===
[μ=4.430625] f=m_dense-m_dilute=-0.3730
[step] μ=4.426625 f=-0.2657
[step] μ=4.422625 f=-0.0902
[equal-ρ] μ0=4.422625, ΔA=A_dense-A_dilute=-0.0902, ESS≈7505
[equal-ρ] bracket μ=4.422525, ΔA=-0.0865, ESS≈7505
[equal-ρ] bracket μ=4.422425, ΔA=-0.0828, ESS≈7505
[equal-ρ] bracket μ=4.422325, ΔA=-0.0791, ESS≈7504
[equal-ρ] bracket μ=4.422225, ΔA=-0.0754, ESS≈7503
[equal-ρ] bracket μ=4.422125, ΔA=-0.0717, ESS≈7502
[equal-ρ] bracket μ=4.422025, ΔA=-0.0679, ESS≈7501
[equal-ρ] bracket μ=4.421925, ΔA=-0.0642, ESS≈7499
[equal-ρ] bracket μ=4.421825, ΔA=-0.0605, ESS≈7498
[equal-ρ] bracket μ=4.421725, ΔA=-0.0568, ESS≈7496
[equal-ρ] bracket μ=4.421625, ΔA=-0.0531, ESS≈7493
[equal-ρ] bracket μ=4.421525, ΔA=-0.0493, ESS≈7491
[equal-ρ] bracket μ=4.421425, ΔA=-0.0456, ESS≈7488
[equal-ρ] bracket μ=4.421325, ΔA=-0.0419, ESS≈7485
[equal-ρ] bracket μ=4.421225, ΔA=-0.0382, ESS≈7482
[equal-ρ] bracket μ=4.421125, ΔA=-0.0344, ESS≈7479
[equal-ρ] bracket μ=4.421025, ΔA=-0.0307, ESS≈7475
[equal-ρ] bracket μ=4.420925, ΔA=-0.0270, ESS≈7472
[equal-ρ] bracket μ=4.420825, ΔA=-0.0232, ESS≈7468
[equal-ρ] bracket μ=4.420725, ΔA=-0.0195, ESS≈7463
[equal-ρ] bracket μ=4.420625, ΔA=-0.0158, ESS≈7459
mu* = 4.420625   ESS ≈ 7459
0.5001359093937374


success: True
χ²*    : 0.02749398252157198
θ*     : (1.143181868311989, 2.12, 4.429571800612373, 1.0000000000023974, 0.5166307362336712, 0.013916377764729366)

=== Step: target eps_sp=2.140 (prev=2.120) ===
[μ=4.429572] f=m_dense-m_dilute=-0.3863
[step] μ=4.425572 f=-0.2593
[step] μ=4.421572 f=-0.1034
[step] μ=4.417572 f=+0.0188
[equal-ρ] μ0=4.417572, ΔA=A_dense-A_dilute=+0.0188, ESS≈7505
[equal-ρ] bracket μ=4.417672, ΔA=+0.0151, ESS≈7505
[equal-ρ] bracket μ=4.417772, ΔA=+0.0113, ESS≈7505
[equal-ρ] bracket μ=4.417872, ΔA=+0.0076, ESS≈7504
[equal-ρ] bracket μ=4.417972, ΔA=+0.0039, ESS≈7503
[equal-ρ] bracket μ=4.418072, ΔA=+0.0001, ESS≈7502
[equal-ρ] bracket μ=4.418172, ΔA=-0.0036, ESS≈7501
[equal-ρ] bisect μ=4.417872, ΔA=+0.0076, ESS≈7504
mu* = 4.417872   ESS ≈ 7504
0.5148847435043304


success: True
χ²*    : 0.02717455475330849
θ*     : (1.1338549874950274, 2.14, 4.42604384027856, 1.0000000000099125, 0.5882701607452983, 0.04483712100444436)

=== Step: target eps_sp=2.160 (prev=2.140) ===
[μ=4.426044] f=m_dense-m_dilute=-0.2751
[step] μ=4.422044 f=-0.0941
[equal-ρ] μ0=4.422044, ΔA=A_dense-A_dilute=-0.0941, ESS≈7505
[equal-ρ] bracket μ=4.421944, ΔA=-0.0904, ESS≈7505
[equal-ρ] bracket μ=4.421844, ΔA=-0.0867, ESS≈7505
[equal-ρ] bracket μ=4.421744, ΔA=-0.0831, ESS≈7504
[equal-ρ] bracket μ=4.421644, ΔA=-0.0794, ESS≈7503
[equal-ρ] bracket μ=4.421544, ΔA=-0.0757, ESS≈7502
[equal-ρ] bracket μ=4.421444, ΔA=-0.0720, ESS≈7501
[equal-ρ] bracket μ=4.421344, ΔA=-0.0684, ESS≈7499
[equal-ρ] bracket μ=4.421244, ΔA=-0.0647, ESS≈7498
[equal-ρ] bracket μ=4.421144, ΔA=-0.0610, ESS≈7496
[equal-ρ] bracket μ=4.421044, ΔA=-0.0573, ESS≈7494
[equal-ρ] bracket μ=4.420944, ΔA=-0.0536, ESS≈7491
[equal-ρ] bracket μ=4.420844, ΔA=-0.0499, ESS≈7489
[equal-ρ] bracket μ=4.420744, ΔA=-0.0463, ESS≈7486
[equal-ρ] bracket μ=4.420644, ΔA=-0.0426, ESS≈7483
[equal-ρ] bracket μ=4.420544, ΔA=-0.0389, ESS≈7479
[equal-ρ] bracket μ=4.420444, ΔA=-0.0352, ESS≈7476
[equal-ρ] bracket μ=4.420344, ΔA=-0.0315, ESS≈7472
[equal-ρ] bracket μ=4.420244, ΔA=-0.0278, ESS≈7468
[equal-ρ] bracket μ=4.420144, ΔA=-0.0241, ESS≈7464
[equal-ρ] bracket μ=4.420044, ΔA=-0.0204, ESS≈7459
mu* = 4.420044   ESS ≈ 7459
0.4995229846768821


success: False
χ²*    : 0.023823483958742387
θ*     : (1.125244279130007, 2.16, 4.428414982788348, 1.0000000000018714, 0.5322688624929774, 0.017502032939732123)

=== Step: target eps_sp=2.180 (prev=2.160) ===
[μ=4.428415] f=m_dense-m_dilute=-0.3138
[step] μ=4.424415 f=-0.1801
[step] μ=4.420415 f=-0.0232
[equal-ρ] μ0=4.420415, ΔA=A_dense-A_dilute=-0.0232, ESS≈7505
[equal-ρ] bracket μ=4.420315, ΔA=-0.0194, ESS≈7505
[equal-ρ] bracket μ=4.420215, ΔA=-0.0157, ESS≈7505
[equal-ρ] bracket μ=4.420115, ΔA=-0.0120, ESS≈7504
[equal-ρ] bracket μ=4.420015, ΔA=-0.0082, ESS≈7503
[equal-ρ] bracket μ=4.419915, ΔA=-0.0045, ESS≈7502
[equal-ρ] bracket μ=4.419815, ΔA=-0.0007, ESS≈7501
[equal-ρ] bracket μ=4.419715, ΔA=+0.0030, ESS≈7499
[equal-ρ] bisect μ=4.420065, ΔA=-0.0101, ESS≈7504
[equal-ρ] bisect μ=4.419890, ΔA=-0.0035, ESS≈7502
mu* = 4.419890   ESS ≈ 7502
0.5122425049966689


success: True
χ²*    : 0.025083016491407713
θ*     : (1.1154236477258912, 2.18, 4.428277124506431, 1.0000000000618825, 0.6583876524177098, 0.0974327700142046)

=== Step: target eps_sp=2.200 (prev=2.180) ===
[μ=4.428277] f=m_dense-m_dilute=-0.3479
[step] μ=4.424277 f=-0.1707
[step] μ=4.420277 f=-0.0140
[equal-ρ] μ0=4.420277, ΔA=A_dense-A_dilute=-0.0140, ESS≈7505
[equal-ρ] bracket μ=4.420177, ΔA=-0.0102, ESS≈7505
[equal-ρ] bracket μ=4.420077, ΔA=-0.0065, ESS≈7505
[equal-ρ] bracket μ=4.419977, ΔA=-0.0028, ESS≈7504
[equal-ρ] bracket μ=4.419877, ΔA=+0.0010, ESS≈7503
[equal-ρ] bisect μ=4.420077, ΔA=-0.0065, ESS≈7505
mu* = 4.420077   ESS ≈ 7505
0.5107368421052632


success: True
χ²*    : 0.02573737248176725
θ*     : (1.1054117850879501, 2.2, 4.429688173189433, 1.0000000000145652, 0.5736925579420188, 0.048355125549558745)

=== Step: target eps_sp=2.220 (prev=2.200) ===
[μ=4.429688] f=m_dense-m_dilute=-0.3897
[step] μ=4.425688 f=-0.2561
[step] μ=4.421688 f=-0.1082
[step] μ=4.417688 f=+0.0294
[equal-ρ] μ0=4.417688, ΔA=A_dense-A_dilute=+0.0294, ESS≈7505
[equal-ρ] bracket μ=4.417788, ΔA=+0.0258, ESS≈7505
[equal-ρ] bracket μ=4.417888, ΔA=+0.0221, ESS≈7505
[equal-ρ] bracket μ=4.417988, ΔA=+0.0184, ESS≈7504
[equal-ρ] bracket μ=4.418088, ΔA=+0.0147, ESS≈7503
[equal-ρ] bracket μ=4.418188, ΔA=+0.0110, ESS≈7502
[equal-ρ] bracket μ=4.418288, ΔA=+0.0073, ESS≈7501
[equal-ρ] bracket μ=4.418388, ΔA=+0.0036, ESS≈7499
[equal-ρ] bracket μ=4.418488, ΔA=-0.0001, ESS≈7498
[equal-ρ] bisect μ=4.418088, ΔA=+0.0147, ESS≈7503
[equal-ρ] bisect μ=4.418288, ΔA=+0.0073, ESS≈7501
mu* = 4.418288   ESS ≈ 7501
0.5136269153897401


success: True
χ²*    : 0.056415107333171496
θ*     : (1.0928092575410437, 2.22, 4.427294390820978, 1.0000000000027591, 0.496922216847361, 0.010248729714365698)

=== Step: target eps_sp=2.240 (prev=2.220) ===
[μ=4.427294] f=m_dense-m_dilute=-0.5135
[step] μ=4.423294 f=-0.4053
[step] μ=4.419294 f=-0.2466
[step] μ=4.415294 f=-0.1290
[step] μ=4.411294 f=+0.0173
[equal-ρ] μ0=4.411294, ΔA=A_dense-A_dilute=+0.0173, ESS≈7505
[equal-ρ] bracket μ=4.411394, ΔA=+0.0136, ESS≈7505
[equal-ρ] bracket μ=4.411494, ΔA=+0.0099, ESS≈7505
[equal-ρ] bracket μ=4.411594, ΔA=+0.0062, ESS≈7504
[equal-ρ] bracket μ=4.411694, ΔA=+0.0025, ESS≈7503
[equal-ρ] bracket μ=4.411794, ΔA=-0.0012, ESS≈7502
[equal-ρ] bisect μ=4.411544, ΔA=+0.0081, ESS≈7504
mu* = 4.411544   ESS ≈ 7504
0.5141505662891406


success: True
χ²*    : 0.027031611064097086
θ*     : (1.0821684260351774, 2.24, 4.42113917275172, 1.000000000006372, 0.5489040154889219, 0.0361202210434954)

=== Step: target eps_sp=2.260 (prev=2.240) ===
[μ=4.421139] f=m_dense-m_dilute=-0.4236
[step] μ=4.417139 f=-0.3170
[step] μ=4.413139 f=-0.1363
[step] μ=4.409139 f=+0.0079
[equal-ρ] μ0=4.409139, ΔA=A_dense-A_dilute=+0.0079, ESS≈7505
mu* = 4.409139   ESS ≈ 7505
0.5166089273817455


success: True
χ²*    : 0.24354910187403533
θ*     : (1.1821684260351775, 2.2600000000000002, 4.309139172751721, 1.000000000043111, 1.2363984099848488, 0.08449447336999764)

[array([1, 0, 1, 0]), array([0, 1, 0, 1]), array([2, 2, 2, 2])]

=== Step: target eps_sp=2.420 (prev=2.420) ===
[μ=4.444669] f=m_dense-m_dilute=-0.0164
[equal-ρ] μ0=4.444669, ΔA=A_dense-A_dilute=-0.0164, ESS≈10001
[equal-ρ] bracket μ=4.444569, ΔA=-0.0127, ESS≈10001
[equal-ρ] bracket μ=4.444469, ΔA=-0.0089, ESS≈10000
[equal-ρ] bracket μ=4.444369, ΔA=-0.0052, ESS≈10000
[equal-ρ] bracket μ=4.444269, ΔA=-0.0014, ESS≈9999
[equal-ρ] bracket μ=4.444169, ΔA=+0.0023, ESS≈9997
[equal-ρ] bisect μ=4.444419, ΔA=-0.0070, ESS≈10000
mu* = 4.444419   ESS ≈ 10000
0.5138076192380762


success: True
χ²*    : 0.024129167723930568
θ*     : (1.0127458588152598, 2.420000000000001, 4.444419059982833, 1.0, 0.5877641848586617, 0.04756058239944455)

=== Step: target eps_sp=2.440 (prev=2.420) ===
[μ=4.444419] f=m_dense-m_dilute=-0.0264
[equal-ρ] μ0=4.444419, ΔA=A_dense-A_dilute=-0.0264, ESS≈10001
[equal-ρ] bracket μ=4.444319, ΔA=-0.0227, ESS≈10001
[equal-ρ] bracket μ=4.444219, ΔA=-0.0190, ESS≈10000
[equal-ρ] bracket μ=4.444119, ΔA=-0.0153, ESS≈10000
[equal-ρ] bracket μ=4.444019, ΔA=-0.0116, ESS≈9999
[equal-ρ] bracket μ=4.443919, ΔA=-0.0079, ESS≈9997
[equal-ρ] bracket μ=4.443819, ΔA=-0.0042, ESS≈9995
[equal-ρ] bracket μ=4.443719, ΔA=-0.0005, ESS≈9993
[equal-ρ] bracket μ=4.443619, ΔA=+0.0032, ESS≈9991
[equal-ρ] bisect μ=4.444019, ΔA=-0.0116, ESS≈9999
[equal-ρ] bisect μ=4.443819, ΔA=-0.0042, ESS≈9995
mu* = 4.443819   ESS ≈ 9995
0.5165003499650035


success: True
χ²*    : 0.02411949524088767
θ*     : (1.0032609642976433, 2.440000000000001, 4.453272279263231, 1.0, 0.6299197717396756, 0.06998541643933359)

=== Step: target eps_sp=2.460 (prev=2.440) ===
[μ=4.453272] f=m_dense-m_dilute=-0.3164
[step] μ=4.449272 f=-0.1881
[step] μ=4.445272 f=-0.0609
[equal-ρ] μ0=4.445272, ΔA=A_dense-A_dilute=-0.0609, ESS≈10001
[equal-ρ] bracket μ=4.445172, ΔA=-0.0572, ESS≈10001
[equal-ρ] bracket μ=4.445072, ΔA=-0.0535, ESS≈10000
[equal-ρ] bracket μ=4.444972, ΔA=-0.0498, ESS≈10000
[equal-ρ] bracket μ=4.444872, ΔA=-0.0461, ESS≈9999
[equal-ρ] bracket μ=4.444772, ΔA=-0.0424, ESS≈9997
[equal-ρ] bracket μ=4.444672, ΔA=-0.0387, ESS≈9995
[equal-ρ] bracket μ=4.444572, ΔA=-0.0351, ESS≈9993
[equal-ρ] bracket μ=4.444472, ΔA=-0.0314, ESS≈9991
[equal-ρ] bracket μ=4.444372, ΔA=-0.0277, ESS≈9989
[equal-ρ] bracket μ=4.444272, ΔA=-0.0240, ESS≈9986
[equal-ρ] bracket μ=4.444172, ΔA=-0.0203, ESS≈9982
[equal-ρ] bracket μ=4.444072, ΔA=-0.0166, ESS≈9979
[equal-ρ] bracket μ=4.443972, ΔA=-0.0129, ESS≈9975
[equal-ρ] bracket μ=4.443872, ΔA=-0.0092, ESS≈9971
[equal-ρ] bracket μ=4.443772, ΔA=-0.0055, ESS≈9966
[equal-ρ] bracket μ=4.443672, ΔA=-0.0017, ESS≈9962
[equal-ρ] bracket μ=4.443572, ΔA=+0.0020, ESS≈9957
[equal-ρ] bisect μ=4.444422, ΔA=-0.0295, ESS≈9990
[equal-ρ] bisect μ=4.443997, ΔA=-0.0138, ESS≈9976
[equal-ρ] bisect μ=4.443785, ΔA=-0.0059, ESS≈9967
mu* = 4.443785   ESS ≈ 9967
0.5139376062393761


success: True
χ²*    : 0.032908344211856726
θ*     : (0.99147729763687, 2.460000000000001, 4.452858595941958, 1.0, 0.5759063264483999, 0.046449747937908924)

=== Step: target eps_sp=2.480 (prev=2.460) ===
[μ=4.452859] f=m_dense-m_dilute=-0.4602
[step] μ=4.448859 f=-0.3259
[step] μ=4.444859 f=-0.1995
[step] μ=4.440859 f=-0.0775
[equal-ρ] μ0=4.440859, ΔA=A_dense-A_dilute=-0.0775, ESS≈10001
[equal-ρ] bracket μ=4.440759, ΔA=-0.0738, ESS≈10001
[equal-ρ] bracket μ=4.440659, ΔA=-0.0702, ESS≈10000
[equal-ρ] bracket μ=4.440559, ΔA=-0.0665, ESS≈10000
[equal-ρ] bracket μ=4.440459, ΔA=-0.0628, ESS≈9999
[equal-ρ] bracket μ=4.440359, ΔA=-0.0592, ESS≈9997
[equal-ρ] bracket μ=4.440259, ΔA=-0.0555, ESS≈9996
[equal-ρ] bracket μ=4.440159, ΔA=-0.0518, ESS≈9994
[equal-ρ] bracket μ=4.440059, ΔA=-0.0482, ESS≈9991
[equal-ρ] bracket μ=4.439959, ΔA=-0.0445, ESS≈9989
[equal-ρ] bracket μ=4.439859, ΔA=-0.0408, ESS≈9986
[equal-ρ] bracket μ=4.439759, ΔA=-0.0371, ESS≈9983
[equal-ρ] bracket μ=4.439659, ΔA=-0.0335, ESS≈9979
[equal-ρ] bracket μ=4.439559, ΔA=-0.0298, ESS≈9975
[equal-ρ] bracket μ=4.439459, ΔA=-0.0261, ESS≈9971
[equal-ρ] bracket μ=4.439359, ΔA=-0.0224, ESS≈9967
[equal-ρ] bracket μ=4.439259, ΔA=-0.0187, ESS≈9962
[equal-ρ] bracket μ=4.439159, ΔA=-0.0151, ESS≈9957
[equal-ρ] bracket μ=4.439059, ΔA=-0.0114, ESS≈9952
[equal-ρ] bracket μ=4.438959, ΔA=-0.0077, ESS≈9946
[equal-ρ] bracket μ=4.438859, ΔA=-0.0040, ESS≈9940
mu* = 4.438859   ESS ≈ 9940
0.5182361763823616


success: True
χ²*    : 0.025750336276830245
θ*     : (0.9805241083763091, 2.480000000000001, 4.448399371132425, 1.0, 0.6440479798847452, 0.08523311018984563)

=== Step: target eps_sp=2.500 (prev=2.480) ===
[μ=4.448399] f=m_dense-m_dilute=-0.3827
[step] μ=4.444399 f=-0.2548
[step] μ=4.440399 f=-0.0965
[equal-ρ] μ0=4.440399, ΔA=A_dense-A_dilute=-0.0965, ESS≈10001
[equal-ρ] bracket μ=4.440299, ΔA=-0.0929, ESS≈10001
[equal-ρ] bracket μ=4.440199, ΔA=-0.0893, ESS≈10000
[equal-ρ] bracket μ=4.440099, ΔA=-0.0856, ESS≈10000
[equal-ρ] bracket μ=4.439999, ΔA=-0.0820, ESS≈9999
[equal-ρ] bracket μ=4.439899, ΔA=-0.0784, ESS≈9997
[equal-ρ] bracket μ=4.439799, ΔA=-0.0748, ESS≈9996
[equal-ρ] bracket μ=4.439699, ΔA=-0.0711, ESS≈9994
[equal-ρ] bracket μ=4.439599, ΔA=-0.0675, ESS≈9991
[equal-ρ] bracket μ=4.439499, ΔA=-0.0639, ESS≈9989
[equal-ρ] bracket μ=4.439399, ΔA=-0.0602, ESS≈9986
[equal-ρ] bracket μ=4.439299, ΔA=-0.0566, ESS≈9983
[equal-ρ] bracket μ=4.439199, ΔA=-0.0529, ESS≈9979
[equal-ρ] bracket μ=4.439099, ΔA=-0.0493, ESS≈9976
[equal-ρ] bracket μ=4.438999, ΔA=-0.0457, ESS≈9972
[equal-ρ] bracket μ=4.438899, ΔA=-0.0420, ESS≈9967
[equal-ρ] bracket μ=4.438799, ΔA=-0.0384, ESS≈9962
[equal-ρ] bracket μ=4.438699, ΔA=-0.0347, ESS≈9957
[equal-ρ] bracket μ=4.438599, ΔA=-0.0311, ESS≈9952
[equal-ρ] bracket μ=4.438499, ΔA=-0.0274, ESS≈9947
[equal-ρ] bracket μ=4.438399, ΔA=-0.0238, ESS≈9941
mu* = 4.438399   ESS ≈ 9941
0.5072932706729326


success: False
χ²*    : 0.03332972560946689
θ*     : (0.9702505818651446, 2.500000000000001, 4.44867289764359, 1.0, 0.5006308358912818, -0.0022871188744645605)

=== Step: target eps_sp=2.520 (prev=2.500) ===
[μ=4.448673] f=m_dense-m_dilute=-0.4264
[step] μ=4.444673 f=-0.3112
[step] μ=4.440673 f=-0.1942
[step] μ=4.436673 f=-0.0403
[equal-ρ] μ0=4.436673, ΔA=A_dense-A_dilute=-0.0403, ESS≈10001
[equal-ρ] bracket μ=4.436573, ΔA=-0.0367, ESS≈10001
[equal-ρ] bracket μ=4.436473, ΔA=-0.0330, ESS≈10000
[equal-ρ] bracket μ=4.436373, ΔA=-0.0294, ESS≈10000
[equal-ρ] bracket μ=4.436273, ΔA=-0.0258, ESS≈9999
[equal-ρ] bracket μ=4.436173, ΔA=-0.0222, ESS≈9997
[equal-ρ] bracket μ=4.436073, ΔA=-0.0185, ESS≈9996
[equal-ρ] bracket μ=4.435973, ΔA=-0.0149, ESS≈9994
[equal-ρ] bracket μ=4.435873, ΔA=-0.0113, ESS≈9991
[equal-ρ] bracket μ=4.435773, ΔA=-0.0077, ESS≈9989
[equal-ρ] bracket μ=4.435673, ΔA=-0.0040, ESS≈9986
[equal-ρ] bracket μ=4.435573, ΔA=-0.0004, ESS≈9983
[equal-ρ] bracket μ=4.435473, ΔA=+0.0032, ESS≈9979
[equal-ρ] bisect μ=4.436073, ΔA=-0.0185, ESS≈9996
[equal-ρ] bisect μ=4.435773, ΔA=-0.0077, ESS≈9989
mu* = 4.435773   ESS ≈ 9989
0.5194710528947104


success: True
χ²*    : 0.022342156754260527
θ*     : (0.9603686952838674, 2.520000000000001, 4.445591436295431, 1.0, 0.6734032814082704, 0.09919359559983446)

=== Step: target eps_sp=2.540 (prev=2.520) ===
[μ=4.445591] f=m_dense-m_dilute=-0.3523
[step] μ=4.441591 f=-0.2274
[step] μ=4.437591 f=-0.0697
[equal-ρ] μ0=4.437591, ΔA=A_dense-A_dilute=-0.0697, ESS≈10001
[equal-ρ] bracket μ=4.437491, ΔA=-0.0661, ESS≈10001
[equal-ρ] bracket μ=4.437391, ΔA=-0.0625, ESS≈10000
[equal-ρ] bracket μ=4.437291, ΔA=-0.0589, ESS≈10000
[equal-ρ] bracket μ=4.437191, ΔA=-0.0552, ESS≈9999
[equal-ρ] bracket μ=4.437091, ΔA=-0.0516, ESS≈9997
[equal-ρ] bracket μ=4.436991, ΔA=-0.0480, ESS≈9996
[equal-ρ] bracket μ=4.436891, ΔA=-0.0444, ESS≈9994
[equal-ρ] bracket μ=4.436791, ΔA=-0.0408, ESS≈9991
[equal-ρ] bracket μ=4.436691, ΔA=-0.0372, ESS≈9989
[equal-ρ] bracket μ=4.436591, ΔA=-0.0335, ESS≈9986
[equal-ρ] bracket μ=4.436491, ΔA=-0.0299, ESS≈9983
[equal-ρ] bracket μ=4.436391, ΔA=-0.0263, ESS≈9980
[equal-ρ] bracket μ=4.436291, ΔA=-0.0227, ESS≈9976
[equal-ρ] bracket μ=4.436191, ΔA=-0.0190, ESS≈9972
[equal-ρ] bracket μ=4.436091, ΔA=-0.0154, ESS≈9967
[equal-ρ] bracket μ=4.435991, ΔA=-0.0118, ESS≈9963
[equal-ρ] bracket μ=4.435891, ΔA=-0.0081, ESS≈9958
[equal-ρ] bracket μ=4.435791, ΔA=-0.0045, ESS≈9953
[equal-ρ] bracket μ=4.435691, ΔA=-0.0009, ESS≈9947
[equal-ρ] bracket μ=4.435591, ΔA=+0.0027, ESS≈9941
[equal-ρ] bisect μ=4.436591, ΔA=-0.0335, ESS≈9986
[equal-ρ] bisect μ=4.436091, ΔA=-0.0154, ESS≈9967
[equal-ρ] bisect μ=4.435841, ΔA=-0.0063, ESS≈9955
mu* = 4.435841   ESS ≈ 9955
0.5178142185781421


success: True
χ²*    : 0.021957630370485808
θ*     : (0.9501417525376047, 2.540000000000001, 4.446265312001822, 1.0, 0.6320966696683652, 0.07347888076346695)

=== Step: target eps_sp=2.560 (prev=2.540) ===
[μ=4.446265] f=m_dense-m_dilute=-0.4108
[step] μ=4.442265 f=-0.2623
[step] μ=4.438265 f=-0.1465
[step] μ=4.434265 f=-0.0221
[equal-ρ] μ0=4.434265, ΔA=A_dense-A_dilute=-0.0221, ESS≈10001
[equal-ρ] bracket μ=4.434165, ΔA=-0.0185, ESS≈10001
[equal-ρ] bracket μ=4.434065, ΔA=-0.0149, ESS≈10000
[equal-ρ] bracket μ=4.433965, ΔA=-0.0114, ESS≈10000
[equal-ρ] bracket μ=4.433865, ΔA=-0.0078, ESS≈9999
[equal-ρ] bracket μ=4.433765, ΔA=-0.0042, ESS≈9997
[equal-ρ] bracket μ=4.433665, ΔA=-0.0006, ESS≈9996
[equal-ρ] bracket μ=4.433565, ΔA=+0.0029, ESS≈9994
[equal-ρ] bisect μ=4.433915, ΔA=-0.0096, ESS≈9999
mu* = 4.433915   ESS ≈ 9999
0.5161653834616539


success: True
χ²*    : 0.20455793436510744
θ*     : (0.934531582736055, 2.560000000000001, 4.4479209712003716, 1.0, 0.5003347920422793, 0.05299355847858638)

=== Step: target eps_sp=2.580 (prev=2.560) ===
[μ=4.447921] f=m_dense-m_dilute=-0.7033
[step] μ=4.443921 f=-0.6540
[step] μ=4.439921 f=-0.5720
[step] μ=4.435921 f=-0.4616
[step] μ=4.431921 f=-0.3401
[step] μ=4.427921 f=-0.2081
[step] μ=4.423921 f=-0.0583
[equal-ρ] μ0=4.423921, ΔA=A_dense-A_dilute=-0.0583, ESS≈10001
[equal-ρ] bracket μ=4.423821, ΔA=-0.0548, ESS≈10001
[equal-ρ] bracket μ=4.423721, ΔA=-0.0512, ESS≈10000
[equal-ρ] bracket μ=4.423621, ΔA=-0.0477, ESS≈10000
[equal-ρ] bracket μ=4.423521, ΔA=-0.0441, ESS≈9999
[equal-ρ] bracket μ=4.423421, ΔA=-0.0406, ESS≈9997
[equal-ρ] bracket μ=4.423321, ΔA=-0.0371, ESS≈9996
[equal-ρ] bracket μ=4.423221, ΔA=-0.0335, ESS≈9994
[equal-ρ] bracket μ=4.423121, ΔA=-0.0300, ESS≈9992
[equal-ρ] bracket μ=4.423021, ΔA=-0.0264, ESS≈9989
[equal-ρ] bracket μ=4.422921, ΔA=-0.0229, ESS≈9987
[equal-ρ] bracket μ=4.422821, ΔA=-0.0193, ESS≈9983
[equal-ρ] bracket μ=4.422721, ΔA=-0.0158, ESS≈9980
[equal-ρ] bracket μ=4.422621, ΔA=-0.0122, ESS≈9977
[equal-ρ] bracket μ=4.422521, ΔA=-0.0087, ESS≈9973
[equal-ρ] bracket μ=4.422421, ΔA=-0.0051, ESS≈9968
[equal-ρ] bracket μ=4.422321, ΔA=-0.0016, ESS≈9964
[equal-ρ] bracket μ=4.422221, ΔA=+0.0020, ESS≈9959
[equal-ρ] bisect μ=4.423071, ΔA=-0.0282, ESS≈9991
[equal-ρ] bisect μ=4.422646, ΔA=-0.0131, ESS≈9977
[equal-ρ] bisect μ=4.422433, ΔA=-0.0056, ESS≈9969
mu* = 4.422433   ESS ≈ 9969
0.5186431356864314


success: True
χ²*    : 0.01965478188007705
θ*     : (0.9249943532217774, 2.580000000000001, 4.431556652432417, 1.0, 0.6433859873373827, 0.07534656933673763)

=== Step: target eps_sp=2.600 (prev=2.580) ===
[μ=4.431557] f=m_dense-m_dilute=-0.2912
[step] μ=4.427557 f=-0.1778
[step] μ=4.423557 f=-0.0361
[equal-ρ] μ0=4.423557, ΔA=A_dense-A_dilute=-0.0361, ESS≈10001
[equal-ρ] bracket μ=4.423457, ΔA=-0.0326, ESS≈10001
[equal-ρ] bracket μ=4.423357, ΔA=-0.0291, ESS≈10000
[equal-ρ] bracket μ=4.423257, ΔA=-0.0256, ESS≈10000
[equal-ρ] bracket μ=4.423157, ΔA=-0.0220, ESS≈9999
[equal-ρ] bracket μ=4.423057, ΔA=-0.0185, ESS≈9997
[equal-ρ] bracket μ=4.422957, ΔA=-0.0150, ESS≈9996
[equal-ρ] bracket μ=4.422857, ΔA=-0.0115, ESS≈9994
[equal-ρ] bracket μ=4.422757, ΔA=-0.0080, ESS≈9992
[equal-ρ] bracket μ=4.422657, ΔA=-0.0044, ESS≈9989
[equal-ρ] bracket μ=4.422557, ΔA=-0.0009, ESS≈9987
[equal-ρ] bracket μ=4.422457, ΔA=+0.0026, ESS≈9984
[equal-ρ] bisect μ=4.423007, ΔA=-0.0168, ESS≈9997
[equal-ρ] bisect μ=4.422732, ΔA=-0.0071, ESS≈9991
mu* = 4.422732   ESS ≈ 9991
0.5201679832016799


success: True
χ²*    : 0.23835566099656402
θ*     : (0.9077493490424049, 2.600000000000001, 4.438929708656842, 1.0, 0.5174737584394027, 0.08101817997163814)

=== Step: target eps_sp=2.620 (prev=2.600) ===
[μ=4.438930] f=m_dense-m_dilute=-0.7928
[step] μ=4.434930 f=-0.7405
[step] μ=4.430930 f=-0.6597
[step] μ=4.426930 f=-0.5841
[step] μ=4.422930 f=-0.4818
[step] μ=4.418930 f=-0.3921
[step] μ=4.414930 f=-0.2611
[step] μ=4.410930 f=-0.1694
[step] μ=4.406930 f=+0.0119
[equal-ρ] μ0=4.406930, ΔA=A_dense-A_dilute=+0.0119, ESS≈10001
[equal-ρ] bracket μ=4.407030, ΔA=+0.0085, ESS≈10001
[equal-ρ] bracket μ=4.407130, ΔA=+0.0050, ESS≈10000
[equal-ρ] bracket μ=4.407230, ΔA=+0.0016, ESS≈10000
[equal-ρ] bracket μ=4.407330, ΔA=-0.0018, ESS≈9999
[equal-ρ] bisect μ=4.407130, ΔA=+0.0050, ESS≈10000
mu* = 4.407130   ESS ≈ 10000
0.5208949105089491


success: True
χ²*    : 0.03188694740385474
θ*     : (0.8973875160558717, 2.620000000000001, 4.417491059643815, 1.0, 0.6527904926458148, 0.08685338315939231)

=== Step: target eps_sp=2.640 (prev=2.620) ===
[μ=4.417491] f=m_dense-m_dilute=-0.3867
[step] μ=4.413491 f=-0.2770
[step] μ=4.409491 f=-0.1323
[step] μ=4.405491 f=-0.0113
[equal-ρ] μ0=4.405491, ΔA=A_dense-A_dilute=-0.0113, ESS≈10001
[equal-ρ] bracket μ=4.405391, ΔA=-0.0079, ESS≈10001
[equal-ρ] bracket μ=4.405291, ΔA=-0.0045, ESS≈10000
[equal-ρ] bracket μ=4.405191, ΔA=-0.0010, ESS≈10000
[equal-ρ] bracket μ=4.405091, ΔA=+0.0024, ESS≈9999
[equal-ρ] bisect μ=4.405291, ΔA=-0.0045, ESS≈10000
mu* = 4.405291   ESS ≈ 10000
0.5173182681731827


success: True
χ²*    : 0.2353984944837158
θ*     : (0.8820401100398921, 2.640000000000001, 4.41791108374322, 1.0, 0.47193909707029996, 0.05308949181470309)

=== Step: target eps_sp=2.660 (prev=2.640) ===
[μ=4.417911] f=m_dense-m_dilute=-0.6676
[step] μ=4.413911 f=-0.5799
[step] μ=4.409911 f=-0.4777
[step] μ=4.405911 f=-0.3881
[step] μ=4.401911 f=-0.2528
[step] μ=4.397911 f=-0.1065
[step] μ=4.393911 f=-0.0079
[equal-ρ] μ0=4.393911, ΔA=A_dense-A_dilute=-0.0079, ESS≈10001
mu* = 4.393911   ESS ≈ 10001
0.5168653134686532


success: True
χ²*    : 0.28537784037440667
θ*     : (0.8642898706907028, 2.660000000000001, 4.407955645029612, 1.0, 0.39423559167615335, 0.03230271903948657)

=== Step: target eps_sp=2.680 (prev=2.660) ===
[μ=4.407956] f=m_dense-m_dilute=-0.7462
[step] μ=4.403956 f=-0.6960
[step] μ=4.399956 f=-0.6220
[array([1, 0, 1, 0]), array([0, 1, 0, 1]), array([2, 2, 2, 2])]

=== Step: target eps_sp=2.660 (prev=2.660) ===
[μ=4.459956] f=m_dense-m_dilute=+0.0052
[equal-ρ] μ0=4.459956, ΔA=A_dense-A_dilute=+0.0052, ESS≈25005
mu* = 4.459956   ESS ≈ 25005
0.5222231553689263


success: True
χ²*    : 0.020779799703854192
θ*     : (0.9042897035366751, 2.660000000000001, 4.4599561671540275, 1.0, 0.7225853794031082, 0.12148018736075379)

=== Step: target eps_sp=2.680 (prev=2.660) ===
[μ=4.459956] f=m_dense-m_dilute=+0.0138
[equal-ρ] μ0=4.459956, ΔA=A_dense-A_dilute=+0.0138, ESS≈25005
[equal-ρ] bracket μ=4.460056, ΔA=+0.0102, ESS≈25005
[equal-ρ] bracket μ=4.460156, ΔA=+0.0066, ESS≈25004
[equal-ρ] bracket μ=4.460256, ΔA=+0.0030, ESS≈25002
[equal-ρ] bracket μ=4.460356, ΔA=-0.0006, ESS≈24999
[equal-ρ] bisect μ=4.460156, ΔA=+0.0066, ESS≈25004
mu* = 4.460156   ESS ≈ 25004
0.5207794441111778


success: True
χ²*    : 0.20927520353241252
θ*     : (0.8897769495624837, 2.680000000000001, 4.4711636942705635, 1.0, 0.5674105429570717, 0.10186135149574298)

=== Step: target eps_sp=2.700 (prev=2.680) ===
[μ=4.471164] f=m_dense-m_dilute=-0.6152
[step] μ=4.467164 f=-0.5245
[step] μ=4.463164 f=-0.4144
[step] μ=4.459164 f=-0.2984
[step] μ=4.455164 f=-0.1678
[step] μ=4.451164 f=-0.0235
[equal-ρ] μ0=4.451164, ΔA=A_dense-A_dilute=-0.0235, ESS≈25005
[equal-ρ] bracket μ=4.451064, ΔA=-0.0200, ESS≈25005
[equal-ρ] bracket μ=4.450964, ΔA=-0.0165, ESS≈25004
[equal-ρ] bracket μ=4.450864, ΔA=-0.0129, ESS≈25002
[equal-ρ] bracket μ=4.450764, ΔA=-0.0094, ESS≈24999
[equal-ρ] bracket μ=4.450664, ΔA=-0.0059, ESS≈24996
[equal-ρ] bracket μ=4.450564, ΔA=-0.0023, ESS≈24992
[equal-ρ] bracket μ=4.450464, ΔA=+0.0012, ESS≈24987
[equal-ρ] bisect μ=4.450814, ΔA=-0.0112, ESS≈25001
[equal-ρ] bisect μ=4.450639, ΔA=-0.0050, ESS≈24995
mu* = 4.450639   ESS ≈ 24995
0.5188558288342331


success: True
χ²*    : 0.2505457130710908
θ*     : (0.8744827483481213, 2.700000000000001, 4.462688059268285, 1.0, 0.4951292763367167, 0.07061244522002297)

=== Step: target eps_sp=2.720 (prev=2.700) ===
[μ=4.462688] f=m_dense-m_dilute=-0.6667
[step] μ=4.458688 f=-0.5866
[step] μ=4.454688 f=-0.4897
[step] μ=4.450688 f=-0.3824
[step] μ=4.446688 f=-0.2432
[step] μ=4.442688 f=-0.1375
[step] μ=4.438688 f=+0.0192
[equal-ρ] μ0=4.438688, ΔA=A_dense-A_dilute=+0.0192, ESS≈25005
[equal-ρ] bracket μ=4.438788, ΔA=+0.0157, ESS≈25005
[equal-ρ] bracket μ=4.438888, ΔA=+0.0123, ESS≈25004
[equal-ρ] bracket μ=4.438988, ΔA=+0.0088, ESS≈25002
[equal-ρ] bracket μ=4.439088, ΔA=+0.0053, ESS≈24999
[equal-ρ] bracket μ=4.439188, ΔA=+0.0019, ESS≈24996
[equal-ρ] bracket μ=4.439288, ΔA=-0.0016, ESS≈24992
[equal-ρ] bisect μ=4.438988, ΔA=+0.0088, ESS≈25002
mu* = 4.438988   ESS ≈ 25002
0.5228094381123775


success: True
χ²*    : 0.1801279122968859
θ*     : (0.8601714700494211, 2.720000000000001, 4.449904642940263, 1.0, 0.5963002217818261, 0.11274738445203819)

=== Step: target eps_sp=2.740 (prev=2.720) ===
[μ=4.449905] f=m_dense-m_dilute=-0.5945
[step] μ=4.445905 f=-0.4952
[step] μ=4.441905 f=-0.3976
[step] μ=4.437905 f=-0.2713
[step] μ=4.433905 f=-0.1366
[step] μ=4.429905 f=-0.0172
[equal-ρ] μ0=4.429905, ΔA=A_dense-A_dilute=-0.0172, ESS≈25005
[equal-ρ] bracket μ=4.429805, ΔA=-0.0138, ESS≈25005
[equal-ρ] bracket μ=4.429705, ΔA=-0.0105, ESS≈25004
[equal-ρ] bracket μ=4.429605, ΔA=-0.0071, ESS≈25002
[equal-ρ] bracket μ=4.429505, ΔA=-0.0037, ESS≈25000
[equal-ρ] bracket μ=4.429405, ΔA=-0.0003, ESS≈24997
[equal-ρ] bracket μ=4.429305, ΔA=+0.0030, ESS≈24993
[equal-ρ] bisect μ=4.429605, ΔA=-0.0071, ESS≈25002
mu* = 4.429605   ESS ≈ 25002
0.518119576084783


success: True
χ²*    : 0.28596203026920897
θ*     : (0.8409281311742123, 2.740000000000001, 4.442333922294312, 1.0, 0.4215315784561623, 0.05908873128197882)

=== Step: target eps_sp=2.760 (prev=2.740) ===
[μ=4.442334] f=m_dense-m_dilute=-0.7861
[step] μ=4.438334 f=-0.7216
[step] μ=4.434334 f=-0.6583
[step] μ=4.430334 f=-0.5772
[step] μ=4.426334 f=-0.4821
[step] μ=4.422334 f=-0.3805
[step] μ=4.418334 f=-0.2736
[step] μ=4.414334 f=-0.1399
[step] μ=4.410334 f=-0.0156
[equal-ρ] μ0=4.410334, ΔA=A_dense-A_dilute=-0.0156, ESS≈25005
[equal-ρ] bracket μ=4.410234, ΔA=-0.0123, ESS≈25005
[equal-ρ] bracket μ=4.410134, ΔA=-0.0090, ESS≈25004
[equal-ρ] bracket μ=4.410034, ΔA=-0.0057, ESS≈25002
[equal-ρ] bracket μ=4.409934, ΔA=-0.0023, ESS≈25000
[equal-ρ] bracket μ=4.409834, ΔA=+0.0010, ESS≈24997
[equal-ρ] bisect μ=4.410084, ΔA=-0.0073, ESS≈25003
mu* = 4.410084   ESS ≈ 25003
0.5163327334533093


success: True
χ²*    : 0.2830548284171962
θ*     : (0.8209281311742123, 2.760000000000001, 4.423466378068078, 1.0, 0.38428446926017673, 0.037082766077333976)

=== Step: target eps_sp=2.780 (prev=2.760) ===
[μ=4.423466] f=m_dense-m_dilute=-0.7828
[step] μ=4.419466 f=-0.7373
[step] μ=4.415466 f=-0.6772
[step] μ=4.411466 f=-0.6110
[step] μ=4.407466 f=-0.5285
[step] μ=4.403466 f=-0.4163
[step] μ=4.399466 f=-0.3198
[step] μ=4.395466 f=-0.2082
[step] μ=4.391466 f=-0.0734
[equal-ρ] μ0=4.391466, ΔA=A_dense-A_dilute=-0.0734, ESS≈25005
[equal-ρ] bracket μ=4.391366, ΔA=-0.0702, ESS≈25005
[equal-ρ] bracket μ=4.391266, ΔA=-0.0670, ESS≈25004
[equal-ρ] bracket μ=4.391166, ΔA=-0.0639, ESS≈25002
[equal-ρ] bracket μ=4.391066, ΔA=-0.0607, ESS≈25000
[equal-ρ] bracket μ=4.390966, ΔA=-0.0575, ESS≈24997
[equal-ρ] bracket μ=4.390866, ΔA=-0.0543, ESS≈24994
[equal-ρ] bracket μ=4.390766, ΔA=-0.0512, ESS≈24990
[equal-ρ] bracket μ=4.390666, ΔA=-0.0480, ESS≈24985
[equal-ρ] bracket μ=4.390566, ΔA=-0.0448, ESS≈24980
[equal-ρ] bracket μ=4.390466, ΔA=-0.0416, ESS≈24974
[equal-ρ] bracket μ=4.390366, ΔA=-0.0384, ESS≈24967
[equal-ρ] bracket μ=4.390266, ΔA=-0.0353, ESS≈24960
[equal-ρ] bracket μ=4.390166, ΔA=-0.0321, ESS≈24952
[equal-ρ] bracket μ=4.390066, ΔA=-0.0289, ESS≈24944
[equal-ρ] bracket μ=4.389966, ΔA=-0.0257, ESS≈24935
[equal-ρ] bracket μ=4.389866, ΔA=-0.0225, ESS≈24925
[equal-ρ] bracket μ=4.389766, ΔA=-0.0193, ESS≈24915
[equal-ρ] bracket μ=4.389666, ΔA=-0.0161, ESS≈24904
[equal-ρ] bracket μ=4.389566, ΔA=-0.0129, ESS≈24892
[equal-ρ] bracket μ=4.389466, ΔA=-0.0097, ESS≈24880
mu* = 4.389466   ESS ≈ 24880
0.5191885622875425


success: True
χ²*    : 0.31717458796057496
θ*     : (0.8009281311742122, 2.780000000000001, 4.3694719090713985, 1.0, 0.8945675895897695, 0.06787262608939298)
[array([1, 0, 1, 0]), array([0, 1, 0, 1]), array([2, 2, 2, 2])]

=== Step: target eps_sp=2.980 (prev=2.980) ===
[μ=4.545250] f=m_dense-m_dilute=+0.0779
[equal-ρ] μ0=4.545250, ΔA=A_dense-A_dilute=+0.0779, ESS≈7505
[equal-ρ] bracket μ=4.545350, ΔA=+0.0745, ESS≈7505
[equal-ρ] bracket μ=4.545450, ΔA=+0.0710, ESS≈7505
[equal-ρ] bracket μ=4.545550, ΔA=+0.0676, ESS≈7504
[equal-ρ] bracket μ=4.545650, ΔA=+0.0641, ESS≈7503
[equal-ρ] bracket μ=4.545750, ΔA=+0.0607, ESS≈7502
[equal-ρ] bracket μ=4.545850, ΔA=+0.0572, ESS≈7501
[equal-ρ] bracket μ=4.545950, ΔA=+0.0538, ESS≈7500
[equal-ρ] bracket μ=4.546050, ΔA=+0.0503, ESS≈7498
[equal-ρ] bracket μ=4.546150, ΔA=+0.0468, ESS≈7496
[equal-ρ] bracket μ=4.546250, ΔA=+0.0434, ESS≈7494
[equal-ρ] bracket μ=4.546350, ΔA=+0.0399, ESS≈7492
[equal-ρ] bracket μ=4.546450, ΔA=+0.0365, ESS≈7490
[equal-ρ] bracket μ=4.546550, ΔA=+0.0330, ESS≈7487
[equal-ρ] bracket μ=4.546650, ΔA=+0.0295, ESS≈7484
[equal-ρ] bracket μ=4.546750, ΔA=+0.0261, ESS≈7481
[equal-ρ] bracket μ=4.546850, ΔA=+0.0226, ESS≈7478
[equal-ρ] bracket μ=4.546950, ΔA=+0.0191, ESS≈7474
[equal-ρ] bracket μ=4.547050, ΔA=+0.0157, ESS≈7471
[equal-ρ] bracket μ=4.547150, ΔA=+0.0122, ESS≈7467
[equal-ρ] bracket μ=4.547250, ΔA=+0.0087, ESS≈7463
mu* = 4.547250   ESS ≈ 7463
0.5204423717521652


success: True
χ²*    : 0.033497845849216515
θ*     : (0.7895760937238016, 2.9800000000000013, 4.547250355203368, 1.0, 0.7181589037001456, 0.11253184005408964)

=== Step: target eps_sp=3.000 (prev=2.980) ===
[μ=4.547250] f=m_dense-m_dilute=-0.0175
[equal-ρ] μ0=4.547250, ΔA=A_dense-A_dilute=-0.0175, ESS≈7505
[equal-ρ] bracket μ=4.547150, ΔA=-0.0140, ESS≈7505
[equal-ρ] bracket μ=4.547050, ΔA=-0.0105, ESS≈7505
[equal-ρ] bracket μ=4.546950, ΔA=-0.0070, ESS≈7504
[equal-ρ] bracket μ=4.546850, ΔA=-0.0035, ESS≈7503
[equal-ρ] bracket μ=4.546750, ΔA=-0.0000, ESS≈7502
[equal-ρ] bracket μ=4.546650, ΔA=+0.0035, ESS≈7501
[equal-ρ] bisect μ=4.546950, ΔA=-0.0070, ESS≈7504
mu* = 4.546950   ESS ≈ 7504
0.5269380413057961


success: True
χ²*    : 0.2569614098611662
θ*     : (0.7843888009881561, 3.0000000000000013, 4.5404528893083675, 1.0, 0.6534063681742602, 0.1818446877519118)

=== Step: target eps_sp=3.020 (prev=3.000) ===
[μ=4.540453] f=m_dense-m_dilute=+0.5332
[step] μ=4.544453 f=+0.4109
[step] μ=4.548453 f=+0.2973
[step] μ=4.552453 f=+0.1732
[step] μ=4.556453 f=+0.0117
[equal-ρ] μ0=4.556453, ΔA=A_dense-A_dilute=+0.0117, ESS≈7505
[equal-ρ] bracket μ=4.556553, ΔA=+0.0082, ESS≈7505
[equal-ρ] bracket μ=4.556653, ΔA=+0.0047, ESS≈7505
[equal-ρ] bracket μ=4.556753, ΔA=+0.0012, ESS≈7504
[equal-ρ] bracket μ=4.556853, ΔA=-0.0023, ESS≈7503
[equal-ρ] bisect μ=4.556653, ΔA=+0.0047, ESS≈7505
mu* = 4.556653   ESS ≈ 7505
0.5164197201865423


success: True
χ²*    : 0.27177183103533986
θ*     : (0.7798841699310817, 3.0200000000000014, 4.550400058811517, 1.0, 0.4590567343002416, 0.05581295115388717)

=== Step: target eps_sp=3.040 (prev=3.020) ===
[μ=4.550400] f=m_dense-m_dilute=+0.5456
[step] μ=4.554400 f=+0.4638
[step] μ=4.558400 f=+0.3169
[step] μ=4.562400 f=+0.1996
[step] μ=4.566400 f=+0.0464
[equal-ρ] μ0=4.566400, ΔA=A_dense-A_dilute=+0.0464, ESS≈7505
[equal-ρ] bracket μ=4.566500, ΔA=+0.0429, ESS≈7505
[equal-ρ] bracket μ=4.566600, ΔA=+0.0394, ESS≈7505
[equal-ρ] bracket μ=4.566700, ΔA=+0.0360, ESS≈7504
[equal-ρ] bracket μ=4.566800, ΔA=+0.0325, ESS≈7503
[equal-ρ] bracket μ=4.566900, ΔA=+0.0291, ESS≈7502
[equal-ρ] bracket μ=4.567000, ΔA=+0.0256, ESS≈7501
[equal-ρ] bracket μ=4.567100, ΔA=+0.0221, ESS≈7500
[equal-ρ] bracket μ=4.567200, ΔA=+0.0187, ESS≈7498
[equal-ρ] bracket μ=4.567300, ΔA=+0.0152, ESS≈7496
[equal-ρ] bracket μ=4.567400, ΔA=+0.0117, ESS≈7494
[equal-ρ] bracket μ=4.567500, ΔA=+0.0083, ESS≈7492
[equal-ρ] bracket μ=4.567600, ΔA=+0.0048, ESS≈7490
[equal-ρ] bracket μ=4.567700, ΔA=+0.0013, ESS≈7487
[equal-ρ] bracket μ=4.567800, ΔA=-0.0021, ESS≈7484
[equal-ρ] bisect μ=4.567100, ΔA=+0.0221, ESS≈7500
[equal-ρ] bisect μ=4.567450, ΔA=+0.0100, ESS≈7493
[equal-ρ] bisect μ=4.567625, ΔA=+0.0039, ESS≈7489
mu* = 4.567625   ESS ≈ 7489
0.5219413724183878


success: True
χ²*    : 0.2787799293775008
θ*     : (0.7900825733571738, 3.0400000000000014, 4.547625058811516, 1.0, 0.521958410242385, 0.1180863916348228)

=== Step: target eps_sp=3.060 (prev=3.040) ===
[μ=4.547625] f=m_dense-m_dilute=+0.9723
[step] μ=4.551625 f=+0.9655
[step] μ=4.555625 f=+0.9568
[step] μ=4.559625 f=+0.9414
[step] μ=4.563625 f=+0.9222
[step] μ=4.567625 f=+0.8927
[step] μ=4.571625 f=+0.8634
[step] μ=4.575625 f=+0.8290
[step] μ=4.579625 f=+0.7888
[step] μ=4.583625 f=+0.7386
[step] μ=4.587625 f=+0.6682
[step] μ=4.591625 f=+0.5691
[step] μ=4.595625 f=+0.4608
[step] μ=4.599625 f=+0.3547
[step] μ=4.603625 f=+0.2008
[step] μ=4.607625 f=+0.0819
[equal-ρ] μ0=4.607625, ΔA=A_dense-A_dilute=+0.0819, ESS≈7505
[equal-ρ] bracket μ=4.607725, ΔA=+0.0784, ESS≈7505
[equal-ρ] bracket μ=4.607825, ΔA=+0.0748, ESS≈7505
[equal-ρ] bracket μ=4.607925, ΔA=+0.0712, ESS≈7504
[equal-ρ] bracket μ=4.608025, ΔA=+0.0676, ESS≈7503
[equal-ρ] bracket μ=4.608125, ΔA=+0.0640, ESS≈7502
[equal-ρ] bracket μ=4.608225, ΔA=+0.0604, ESS≈7501
[equal-ρ] bracket μ=4.608325, ΔA=+0.0568, ESS≈7499
[equal-ρ] bracket μ=4.608425, ΔA=+0.0531, ESS≈7498
[equal-ρ] bracket μ=4.608525, ΔA=+0.0495, ESS≈7496
[equal-ρ] bracket μ=4.608625, ΔA=+0.0459, ESS≈7494
[equal-ρ] bracket μ=4.608725, ΔA=+0.0423, ESS≈7491
[equal-ρ] bracket μ=4.608825, ΔA=+0.0387, ESS≈7489
[equal-ρ] bracket μ=4.608925, ΔA=+0.0351, ESS≈7486
[equal-ρ] bracket μ=4.609025, ΔA=+0.0315, ESS≈7483
[equal-ρ] bracket μ=4.609125, ΔA=+0.0279, ESS≈7480
[equal-ρ] bracket μ=4.609225, ΔA=+0.0243, ESS≈7476
[equal-ρ] bracket μ=4.609325, ΔA=+0.0207, ESS≈7472
[equal-ρ] bracket μ=4.609425, ΔA=+0.0170, ESS≈7468
[equal-ρ] bracket μ=4.609525, ΔA=+0.0134, ESS≈7464
[equal-ρ] bracket μ=4.609625, ΔA=+0.0098, ESS≈7460
mu* = 4.609625   ESS ≈ 7460
0.5237814790139906


success: True
χ²*    : 0.07565346008939688
θ*     : (0.7826573051738482, 3.0600000000000014, 4.599277789134947, 1.0, 0.8059680323149455, 0.1870609687978916)

=== Step: target eps_sp=3.080 (prev=3.060) ===
[μ=4.599278] f=m_dense-m_dilute=+0.5017
[step] μ=4.603278 f=+0.4089
[step] μ=4.607278 f=+0.2612
[step] μ=4.611278 f=+0.1245
[step] μ=4.615278 f=-0.0257
[equal-ρ] μ0=4.615278, ΔA=A_dense-A_dilute=-0.0257, ESS≈7505
[equal-ρ] bracket μ=4.615178, ΔA=-0.0221, ESS≈7505
[equal-ρ] bracket μ=4.615078, ΔA=-0.0185, ESS≈7505
[equal-ρ] bracket μ=4.614978, ΔA=-0.0148, ESS≈7504
[equal-ρ] bracket μ=4.614878, ΔA=-0.0112, ESS≈7503
[equal-ρ] bracket μ=4.614778, ΔA=-0.0076, ESS≈7502
[equal-ρ] bracket μ=4.614678, ΔA=-0.0040, ESS≈7501
[equal-ρ] bracket μ=4.614578, ΔA=-0.0003, ESS≈7499
[equal-ρ] bracket μ=4.614478, ΔA=+0.0033, ESS≈7498
[equal-ρ] bisect μ=4.614878, ΔA=-0.0112, ESS≈7503
[equal-ρ] bisect μ=4.614678, ΔA=-0.0040, ESS≈7501
mu* = 4.614678   ESS ≈ 7501
0.5218241172551632


success: True
χ²*    : 0.20908682287999242
θ*     : (0.776560948049615, 3.0800000000000014, 4.606373421495209, 1.0, 0.6282456301075242, 0.128436499267597)

=== Step: target eps_sp=3.100 (prev=3.080) ===
[μ=4.606373] f=m_dense-m_dilute=+0.5155
[step] μ=4.610373 f=+0.3980
[step] μ=4.614373 f=+0.2890
[step] μ=4.618373 f=+0.1378
[step] μ=4.622373 f=+0.0021
[equal-ρ] μ0=4.622373, ΔA=A_dense-A_dilute=+0.0021, ESS≈7505
mu* = 4.622373   ESS ≈ 7505
0.5211832111925383


success: True
χ²*    : 0.035582050649014416
θ*     : (0.7683151543820053, 3.1000000000000014, 4.610610501258763, 1.0, 0.7614808374858621, 0.13157991477161698)

=== Step: target eps_sp=3.120 (prev=3.100) ===
[μ=4.610611] f=m_dense-m_dilute=+0.4838
[step] μ=4.614611 f=+0.3619
[step] μ=4.618611 f=+0.2325
[step] μ=4.622611 f=+0.0954
[equal-ρ] μ0=4.622611, ΔA=A_dense-A_dilute=+0.0954, ESS≈7505
[equal-ρ] bracket μ=4.622711, ΔA=+0.0919, ESS≈7505
[equal-ρ] bracket μ=4.622811, ΔA=+0.0883, ESS≈7505
[equal-ρ] bracket μ=4.622911, ΔA=+0.0848, ESS≈7504
[equal-ρ] bracket μ=4.623011, ΔA=+0.0812, ESS≈7503
[equal-ρ] bracket μ=4.623111, ΔA=+0.0776, ESS≈7502
[equal-ρ] bracket μ=4.623211, ΔA=+0.0741, ESS≈7501
[equal-ρ] bracket μ=4.623311, ΔA=+0.0705, ESS≈7500
[equal-ρ] bracket μ=4.623411, ΔA=+0.0670, ESS≈7498
[equal-ρ] bracket μ=4.623511, ΔA=+0.0634, ESS≈7496
[equal-ρ] bracket μ=4.623611, ΔA=+0.0598, ESS≈7494
[equal-ρ] bracket μ=4.623711, ΔA=+0.0563, ESS≈7492
[equal-ρ] bracket μ=4.623811, ΔA=+0.0527, ESS≈7489
[equal-ρ] bracket μ=4.623911, ΔA=+0.0491, ESS≈7486
[equal-ρ] bracket μ=4.624011, ΔA=+0.0456, ESS≈7483
[equal-ρ] bracket μ=4.624111, ΔA=+0.0420, ESS≈7480
[equal-ρ] bracket μ=4.624211, ΔA=+0.0384, ESS≈7477
[equal-ρ] bracket μ=4.624311, ΔA=+0.0348, ESS≈7473
[equal-ρ] bracket μ=4.624411, ΔA=+0.0313, ESS≈7469
[equal-ρ] bracket μ=4.624511, ΔA=+0.0277, ESS≈7465
[equal-ρ] bracket μ=4.624611, ΔA=+0.0241, ESS≈7461
mu* = 4.624611   ESS ≈ 7461
0.527761492338441


success: True
χ²*    : 0.23717644527751908
θ*     : (0.7616504402062217, 3.1200000000000014, 4.61794565345975, 1.0, 0.8643372376618383, 0.29659569018202275)

=== Step: target eps_sp=3.140 (prev=3.120) ===
[μ=4.617946] f=m_dense-m_dilute=+0.4685
[step] μ=4.621946 f=+0.3635
[step] μ=4.625946 f=+0.2153
[step] μ=4.629946 f=+0.0688
[equal-ρ] μ0=4.629946, ΔA=A_dense-A_dilute=+0.0688, ESS≈7505
[equal-ρ] bracket μ=4.630046, ΔA=+0.0652, ESS≈7505
[equal-ρ] bracket μ=4.630146, ΔA=+0.0616, ESS≈7505
[equal-ρ] bracket μ=4.630246, ΔA=+0.0581, ESS≈7504
[equal-ρ] bracket μ=4.630346, ΔA=+0.0545, ESS≈7503
[equal-ρ] bracket μ=4.630446, ΔA=+0.0509, ESS≈7502
[equal-ρ] bracket μ=4.630546, ΔA=+0.0474, ESS≈7501
[equal-ρ] bracket μ=4.630646, ΔA=+0.0438, ESS≈7500
[equal-ρ] bracket μ=4.630746, ΔA=+0.0402, ESS≈7498
[equal-ρ] bracket μ=4.630846, ΔA=+0.0367, ESS≈7496
[equal-ρ] bracket μ=4.630946, ΔA=+0.0331, ESS≈7494
[equal-ρ] bracket μ=4.631046, ΔA=+0.0295, ESS≈7492
[equal-ρ] bracket μ=4.631146, ΔA=+0.0260, ESS≈7489
[equal-ρ] bracket μ=4.631246, ΔA=+0.0224, ESS≈7486
[equal-ρ] bracket μ=4.631346, ΔA=+0.0188, ESS≈7483
[equal-ρ] bracket μ=4.631446, ΔA=+0.0152, ESS≈7480
[equal-ρ] bracket μ=4.631546, ΔA=+0.0117, ESS≈7477
[equal-ρ] bracket μ=4.631646, ΔA=+0.0081, ESS≈7473
[equal-ρ] bracket μ=4.631746, ΔA=+0.0045, ESS≈7469
[equal-ρ] bracket μ=4.631846, ΔA=+0.0009, ESS≈7465
[equal-ρ] bracket μ=4.631946, ΔA=-0.0026, ESS≈7461
[equal-ρ] bisect μ=4.630946, ΔA=+0.0331, ESS≈7494
[equal-ρ] bisect μ=4.631446, ΔA=+0.0152, ESS≈7480
[equal-ρ] bisect μ=4.631696, ΔA=+0.0063, ESS≈7471
mu* = 4.631696   ESS ≈ 7471
0.5238107928047968


success: True
χ²*    : 0.05149950048522989
θ*     : (0.7522259660118334, 3.1400000000000015, 4.619432851041282, 1.0, 0.9479764816651479, 0.20429872988209474)

=== Step: target eps_sp=3.160 (prev=3.140) ===
[μ=4.619433] f=m_dense-m_dilute=+0.4252
[step] μ=4.623433 f=+0.3162
[step] μ=4.627433 f=+0.1988
[step] μ=4.631433 f=+0.0701
[equal-ρ] μ0=4.631433, ΔA=A_dense-A_dilute=+0.0701, ESS≈7505
[equal-ρ] bracket μ=4.631533, ΔA=+0.0665, ESS≈7505
[equal-ρ] bracket μ=4.631633, ΔA=+0.0630, ESS≈7505
[equal-ρ] bracket μ=4.631733, ΔA=+0.0595, ESS≈7504
[equal-ρ] bracket μ=4.631833, ΔA=+0.0559, ESS≈7503
[equal-ρ] bracket μ=4.631933, ΔA=+0.0524, ESS≈7502
[equal-ρ] bracket μ=4.632033, ΔA=+0.0488, ESS≈7501
[equal-ρ] bracket μ=4.632133, ΔA=+0.0453, ESS≈7500
[equal-ρ] bracket μ=4.632233, ΔA=+0.0417, ESS≈7498
[equal-ρ] bracket μ=4.632333, ΔA=+0.0382, ESS≈7496
[equal-ρ] bracket μ=4.632433, ΔA=+0.0347, ESS≈7494
[equal-ρ] bracket μ=4.632533, ΔA=+0.0311, ESS≈7492
[equal-ρ] bracket μ=4.632633, ΔA=+0.0276, ESS≈7489
[equal-ρ] bracket μ=4.632733, ΔA=+0.0240, ESS≈7486
[equal-ρ] bracket μ=4.632833, ΔA=+0.0205, ESS≈7483
[equal-ρ] bracket μ=4.632933, ΔA=+0.0169, ESS≈7480
[equal-ρ] bracket μ=4.633033, ΔA=+0.0134, ESS≈7477
[equal-ρ] bracket μ=4.633133, ΔA=+0.0098, ESS≈7473
[equal-ρ] bracket μ=4.633233, ΔA=+0.0063, ESS≈7469
[equal-ρ] bracket μ=4.633333, ΔA=+0.0027, ESS≈7465
[equal-ρ] bracket μ=4.633433, ΔA=-0.0009, ESS≈7461
[equal-ρ] bisect μ=4.632433, ΔA=+0.0347, ESS≈7494
[equal-ρ] bisect μ=4.632933, ΔA=+0.0169, ESS≈7480
[equal-ρ] bisect μ=4.633183, ΔA=+0.0080, ESS≈7471
mu* = 4.633183   ESS ≈ 7471
0.5164943371085943


success: True
χ²*    : 0.2785467376824155
θ*     : (0.7472593693752252, 3.1600000000000015, 4.626877573241263, 1.0, 0.47437244289663827, 0.06258551122749952)

=== Step: target eps_sp=3.180 (prev=3.160) ===
[μ=4.626878] f=m_dense-m_dilute=+0.5201
[step] μ=4.630878 f=+0.4163
[step] μ=4.634878 f=+0.2745
[step] μ=4.638878 f=+0.1702
[step] μ=4.642878 f=+0.0096
[equal-ρ] μ0=4.642878, ΔA=A_dense-A_dilute=+0.0096, ESS≈7505
mu* = 4.642878   ESS ≈ 7505
0.5207994670219853


success: False
χ²*    : 0.07437747467248887
θ*     : (0.7398363332974804, 3.1800000000000015, 4.632452186915049, 1.0, 0.7006824729328606, 0.12300380985946317)

=== Step: target eps_sp=3.200 (prev=3.180) ===
[μ=4.632452] f=m_dense-m_dilute=+0.4994
[step] μ=4.636452 f=+0.3892
[step] μ=4.640452 f=+0.2712
[step] μ=4.644452 f=+0.1284
[step] μ=4.648452 f=+0.0112
[equal-ρ] μ0=4.648452, ΔA=A_dense-A_dilute=+0.0112, ESS≈7505
[equal-ρ] bracket μ=4.648552, ΔA=+0.0077, ESS≈7505
[equal-ρ] bracket μ=4.648652, ΔA=+0.0041, ESS≈7505
[equal-ρ] bracket μ=4.648752, ΔA=+0.0006, ESS≈7504
[equal-ρ] bracket μ=4.648852, ΔA=-0.0030, ESS≈7503
[equal-ρ] bisect μ=4.648652, ΔA=+0.0041, ESS≈7505
mu* = 4.648652   ESS ≈ 7505
0.5220159893404397


success: True
χ²*    : 0.034264837368108626
θ*     : (0.7313089593179224, 3.2000000000000015, 4.636591222486168, 1.0, 0.7980163436366425, 0.1408577808876233)

=== Step: target eps_sp=3.220 (prev=3.200) ===
[μ=4.636591] f=m_dense-m_dilute=+0.4541
[step] μ=4.640591 f=+0.3492
[step] μ=4.644591 f=+0.2193
[step] μ=4.648591 f=+0.0921
[equal-ρ] μ0=4.648591, ΔA=A_dense-A_dilute=+0.0921, ESS≈7505
[equal-ρ] bracket μ=4.648691, ΔA=+0.0886, ESS≈7505
[equal-ρ] bracket μ=4.648791, ΔA=+0.0852, ESS≈7505
[equal-ρ] bracket μ=4.648891, ΔA=+0.0817, ESS≈7504
[equal-ρ] bracket μ=4.648991, ΔA=+0.0782, ESS≈7503
[equal-ρ] bracket μ=4.649091, ΔA=+0.0748, ESS≈7502
[equal-ρ] bracket μ=4.649191, ΔA=+0.0713, ESS≈7501
[equal-ρ] bracket μ=4.649291, ΔA=+0.0679, ESS≈7500
[equal-ρ] bracket μ=4.649391, ΔA=+0.0644, ESS≈7498
[equal-ρ] bracket μ=4.649491, ΔA=+0.0609, ESS≈7496
[equal-ρ] bracket μ=4.649591, ΔA=+0.0575, ESS≈7494
[equal-ρ] bracket μ=4.649691, ΔA=+0.0540, ESS≈7492
[equal-ρ] bracket μ=4.649791, ΔA=+0.0505, ESS≈7490
[equal-ρ] bracket μ=4.649891, ΔA=+0.0470, ESS≈7487
[equal-ρ] bracket μ=4.649991, ΔA=+0.0436, ESS≈7484
[equal-ρ] bracket μ=4.650091, ΔA=+0.0401, ESS≈7481
[equal-ρ] bracket μ=4.650191, ΔA=+0.0366, ESS≈7478
[equal-ρ] bracket μ=4.650291, ΔA=+0.0331, ESS≈7474
[equal-ρ] bracket μ=4.650391, ΔA=+0.0297, ESS≈7470
[equal-ρ] bracket μ=4.650491, ΔA=+0.0262, ESS≈7466
[equal-ρ] bracket μ=4.650591, ΔA=+0.0227, ESS≈7462
mu* = 4.650591   ESS ≈ 7462
0.5282025316455696


success: True
χ²*    : 0.20970775404284284
θ*     : (0.7254371739914549, 3.2200000000000015, 4.642747074340797, 1.0, 0.8584743775857108, 0.27572760378255495)

=== Step: target eps_sp=3.240 (prev=3.220) ===
[μ=4.642747] f=m_dense-m_dilute=+0.5106
[step] μ=4.646747 f=+0.4008
[step] μ=4.650747 f=+0.2777
[step] μ=4.654747 f=+0.1444
[step] μ=4.658747 f=+0.0184
[equal-ρ] μ0=4.658747, ΔA=A_dense-A_dilute=+0.0184, ESS≈7505
[equal-ρ] bracket μ=4.658847, ΔA=+0.0149, ESS≈7505
[equal-ρ] bracket μ=4.658947, ΔA=+0.0114, ESS≈7505
[equal-ρ] bracket μ=4.659047, ΔA=+0.0079, ESS≈7504
[equal-ρ] bracket μ=4.659147, ΔA=+0.0044, ESS≈7503
[equal-ρ] bracket μ=4.659247, ΔA=+0.0009, ESS≈7502
[equal-ρ] bracket μ=4.659347, ΔA=-0.0026, ESS≈7501
[equal-ρ] bisect μ=4.659047, ΔA=+0.0079, ESS≈7504
mu* = 4.659047   ESS ≈ 7504
0.5258960692871419


success: True
χ²*    : 0.16362703396041
θ*     : (0.7190663120268499, 3.2400000000000015, 4.650131393927021, 1.0, 0.8154783191146495, 0.22248725157251323)

=== Step: target eps_sp=3.260 (prev=3.240) ===
[μ=4.650131] f=m_dense-m_dilute=+0.5019
[step] μ=4.654131 f=+0.4047
[step] μ=4.658131 f=+0.2783
[step] μ=4.662131 f=+0.1420
[step] μ=4.666131 f=+0.0101
[equal-ρ] μ0=4.666131, ΔA=A_dense-A_dilute=+0.0101, ESS≈7505
[equal-ρ] bracket μ=4.666231, ΔA=+0.0067, ESS≈7505
[equal-ρ] bracket μ=4.666331, ΔA=+0.0032, ESS≈7505
[equal-ρ] bracket μ=4.666431, ΔA=-0.0003, ESS≈7504
[equal-ρ] bisect μ=4.666281, ΔA=+0.0049, ESS≈7505
mu* = 4.666281   ESS ≈ 7505
0.517020652898068


success: True
χ²*    : 0.038280261677445665
θ*     : (0.7105140028737905, 3.2600000000000016, 4.654433285474804, 1.0, 0.664972648854418, 0.07554034535207235)

=== Step: target eps_sp=3.280 (prev=3.260) ===
[μ=4.654433] f=m_dense-m_dilute=+0.4497
[step] μ=4.658433 f=+0.3538
[step] μ=4.662433 f=+0.2033
[step] μ=4.666433 f=+0.0839
[equal-ρ] μ0=4.666433, ΔA=A_dense-A_dilute=+0.0839, ESS≈7505
[equal-ρ] bracket μ=4.666533, ΔA=+0.0805, ESS≈7505
[equal-ρ] bracket μ=4.666633, ΔA=+0.0771, ESS≈7505
[equal-ρ] bracket μ=4.666733, ΔA=+0.0737, ESS≈7504
[equal-ρ] bracket μ=4.666833, ΔA=+0.0703, ESS≈7503
[equal-ρ] bracket μ=4.666933, ΔA=+0.0669, ESS≈7502
[equal-ρ] bracket μ=4.667033, ΔA=+0.0634, ESS≈7501
[equal-ρ] bracket μ=4.667133, ΔA=+0.0600, ESS≈7500
[equal-ρ] bracket μ=4.667233, ΔA=+0.0566, ESS≈7498
[equal-ρ] bracket μ=4.667333, ΔA=+0.0532, ESS≈7496
[equal-ρ] bracket μ=4.667433, ΔA=+0.0497, ESS≈7494
[equal-ρ] bracket μ=4.667533, ΔA=+0.0463, ESS≈7492
[equal-ρ] bracket μ=4.667633, ΔA=+0.0429, ESS≈7490
[equal-ρ] bracket μ=4.667733, ΔA=+0.0395, ESS≈7487
[equal-ρ] bracket μ=4.667833, ΔA=+0.0360, ESS≈7484
[equal-ρ] bracket μ=4.667933, ΔA=+0.0326, ESS≈7481
[equal-ρ] bracket μ=4.668033, ΔA=+0.0292, ESS≈7478
[equal-ρ] bracket μ=4.668133, ΔA=+0.0257, ESS≈7475
[equal-ρ] bracket μ=4.668233, ΔA=+0.0223, ESS≈7471
[equal-ρ] bracket μ=4.668333, ΔA=+0.0189, ESS≈7467
[equal-ρ] bracket μ=4.668433, ΔA=+0.0154, ESS≈7463
mu* = 4.668433   ESS ≈ 7463
0.5248274483677549


success: True
χ²*    : 0.26064187416852835
θ*     : (0.7089272847710988, 3.2800000000000016, 4.658894322244001, 1.0, 0.6730216346502453, 0.19578071462668103)

=== Step: target eps_sp=3.300 (prev=3.280) ===
[μ=4.658894] f=m_dense-m_dilute=+0.7408
[step] μ=4.662894 f=+0.6742
[step] μ=4.666894 f=+0.5859
[step] μ=4.670894 f=+0.4757
[step] μ=4.674894 f=+0.3642
[step] μ=4.678894 f=+0.2464
[step] μ=4.682894 f=+0.1238
[step] μ=4.686894 f=-0.0272
[equal-ρ] μ0=4.686894, ΔA=A_dense-A_dilute=-0.0272, ESS≈7505
[equal-ρ] bracket μ=4.686794, ΔA=-0.0238, ESS≈7505
[equal-ρ] bracket μ=4.686694, ΔA=-0.0203, ESS≈7505
[equal-ρ] bracket μ=4.686594, ΔA=-0.0169, ESS≈7504
[equal-ρ] bracket μ=4.686494, ΔA=-0.0135, ESS≈7503
[equal-ρ] bracket μ=4.686394, ΔA=-0.0100, ESS≈7502
[equal-ρ] bracket μ=4.686294, ΔA=-0.0066, ESS≈7501
[equal-ρ] bracket μ=4.686194, ΔA=-0.0032, ESS≈7500
[equal-ρ] bracket μ=4.686094, ΔA=+0.0003, ESS≈7498
[equal-ρ] bisect μ=4.686494, ΔA=-0.0135, ESS≈7503
[equal-ρ] bisect μ=4.686294, ΔA=-0.0066, ESS≈7501
mu* = 4.686294   ESS ≈ 7501
0.5153590939373751


success: True
χ²*    : 0.26143464306099684
θ*     : (0.7042480676218396, 3.3000000000000016, 4.680045135191684, 1.0, 0.4755572503575186, 0.06218586199975154)

=== Step: target eps_sp=3.320 (prev=3.300) ===
[μ=4.680045] f=m_dense-m_dilute=+0.5443
[step] μ=4.684045 f=+0.4278
[step] μ=4.688045 f=+0.2787
[step] μ=4.692045 f=+0.1795
[step] μ=4.696045 f=+0.0060
[equal-ρ] μ0=4.696045, ΔA=A_dense-A_dilute=+0.0060, ESS≈7505
mu* = 4.696045   ESS ≈ 7505
0.5219546968687542


success: True
χ²*    : 0.27249500583507835
θ*     : (0.6994109030532539, 3.3200000000000016, 4.689902945041031, 1.0, 0.5902491871219359, 0.1400990702907045)

=== Step: target eps_sp=3.340 (prev=3.320) ===
[μ=4.689903] f=m_dense-m_dilute=+0.5415
[step] μ=4.693903 f=+0.4488
[step] μ=4.697903 f=+0.3264
[step] μ=4.701903 f=+0.1690
[step] μ=4.705903 f=+0.0482
[equal-ρ] μ0=4.705903, ΔA=A_dense-A_dilute=+0.0482, ESS≈7505
[equal-ρ] bracket μ=4.706003, ΔA=+0.0448, ESS≈7505
[equal-ρ] bracket μ=4.706103, ΔA=+0.0413, ESS≈7505
[equal-ρ] bracket μ=4.706203, ΔA=+0.0378, ESS≈7504
[equal-ρ] bracket μ=4.706303, ΔA=+0.0344, ESS≈7503
[equal-ρ] bracket μ=4.706403, ΔA=+0.0309, ESS≈7502
[equal-ρ] bracket μ=4.706503, ΔA=+0.0275, ESS≈7501
[equal-ρ] bracket μ=4.706603, ΔA=+0.0240, ESS≈7500
[equal-ρ] bracket μ=4.706703, ΔA=+0.0205, ESS≈7498
[equal-ρ] bracket μ=4.706803, ΔA=+0.0171, ESS≈7496
[equal-ρ] bracket μ=4.706903, ΔA=+0.0136, ESS≈7494
[equal-ρ] bracket μ=4.707003, ΔA=+0.0101, ESS≈7492
[equal-ρ] bracket μ=4.707103, ΔA=+0.0067, ESS≈7490
[equal-ρ] bracket μ=4.707203, ΔA=+0.0032, ESS≈7487
[equal-ρ] bracket μ=4.707303, ΔA=-0.0003, ESS≈7484
[equal-ρ] bisect μ=4.706603, ΔA=+0.0240, ESS≈7500
[equal-ρ] bisect μ=4.706953, ΔA=+0.0119, ESS≈7493
[equal-ρ] bisect μ=4.707128, ΔA=+0.0058, ESS≈7489
mu* = 4.707128   ESS ≈ 7489
0.5221772151898735


success: True
χ²*    : 0.2377044914882488
θ*     : (0.7017657358535961, 3.3400000000000016, 4.692161542525988, 1.0, 0.6446525392610881, 0.15714108733817414)

=== Step: target eps_sp=3.360 (prev=3.340) ===
[μ=4.692162] f=m_dense-m_dilute=+0.8822
[step] μ=4.696162 f=+0.8568
[step] μ=4.700162 f=+0.8077
[step] μ=4.704162 f=+0.7499
[step] μ=4.708162 f=+0.6879
[step] μ=4.712162 f=+0.6089
[step] μ=4.716162 f=+0.5290
[step] μ=4.720162 f=+0.4111
[step] μ=4.724162 f=+0.2777
[step] μ=4.728162 f=+0.1586
[step] μ=4.732162 f=+0.0268
[equal-ρ] μ0=4.732162, ΔA=A_dense-A_dilute=+0.0268, ESS≈7505
[equal-ρ] bracket μ=4.732262, ΔA=+0.0233, ESS≈7505
[equal-ρ] bracket μ=4.732362, ΔA=+0.0198, ESS≈7505
[equal-ρ] bracket μ=4.732462, ΔA=+0.0162, ESS≈7504
[equal-ρ] bracket μ=4.732562, ΔA=+0.0127, ESS≈7503
[equal-ρ] bracket μ=4.732662, ΔA=+0.0092, ESS≈7502
[equal-ρ] bracket μ=4.732762, ΔA=+0.0057, ESS≈7501
[equal-ρ] bracket μ=4.732862, ΔA=+0.0022, ESS≈7500
[equal-ρ] bracket μ=4.732962, ΔA=-0.0013, ESS≈7498
[equal-ρ] bisect μ=4.732562, ΔA=+0.0127, ESS≈7503
[equal-ρ] bisect μ=4.732762, ΔA=+0.0057, ESS≈7501
mu* = 4.732762   ESS ≈ 7501
0.524346435709527


success: True
χ²*    : 0.16078598807875566
θ*     : (0.6951596294497013, 3.3600000000000017, 4.723885819990927, 1.0, 0.8330621399217538, 0.22587617527297263)

=== Step: target eps_sp=3.380 (prev=3.360) ===
[μ=4.723886] f=m_dense-m_dilute=+0.5071
[step] μ=4.727886 f=+0.3726
[step] μ=4.731886 f=+0.2420
[step] μ=4.735886 f=+0.1288
[step] μ=4.739886 f=-0.0352
[equal-ρ] μ0=4.739886, ΔA=A_dense-A_dilute=-0.0352, ESS≈7505
[equal-ρ] bracket μ=4.739786, ΔA=-0.0317, ESS≈7505
[equal-ρ] bracket μ=4.739686, ΔA=-0.0282, ESS≈7505
[equal-ρ] bracket μ=4.739586, ΔA=-0.0247, ESS≈7504
[equal-ρ] bracket μ=4.739486, ΔA=-0.0212, ESS≈7503
[equal-ρ] bracket μ=4.739386, ΔA=-0.0177, ESS≈7502
[equal-ρ] bracket μ=4.739286, ΔA=-0.0142, ESS≈7501
[equal-ρ] bracket μ=4.739186, ΔA=-0.0107, ESS≈7500
[equal-ρ] bracket μ=4.739086, ΔA=-0.0072, ESS≈7498
[equal-ρ] bracket μ=4.738986, ΔA=-0.0038, ESS≈7496
[equal-ρ] bracket μ=4.738886, ΔA=-0.0003, ESS≈7494
[equal-ρ] bracket μ=4.738786, ΔA=+0.0032, ESS≈7492
[equal-ρ] bisect μ=4.739336, ΔA=-0.0160, ESS≈7502
[equal-ρ] bisect μ=4.739061, ΔA=-0.0064, ESS≈7498
mu* = 4.739061   ESS ≈ 7498
0.519798800799467


success: True
χ²*    : 0.2972685777738749
θ*     : (0.690701573297041, 3.3800000000000017, 4.733601937314211, 1.0, 0.5356711988940553, 0.11712071666616507)

=== Step: target eps_sp=3.400 (prev=3.380) ===
[μ=4.733602] f=m_dense-m_dilute=+0.5311
[step] μ=4.737602 f=+0.4330
[step] μ=4.741602 f=+0.2977
[step] μ=4.745602 f=+0.1690
[step] μ=4.749602 f=+0.0386
[equal-ρ] μ0=4.749602, ΔA=A_dense-A_dilute=+0.0386, ESS≈7505
[equal-ρ] bracket μ=4.749702, ΔA=+0.0351, ESS≈7505
[equal-ρ] bracket μ=4.749802, ΔA=+0.0316, ESS≈7505
[equal-ρ] bracket μ=4.749902, ΔA=+0.0281, ESS≈7504
[equal-ρ] bracket μ=4.750002, ΔA=+0.0246, ESS≈7503
[equal-ρ] bracket μ=4.750102, ΔA=+0.0211, ESS≈7502
[equal-ρ] bracket μ=4.750202, ΔA=+0.0175, ESS≈7501
[equal-ρ] bracket μ=4.750302, ΔA=+0.0140, ESS≈7500
[equal-ρ] bracket μ=4.750402, ΔA=+0.0105, ESS≈7498
[equal-ρ] bracket μ=4.750502, ΔA=+0.0070, ESS≈7496
[equal-ρ] bracket μ=4.750602, ΔA=+0.0035, ESS≈7494
[equal-ρ] bracket μ=4.750702, ΔA=-0.0001, ESS≈7492
[equal-ρ] bisect μ=4.750152, ΔA=+0.0193, ESS≈7502
[equal-ρ] bisect μ=4.750427, ΔA=+0.0096, ESS≈7498
mu* = 4.750427   ESS ≈ 7498
0.5254457028647568


success: True
χ²*    : 0.0714537993324681
θ*     : (0.683166975975017, 3.4000000000000017, 4.739938181980391, 1.0, 0.9619567054732356, 0.2536724090811492)

=== Step: target eps_sp=3.420 (prev=3.400) ===
[μ=4.739938] f=m_dense-m_dilute=+0.4737
[step] μ=4.743938 f=+0.3772
[step] μ=4.747938 f=+0.2514
[step] μ=4.751938 f=+0.1178
[step] μ=4.755938 f=-0.0345
[equal-ρ] μ0=4.755938, ΔA=A_dense-A_dilute=-0.0345, ESS≈7505
[equal-ρ] bracket μ=4.755838, ΔA=-0.0310, ESS≈7505
[equal-ρ] bracket μ=4.755738, ΔA=-0.0276, ESS≈7505
[equal-ρ] bracket μ=4.755638, ΔA=-0.0241, ESS≈7504
[equal-ρ] bracket μ=4.755538, ΔA=-0.0206, ESS≈7503
[equal-ρ] bracket μ=4.755438, ΔA=-0.0171, ESS≈7502
[equal-ρ] bracket μ=4.755338, ΔA=-0.0136, ESS≈7501
[equal-ρ] bracket μ=4.755238, ΔA=-0.0101, ESS≈7500
[equal-ρ] bracket μ=4.755138, ΔA=-0.0067, ESS≈7498
[equal-ρ] bracket μ=4.755038, ΔA=-0.0032, ESS≈7496
[equal-ρ] bracket μ=4.754938, ΔA=+0.0003, ESS≈7494
[equal-ρ] bisect μ=4.755438, ΔA=-0.0171, ESS≈7502
[equal-ρ] bisect μ=4.755188, ΔA=-0.0084, ESS≈7499
mu* = 4.755188   ESS ≈ 7499
0.5203824117255164


success: False
χ²*    : 0.06848020740332497
θ*     : (0.6769333490276891, 3.4200000000000017, 4.743016945774031, 1.0, 0.7725800962108389, 0.1501715085625105)

=== Step: target eps_sp=3.440 (prev=3.420) ===
[μ=4.743017] f=m_dense-m_dilute=+0.5953
[step] μ=4.747017 f=+0.5069
[step] μ=4.751017 f=+0.3687
[step] μ=4.755017 f=+0.2697
[step] μ=4.759017 f=+0.1334
[step] μ=4.763017 f=-0.0148
[equal-ρ] μ0=4.763017, ΔA=A_dense-A_dilute=-0.0148, ESS≈7505
[equal-ρ] bracket μ=4.762917, ΔA=-0.0113, ESS≈7505
[equal-ρ] bracket μ=4.762817, ΔA=-0.0078, ESS≈7505
[equal-ρ] bracket μ=4.762717, ΔA=-0.0043, ESS≈7504
[equal-ρ] bracket μ=4.762617, ΔA=-0.0008, ESS≈7503
[equal-ρ] bracket μ=4.762517, ΔA=+0.0027, ESS≈7502
[equal-ρ] bisect μ=4.762767, ΔA=-0.0061, ESS≈7504
mu* = 4.762767   ESS ≈ 7504
0.5191445702864756


success: True
χ²*    : 0.24991966870125243
θ*     : (0.6715059803226304, 3.4400000000000017, 4.755868925125783, 1.0, 0.602239943322068, 0.1297301608190378)

=== Step: target eps_sp=3.460 (prev=3.440) ===
[μ=4.755869] f=m_dense-m_dilute=+0.5078
[step] μ=4.759869 f=+0.3984
[step] μ=4.763869 f=+0.2913
[step] μ=4.767869 f=+0.1360
[step] μ=4.771869 f=+0.0135
[equal-ρ] μ0=4.771869, ΔA=A_dense-A_dilute=+0.0135, ESS≈7505
[equal-ρ] bracket μ=4.771969, ΔA=+0.0100, ESS≈7505
[equal-ρ] bracket μ=4.772069, ΔA=+0.0065, ESS≈7505
[equal-ρ] bracket μ=4.772169, ΔA=+0.0030, ESS≈7504
[equal-ρ] bracket μ=4.772269, ΔA=-0.0005, ESS≈7503
[equal-ρ] bisect μ=4.772069, ΔA=+0.0065, ESS≈7505
mu* = 4.772069   ESS ≈ 7505
0.5150686209193871


success: True
χ²*    : 0.05401369756048974
θ*     : (0.6636475236232743, 3.4600000000000017, 4.760856416042884, 1.0, 0.6198757589363323, 0.06304543143528385)

=== Step: target eps_sp=3.480 (prev=3.460) ===
[μ=4.760856] f=m_dense-m_dilute=+0.4762
[step] μ=4.764856 f=+0.3777
[step] μ=4.768856 f=+0.2281
[step] μ=4.772856 f=+0.1214
[step] μ=4.776856 f=-0.0294
[equal-ρ] μ0=4.776856, ΔA=A_dense-A_dilute=-0.0294, ESS≈7505
[equal-ρ] bracket μ=4.776756, ΔA=-0.0260, ESS≈7505
[equal-ρ] bracket μ=4.776656, ΔA=-0.0226, ESS≈7505
[equal-ρ] bracket μ=4.776556, ΔA=-0.0192, ESS≈7504
[equal-ρ] bracket μ=4.776456, ΔA=-0.0158, ESS≈7503
[equal-ρ] bracket μ=4.776356, ΔA=-0.0123, ESS≈7502
[equal-ρ] bracket μ=4.776256, ΔA=-0.0089, ESS≈7501
[equal-ρ] bracket μ=4.776156, ΔA=-0.0055, ESS≈7500
[equal-ρ] bracket μ=4.776056, ΔA=-0.0021, ESS≈7498
[equal-ρ] bracket μ=4.775956, ΔA=+0.0013, ESS≈7496
[equal-ρ] bisect μ=4.776406, ΔA=-0.0141, ESS≈7503
[equal-ρ] bisect μ=4.776181, ΔA=-0.0064, ESS≈7500
mu* = 4.776181   ESS ≈ 7500
0.5163957361758827


success: True
χ²*    : 0.2529971472701867
θ*     : (0.6641273551820341, 3.4800000000000018, 4.764880790438499, 1.0, 0.5108301861537398, 0.08595636715578532)

=== Step: target eps_sp=3.500 (prev=3.480) ===
[μ=4.764881] f=m_dense-m_dilute=+0.8033
[step] μ=4.768881 f=+0.7571
[step] μ=4.772881 f=+0.6749
[step] μ=4.776881 f=+0.5979
[step] μ=4.780881 f=+0.5237
[step] μ=4.784881 f=+0.3953
[step] μ=4.788881 f=+0.2755
[step] μ=4.792881 f=+0.1454
[step] μ=4.796881 f=+0.0328
[equal-ρ] μ0=4.796881, ΔA=A_dense-A_dilute=+0.0328, ESS≈7505
[equal-ρ] bracket μ=4.796981, ΔA=+0.0293, ESS≈7505
[equal-ρ] bracket μ=4.797081, ΔA=+0.0259, ESS≈7505
[equal-ρ] bracket μ=4.797181, ΔA=+0.0224, ESS≈7504
[equal-ρ] bracket μ=4.797281, ΔA=+0.0190, ESS≈7503
[equal-ρ] bracket μ=4.797381, ΔA=+0.0155, ESS≈7502
[equal-ρ] bracket μ=4.797481, ΔA=+0.0121, ESS≈7501
[equal-ρ] bracket μ=4.797581, ΔA=+0.0086, ESS≈7500
[equal-ρ] bracket μ=4.797681, ΔA=+0.0052, ESS≈7498
[equal-ρ] bracket μ=4.797781, ΔA=+0.0017, ESS≈7496
[equal-ρ] bracket μ=4.797881, ΔA=-0.0018, ESS≈7494
[equal-ρ] bisect μ=4.797381, ΔA=+0.0155, ESS≈7502
[equal-ρ] bisect μ=4.797631, ΔA=+0.0069, ESS≈7499
mu* = 4.797631   ESS ≈ 7499
0.5192564956695537


success: True
χ²*    : 0.2564134774745892
θ*     : (0.6592696919094934, 3.5000000000000018, 4.791127436163028, 1.0, 0.5949520760332271, 0.13491350999471236)

=== Step: target eps_sp=3.520 (prev=3.500) ===
[μ=4.791127] f=m_dense-m_dilute=+0.5145
[step] μ=4.795127 f=+0.4205
[step] μ=4.799127 f=+0.2759
[step] μ=4.803127 f=+0.1703
[step] μ=4.807127 f=+0.0249
[equal-ρ] μ0=4.807127, ΔA=A_dense-A_dilute=+0.0249, ESS≈7505
[equal-ρ] bracket μ=4.807227, ΔA=+0.0215, ESS≈7505
[equal-ρ] bracket μ=4.807327, ΔA=+0.0180, ESS≈7505
[equal-ρ] bracket μ=4.807427, ΔA=+0.0145, ESS≈7504
[equal-ρ] bracket μ=4.807527, ΔA=+0.0111, ESS≈7503
[equal-ρ] bracket μ=4.807627, ΔA=+0.0076, ESS≈7502
[equal-ρ] bracket μ=4.807727, ΔA=+0.0042, ESS≈7501
[equal-ρ] bracket μ=4.807827, ΔA=+0.0007, ESS≈7500
[equal-ρ] bracket μ=4.807927, ΔA=-0.0028, ESS≈7498
[equal-ρ] bisect μ=4.807527, ΔA=+0.0111, ESS≈7503
[equal-ρ] bisect μ=4.807727, ΔA=+0.0042, ESS≈7501
mu* = 4.807727   ESS ≈ 7501
0.5181838774150567


success: True
χ²*    : 0.04562699831123494
θ*     : (0.6515234915012725, 3.520000000000002, 4.795324193367447, 1.0, 0.7287458480408665, 0.10507146687345931)

=== Step: target eps_sp=3.540 (prev=3.520) ===
[μ=4.795324] f=m_dense-m_dilute=+0.5173
[step] μ=4.799324 f=+0.4256
[step] μ=4.803324 f=+0.2941
[step] μ=4.807324 f=+0.1975
[step] μ=4.811324 f=+0.0620
[equal-ρ] μ0=4.811324, ΔA=A_dense-A_dilute=+0.0620, ESS≈7505
[equal-ρ] bracket μ=4.811424, ΔA=+0.0585, ESS≈7505
[equal-ρ] bracket μ=4.811524, ΔA=+0.0551, ESS≈7505
[equal-ρ] bracket μ=4.811624, ΔA=+0.0517, ESS≈7504
[equal-ρ] bracket μ=4.811724, ΔA=+0.0483, ESS≈7503
[equal-ρ] bracket μ=4.811824, ΔA=+0.0448, ESS≈7502
[equal-ρ] bracket μ=4.811924, ΔA=+0.0414, ESS≈7501
[equal-ρ] bracket μ=4.812024, ΔA=+0.0380, ESS≈7500
[equal-ρ] bracket μ=4.812124, ΔA=+0.0346, ESS≈7498
[equal-ρ] bracket μ=4.812224, ΔA=+0.0311, ESS≈7496
[equal-ρ] bracket μ=4.812324, ΔA=+0.0277, ESS≈7494
[equal-ρ] bracket μ=4.812424, ΔA=+0.0243, ESS≈7492
[equal-ρ] bracket μ=4.812524, ΔA=+0.0208, ESS≈7490
[equal-ρ] bracket μ=4.812624, ΔA=+0.0174, ESS≈7487
[equal-ρ] bracket μ=4.812724, ΔA=+0.0140, ESS≈7484
[equal-ρ] bracket μ=4.812824, ΔA=+0.0105, ESS≈7481
[equal-ρ] bracket μ=4.812924, ΔA=+0.0071, ESS≈7478
[equal-ρ] bracket μ=4.813024, ΔA=+0.0037, ESS≈7474
[equal-ρ] bracket μ=4.813124, ΔA=+0.0003, ESS≈7471
[equal-ρ] bracket μ=4.813224, ΔA=-0.0032, ESS≈7467
[equal-ρ] bisect μ=4.812274, ΔA=+0.0294, ESS≈7495
[equal-ρ] bisect μ=4.812749, ΔA=+0.0131, ESS≈7483
[equal-ρ] bisect μ=4.812987, ΔA=+0.0050, ESS≈7476
mu* = 4.812987   ESS ≈ 7476
0.5201439040639574


success: True
χ²*    : 0.27737739151518576
θ*     : (0.6469058021208637, 3.540000000000002, 4.807444989470888, 1.0, 0.626983810652567, 0.17104744323135665)

=== Step: target eps_sp=3.560 (prev=3.540) ===
[μ=4.807445] f=m_dense-m_dilute=+0.4879
[step] μ=4.811445 f=+0.3706
[step] μ=4.815445 f=+0.2570
[step] μ=4.819445 f=+0.1119
[step] μ=4.823445 f=-0.0272
[equal-ρ] μ0=4.823445, ΔA=A_dense-A_dilute=-0.0272, ESS≈7505
[equal-ρ] bracket μ=4.823345, ΔA=-0.0238, ESS≈7505
[equal-ρ] bracket μ=4.823245, ΔA=-0.0204, ESS≈7505
[equal-ρ] bracket μ=4.823145, ΔA=-0.0170, ESS≈7504
[equal-ρ] bracket μ=4.823045, ΔA=-0.0136, ESS≈7503
[equal-ρ] bracket μ=4.822945, ΔA=-0.0102, ESS≈7502
[equal-ρ] bracket μ=4.822845, ΔA=-0.0068, ESS≈7501
[equal-ρ] bracket μ=4.822745, ΔA=-0.0034, ESS≈7500
[equal-ρ] bracket μ=4.822645, ΔA=-0.0000, ESS≈7498
[equal-ρ] bracket μ=4.822545, ΔA=+0.0034, ESS≈7496
[equal-ρ] bisect μ=4.822995, ΔA=-0.0119, ESS≈7503
[equal-ρ] bisect μ=4.822770, ΔA=-0.0043, ESS≈7500
mu* = 4.822770   ESS ≈ 7500
0.522528980679547


success: True
χ²*    : 0.2737817460014179
θ*     : (0.6423929020586114, 3.560000000000002, 4.817240248007677, 1.0, 0.7163065252740651, 0.23005113331093888)

=== Step: target eps_sp=3.580 (prev=3.560) ===
[μ=4.817240] f=m_dense-m_dilute=+0.5234
[step] μ=4.821240 f=+0.4035
[step] μ=4.825240 f=+0.3014
[step] μ=4.829240 f=+0.1647
[step] μ=4.833240 f=+0.0356
[equal-ρ] μ0=4.833240, ΔA=A_dense-A_dilute=+0.0356, ESS≈7505
[equal-ρ] bracket μ=4.833340, ΔA=+0.0322, ESS≈7505
[equal-ρ] bracket μ=4.833440, ΔA=+0.0287, ESS≈7505
[equal-ρ] bracket μ=4.833540, ΔA=+0.0253, ESS≈7504
[equal-ρ] bracket μ=4.833640, ΔA=+0.0219, ESS≈7503
[equal-ρ] bracket μ=4.833740, ΔA=+0.0185, ESS≈7502
[equal-ρ] bracket μ=4.833840, ΔA=+0.0151, ESS≈7501
[equal-ρ] bracket μ=4.833940, ΔA=+0.0117, ESS≈7500
[equal-ρ] bracket μ=4.834040, ΔA=+0.0082, ESS≈7498
[equal-ρ] bracket μ=4.834140, ΔA=+0.0048, ESS≈7496
[equal-ρ] bracket μ=4.834240, ΔA=+0.0014, ESS≈7494
[equal-ρ] bracket μ=4.834340, ΔA=-0.0020, ESS≈7492
[equal-ρ] bisect μ=4.833790, ΔA=+0.0168, ESS≈7502
[equal-ρ] bisect μ=4.834065, ΔA=+0.0074, ESS≈7498
mu* = 4.834065   ESS ≈ 7498
0.5231165889407061


success: True
χ²*    : 0.2723931683676377
θ*     : (0.6377695537191863, 3.580000000000002, 4.828526520370131, 1.0, 0.70251345665216, 0.2181532696724791)

=== Step: target eps_sp=3.600 (prev=3.580) ===
[μ=4.828527] f=m_dense-m_dilute=+0.5069
[step] μ=4.832527 f=+0.4124
[step] μ=4.836527 f=+0.2730
[step] μ=4.840527 f=+0.1626
[step] μ=4.844527 f=+0.0024
[equal-ρ] μ0=4.844527, ΔA=A_dense-A_dilute=+0.0024, ESS≈7505
mu* = 4.844527   ESS ≈ 7505
0.5174497001998668


success: True
χ²*    : 0.2483916977220565
θ*     : (0.6399247146990679, 3.600000000000002, 4.831150478481232, 1.0, 0.5681229480346744, 0.11721056447580197)

=== Step: target eps_sp=3.620 (prev=3.600) ===
[μ=4.831150] f=m_dense-m_dilute=+0.8597
[step] μ=4.835150 f=+0.8358
[step] μ=4.839150 f=+0.7759
[step] μ=4.843150 f=+0.7233
[step] μ=4.847150 f=+0.6601
[step] μ=4.851150 f=+0.5536
[step] μ=4.855150 f=+0.4917
[step] μ=4.859150 f=+0.3566
[step] μ=4.863150 f=+0.2072
[step] μ=4.867150 f=+0.0827
[equal-ρ] μ0=4.867150, ΔA=A_dense-A_dilute=+0.0827, ESS≈7505
[equal-ρ] bracket μ=4.867250, ΔA=+0.0793, ESS≈7505
[equal-ρ] bracket μ=4.867350, ΔA=+0.0759, ESS≈7505
[equal-ρ] bracket μ=4.867450, ΔA=+0.0725, ESS≈7504
[equal-ρ] bracket μ=4.867550, ΔA=+0.0691, ESS≈7503
[equal-ρ] bracket μ=4.867650, ΔA=+0.0657, ESS≈7502
[equal-ρ] bracket μ=4.867750, ΔA=+0.0623, ESS≈7501
[equal-ρ] bracket μ=4.867850, ΔA=+0.0589, ESS≈7500
[equal-ρ] bracket μ=4.867950, ΔA=+0.0554, ESS≈7498
[equal-ρ] bracket μ=4.868050, ΔA=+0.0520, ESS≈7496
[equal-ρ] bracket μ=4.868150, ΔA=+0.0486, ESS≈7494
[equal-ρ] bracket μ=4.868250, ΔA=+0.0452, ESS≈7492
[equal-ρ] bracket μ=4.868350, ΔA=+0.0418, ESS≈7490
[equal-ρ] bracket μ=4.868450, ΔA=+0.0383, ESS≈7487
[equal-ρ] bracket μ=4.868550, ΔA=+0.0349, ESS≈7484
[equal-ρ] bracket μ=4.868650, ΔA=+0.0315, ESS≈7481
[equal-ρ] bracket μ=4.868750, ΔA=+0.0281, ESS≈7478
[equal-ρ] bracket μ=4.868850, ΔA=+0.0246, ESS≈7474
[equal-ρ] bracket μ=4.868950, ΔA=+0.0212, ESS≈7471
[equal-ρ] bracket μ=4.869050, ΔA=+0.0178, ESS≈7467
[equal-ρ] bracket μ=4.869150, ΔA=+0.0144, ESS≈7463
mu* = 4.869150   ESS ≈ 7463
0.521489673550966


success: True
χ²*    : 0.2696651744001707
θ*     : (0.6349743660291185, 3.620000000000002, 4.863057149461849, 1.0, 0.7050759268635748, 0.20577645163086736)

=== Step: target eps_sp=3.640 (prev=3.620) ===
[μ=4.863057] f=m_dense-m_dilute=+0.5111
[step] μ=4.867057 f=+0.3935
[step] μ=4.871057 f=+0.2939
[step] μ=4.875057 f=+0.1809
[step] μ=4.879057 f=+0.0228
[equal-ρ] μ0=4.879057, ΔA=A_dense-A_dilute=+0.0228, ESS≈7505
[equal-ρ] bracket μ=4.879157, ΔA=+0.0193, ESS≈7505
[equal-ρ] bracket μ=4.879257, ΔA=+0.0159, ESS≈7505
[equal-ρ] bracket μ=4.879357, ΔA=+0.0125, ESS≈7504
[equal-ρ] bracket μ=4.879457, ΔA=+0.0090, ESS≈7503
[equal-ρ] bracket μ=4.879557, ΔA=+0.0056, ESS≈7502
[equal-ρ] bracket μ=4.879657, ΔA=+0.0021, ESS≈7501
[equal-ρ] bracket μ=4.879757, ΔA=-0.0013, ESS≈7500
[equal-ρ] bisect μ=4.879407, ΔA=+0.0107, ESS≈7504
[equal-ρ] bisect μ=4.879582, ΔA=+0.0047, ESS≈7502
mu* = 4.879582   ESS ≈ 7502
0.5176215856095936


success: True
χ²*    : 0.2572903052051148
θ*     : (0.6334141608574417, 3.640000000000002, 4.869840370065338, 1.0, 0.5872627021046751, 0.12860060368791992)

=== Step: target eps_sp=3.660 (prev=3.640) ===
[μ=4.869840] f=m_dense-m_dilute=+0.7123
[step] μ=4.873840 f=+0.6601
[step] μ=4.877840 f=+0.5869
[step] μ=4.881840 f=+0.4657
[step] μ=4.885840 f=+0.3516
[step] μ=4.889840 f=+0.2446
[step] μ=4.893840 f=+0.0989
[equal-ρ] μ0=4.893840, ΔA=A_dense-A_dilute=+0.0989, ESS≈7505
[equal-ρ] bracket μ=4.893940, ΔA=+0.0955, ESS≈7505
[equal-ρ] bracket μ=4.894040, ΔA=+0.0920, ESS≈7505
[equal-ρ] bracket μ=4.894140, ΔA=+0.0886, ESS≈7504
[equal-ρ] bracket μ=4.894240, ΔA=+0.0852, ESS≈7503
[equal-ρ] bracket μ=4.894340, ΔA=+0.0818, ESS≈7502
[equal-ρ] bracket μ=4.894440, ΔA=+0.0784, ESS≈7501
[equal-ρ] bracket μ=4.894540, ΔA=+0.0750, ESS≈7500
[equal-ρ] bracket μ=4.894640, ΔA=+0.0715, ESS≈7498
[equal-ρ] bracket μ=4.894740, ΔA=+0.0681, ESS≈7496
[equal-ρ] bracket μ=4.894840, ΔA=+0.0647, ESS≈7494
[equal-ρ] bracket μ=4.894940, ΔA=+0.0613, ESS≈7492
[equal-ρ] bracket μ=4.895040, ΔA=+0.0579, ESS≈7490
[equal-ρ] bracket μ=4.895140, ΔA=+0.0544, ESS≈7487
[equal-ρ] bracket μ=4.895240, ΔA=+0.0510, ESS≈7484
[equal-ρ] bracket μ=4.895340, ΔA=+0.0476, ESS≈7481
[equal-ρ] bracket μ=4.895440, ΔA=+0.0441, ESS≈7478
[equal-ρ] bracket μ=4.895540, ΔA=+0.0407, ESS≈7474
[equal-ρ] bracket μ=4.895640, ΔA=+0.0373, ESS≈7470
[equal-ρ] bracket μ=4.895740, ΔA=+0.0338, ESS≈7466
[equal-ρ] bracket μ=4.895840, ΔA=+0.0304, ESS≈7462
mu* = 4.895840   ESS ≈ 7462
0.5336682211858761


success: True
χ²*    : 0.1655226631990271
θ*     : (0.6259232344962171, 3.660000000000002, 4.888346443150157, 1.0, 3.2250267851365977, 1.535580179722444)

=== Step: target eps_sp=3.680 (prev=3.660) ===
[μ=4.888346] f=m_dense-m_dilute=+0.4365
[step] μ=4.892346 f=+0.3214
[step] μ=4.896346 f=+0.1841
[step] μ=4.900346 f=+0.0779
[equal-ρ] μ0=4.900346, ΔA=A_dense-A_dilute=+0.0779, ESS≈7505
[equal-ρ] bracket μ=4.900446, ΔA=+0.0745, ESS≈7505
[equal-ρ] bracket μ=4.900546, ΔA=+0.0711, ESS≈7505
[equal-ρ] bracket μ=4.900646, ΔA=+0.0677, ESS≈7504
[equal-ρ] bracket μ=4.900746, ΔA=+0.0642, ESS≈7503
[equal-ρ] bracket μ=4.900846, ΔA=+0.0608, ESS≈7502
[equal-ρ] bracket μ=4.900946, ΔA=+0.0574, ESS≈7501
[equal-ρ] bracket μ=4.901046, ΔA=+0.0539, ESS≈7500
[equal-ρ] bracket μ=4.901146, ΔA=+0.0505, ESS≈7498
[equal-ρ] bracket μ=4.901246, ΔA=+0.0471, ESS≈7496
[equal-ρ] bracket μ=4.901346, ΔA=+0.0436, ESS≈7494
[equal-ρ] bracket μ=4.901446, ΔA=+0.0402, ESS≈7492
[equal-ρ] bracket μ=4.901546, ΔA=+0.0368, ESS≈7490
[equal-ρ] bracket μ=4.901646, ΔA=+0.0333, ESS≈7487
[equal-ρ] bracket μ=4.901746, ΔA=+0.0299, ESS≈7484
[equal-ρ] bracket μ=4.901846, ΔA=+0.0265, ESS≈7481
[equal-ρ] bracket μ=4.901946, ΔA=+0.0230, ESS≈7478
[equal-ρ] bracket μ=4.902046, ΔA=+0.0196, ESS≈7474
[equal-ρ] bracket μ=4.902146, ΔA=+0.0161, ESS≈7470
[equal-ρ] bracket μ=4.902246, ΔA=+0.0127, ESS≈7466
[equal-ρ] bracket μ=4.902346, ΔA=+0.0093, ESS≈7462
mu* = 4.902346   ESS ≈ 7462
0.5222664890073284


success: False
χ²*    : 0.23814137977643196
θ*     : (0.6230804888759581, 3.680000000000002, 4.892590081870249, 1.0, 0.8940258585883056, 0.2969565007109602)

=== Step: target eps_sp=3.700 (prev=3.680) ===
[μ=4.892590] f=m_dense-m_dilute=+0.6633
[step] μ=4.896590 f=+0.5949
[step] μ=4.900590 f=+0.4833
[step] μ=4.904590 f=+0.3690
[step] μ=4.908590 f=+0.2462
[step] μ=4.912590 f=+0.1286
[step] μ=4.916590 f=-0.0039
[equal-ρ] μ0=4.916590, ΔA=A_dense-A_dilute=-0.0039, ESS≈7505
mu* = 4.916590   ESS ≈ 7505
0.5130113257828114


success: True
χ²*    : 0.05435513177267848
θ*     : (0.614734789082616, 3.700000000000002, 4.90454918158167, 1.0, 0.6415342581501147, 0.05963523417551433)

=== Step: target eps_sp=3.720 (prev=3.700) ===
[μ=4.904549] f=m_dense-m_dilute=+0.4518
[step] μ=4.908549 f=+0.3502
[step] μ=4.912549 f=+0.2280
[step] μ=4.916549 f=+0.1182
[step] μ=4.920549 f=-0.0418
[equal-ρ] μ0=4.920549, ΔA=A_dense-A_dilute=-0.0418, ESS≈7505
[equal-ρ] bracket μ=4.920449, ΔA=-0.0384, ESS≈7505
[equal-ρ] bracket μ=4.920349, ΔA=-0.0350, ESS≈7505
[equal-ρ] bracket μ=4.920249, ΔA=-0.0316, ESS≈7504
[equal-ρ] bracket μ=4.920149, ΔA=-0.0282, ESS≈7503
[equal-ρ] bracket μ=4.920049, ΔA=-0.0248, ESS≈7502
[equal-ρ] bracket μ=4.919949, ΔA=-0.0213, ESS≈7501
[equal-ρ] bracket μ=4.919849, ΔA=-0.0179, ESS≈7500
[equal-ρ] bracket μ=4.919749, ΔA=-0.0145, ESS≈7498
[equal-ρ] bracket μ=4.919649, ΔA=-0.0111, ESS≈7496
[equal-ρ] bracket μ=4.919549, ΔA=-0.0077, ESS≈7494
[equal-ρ] bracket μ=4.919449, ΔA=-0.0042, ESS≈7492
[equal-ρ] bracket μ=4.919349, ΔA=-0.0008, ESS≈7490
[equal-ρ] bracket μ=4.919249, ΔA=+0.0026, ESS≈7487
[equal-ρ] bisect μ=4.919899, ΔA=-0.0196, ESS≈7501
[equal-ρ] bisect μ=4.919574, ΔA=-0.0085, ESS≈7495
mu* = 4.919574   ESS ≈ 7495
0.5058907395069954


success: True
χ²*    : 0.2745391740863803
θ*     : (0.6178564319778437, 3.720000000000002, 4.907616770153246, 1.0, 0.36738611484084693, 0.009487118741135774)

=== Step: target eps_sp=3.740 (prev=3.720) ===
[μ=4.907617] f=m_dense-m_dilute=+0.8621
[step] μ=4.911617 f=+0.8432
[step] μ=4.915617 f=+0.7880
[step] μ=4.919617 f=+0.7314
[step] μ=4.923617 f=+0.6521
[step] μ=4.927617 f=+0.5696
[step] μ=4.931617 f=+0.4754
[step] μ=4.935617 f=+0.3671
[step] μ=4.939617 f=+0.2276
[step] μ=4.943617 f=+0.0774
[equal-ρ] μ0=4.943617, ΔA=A_dense-A_dilute=+0.0774, ESS≈7505
[equal-ρ] bracket μ=4.943717, ΔA=+0.0740, ESS≈7505
[equal-ρ] bracket μ=4.943817, ΔA=+0.0706, ESS≈7505
[equal-ρ] bracket μ=4.943917, ΔA=+0.0671, ESS≈7504
[equal-ρ] bracket μ=4.944017, ΔA=+0.0637, ESS≈7503
[equal-ρ] bracket μ=4.944117, ΔA=+0.0603, ESS≈7502
[equal-ρ] bracket μ=4.944217, ΔA=+0.0568, ESS≈7501
[equal-ρ] bracket μ=4.944317, ΔA=+0.0534, ESS≈7500
[equal-ρ] bracket μ=4.944417, ΔA=+0.0499, ESS≈7498
[equal-ρ] bracket μ=4.944517, ΔA=+0.0465, ESS≈7496
[equal-ρ] bracket μ=4.944617, ΔA=+0.0431, ESS≈7494
[equal-ρ] bracket μ=4.944717, ΔA=+0.0396, ESS≈7492
[equal-ρ] bracket μ=4.944817, ΔA=+0.0362, ESS≈7490
[equal-ρ] bracket μ=4.944917, ΔA=+0.0327, ESS≈7487
[equal-ρ] bracket μ=4.945017, ΔA=+0.0293, ESS≈7484
[equal-ρ] bracket μ=4.945117, ΔA=+0.0259, ESS≈7481
[equal-ρ] bracket μ=4.945217, ΔA=+0.0224, ESS≈7477
[equal-ρ] bracket μ=4.945317, ΔA=+0.0190, ESS≈7474
[equal-ρ] bracket μ=4.945417, ΔA=+0.0155, ESS≈7470
[equal-ρ] bracket μ=4.945517, ΔA=+0.0121, ESS≈7466
[equal-ρ] bracket μ=4.945617, ΔA=+0.0086, ESS≈7462
mu* = 4.945617   ESS ≈ 7462
0.522145236508994


success: True
χ²*    : 0.21549195351882114
θ*     : (0.6120819354358232, 3.740000000000002, 4.937855528919255, 1.0, 0.819960266040867, 0.23119496930093683)

=== Step: target eps_sp=3.760 (prev=3.740) ===
[μ=4.937856] f=m_dense-m_dilute=+0.5158
[step] μ=4.941856 f=+0.3909
[step] μ=4.945856 f=+0.3143
[step] μ=4.949856 f=+0.1720
[step] μ=4.953856 f=+0.0433
[equal-ρ] μ0=4.953856, ΔA=A_dense-A_dilute=+0.0433, ESS≈7505
[equal-ρ] bracket μ=4.953956, ΔA=+0.0399, ESS≈7505
[equal-ρ] bracket μ=4.954056, ΔA=+0.0365, ESS≈7505
[equal-ρ] bracket μ=4.954156, ΔA=+0.0330, ESS≈7504
[equal-ρ] bracket μ=4.954256, ΔA=+0.0296, ESS≈7503
[equal-ρ] bracket μ=4.954356, ΔA=+0.0262, ESS≈7502
[equal-ρ] bracket μ=4.954456, ΔA=+0.0228, ESS≈7501
[equal-ρ] bracket μ=4.954556, ΔA=+0.0194, ESS≈7500
[equal-ρ] bracket μ=4.954656, ΔA=+0.0159, ESS≈7498
[equal-ρ] bracket μ=4.954756, ΔA=+0.0125, ESS≈7496
[equal-ρ] bracket μ=4.954856, ΔA=+0.0091, ESS≈7494
[equal-ρ] bracket μ=4.954956, ΔA=+0.0057, ESS≈7492
[equal-ρ] bracket μ=4.955056, ΔA=+0.0022, ESS≈7490
[equal-ρ] bracket μ=4.955156, ΔA=-0.0012, ESS≈7487
[equal-ρ] bisect μ=4.954506, ΔA=+0.0211, ESS≈7500
[equal-ρ] bisect μ=4.954831, ΔA=+0.0099, ESS≈7495
mu* = 4.954831   ESS ≈ 7495
0.5153284477015323


success: True
χ²*    : 0.2492880092051738
θ*     : (0.6068992558134164, 3.760000000000002, 4.948229021893836, 1.0, 0.5726479316939822, 0.10991312648049563)

=== Step: target eps_sp=3.780 (prev=3.760) ===
[μ=4.948229] f=m_dense-m_dilute=+0.4933
[step] μ=4.952229 f=+0.3828
[step] μ=4.956229 f=+0.2774
[step] μ=4.960229 f=+0.1500
[step] μ=4.964229 f=+0.0124
[equal-ρ] μ0=4.964229, ΔA=A_dense-A_dilute=+0.0124, ESS≈7505
[equal-ρ] bracket μ=4.964329, ΔA=+0.0090, ESS≈7505
[equal-ρ] bracket μ=4.964429, ΔA=+0.0055, ESS≈7505
[equal-ρ] bracket μ=4.964529, ΔA=+0.0021, ESS≈7504
[equal-ρ] bracket μ=4.964629, ΔA=-0.0013, ESS≈7503
[equal-ρ] bisect μ=4.964429, ΔA=+0.0055, ESS≈7505
mu* = 4.964429   ESS ≈ 7505
0.5182211858760826


success: True
χ²*    : 0.2655857374551392
θ*     : (0.6021082548569298, 3.780000000000002, 4.958563520937304, 1.0, 0.627329353314716, 0.15751366441515588)

=== Step: target eps_sp=3.800 (prev=3.780) ===
[μ=4.958564] f=m_dense-m_dilute=+0.5121
[step] μ=4.962564 f=+0.4079
[step] μ=4.966564 f=+0.2729
[step] μ=4.970564 f=+0.1522
[step] μ=4.974564 f=+0.0032
[equal-ρ] μ0=4.974564, ΔA=A_dense-A_dilute=+0.0032, ESS≈7505
mu* = 4.974564   ESS ≈ 7505
0.5182758161225849


success: True
χ²*    : 0.26948915250323313
θ*     : (0.5974543210633764, 3.800000000000002, 4.96897841264136, 1.0, 0.6490611846364631, 0.175915807243868)

=== Step: target eps_sp=3.820 (prev=3.800) ===
[μ=4.968978] f=m_dense-m_dilute=+0.5166
[step] μ=4.972978 f=+0.4171
[step] μ=4.976978 f=+0.2937
[step] μ=4.980978 f=+0.1616
[step] μ=4.984978 f=-0.0059
[equal-ρ] μ0=4.984978, ΔA=A_dense-A_dilute=-0.0059, ESS≈7505
mu* = 4.984978   ESS ≈ 7505
0.5143584277148567


success: True
χ²*    : 0.20910956044342255
θ*     : (0.5907969804913178, 3.820000000000002, 4.978321052616762, 1.0, 0.6121968260087655, 0.11340967916068642)

=== Step: target eps_sp=3.840 (prev=3.820) ===
[μ=4.978321] f=m_dense-m_dilute=+0.4368
[step] μ=4.982321 f=+0.3374
[step] μ=4.986321 f=+0.1901
[step] μ=4.990321 f=+0.0677
[equal-ρ] μ0=4.990321, ΔA=A_dense-A_dilute=+0.0677, ESS≈7505
[equal-ρ] bracket μ=4.990421, ΔA=+0.0643, ESS≈7505
[equal-ρ] bracket μ=4.990521, ΔA=+0.0610, ESS≈7505
[equal-ρ] bracket μ=4.990621, ΔA=+0.0576, ESS≈7504
[equal-ρ] bracket μ=4.990721, ΔA=+0.0543, ESS≈7503
[equal-ρ] bracket μ=4.990821, ΔA=+0.0509, ESS≈7502
[equal-ρ] bracket μ=4.990921, ΔA=+0.0475, ESS≈7501
[equal-ρ] bracket μ=4.991021, ΔA=+0.0442, ESS≈7500
[equal-ρ] bracket μ=4.991121, ΔA=+0.0408, ESS≈7498
[equal-ρ] bracket μ=4.991221, ΔA=+0.0375, ESS≈7497
[equal-ρ] bracket μ=4.991321, ΔA=+0.0341, ESS≈7495
[equal-ρ] bracket μ=4.991421, ΔA=+0.0307, ESS≈7492
[equal-ρ] bracket μ=4.991521, ΔA=+0.0274, ESS≈7490
[equal-ρ] bracket μ=4.991621, ΔA=+0.0240, ESS≈7487
[equal-ρ] bracket μ=4.991721, ΔA=+0.0206, ESS≈7485
[equal-ρ] bracket μ=4.991821, ΔA=+0.0173, ESS≈7482
[equal-ρ] bracket μ=4.991921, ΔA=+0.0139, ESS≈7478
[equal-ρ] bracket μ=4.992021, ΔA=+0.0105, ESS≈7475
[equal-ρ] bracket μ=4.992121, ΔA=+0.0072, ESS≈7471
[equal-ρ] bracket μ=4.992221, ΔA=+0.0038, ESS≈7467
[equal-ρ] bracket μ=4.992321, ΔA=+0.0004, ESS≈7463
mu* = 4.992321   ESS ≈ 7463
0.5175096602265157


success: False
χ²*    : 0.24830597393060438
θ*     : (0.5879239580593487, 3.840000000000002, 4.984545606569018, 1.0, 0.623020005261262, 0.15064892787437448)

=== Step: target eps_sp=3.860 (prev=3.840) ===
[μ=4.984546] f=m_dense-m_dilute=+0.6386
[step] μ=4.988546 f=+0.5434
[step] μ=4.992546 f=+0.4628
[step] μ=4.996546 f=+0.3416
[step] μ=5.000546 f=+0.2028
[step] μ=5.004546 f=+0.0890
[equal-ρ] μ0=5.004546, ΔA=A_dense-A_dilute=+0.0890, ESS≈7505
[equal-ρ] bracket μ=5.004646, ΔA=+0.0856, ESS≈7505
[equal-ρ] bracket μ=5.004746, ΔA=+0.0823, ESS≈7505
[equal-ρ] bracket μ=5.004846, ΔA=+0.0789, ESS≈7504
[equal-ρ] bracket μ=5.004946, ΔA=+0.0755, ESS≈7503
[equal-ρ] bracket μ=5.005046, ΔA=+0.0722, ESS≈7502
[equal-ρ] bracket μ=5.005146, ΔA=+0.0688, ESS≈7501
[equal-ρ] bracket μ=5.005246, ΔA=+0.0654, ESS≈7500
[equal-ρ] bracket μ=5.005346, ΔA=+0.0620, ESS≈7498
[equal-ρ] bracket μ=5.005446, ΔA=+0.0587, ESS≈7497
[equal-ρ] bracket μ=5.005546, ΔA=+0.0553, ESS≈7495
[equal-ρ] bracket μ=5.005646, ΔA=+0.0519, ESS≈7492
[equal-ρ] bracket μ=5.005746, ΔA=+0.0485, ESS≈7490
[equal-ρ] bracket μ=5.005846, ΔA=+0.0451, ESS≈7487
[equal-ρ] bracket μ=5.005946, ΔA=+0.0418, ESS≈7484
[equal-ρ] bracket μ=5.006046, ΔA=+0.0384, ESS≈7481
[equal-ρ] bracket μ=5.006146, ΔA=+0.0350, ESS≈7478
[equal-ρ] bracket μ=5.006246, ΔA=+0.0316, ESS≈7475
[equal-ρ] bracket μ=5.006346, ΔA=+0.0282, ESS≈7471
[equal-ρ] bracket μ=5.006446, ΔA=+0.0248, ESS≈7467
[equal-ρ] bracket μ=5.006546, ΔA=+0.0215, ESS≈7463
mu* = 5.006546   ESS ≈ 7463
0.5239040639573617


success: True
χ²*    : 0.2178623698130463
θ*     : (0.5822910301614982, 3.860000000000002, 4.99938767550083, 1.0, 1.0107631627474611, 0.34459604484690115)

=== Step: target eps_sp=3.880 (prev=3.860) ===
[μ=4.999388] f=m_dense-m_dilute=+0.5049
[step] μ=5.003388 f=+0.3892
[step] μ=5.007388 f=+0.2656
[step] μ=5.011388 f=+0.1332
[step] μ=5.015388 f=-0.0155
[equal-ρ] μ0=5.015388, ΔA=A_dense-A_dilute=-0.0155, ESS≈7505
[equal-ρ] bracket μ=5.015288, ΔA=-0.0121, ESS≈7505
[equal-ρ] bracket μ=5.015188, ΔA=-0.0087, ESS≈7505
[equal-ρ] bracket μ=5.015088, ΔA=-0.0054, ESS≈7504
[equal-ρ] bracket μ=5.014988, ΔA=-0.0020, ESS≈7503
[equal-ρ] bracket μ=5.014888, ΔA=+0.0014, ESS≈7502
[equal-ρ] bisect μ=5.015138, ΔA=-0.0070, ESS≈7504
mu* = 5.015138   ESS ≈ 7504
0.5133297801465689


success: True
χ²*    : 0.25129606128765625
θ*     : (0.5835246771030163, 3.880000000000002, 5.0038314655939855, 1.0, 0.5210933666719766, 0.09453672208573796)

=== Step: target eps_sp=3.900 (prev=3.880) ===
[μ=5.003831] f=m_dense-m_dilute=+0.8304
[step] μ=5.007831 f=+0.7644
[step] μ=5.011831 f=+0.7010
[step] μ=5.015831 f=+0.6502
[step] μ=5.019831 f=+0.5432
[step] μ=5.023831 f=+0.4537
[step] μ=5.027831 f=+0.3648
[step] μ=5.031831 f=+0.2346
[step] μ=5.035831 f=+0.0903
[equal-ρ] μ0=5.035831, ΔA=A_dense-A_dilute=+0.0903, ESS≈7505
[equal-ρ] bracket μ=5.035931, ΔA=+0.0870, ESS≈7505
[equal-ρ] bracket μ=5.036031, ΔA=+0.0837, ESS≈7505
[equal-ρ] bracket μ=5.036131, ΔA=+0.0803, ESS≈7504
[equal-ρ] bracket μ=5.036231, ΔA=+0.0770, ESS≈7503
[equal-ρ] bracket μ=5.036331, ΔA=+0.0737, ESS≈7502
[equal-ρ] bracket μ=5.036431, ΔA=+0.0703, ESS≈7501
[equal-ρ] bracket μ=5.036531, ΔA=+0.0670, ESS≈7500
[equal-ρ] bracket μ=5.036631, ΔA=+0.0636, ESS≈7498
[equal-ρ] bracket μ=5.036731, ΔA=+0.0603, ESS≈7497
[equal-ρ] bracket μ=5.036831, ΔA=+0.0570, ESS≈7495
[equal-ρ] bracket μ=5.036931, ΔA=+0.0536, ESS≈7492
[equal-ρ] bracket μ=5.037031, ΔA=+0.0503, ESS≈7490
[equal-ρ] bracket μ=5.037131, ΔA=+0.0469, ESS≈7487
[equal-ρ] bracket μ=5.037231, ΔA=+0.0436, ESS≈7485
[equal-ρ] bracket μ=5.037331, ΔA=+0.0402, ESS≈7482
[equal-ρ] bracket μ=5.037431, ΔA=+0.0369, ESS≈7478
[equal-ρ] bracket μ=5.037531, ΔA=+0.0335, ESS≈7475
[equal-ρ] bracket μ=5.037631, ΔA=+0.0302, ESS≈7471
[equal-ρ] bracket μ=5.037731, ΔA=+0.0268, ESS≈7467
[equal-ρ] bracket μ=5.037831, ΔA=+0.0235, ESS≈7463
mu* = 5.037831   ESS ≈ 7463
0.5209540306462359


success: True
χ²*    : 0.24558994768820558
θ*     : (0.5786345284596156, 3.900000000000002, 5.031455748613564, 1.0, 0.8034048911326646, 0.24742294652247035)

=== Step: target eps_sp=3.920 (prev=3.900) ===
[μ=5.031456] f=m_dense-m_dilute=+0.5386
[step] μ=5.035456 f=+0.4248
[step] μ=5.039456 f=+0.3035
[step] μ=5.043456 f=+0.2015
[step] μ=5.047456 f=+0.0392
[equal-ρ] μ0=5.047456, ΔA=A_dense-A_dilute=+0.0392, ESS≈7505
[equal-ρ] bracket μ=5.047556, ΔA=+0.0358, ESS≈7505
[equal-ρ] bracket μ=5.047656, ΔA=+0.0325, ESS≈7505
[equal-ρ] bracket μ=5.047756, ΔA=+0.0291, ESS≈7504
[equal-ρ] bracket μ=5.047856, ΔA=+0.0257, ESS≈7503
[equal-ρ] bracket μ=5.047956, ΔA=+0.0224, ESS≈7502
[equal-ρ] bracket μ=5.048056, ΔA=+0.0190, ESS≈7501
[equal-ρ] bracket μ=5.048156, ΔA=+0.0156, ESS≈7500
[equal-ρ] bracket μ=5.048256, ΔA=+0.0123, ESS≈7498
[equal-ρ] bracket μ=5.048356, ΔA=+0.0089, ESS≈7497
[equal-ρ] bracket μ=5.048456, ΔA=+0.0056, ESS≈7495
[equal-ρ] bracket μ=5.048556, ΔA=+0.0022, ESS≈7492
[equal-ρ] bracket μ=5.048656, ΔA=-0.0012, ESS≈7490
[equal-ρ] bisect μ=5.048056, ΔA=+0.0190, ESS≈7501
[equal-ρ] bisect μ=5.048356, ΔA=+0.0089, ESS≈7497
mu* = 5.048356   ESS ≈ 7497
0.5198414390406395


success: True
χ²*    : 0.0816312350657441
θ*     : (0.5693387137583007, 3.920000000000002, 5.039051644237287, 1.0, 0.9772388051057942, 0.22865488693208386)

=== Step: target eps_sp=3.940 (prev=3.920) ===
[μ=5.039052] f=m_dense-m_dilute=+0.3434
[step] μ=5.043052 f=+0.2171
[step] μ=5.047052 f=+0.0909
[equal-ρ] μ0=5.047052, ΔA=A_dense-A_dilute=+0.0909, ESS≈7505
[equal-ρ] bracket μ=5.047152, ΔA=+0.0876, ESS≈7505
[equal-ρ] bracket μ=5.047252, ΔA=+0.0843, ESS≈7505
[equal-ρ] bracket μ=5.047352, ΔA=+0.0810, ESS≈7504
[equal-ρ] bracket μ=5.047452, ΔA=+0.0776, ESS≈7503
[equal-ρ] bracket μ=5.047552, ΔA=+0.0743, ESS≈7502
[equal-ρ] bracket μ=5.047652, ΔA=+0.0710, ESS≈7501
[equal-ρ] bracket μ=5.047752, ΔA=+0.0677, ESS≈7500
[equal-ρ] bracket μ=5.047852, ΔA=+0.0644, ESS≈7498
[equal-ρ] bracket μ=5.047952, ΔA=+0.0611, ESS≈7497
[equal-ρ] bracket μ=5.048052, ΔA=+0.0578, ESS≈7495
[equal-ρ] bracket μ=5.048152, ΔA=+0.0544, ESS≈7493
[equal-ρ] bracket μ=5.048252, ΔA=+0.0511, ESS≈7490
[equal-ρ] bracket μ=5.048352, ΔA=+0.0478, ESS≈7488
[equal-ρ] bracket μ=5.048452, ΔA=+0.0445, ESS≈7485
[equal-ρ] bracket μ=5.048552, ΔA=+0.0412, ESS≈7482
[equal-ρ] bracket μ=5.048652, ΔA=+0.0378, ESS≈7479
[equal-ρ] bracket μ=5.048752, ΔA=+0.0345, ESS≈7475
[equal-ρ] bracket μ=5.048852, ΔA=+0.0312, ESS≈7472
[equal-ρ] bracket μ=5.048952, ΔA=+0.0279, ESS≈7468
[equal-ρ] bracket μ=5.049052, ΔA=+0.0245, ESS≈7464
mu* = 5.049052   ESS ≈ 7464
0.5238614257161892


success: True
χ²*    : 0.23855179660117476
θ*     : (0.5643101806478261, 3.940000000000002, 5.0424358445434025, 1.0, 1.0019726080116849, 0.35389681140856005)

=== Step: target eps_sp=3.960 (prev=3.940) ===
[μ=5.042436] f=m_dense-m_dilute=+0.5290
[step] μ=5.046436 f=+0.4168
[step] μ=5.050436 f=+0.3159
[step] μ=5.054436 f=+0.1785
[step] μ=5.058436 f=+0.0576
[equal-ρ] μ0=5.058436, ΔA=A_dense-A_dilute=+0.0576, ESS≈7505
[equal-ρ] bracket μ=5.058536, ΔA=+0.0543, ESS≈7505
[equal-ρ] bracket μ=5.058636, ΔA=+0.0510, ESS≈7505
[equal-ρ] bracket μ=5.058736, ΔA=+0.0477, ESS≈7504
[equal-ρ] bracket μ=5.058836, ΔA=+0.0445, ESS≈7503
[equal-ρ] bracket μ=5.058936, ΔA=+0.0412, ESS≈7502
[equal-ρ] bracket μ=5.059036, ΔA=+0.0379, ESS≈7501
[equal-ρ] bracket μ=5.059136, ΔA=+0.0346, ESS≈7500
[equal-ρ] bracket μ=5.059236, ΔA=+0.0313, ESS≈7499
[equal-ρ] bracket μ=5.059336, ΔA=+0.0280, ESS≈7497
[equal-ρ] bracket μ=5.059436, ΔA=+0.0248, ESS≈7495
[equal-ρ] bracket μ=5.059536, ΔA=+0.0215, ESS≈7493
[equal-ρ] bracket μ=5.059636, ΔA=+0.0182, ESS≈7490
[equal-ρ] bracket μ=5.059736, ΔA=+0.0149, ESS≈7488
[equal-ρ] bracket μ=5.059836, ΔA=+0.0116, ESS≈7485
[equal-ρ] bracket μ=5.059936, ΔA=+0.0084, ESS≈7482
[equal-ρ] bracket μ=5.060036, ΔA=+0.0051, ESS≈7479
[equal-ρ] bracket μ=5.060136, ΔA=+0.0018, ESS≈7476
[equal-ρ] bracket μ=5.060236, ΔA=-0.0015, ESS≈7472
[equal-ρ] bisect μ=5.059336, ΔA=+0.0280, ESS≈7497
[equal-ρ] bisect μ=5.059786, ΔA=+0.0133, ESS≈7487
[equal-ρ] bisect μ=5.060011, ΔA=+0.0059, ESS≈7480
mu* = 5.060011   ESS ≈ 7480
0.5169566955363092


success: True
χ²*    : 0.24004005791174213
θ*     : (0.5643050990440852, 3.960000000000002, 5.049691686135586, 1.0, 0.6619129591018739, 0.1729578026378681)

=== Step: target eps_sp=3.980 (prev=3.960) ===
[μ=5.049692] f=m_dense-m_dilute=+0.7598
[step] μ=5.053692 f=+0.7107
[step] μ=5.057692 f=+0.6389
[step] μ=5.061692 f=+0.5435
[step] μ=5.065692 f=+0.4488
[step] μ=5.069692 f=+0.3186
[step] μ=5.073692 f=+0.2294
[step] μ=5.077692 f=+0.0668
[equal-ρ] μ0=5.077692, ΔA=A_dense-A_dilute=+0.0668, ESS≈7505
[equal-ρ] bracket μ=5.077792, ΔA=+0.0634, ESS≈7505
[equal-ρ] bracket μ=5.077892, ΔA=+0.0601, ESS≈7505
[equal-ρ] bracket μ=5.077992, ΔA=+0.0568, ESS≈7504
[equal-ρ] bracket μ=5.078092, ΔA=+0.0534, ESS≈7503
[equal-ρ] bracket μ=5.078192, ΔA=+0.0501, ESS≈7502
[equal-ρ] bracket μ=5.078292, ΔA=+0.0468, ESS≈7501
[equal-ρ] bracket μ=5.078392, ΔA=+0.0435, ESS≈7500
[equal-ρ] bracket μ=5.078492, ΔA=+0.0401, ESS≈7498
[equal-ρ] bracket μ=5.078592, ΔA=+0.0368, ESS≈7497
[equal-ρ] bracket μ=5.078692, ΔA=+0.0335, ESS≈7495
[equal-ρ] bracket μ=5.078792, ΔA=+0.0301, ESS≈7492
[equal-ρ] bracket μ=5.078892, ΔA=+0.0268, ESS≈7490
[equal-ρ] bracket μ=5.078992, ΔA=+0.0234, ESS≈7487
[equal-ρ] bracket μ=5.079092, ΔA=+0.0201, ESS≈7485
[equal-ρ] bracket μ=5.079192, ΔA=+0.0168, ESS≈7482
[equal-ρ] bracket μ=5.079292, ΔA=+0.0134, ESS≈7479
[equal-ρ] bracket μ=5.079392, ΔA=+0.0101, ESS≈7475
[equal-ρ] bracket μ=5.079492, ΔA=+0.0068, ESS≈7471
[equal-ρ] bracket μ=5.079592, ΔA=+0.0034, ESS≈7468
[equal-ρ] bracket μ=5.079692, ΔA=+0.0001, ESS≈7464
mu* = 5.079692   ESS ≈ 7464
0.5157308461025983


success: True
χ²*    : 0.24564922643089884
θ*     : (0.574404188097673, 3.980000000000002, 5.059691686135583, 1.0, 0.5799775087750917, 0.13070071228068464)

=== Step: target eps_sp=4.000 (prev=3.980) ===
[μ=5.059692] f=m_dense-m_dilute=+0.9612
[step] μ=5.063692 f=+0.9528
[step] μ=5.067692 f=+0.9422
[step] μ=5.071692 f=+0.9243
[step] μ=5.075692 f=+0.9101
[step] μ=5.079692 f=+0.8886
[step] μ=5.083692 f=+0.8532
[step] μ=5.087692 f=+0.8164
[step] μ=5.091692 f=+0.7706
[step] μ=5.095692 f=+0.7082
[step] μ=5.099692 f=+0.6225
[step] μ=5.103692 f=+0.5303
[step] μ=5.107692 f=+0.4402
[step] μ=5.111692 f=+0.3023
[step] μ=5.115692 f=+0.1835
[step] μ=5.119692 f=+0.0414
[equal-ρ] μ0=5.119692, ΔA=A_dense-A_dilute=+0.0414, ESS≈7505
[equal-ρ] bracket μ=5.119792, ΔA=+0.0380, ESS≈7505
[equal-ρ] bracket μ=5.119892, ΔA=+0.0346, ESS≈7505
[equal-ρ] bracket μ=5.119992, ΔA=+0.0311, ESS≈7504
[equal-ρ] bracket μ=5.120092, ΔA=+0.0277, ESS≈7503
[equal-ρ] bracket μ=5.120192, ΔA=+0.0242, ESS≈7502
[equal-ρ] bracket μ=5.120292, ΔA=+0.0208, ESS≈7501
[equal-ρ] bracket μ=5.120392, ΔA=+0.0174, ESS≈7500
[equal-ρ] bracket μ=5.120492, ΔA=+0.0139, ESS≈7498
[equal-ρ] bracket μ=5.120592, ΔA=+0.0105, ESS≈7496
[equal-ρ] bracket μ=5.120692, ΔA=+0.0070, ESS≈7494
[equal-ρ] bracket μ=5.120792, ΔA=+0.0036, ESS≈7492
[equal-ρ] bracket μ=5.120892, ΔA=+0.0002, ESS≈7489
[equal-ρ] bracket μ=5.120992, ΔA=-0.0033, ESS≈7487
[equal-ρ] bisect μ=5.120342, ΔA=+0.0191, ESS≈7500
[equal-ρ] bisect μ=5.120667, ΔA=+0.0079, ESS≈7495
mu* = 5.120667   ESS ≈ 7495
0.5213764157228514


success: True
χ²*    : 0.07241814896929384
θ*     : (0.5660734255639756, 4.000000000000002, 5.108573651020729, 1.0, 1.1974540718805855, 0.29681489718883325)

=== Step: target eps_sp=4.020 (prev=4.000) ===
[μ=5.108574] f=m_dense-m_dilute=+0.4903
[step] μ=5.112574 f=+0.3691
[step] μ=5.116574 f=+0.2729
[step] μ=5.120574 f=+0.1251
[step] μ=5.124574 f=-0.0177
[equal-ρ] μ0=5.124574, ΔA=A_dense-A_dilute=-0.0177, ESS≈7505
[equal-ρ] bracket μ=5.124474, ΔA=-0.0144, ESS≈7505
[equal-ρ] bracket μ=5.124374, ΔA=-0.0110, ESS≈7505
[equal-ρ] bracket μ=5.124274, ΔA=-0.0076, ESS≈7504
[equal-ρ] bracket μ=5.124174, ΔA=-0.0042, ESS≈7503
[equal-ρ] bracket μ=5.124074, ΔA=-0.0009, ESS≈7502
[equal-ρ] bracket μ=5.123974, ΔA=+0.0025, ESS≈7501
[equal-ρ] bisect μ=5.124274, ΔA=-0.0076, ESS≈7504
mu* = 5.124274   ESS ≈ 7504
0.5117988007994669


success: False
χ²*    : 0.34742816008390986
θ*     : (0.5660734255639756, 4.020000000000002, 5.124273651020727, 1.0, 0.35309531030428143, 0.07831485404799188)

=== Step: target eps_sp=4.040 (prev=4.020) ===
[μ=5.124274] f=m_dense-m_dilute=+0.6087
[step] μ=5.128274 f=+0.4945
[step] μ=5.132274 f=+0.4105
[step] μ=5.136274 f=+0.2778
[step] μ=5.140274 f=+0.1507
[step] μ=5.144274 f=+0.0308
[equal-ρ] μ0=5.144274, ΔA=A_dense-A_dilute=+0.0308, ESS≈7505
[equal-ρ] bracket μ=5.144374, ΔA=+0.0274, ESS≈7505
[equal-ρ] bracket μ=5.144474, ΔA=+0.0240, ESS≈7505
[equal-ρ] bracket μ=5.144574, ΔA=+0.0206, ESS≈7504
[equal-ρ] bracket μ=5.144674, ΔA=+0.0173, ESS≈7503
[equal-ρ] bracket μ=5.144774, ΔA=+0.0139, ESS≈7502
[equal-ρ] bracket μ=5.144874, ΔA=+0.0105, ESS≈7501
[equal-ρ] bracket μ=5.144974, ΔA=+0.0071, ESS≈7500
[equal-ρ] bracket μ=5.145074, ΔA=+0.0037, ESS≈7498
[equal-ρ] bracket μ=5.145174, ΔA=+0.0003, ESS≈7496
[equal-ρ] bracket μ=5.145274, ΔA=-0.0030, ESS≈7494
[equal-ρ] bisect μ=5.144774, ΔA=+0.0139, ESS≈7502
[equal-ρ] bisect μ=5.145024, ΔA=+0.0054, ESS≈7499
mu* = 5.145024   ESS ≈ 7499
0.5118227848101266


success: True
χ²*    : 0.16295178096373994
θ*     : (0.5594653789819388, 4.040000000000003, 5.13609895612452, 1.0, 0.6040553581221408, 0.0817972495678026)

=== Step: target eps_sp=4.060 (prev=4.040) ===
[μ=5.136099] f=m_dense-m_dilute=+0.4795
[step] μ=5.140099 f=+0.3808
[step] μ=5.144099 f=+0.2717
[step] μ=5.148099 f=+0.1211
[step] μ=5.152099 f=-0.0213
[equal-ρ] μ0=5.152099, ΔA=A_dense-A_dilute=-0.0213, ESS≈7505
[equal-ρ] bracket μ=5.151999, ΔA=-0.0180, ESS≈7505
[equal-ρ] bracket μ=5.151899, ΔA=-0.0146, ESS≈7505
[equal-ρ] bracket μ=5.151799, ΔA=-0.0113, ESS≈7504
[equal-ρ] bracket μ=5.151699, ΔA=-0.0079, ESS≈7503
[equal-ρ] bracket μ=5.151599, ΔA=-0.0046, ESS≈7502
[equal-ρ] bracket μ=5.151499, ΔA=-0.0012, ESS≈7501
[equal-ρ] bracket μ=5.151399, ΔA=+0.0021, ESS≈7500
[equal-ρ] bisect μ=5.151749, ΔA=-0.0096, ESS≈7504
mu* = 5.151749   ESS ≈ 7504
0.5076002664890074


success: True
χ²*    : 0.24385212001974038
θ*     : (0.5555098974965343, 4.060000000000002, 5.145613985297624, 1.0, 0.43455914906199916, 0.03861064037123421)

=== Step: target eps_sp=4.080 (prev=4.060) ===
[μ=5.145614] f=m_dense-m_dilute=+0.5423
[step] μ=5.149614 f=+0.4592
[step] μ=5.153614 f=+0.3451
[step] μ=5.157614 f=+0.1959
[step] μ=5.161614 f=+0.0398
[equal-ρ] μ0=5.161614, ΔA=A_dense-A_dilute=+0.0398, ESS≈7505
[equal-ρ] bracket μ=5.161714, ΔA=+0.0365, ESS≈7505
[equal-ρ] bracket μ=5.161814, ΔA=+0.0331, ESS≈7505
[equal-ρ] bracket μ=5.161914, ΔA=+0.0297, ESS≈7504
[equal-ρ] bracket μ=5.162014, ΔA=+0.0263, ESS≈7503
[equal-ρ] bracket μ=5.162114, ΔA=+0.0230, ESS≈7502
[equal-ρ] bracket μ=5.162214, ΔA=+0.0196, ESS≈7501
[equal-ρ] bracket μ=5.162314, ΔA=+0.0162, ESS≈7500
[equal-ρ] bracket μ=5.162414, ΔA=+0.0128, ESS≈7498
[equal-ρ] bracket μ=5.162514, ΔA=+0.0095, ESS≈7496
[equal-ρ] bracket μ=5.162614, ΔA=+0.0061, ESS≈7494
[equal-ρ] bracket μ=5.162714, ΔA=+0.0027, ESS≈7492
[equal-ρ] bracket μ=5.162814, ΔA=-0.0007, ESS≈7490
[equal-ρ] bisect μ=5.162214, ΔA=+0.0196, ESS≈7501
[equal-ρ] bisect μ=5.162514, ΔA=+0.0095, ESS≈7496
mu* = 5.162514   ESS ≈ 7496
0.5121985343104597


success: True
χ²*    : 0.1471197171997684
θ*     : (0.5490728035432474, 4.080000000000002, 5.152960627808802, 1.0, 0.6540306475745076, 0.10189823407142222)

=== Step: target eps_sp=4.100 (prev=4.080) ===
[μ=5.152961] f=m_dense-m_dilute=+0.5374
[step] μ=5.156961 f=+0.4357
[step] μ=5.160961 f=+0.3320
[step] μ=5.164961 f=+0.1797
[step] μ=5.168961 f=+0.0630
[equal-ρ] μ0=5.168961, ΔA=A_dense-A_dilute=+0.0630, ESS≈7505
[equal-ρ] bracket μ=5.169061, ΔA=+0.0597, ESS≈7505
[equal-ρ] bracket μ=5.169161, ΔA=+0.0564, ESS≈7505
[equal-ρ] bracket μ=5.169261, ΔA=+0.0530, ESS≈7504
[equal-ρ] bracket μ=5.169361, ΔA=+0.0497, ESS≈7503
[equal-ρ] bracket μ=5.169461, ΔA=+0.0464, ESS≈7502
[equal-ρ] bracket μ=5.169561, ΔA=+0.0430, ESS≈7501
[equal-ρ] bracket μ=5.169661, ΔA=+0.0397, ESS≈7500
[equal-ρ] bracket μ=5.169761, ΔA=+0.0364, ESS≈7498
[equal-ρ] bracket μ=5.169861, ΔA=+0.0330, ESS≈7497
[equal-ρ] bracket μ=5.169961, ΔA=+0.0297, ESS≈7495
[equal-ρ] bracket μ=5.170061, ΔA=+0.0264, ESS≈7492
[equal-ρ] bracket μ=5.170161, ΔA=+0.0230, ESS≈7490
[equal-ρ] bracket μ=5.170261, ΔA=+0.0197, ESS≈7487
[equal-ρ] bracket μ=5.170361, ΔA=+0.0163, ESS≈7485
[equal-ρ] bracket μ=5.170461, ΔA=+0.0130, ESS≈7482
[equal-ρ] bracket μ=5.170561, ΔA=+0.0097, ESS≈7478
[equal-ρ] bracket μ=5.170661, ΔA=+0.0063, ESS≈7475
[equal-ρ] bracket μ=5.170761, ΔA=+0.0030, ESS≈7471
[equal-ρ] bracket μ=5.170861, ΔA=-0.0003, ESS≈7468
[equal-ρ] bisect μ=5.169911, ΔA=+0.0314, ESS≈7496
[equal-ρ] bisect μ=5.170386, ΔA=+0.0155, ESS≈7484
[equal-ρ] bisect μ=5.170623, ΔA=+0.0076, ESS≈7476
mu* = 5.170623   ESS ≈ 7476
0.5108261159227182


success: True
χ²*    : 0.2569202429521083
θ*     : (0.5446811620969914, 4.100000000000002, 5.165433082247736, 1.0, 0.49343127344421617, 0.07833272096119)

=== Step: target eps_sp=4.120 (prev=4.100) ===
[μ=5.165433] f=m_dense-m_dilute=+0.5105
[step] μ=5.169433 f=+0.3973

[array([1, 0, 1, 0]), array([0, 1, 0, 1]), array([2, 2, 2, 2])]

=== Step: target eps_sp=4.120 (prev=4.120) ===
[μ=5.283646] f=m_dense-m_dilute=+0.2533
[step] μ=5.287646 f=+0.1027
[step] μ=5.291646 f=-0.0176
[equal-ρ] μ0=5.291646, ΔA=A_dense-A_dilute=-0.0176, ESS≈7505
[equal-ρ] bracket μ=5.291546, ΔA=-0.0139, ESS≈7505
[equal-ρ] bracket μ=5.291446, ΔA=-0.0102, ESS≈7505
[equal-ρ] bracket μ=5.291346, ΔA=-0.0065, ESS≈7504
[equal-ρ] bracket μ=5.291246, ΔA=-0.0029, ESS≈7503
[equal-ρ] bracket μ=5.291146, ΔA=+0.0008, ESS≈7502
[equal-ρ] bisect μ=5.291396, ΔA=-0.0084, ESS≈7504
mu* = 5.291396   ESS ≈ 7504
0.5089713524317122


success: True
χ²*    : 0.07649526206348689
θ*     : (0.5879419254291413, 4.120000000000003, 5.291395802490029, 1.0, 0.6720577008803226, 0.07183974519150843)

=== Step: target eps_sp=4.140 (prev=4.120) ===
[μ=5.291396] f=m_dense-m_dilute=-0.0120
[equal-ρ] μ0=5.291396, ΔA=A_dense-A_dilute=-0.0120, ESS≈7505
[equal-ρ] bracket μ=5.291296, ΔA=-0.0083, ESS≈7505
[equal-ρ] bracket μ=5.291196, ΔA=-0.0047, ESS≈7505
[equal-ρ] bracket μ=5.291096, ΔA=-0.0010, ESS≈7504
[equal-ρ] bracket μ=5.290996, ΔA=+0.0027, ESS≈7503
[equal-ρ] bisect μ=5.291196, ΔA=-0.0047, ESS≈7505
mu* = 5.291196   ESS ≈ 7505
0.5117495003331113


success: True
χ²*    : 0.2000156942847286
θ*     : (0.5835053703153696, 4.140000000000002, 5.3025027815856145, 1.0, 0.6626229606110439, 0.11222501187055488)

=== Step: target eps_sp=4.160 (prev=4.140) ===
[μ=5.302503] f=m_dense-m_dilute=-0.0284
[equal-ρ] μ0=5.302503, ΔA=A_dense-A_dilute=-0.0284, ESS≈7505
[equal-ρ] bracket μ=5.302403, ΔA=-0.0247, ESS≈7505
[equal-ρ] bracket μ=5.302303, ΔA=-0.0209, ESS≈7505
[equal-ρ] bracket μ=5.302203, ΔA=-0.0172, ESS≈7504
[equal-ρ] bracket μ=5.302103, ΔA=-0.0135, ESS≈7503
[equal-ρ] bracket μ=5.302003, ΔA=-0.0098, ESS≈7502
[equal-ρ] bracket μ=5.301903, ΔA=-0.0061, ESS≈7501
[equal-ρ] bracket μ=5.301803, ΔA=-0.0023, ESS≈7499
[equal-ρ] bracket μ=5.301703, ΔA=+0.0014, ESS≈7497
[equal-ρ] bisect μ=5.302103, ΔA=-0.0135, ESS≈7503
[equal-ρ] bisect μ=5.301903, ΔA=-0.0061, ESS≈7501
mu* = 5.301903   ESS ≈ 7501
0.5101585609593604


success: True
χ²*    : 0.235929519602194
θ*     : (0.5776899427768659, 4.160000000000002, 5.310902030781475, 1.0, 0.5802332926952897, 0.0819853659746512)

=== Step: target eps_sp=4.180 (prev=4.160) ===
[μ=5.310902] f=m_dense-m_dilute=+0.0009
[equal-ρ] μ0=5.310902, ΔA=A_dense-A_dilute=+0.0009, ESS≈7505
mu* = 5.310902   ESS ≈ 7505
0.5126782145236508


success: True
χ²*    : 0.1553630050400594
θ*     : (0.5782727274565387, 4.1800000000000015, 5.3283948733483255, 1.0, 0.7137844725307245, 0.123378598585756)

=== Step: target eps_sp=4.200 (prev=4.180) ===
[μ=5.328395] f=m_dense-m_dilute=+0.1189
[step] μ=5.332395 f=-0.0445
[equal-ρ] μ0=5.332395, ΔA=A_dense-A_dilute=-0.0445, ESS≈7505
[equal-ρ] bracket μ=5.332295, ΔA=-0.0409, ESS≈7505
[equal-ρ] bracket μ=5.332195, ΔA=-0.0373, ESS≈7505
[equal-ρ] bracket μ=5.332095, ΔA=-0.0337, ESS≈7504
[equal-ρ] bracket μ=5.331995, ΔA=-0.0301, ESS≈7503
[equal-ρ] bracket μ=5.331895, ΔA=-0.0265, ESS≈7502
[equal-ρ] bracket μ=5.331795, ΔA=-0.0229, ESS≈7501
[equal-ρ] bracket μ=5.331695, ΔA=-0.0193, ESS≈7499
[equal-ρ] bracket μ=5.331595, ΔA=-0.0157, ESS≈7498
[equal-ρ] bracket μ=5.331495, ΔA=-0.0121, ESS≈7496
[equal-ρ] bracket μ=5.331395, ΔA=-0.0085, ESS≈7493
[equal-ρ] bracket μ=5.331295, ΔA=-0.0049, ESS≈7491
[equal-ρ] bracket μ=5.331195, ΔA=-0.0013, ESS≈7488
[equal-ρ] bracket μ=5.331095, ΔA=+0.0023, ESS≈7485
[equal-ρ] bisect μ=5.331745, ΔA=-0.0211, ESS≈7500
[equal-ρ] bisect μ=5.331420, ΔA=-0.0094, ESS≈7494
mu* = 5.331420   ESS ≈ 7494
0.5077561625582945


success: True
χ²*    : 0.2672522669991381
θ*     : (0.5732299086236935, 4.200000000000001, 5.339195570348429, 1.0, 0.4732432908096005, 0.0432279886165349)

=== Step: target eps_sp=4.220 (prev=4.200) ===
[μ=5.339196] f=m_dense-m_dilute=+0.1019
[step] μ=5.343196 f=-0.0915
[equal-ρ] μ0=5.343196, ΔA=A_dense-A_dilute=-0.0915, ESS≈7505
[equal-ρ] bracket μ=5.343096, ΔA=-0.0879, ESS≈7505
[equal-ρ] bracket μ=5.342996, ΔA=-0.0843, ESS≈7505
[equal-ρ] bracket μ=5.342896, ΔA=-0.0807, ESS≈7504
[equal-ρ] bracket μ=5.342796, ΔA=-0.0771, ESS≈7503
[equal-ρ] bracket μ=5.342696, ΔA=-0.0735, ESS≈7502
[equal-ρ] bracket μ=5.342596, ΔA=-0.0699, ESS≈7501
[equal-ρ] bracket μ=5.342496, ΔA=-0.0662, ESS≈7499
[equal-ρ] bracket μ=5.342396, ΔA=-0.0626, ESS≈7497
[equal-ρ] bracket μ=5.342296, ΔA=-0.0590, ESS≈7495
[equal-ρ] bracket μ=5.342196, ΔA=-0.0554, ESS≈7493
[equal-ρ] bracket μ=5.342096, ΔA=-0.0517, ESS≈7491
[equal-ρ] bracket μ=5.341996, ΔA=-0.0481, ESS≈7488
[equal-ρ] bracket μ=5.341896, ΔA=-0.0445, ESS≈7485
[equal-ρ] bracket μ=5.341796, ΔA=-0.0408, ESS≈7482
[equal-ρ] bracket μ=5.341696, ΔA=-0.0372, ESS≈7478
[equal-ρ] bracket μ=5.341596, ΔA=-0.0335, ESS≈7475
[equal-ρ] bracket μ=5.341496, ΔA=-0.0299, ESS≈7471
[equal-ρ] bracket μ=5.341396, ΔA=-0.0263, ESS≈7467
[equal-ρ] bracket μ=5.341296, ΔA=-0.0226, ESS≈7462
[equal-ρ] bracket μ=5.341196, ΔA=-0.0190, ESS≈7458
mu* = 5.341196   ESS ≈ 7458
0.5008727514990007


success: True
χ²*    : 0.265832752295283
θ*     : (0.5683830307773989, 4.220000000000001, 5.349969653301299, 1.0, 0.3788752062775925, -0.012676895838445902)

=== Step: target eps_sp=4.240 (prev=4.220) ===
[μ=5.349970] f=m_dense-m_dilute=+0.0947
[equal-ρ] μ0=5.349970, ΔA=A_dense-A_dilute=+0.0947, ESS≈7505
[equal-ρ] bracket μ=5.350070, ΔA=+0.0912, ESS≈7505
[equal-ρ] bracket μ=5.350170, ΔA=+0.0876, ESS≈7505
[equal-ρ] bracket μ=5.350270, ΔA=+0.0840, ESS≈7504
[equal-ρ] bracket μ=5.350370, ΔA=+0.0804, ESS≈7503
[equal-ρ] bracket μ=5.350470, ΔA=+0.0768, ESS≈7502
[equal-ρ] bracket μ=5.350570, ΔA=+0.0732, ESS≈7501
[equal-ρ] bracket μ=5.350670, ΔA=+0.0696, ESS≈7499
[equal-ρ] bracket μ=5.350770, ΔA=+0.0660, ESS≈7498
[equal-ρ] bracket μ=5.350870, ΔA=+0.0624, ESS≈7496
[equal-ρ] bracket μ=5.350970, ΔA=+0.0588, ESS≈7493
[equal-ρ] bracket μ=5.351070, ΔA=+0.0552, ESS≈7491
[equal-ρ] bracket μ=5.351170, ΔA=+0.0516, ESS≈7488
[equal-ρ] bracket μ=5.351270, ΔA=+0.0480, ESS≈7485
[equal-ρ] bracket μ=5.351370, ΔA=+0.0444, ESS≈7482
[equal-ρ] bracket μ=5.351470, ΔA=+0.0408, ESS≈7479
[equal-ρ] bracket μ=5.351570, ΔA=+0.0372, ESS≈7475
[equal-ρ] bracket μ=5.351670, ΔA=+0.0336, ESS≈7471
[equal-ρ] bracket μ=5.351770, ΔA=+0.0300, ESS≈7467
[equal-ρ] bracket μ=5.351870, ΔA=+0.0264, ESS≈7463
[equal-ρ] bracket μ=5.351970, ΔA=+0.0228, ESS≈7458
mu* = 5.351970   ESS ≈ 7458
0.5217415056628915


success: True
χ²*    : 0.09866045115657036
θ*     : (0.5651808588855874, 4.24, 5.367707387333443, 1.0, 2.089269598098264, 0.6947211266855865)

=== Step: target eps_sp=4.260 (prev=4.240) ===
[μ=5.367707] f=m_dense-m_dilute=-0.0714
[equal-ρ] μ0=5.367707, ΔA=A_dense-A_dilute=-0.0714, ESS≈7505
[equal-ρ] bracket μ=5.367607, ΔA=-0.0678, ESS≈7505
[equal-ρ] bracket μ=5.367507, ΔA=-0.0643, ESS≈7505
[equal-ρ] bracket μ=5.367407, ΔA=-0.0607, ESS≈7504
[equal-ρ] bracket μ=5.367307, ΔA=-0.0571, ESS≈7503
[equal-ρ] bracket μ=5.367207, ΔA=-0.0535, ESS≈7502
[equal-ρ] bracket μ=5.367107, ΔA=-0.0499, ESS≈7501
[equal-ρ] bracket μ=5.367007, ΔA=-0.0464, ESS≈7499
[equal-ρ] bracket μ=5.366907, ΔA=-0.0428, ESS≈7498
[equal-ρ] bracket μ=5.366807, ΔA=-0.0392, ESS≈7496
[equal-ρ] bracket μ=5.366707, ΔA=-0.0356, ESS≈7493
[equal-ρ] bracket μ=5.366607, ΔA=-0.0320, ESS≈7491
[equal-ρ] bracket μ=5.366507, ΔA=-0.0284, ESS≈7488
[equal-ρ] bracket μ=5.366407, ΔA=-0.0248, ESS≈7485
[equal-ρ] bracket μ=5.366307, ΔA=-0.0212, ESS≈7482
[equal-ρ] bracket μ=5.366207, ΔA=-0.0176, ESS≈7479
[equal-ρ] bracket μ=5.366107, ΔA=-0.0140, ESS≈7475
[equal-ρ] bracket μ=5.366007, ΔA=-0.0104, ESS≈7471
[equal-ρ] bracket μ=5.365907, ΔA=-0.0068, ESS≈7467
[equal-ρ] bracket μ=5.365807, ΔA=-0.0033, ESS≈7463
[equal-ρ] bracket μ=5.365707, ΔA=+0.0003, ESS≈7459
[equal-ρ] bisect μ=5.366707, ΔA=-0.0356, ESS≈7493
[equal-ρ] bisect μ=5.366207, ΔA=-0.0176, ESS≈7479
[equal-ρ] bisect μ=5.365957, ΔA=-0.0086, ESS≈7469
mu* = 5.365957   ESS ≈ 7469
0.5133924050632911


success: True
χ²*    : 0.09276830053514039
θ*     : (0.5589955449639392, 4.26, 5.378790044533477, 1.0, 0.8976036250819185, 0.17669925591722802)

=== Step: target eps_sp=4.280 (prev=4.260) ===
[μ=5.378790] f=m_dense-m_dilute=-0.1785
[step] μ=5.374790 f=-0.0410
[equal-ρ] μ0=5.374790, ΔA=A_dense-A_dilute=-0.0410, ESS≈7505
[equal-ρ] bracket μ=5.374690, ΔA=-0.0375, ESS≈7505
[equal-ρ] bracket μ=5.374590, ΔA=-0.0339, ESS≈7505
[equal-ρ] bracket μ=5.374490, ΔA=-0.0304, ESS≈7504
[equal-ρ] bracket μ=5.374390, ΔA=-0.0268, ESS≈7503
[equal-ρ] bracket μ=5.374290, ΔA=-0.0233, ESS≈7502
[equal-ρ] bracket μ=5.374190, ΔA=-0.0197, ESS≈7501
[equal-ρ] bracket μ=5.374090, ΔA=-0.0162, ESS≈7499
[equal-ρ] bracket μ=5.373990, ΔA=-0.0126, ESS≈7498
[equal-ρ] bracket μ=5.373890, ΔA=-0.0091, ESS≈7496
[equal-ρ] bracket μ=5.373790, ΔA=-0.0055, ESS≈7494
[equal-ρ] bracket μ=5.373690, ΔA=-0.0020, ESS≈7491
[equal-ρ] bracket μ=5.373590, ΔA=+0.0016, ESS≈7489
[equal-ρ] bisect μ=5.374190, ΔA=-0.0197, ESS≈7501
[equal-ρ] bisect μ=5.373890, ΔA=-0.0091, ESS≈7496
mu* = 5.373890   ESS ≈ 7496
0.5067368421052632


success: True
χ²*    : 0.2641007709268187
θ*     : (0.554280073077062, 4.279999999999999, 5.382072739436631, 1.0, 0.4434296582891089, 0.02452838920064536)

=== Step: target eps_sp=4.300 (prev=4.280) ===
[μ=5.382073] f=m_dense-m_dilute=+0.0854
[equal-ρ] μ0=5.382073, ΔA=A_dense-A_dilute=+0.0854, ESS≈7505
[equal-ρ] bracket μ=5.382173, ΔA=+0.0818, ESS≈7505
[equal-ρ] bracket μ=5.382273, ΔA=+0.0782, ESS≈7505
[equal-ρ] bracket μ=5.382373, ΔA=+0.0747, ESS≈7504
[equal-ρ] bracket μ=5.382473, ΔA=+0.0711, ESS≈7503
[equal-ρ] bracket μ=5.382573, ΔA=+0.0675, ESS≈7502
[equal-ρ] bracket μ=5.382673, ΔA=+0.0639, ESS≈7501
[equal-ρ] bracket μ=5.382773, ΔA=+0.0603, ESS≈7499
[equal-ρ] bracket μ=5.382873, ΔA=+0.0567, ESS≈7498
[equal-ρ] bracket μ=5.382973, ΔA=+0.0531, ESS≈7496
[equal-ρ] bracket μ=5.383073, ΔA=+0.0495, ESS≈7493
[equal-ρ] bracket μ=5.383173, ΔA=+0.0459, ESS≈7491
[equal-ρ] bracket μ=5.383273, ΔA=+0.0423, ESS≈7488
[equal-ρ] bracket μ=5.383373, ΔA=+0.0387, ESS≈7485
[equal-ρ] bracket μ=5.383473, ΔA=+0.0351, ESS≈7482
[equal-ρ] bracket μ=5.383573, ΔA=+0.0315, ESS≈7479
[equal-ρ] bracket μ=5.383673, ΔA=+0.0279, ESS≈7475
[equal-ρ] bracket μ=5.383773, ΔA=+0.0243, ESS≈7472
[equal-ρ] bracket μ=5.383873, ΔA=+0.0207, ESS≈7467
[equal-ρ] bracket μ=5.383973, ΔA=+0.0171, ESS≈7463
[equal-ρ] bracket μ=5.384073, ΔA=+0.0135, ESS≈7459
mu* = 5.384073   ESS ≈ 7459
0.5174497001998668


success: False
χ²*    : 0.14443464920792412
θ*     : (0.5541384922982724, 4.299999999999999, 5.4010137869685995, 1.0, 1.1117754292429278, 0.3003281311042622)

=== Step: target eps_sp=4.320 (prev=4.300) ===
[μ=5.401014] f=m_dense-m_dilute=+0.1205
[step] μ=5.405014 f=-0.0325
[equal-ρ] μ0=5.405014, ΔA=A_dense-A_dilute=-0.0325, ESS≈7505
[equal-ρ] bracket μ=5.404914, ΔA=-0.0289, ESS≈7505
[equal-ρ] bracket μ=5.404814, ΔA=-0.0253, ESS≈7505
[equal-ρ] bracket μ=5.404714, ΔA=-0.0216, ESS≈7504
[equal-ρ] bracket μ=5.404614, ΔA=-0.0180, ESS≈7503
[equal-ρ] bracket μ=5.404514, ΔA=-0.0144, ESS≈7502
[equal-ρ] bracket μ=5.404414, ΔA=-0.0108, ESS≈7501
[equal-ρ] bracket μ=5.404314, ΔA=-0.0072, ESS≈7499
[equal-ρ] bracket μ=5.404214, ΔA=-0.0035, ESS≈7497
[equal-ρ] bracket μ=5.404114, ΔA=+0.0001, ESS≈7496
[equal-ρ] bisect μ=5.404564, ΔA=-0.0162, ESS≈7503
[equal-ρ] bisect μ=5.404339, ΔA=-0.0081, ESS≈7500
mu* = 5.404339   ESS ≈ 7500
0.5087395069953364


success: True
χ²*    : 0.08495010545894724
θ*     : (0.5461314802566819, 4.3199999999999985, 5.415643610415661, 1.0, 0.6379764047741062, 0.061133707055319994)

=== Step: target eps_sp=4.340 (prev=4.320) ===
[μ=5.415644] f=m_dense-m_dilute=-0.2898
[step] μ=5.411644 f=-0.1057
[step] μ=5.407644 f=-0.0173
[equal-ρ] μ0=5.407644, ΔA=A_dense-A_dilute=-0.0173, ESS≈7505
[equal-ρ] bracket μ=5.407544, ΔA=-0.0138, ESS≈7505
[equal-ρ] bracket μ=5.407444, ΔA=-0.0102, ESS≈7505
[equal-ρ] bracket μ=5.407344, ΔA=-0.0067, ESS≈7504
[equal-ρ] bracket μ=5.407244, ΔA=-0.0032, ESS≈7503
[equal-ρ] bracket μ=5.407144, ΔA=+0.0004, ESS≈7502
[equal-ρ] bisect μ=5.407394, ΔA=-0.0085, ESS≈7504
mu* = 5.407394   ESS ≈ 7504
0.5104703530979346


success: True
χ²*    : 0.21126004222433156
θ*     : (0.5396105408356296, 4.339999999999998, 5.415890424674515, 1.0, 0.5972370109433079, 0.08180859054702923)

=== Step: target eps_sp=4.360 (prev=4.340) ===
[μ=5.415890] f=m_dense-m_dilute=-0.0538
[equal-ρ] μ0=5.415890, ΔA=A_dense-A_dilute=-0.0538, ESS≈7505
[equal-ρ] bracket μ=5.415790, ΔA=-0.0503, ESS≈7505
[equal-ρ] bracket μ=5.415690, ΔA=-0.0468, ESS≈7505
[equal-ρ] bracket μ=5.415590, ΔA=-0.0434, ESS≈7504
[equal-ρ] bracket μ=5.415490, ΔA=-0.0399, ESS≈7503
[equal-ρ] bracket μ=5.415390, ΔA=-0.0364, ESS≈7502
[equal-ρ] bracket μ=5.415290, ΔA=-0.0329, ESS≈7501
[equal-ρ] bracket μ=5.415190, ΔA=-0.0294, ESS≈7500
[equal-ρ] bracket μ=5.415090, ΔA=-0.0259, ESS≈7498
[equal-ρ] bracket μ=5.414990, ΔA=-0.0224, ESS≈7496
[equal-ρ] bracket μ=5.414890, ΔA=-0.0189, ESS≈7494
[equal-ρ] bracket μ=5.414790, ΔA=-0.0154, ESS≈7491
[equal-ρ] bracket μ=5.414690, ΔA=-0.0119, ESS≈7489
[equal-ρ] bracket μ=5.414590, ΔA=-0.0084, ESS≈7486
[equal-ρ] bracket μ=5.414490, ΔA=-0.0049, ESS≈7483
[equal-ρ] bracket μ=5.414390, ΔA=-0.0014, ESS≈7480
[equal-ρ] bracket μ=5.414290, ΔA=+0.0022, ESS≈7476
[equal-ρ] bisect μ=5.415090, ΔA=-0.0259, ESS≈7498
[equal-ρ] bisect μ=5.414690, ΔA=-0.0119, ESS≈7489
[equal-ρ] bisect μ=5.414490, ΔA=-0.0049, ESS≈7483
mu* = 5.414490   ESS ≈ 7483
0.5091925383077948


success: True
χ²*    : 0.22048923317876412
θ*     : (0.5371704603531012, 4.359999999999998, 5.42631444585311, 1.0, 0.5711243218244123, 0.07702328017345939)

=== Step: target eps_sp=4.380 (prev=4.360) ===
[μ=5.426314] f=m_dense-m_dilute=+0.1616
[step] μ=5.430314 f=-0.0104
[equal-ρ] μ0=5.430314, ΔA=A_dense-A_dilute=-0.0104, ESS≈7505
[equal-ρ] bracket μ=5.430214, ΔA=-0.0069, ESS≈7505
[equal-ρ] bracket μ=5.430114, ΔA=-0.0033, ESS≈7505
[equal-ρ] bracket μ=5.430014, ΔA=+0.0002, ESS≈7504
[equal-ρ] bisect μ=5.430164, ΔA=-0.0051, ESS≈7505
mu* = 5.430164   ESS ≈ 7505
0.5067381745502998


success: True
χ²*    : 0.08421137442651336
θ*     : (0.5351339468723583, 4.379999999999997, 5.44799744198979, 1.0, 0.5924041319773409, 0.038570284738106246)

=== Step: target eps_sp=4.400 (prev=4.380) ===
[μ=5.447997] f=m_dense-m_dilute=-0.0596
[equal-ρ] μ0=5.447997, ΔA=A_dense-A_dilute=-0.0596, ESS≈7505
[equal-ρ] bracket μ=5.447897, ΔA=-0.0561, ESS≈7505
[equal-ρ] bracket μ=5.447797, ΔA=-0.0526, ESS≈7505
[equal-ρ] bracket μ=5.447697, ΔA=-0.0492, ESS≈7504
[equal-ρ] bracket μ=5.447597, ΔA=-0.0457, ESS≈7503
[equal-ρ] bracket μ=5.447497, ΔA=-0.0422, ESS≈7502
[equal-ρ] bracket μ=5.447397, ΔA=-0.0387, ESS≈7501
[equal-ρ] bracket μ=5.447297, ΔA=-0.0353, ESS≈7500
[equal-ρ] bracket μ=5.447197, ΔA=-0.0318, ESS≈7498
[equal-ρ] bracket μ=5.447097, ΔA=-0.0283, ESS≈7496
[equal-ρ] bracket μ=5.446997, ΔA=-0.0248, ESS≈7494
[equal-ρ] bracket μ=5.446897, ΔA=-0.0214, ESS≈7492
[equal-ρ] bracket μ=5.446797, ΔA=-0.0179, ESS≈7489
[equal-ρ] bracket μ=5.446697, ΔA=-0.0144, ESS≈7486
[equal-ρ] bracket μ=5.446597, ΔA=-0.0109, ESS≈7483
[equal-ρ] bracket μ=5.446497, ΔA=-0.0074, ESS≈7480
[equal-ρ] bracket μ=5.446397, ΔA=-0.0040, ESS≈7477
[equal-ρ] bracket μ=5.446297, ΔA=-0.0005, ESS≈7473
[equal-ρ] bracket μ=5.446197, ΔA=+0.0030, ESS≈7469
[equal-ρ] bisect μ=5.447097, ΔA=-0.0283, ESS≈7496
[equal-ρ] bisect μ=5.446647, ΔA=-0.0127, ESS≈7485
[equal-ρ] bisect μ=5.446422, ΔA=-0.0048, ESS≈7477
mu* = 5.446422   ESS ≈ 7477
0.511035309793471


success: True
χ²*    : 0.2416811376122434
θ*     : (0.5346734159263735, 4.399999999999997, 5.458473921587747, 1.0, 0.6063844787297149, 0.11210612806797507)

=== Step: target eps_sp=4.420 (prev=4.400) ===
[μ=5.458474] f=m_dense-m_dilute=+0.2109
[step] μ=5.462474 f=+0.0899
[equal-ρ] μ0=5.462474, ΔA=A_dense-A_dilute=+0.0899, ESS≈7505
[equal-ρ] bracket μ=5.462574, ΔA=+0.0865, ESS≈7505
[equal-ρ] bracket μ=5.462674, ΔA=+0.0830, ESS≈7505
[equal-ρ] bracket μ=5.462774, ΔA=+0.0795, ESS≈7504
[equal-ρ] bracket μ=5.462874, ΔA=+0.0760, ESS≈7503
[equal-ρ] bracket μ=5.462974, ΔA=+0.0725, ESS≈7502
[equal-ρ] bracket μ=5.463074, ΔA=+0.0690, ESS≈7501
[equal-ρ] bracket μ=5.463174, ΔA=+0.0655, ESS≈7499
[equal-ρ] bracket μ=5.463274, ΔA=+0.0620, ESS≈7498
[equal-ρ] bracket μ=5.463374, ΔA=+0.0585, ESS≈7496
[equal-ρ] bracket μ=5.463474, ΔA=+0.0550, ESS≈7494
[equal-ρ] bracket μ=5.463574, ΔA=+0.0515, ESS≈7491
[equal-ρ] bracket μ=5.463674, ΔA=+0.0480, ESS≈7489
[equal-ρ] bracket μ=5.463774, ΔA=+0.0445, ESS≈7486
[equal-ρ] bracket μ=5.463874, ΔA=+0.0409, ESS≈7483
[equal-ρ] bracket μ=5.463974, ΔA=+0.0374, ESS≈7480
[equal-ρ] bracket μ=5.464074, ΔA=+0.0339, ESS≈7476
[equal-ρ] bracket μ=5.464174, ΔA=+0.0304, ESS≈7473
[equal-ρ] bracket μ=5.464274, ΔA=+0.0269, ESS≈7469
[equal-ρ] bracket μ=5.464374, ΔA=+0.0234, ESS≈7464
[equal-ρ] bracket μ=5.464474, ΔA=+0.0199, ESS≈7460
mu* = 5.464474   ESS ≈ 7460
0.5159720186542305


success: True
χ²*    : 0.21901403735908348
θ*     : (0.5356747504468805, 4.419999999999996, 5.4796302525747596, 1.0, 1.0279818443924218, 0.30396841629646226)

=== Step: target eps_sp=4.440 (prev=4.420) ===
[μ=5.479630] f=m_dense-m_dilute=+0.2818
[step] μ=5.483630 f=+0.1544
[step] μ=5.487630 f=+0.0029
[equal-ρ] μ0=5.487630, ΔA=A_dense-A_dilute=+0.0029, ESS≈7505
mu* = 5.487630   ESS ≈ 7505
0.5132378414390407


success: True
χ²*    : 0.18961985328275532
θ*     : (0.528767460021308, 4.439999999999996, 5.496671257262852, 1.0, 0.8375668690294978, 0.18274335973939224)

=== Step: target eps_sp=4.460 (prev=4.440) ===
[μ=5.496671] f=m_dense-m_dilute=-0.0826
[equal-ρ] μ0=5.496671, ΔA=A_dense-A_dilute=-0.0826, ESS≈7505
[equal-ρ] bracket μ=5.496571, ΔA=-0.0791, ESS≈7505
[equal-ρ] bracket μ=5.496471, ΔA=-0.0757, ESS≈7505
[equal-ρ] bracket μ=5.496371, ΔA=-0.0722, ESS≈7504
[equal-ρ] bracket μ=5.496271, ΔA=-0.0687, ESS≈7503
[equal-ρ] bracket μ=5.496171, ΔA=-0.0652, ESS≈7502
[equal-ρ] bracket μ=5.496071, ΔA=-0.0617, ESS≈7501
[equal-ρ] bracket μ=5.495971, ΔA=-0.0582, ESS≈7500
[equal-ρ] bracket μ=5.495871, ΔA=-0.0547, ESS≈7498
[equal-ρ] bracket μ=5.495771, ΔA=-0.0512, ESS≈7496
[equal-ρ] bracket μ=5.495671, ΔA=-0.0477, ESS≈7494
[equal-ρ] bracket μ=5.495571, ΔA=-0.0443, ESS≈7491
[equal-ρ] bracket μ=5.495471, ΔA=-0.0408, ESS≈7489
[equal-ρ] bracket μ=5.495371, ΔA=-0.0373, ESS≈7486
[equal-ρ] bracket μ=5.495271, ΔA=-0.0338, ESS≈7483
[equal-ρ] bracket μ=5.495171, ΔA=-0.0303, ESS≈7480
[equal-ρ] bracket μ=5.495071, ΔA=-0.0268, ESS≈7476
[equal-ρ] bracket μ=5.494971, ΔA=-0.0233, ESS≈7473
[equal-ρ] bracket μ=5.494871, ΔA=-0.0197, ESS≈7469
[equal-ρ] bracket μ=5.494771, ΔA=-0.0162, ESS≈7464
[equal-ρ] bracket μ=5.494671, ΔA=-0.0127, ESS≈7460
mu* = 5.494671   ESS ≈ 7460
0.5057508327781479


success: False
χ²*    : 0.09830529428146076
θ*     : (0.5174620207601877, 4.4599999999999955, 5.5042122846134145, 1.0, 0.5961446391698696, 0.03063956456170534)

=== Step: target eps_sp=4.480 (prev=4.460) ===
[μ=5.504212] f=m_dense-m_dilute=-0.4262
[step] μ=5.500212 f=-0.3255
[step] μ=5.496212 f=-0.1651
[step] μ=5.492212 f=-0.0517
[equal-ρ] μ0=5.492212, ΔA=A_dense-A_dilute=-0.0517, ESS≈7505
[equal-ρ] bracket μ=5.492112, ΔA=-0.0483, ESS≈7505
[equal-ρ] bracket μ=5.492012, ΔA=-0.0448, ESS≈7505
[equal-ρ] bracket μ=5.491912, ΔA=-0.0414, ESS≈7504
[equal-ρ] bracket μ=5.491812, ΔA=-0.0380, ESS≈7503
[equal-ρ] bracket μ=5.491712, ΔA=-0.0345, ESS≈7502
[equal-ρ] bracket μ=5.491612, ΔA=-0.0311, ESS≈7501
[equal-ρ] bracket μ=5.491512, ΔA=-0.0277, ESS≈7500
[equal-ρ] bracket μ=5.491412, ΔA=-0.0242, ESS≈7498
[equal-ρ] bracket μ=5.491312, ΔA=-0.0208, ESS≈7496
[equal-ρ] bracket μ=5.491212, ΔA=-0.0174, ESS≈7494
[equal-ρ] bracket μ=5.491112, ΔA=-0.0139, ESS≈7492
[equal-ρ] bracket μ=5.491012, ΔA=-0.0105, ESS≈7489
[equal-ρ] bracket μ=5.490912, ΔA=-0.0070, ESS≈7487
[equal-ρ] bracket μ=5.490812, ΔA=-0.0036, ESS≈7484
[equal-ρ] bracket μ=5.490712, ΔA=-0.0001, ESS≈7480
[equal-ρ] bracket μ=5.490612, ΔA=+0.0033, ESS≈7477
[equal-ρ] bisect μ=5.491412, ΔA=-0.0242, ESS≈7498
[equal-ρ] bisect μ=5.491012, ΔA=-0.0105, ESS≈7489
[equal-ρ] bisect μ=5.490812, ΔA=-0.0036, ESS≈7484
mu* = 5.490812   ESS ≈ 7484
0.5072258494337109


success: True
χ²*    : 0.2650380481096915
θ*     : (0.5121380779379437, 4.479999999999995, 5.497376668733713, 1.0, 0.5322135403999624, 0.07770205350871592)

=== Step: target eps_sp=4.500 (prev=4.480) ===
[μ=5.497377] f=m_dense-m_dilute=+0.0902
[equal-ρ] μ0=5.497377, ΔA=A_dense-A_dilute=+0.0902, ESS≈7505
[equal-ρ] bracket μ=5.497477, ΔA=+0.0868, ESS≈7505
[equal-ρ] bracket μ=5.497577, ΔA=+0.0834, ESS≈7505
[equal-ρ] bracket μ=5.497677, ΔA=+0.0800, ESS≈7504
[equal-ρ] bracket μ=5.497777, ΔA=+0.0766, ESS≈7503
[equal-ρ] bracket μ=5.497877, ΔA=+0.0732, ESS≈7502
[equal-ρ] bracket μ=5.497977, ΔA=+0.0698, ESS≈7501
[equal-ρ] bracket μ=5.498077, ΔA=+0.0664, ESS≈7500
[equal-ρ] bracket μ=5.498177, ΔA=+0.0630, ESS≈7498
[equal-ρ] bracket μ=5.498277, ΔA=+0.0596, ESS≈7496
[equal-ρ] bracket μ=5.498377, ΔA=+0.0562, ESS≈7494
[equal-ρ] bracket μ=5.498477, ΔA=+0.0528, ESS≈7492
[equal-ρ] bracket μ=5.498577, ΔA=+0.0493, ESS≈7489
[equal-ρ] bracket μ=5.498677, ΔA=+0.0459, ESS≈7487
[equal-ρ] bracket μ=5.498777, ΔA=+0.0425, ESS≈7484
[equal-ρ] bracket μ=5.498877, ΔA=+0.0391, ESS≈7481
[equal-ρ] bracket μ=5.498977, ΔA=+0.0357, ESS≈7477
[equal-ρ] bracket μ=5.499077, ΔA=+0.0323, ESS≈7474
[equal-ρ] bracket μ=5.499177, ΔA=+0.0289, ESS≈7470
[equal-ρ] bracket μ=5.499277, ΔA=+0.0254, ESS≈7466
[equal-ρ] bracket μ=5.499377, ΔA=+0.0220, ESS≈7462
mu* = 5.499377   ESS ≈ 7462
0.5183850766155896


success: True
χ²*    : 0.1027679381885842
θ*     : (0.5064382290053642, 4.499999999999995, 5.513016448246263, 1.0, 1.6325810356991786, 0.4652960503014087)

=== Step: target eps_sp=4.520 (prev=4.500) ===
[μ=5.513016] f=m_dense-m_dilute=-0.1595
[step] μ=5.509016 f=-0.0156
[equal-ρ] μ0=5.509016, ΔA=A_dense-A_dilute=-0.0156, ESS≈7505
[equal-ρ] bracket μ=5.508916, ΔA=-0.0122, ESS≈7505
[equal-ρ] bracket μ=5.508816, ΔA=-0.0088, ESS≈7505
[equal-ρ] bracket μ=5.508716, ΔA=-0.0055, ESS≈7504
[equal-ρ] bracket μ=5.508616, ΔA=-0.0021, ESS≈7503
[equal-ρ] bracket μ=5.508516, ΔA=+0.0013, ESS≈7502
[equal-ρ] bisect μ=5.508766, ΔA=-0.0072, ESS≈7504
mu* = 5.508766   ESS ≈ 7504
0.5075589606928714


success: False
χ²*    : 0.10613789385181603
θ*     : (0.4976324526775756, 4.519999999999994, 5.520434968002966, 1.0, 0.7206771290987107, 0.08334751764301482)

=== Step: target eps_sp=4.540 (prev=4.520) ===
[μ=5.520435] f=m_dense-m_dilute=-0.2995
[step] μ=5.516435 f=-0.1805
[step] μ=5.512435 f=-0.0502
[equal-ρ] μ0=5.512435, ΔA=A_dense-A_dilute=-0.0502, ESS≈7505
[equal-ρ] bracket μ=5.512335, ΔA=-0.0469, ESS≈7505
[equal-ρ] bracket μ=5.512235, ΔA=-0.0436, ESS≈7505
[equal-ρ] bracket μ=5.512135, ΔA=-0.0402, ESS≈7504
[equal-ρ] bracket μ=5.512035, ΔA=-0.0369, ESS≈7503
[equal-ρ] bracket μ=5.511935, ΔA=-0.0336, ESS≈7502
[equal-ρ] bracket μ=5.511835, ΔA=-0.0302, ESS≈7501
[equal-ρ] bracket μ=5.511735, ΔA=-0.0269, ESS≈7500
[equal-ρ] bracket μ=5.511635, ΔA=-0.0235, ESS≈7498
[equal-ρ] bracket μ=5.511535, ΔA=-0.0202, ESS≈7496
[equal-ρ] bracket μ=5.511435, ΔA=-0.0169, ESS≈7494
[equal-ρ] bracket μ=5.511335, ΔA=-0.0135, ESS≈7492
[equal-ρ] bracket μ=5.511235, ΔA=-0.0102, ESS≈7490
[equal-ρ] bracket μ=5.511135, ΔA=-0.0068, ESS≈7487
[equal-ρ] bracket μ=5.511035, ΔA=-0.0035, ESS≈7484
[equal-ρ] bracket μ=5.510935, ΔA=-0.0001, ESS≈7481
[equal-ρ] bracket μ=5.510835, ΔA=+0.0032, ESS≈7478
[equal-ρ] bisect μ=5.511635, ΔA=-0.0235, ESS≈7498
[equal-ρ] bisect μ=5.511235, ΔA=-0.0102, ESS≈7490
[equal-ρ] bisect μ=5.511035, ΔA=-0.0035, ESS≈7484
mu* = 5.511035   ESS ≈ 7484
0.509128580946036


success: True
χ²*    : 0.25558463174690577
θ*     : (0.4931133781519247, 4.539999999999994, 5.516400630423536, 1.0, 0.5243596018442414, 0.08822245742180616)

=== Step: target eps_sp=4.560 (prev=4.540) ===
[μ=5.516401] f=m_dense-m_dilute=+0.1896
[step] μ=5.520401 f=+0.0689
[equal-ρ] μ0=5.520401, ΔA=A_dense-A_dilute=+0.0689, ESS≈7505
[equal-ρ] bracket μ=5.520501, ΔA=+0.0656, ESS≈7505
[equal-ρ] bracket μ=5.520601, ΔA=+0.0623, ESS≈7505
[equal-ρ] bracket μ=5.520701, ΔA=+0.0590, ESS≈7504
[equal-ρ] bracket μ=5.520801, ΔA=+0.0557, ESS≈7503
[equal-ρ] bracket μ=5.520901, ΔA=+0.0524, ESS≈7502
[equal-ρ] bracket μ=5.521001, ΔA=+0.0491, ESS≈7501
[equal-ρ] bracket μ=5.521101, ΔA=+0.0458, ESS≈7500
[equal-ρ] bracket μ=5.521201, ΔA=+0.0425, ESS≈7498
[equal-ρ] bracket μ=5.521301, ΔA=+0.0392, ESS≈7497
[equal-ρ] bracket μ=5.521401, ΔA=+0.0360, ESS≈7495
[equal-ρ] bracket μ=5.521501, ΔA=+0.0327, ESS≈7492
[equal-ρ] bracket μ=5.521601, ΔA=+0.0294, ESS≈7490
[equal-ρ] bracket μ=5.521701, ΔA=+0.0261, ESS≈7488
[equal-ρ] bracket μ=5.521801, ΔA=+0.0228, ESS≈7485
[equal-ρ] bracket μ=5.521901, ΔA=+0.0195, ESS≈7482
[equal-ρ] bracket μ=5.522001, ΔA=+0.0162, ESS≈7479
[equal-ρ] bracket μ=5.522101, ΔA=+0.0129, ESS≈7475
[equal-ρ] bracket μ=5.522201, ΔA=+0.0096, ESS≈7472
[equal-ρ] bracket μ=5.522301, ΔA=+0.0063, ESS≈7468
[equal-ρ] bracket μ=5.522401, ΔA=+0.0030, ESS≈7464
mu* = 5.522401   ESS ≈ 7464
0.5098520986009326


success: True
χ²*    : 0.23869620366737704
θ*     : (0.4890117674709791, 4.559999999999993, 5.529416909220165, 1.0, 0.5951764415159317, 0.1123055036730335)

=== Step: target eps_sp=4.580 (prev=4.560) ===
[μ=5.529417] f=m_dense-m_dilute=+0.1190
[step] μ=5.533417 f=+0.0357
[equal-ρ] μ0=5.533417, ΔA=A_dense-A_dilute=+0.0357, ESS≈7505
[equal-ρ] bracket μ=5.533517, ΔA=+0.0324, ESS≈7505
[equal-ρ] bracket μ=5.533617, ΔA=+0.0291, ESS≈7505
[equal-ρ] bracket μ=5.533717, ΔA=+0.0257, ESS≈7504
[equal-ρ] bracket μ=5.533817, ΔA=+0.0224, ESS≈7503
[equal-ρ] bracket μ=5.533917, ΔA=+0.0191, ESS≈7502
[equal-ρ] bracket μ=5.534017, ΔA=+0.0158, ESS≈7501
[equal-ρ] bracket μ=5.534117, ΔA=+0.0124, ESS≈7500
[equal-ρ] bracket μ=5.534217, ΔA=+0.0091, ESS≈7498
[equal-ρ] bracket μ=5.534317, ΔA=+0.0058, ESS≈7497
[equal-ρ] bracket μ=5.534417, ΔA=+0.0024, ESS≈7495
[equal-ρ] bracket μ=5.534517, ΔA=-0.0009, ESS≈7492
[equal-ρ] bisect μ=5.533967, ΔA=+0.0174, ESS≈7502
[equal-ρ] bisect μ=5.534242, ΔA=+0.0083, ESS≈7498
mu* = 5.534242   ESS ≈ 7498
0.506014656895403


success: True
χ²*    : 0.17189896177281722
θ*     : (0.4825636312865878, 4.579999999999993, 5.542576975929392, 1.0, 0.5118248192071679, 0.03798861789314706)

=== Step: target eps_sp=4.600 (prev=4.580) ===
[μ=5.542577] f=m_dense-m_dilute=-0.0790
[equal-ρ] μ0=5.542577, ΔA=A_dense-A_dilute=-0.0790, ESS≈7505
[equal-ρ] bracket μ=5.542477, ΔA=-0.0758, ESS≈7505
[equal-ρ] bracket μ=5.542377, ΔA=-0.0726, ESS≈7505
[equal-ρ] bracket μ=5.542277, ΔA=-0.0694, ESS≈7504
[equal-ρ] bracket μ=5.542177, ΔA=-0.0662, ESS≈7503
[equal-ρ] bracket μ=5.542077, ΔA=-0.0630, ESS≈7502
[equal-ρ] bracket μ=5.541977, ΔA=-0.0597, ESS≈7501
[equal-ρ] bracket μ=5.541877, ΔA=-0.0565, ESS≈7500
[equal-ρ] bracket μ=5.541777, ΔA=-0.0533, ESS≈7499
[equal-ρ] bracket μ=5.541677, ΔA=-0.0501, ESS≈7497
[equal-ρ] bracket μ=5.541577, ΔA=-0.0469, ESS≈7495
[equal-ρ] bracket μ=5.541477, ΔA=-0.0436, ESS≈7493
[equal-ρ] bracket μ=5.541377, ΔA=-0.0404, ESS≈7491
[equal-ρ] bracket μ=5.541277, ΔA=-0.0372, ESS≈7488
[equal-ρ] bracket μ=5.541177, ΔA=-0.0340, ESS≈7485
[equal-ρ] bracket μ=5.541077, ΔA=-0.0307, ESS≈7482
[equal-ρ] bracket μ=5.540977, ΔA=-0.0275, ESS≈7479
[equal-ρ] bracket μ=5.540877, ΔA=-0.0243, ESS≈7476
[equal-ρ] bracket μ=5.540777, ΔA=-0.0210, ESS≈7472
[equal-ρ] bracket μ=5.540677, ΔA=-0.0178, ESS≈7469
[equal-ρ] bracket μ=5.540577, ΔA=-0.0146, ESS≈7465
mu* = 5.540577   ESS ≈ 7465
0.4998654230512991


success: False
χ²*    : 0.23851868656681624
θ*     : (0.48456107692138295, 4.5999999999999925, 5.5513612176897285, 1.0, 0.33850082158092965, -0.010856573742678323)

=== Step: target eps_sp=4.620 (prev=4.600) ===
[μ=5.551361] f=m_dense-m_dilute=+0.4281
[step] μ=5.555361 f=+0.3099
[step] μ=5.559361 f=+0.1951
[step] μ=5.563361 f=+0.0456
[equal-ρ] μ0=5.563361, ΔA=A_dense-A_dilute=+0.0456, ESS≈7505
[equal-ρ] bracket μ=5.563461, ΔA=+0.0423, ESS≈7505
[equal-ρ] bracket μ=5.563561, ΔA=+0.0390, ESS≈7505
[equal-ρ] bracket μ=5.563661, ΔA=+0.0357, ESS≈7504
[equal-ρ] bracket μ=5.563761, ΔA=+0.0324, ESS≈7503
[equal-ρ] bracket μ=5.563861, ΔA=+0.0292, ESS≈7502
[equal-ρ] bracket μ=5.563961, ΔA=+0.0259, ESS≈7501
[equal-ρ] bracket μ=5.564061, ΔA=+0.0226, ESS≈7500
[equal-ρ] bracket μ=5.564161, ΔA=+0.0193, ESS≈7498
[equal-ρ] bracket μ=5.564261, ΔA=+0.0160, ESS≈7497
[equal-ρ] bracket μ=5.564361, ΔA=+0.0127, ESS≈7495
[equal-ρ] bracket μ=5.564461, ΔA=+0.0094, ESS≈7493
[equal-ρ] bracket μ=5.564561, ΔA=+0.0062, ESS≈7490
[equal-ρ] bracket μ=5.564661, ΔA=+0.0029, ESS≈7488
[equal-ρ] bracket μ=5.564761, ΔA=-0.0004, ESS≈7485
[equal-ρ] bisect μ=5.564061, ΔA=+0.0226, ESS≈7500
[equal-ρ] bisect μ=5.564411, ΔA=+0.0111, ESS≈7494
[equal-ρ] bisect μ=5.564586, ΔA=+0.0053, ESS≈7490
mu* = 5.564586   ESS ≈ 7490
0.5114390406395736


success: True
χ²*    : 0.1272619757841108
θ*     : (0.4836159472968151, 4.619999999999992, 5.584224007165836, 1.0, 0.9287074345687162, 0.16421790850243173)

=== Step: target eps_sp=4.640 (prev=4.620) ===
[μ=5.584224] f=m_dense-m_dilute=-0.0076
[equal-ρ] μ0=5.584224, ΔA=A_dense-A_dilute=-0.0076, ESS≈7505
mu* = 5.584224   ESS ≈ 7505
0.5037121918720853


success: True
χ²*    : 0.2513395291388392
θ*     : (0.4801997400898758, 4.639999999999992, 5.589207015605355, 1.0, 0.3701708336484672, 0.0104446640649174)

=== Step: target eps_sp=4.660 (prev=4.640) ===
[μ=5.589207] f=m_dense-m_dilute=+0.2710
[step] μ=5.593207 f=+0.1205
[step] μ=5.597207 f=-0.0240
[equal-ρ] μ0=5.597207, ΔA=A_dense-A_dilute=-0.0240, ESS≈7505
[equal-ρ] bracket μ=5.597107, ΔA=-0.0207, ESS≈7505
[equal-ρ] bracket μ=5.597007, ΔA=-0.0174, ESS≈7505
[equal-ρ] bracket μ=5.596907, ΔA=-0.0141, ESS≈7504
[equal-ρ] bracket μ=5.596807, ΔA=-0.0108, ESS≈7503
[equal-ρ] bracket μ=5.596707, ΔA=-0.0075, ESS≈7502
[equal-ρ] bracket μ=5.596607, ΔA=-0.0042, ESS≈7501
[equal-ρ] bracket μ=5.596507, ΔA=-0.0009, ESS≈7500
[equal-ρ] bracket μ=5.596407, ΔA=+0.0024, ESS≈7498
[equal-ρ] bisect μ=5.596807, ΔA=-0.0108, ESS≈7503
[equal-ρ] bisect μ=5.596607, ΔA=-0.0042, ESS≈7501
mu* = 5.596607   ESS ≈ 7501
0.5067221852098601


success: True
χ²*    : 0.22139161738655389
θ*     : (0.47740624811338067, 4.659999999999991, 5.605519824857025, 1.0, 0.5159594454513763, 0.06393459006256828)

=== Step: target eps_sp=4.680 (prev=4.660) ===
[μ=5.605520] f=m_dense-m_dilute=+0.1937
[step] μ=5.609520 f=+0.0402
[equal-ρ] μ0=5.609520, ΔA=A_dense-A_dilute=+0.0402, ESS≈7505
[equal-ρ] bracket μ=5.609620, ΔA=+0.0370, ESS≈7505
[equal-ρ] bracket μ=5.609720, ΔA=+0.0337, ESS≈7505
[equal-ρ] bracket μ=5.609820, ΔA=+0.0305, ESS≈7504
[equal-ρ] bracket μ=5.609920, ΔA=+0.0272, ESS≈7503
[equal-ρ] bracket μ=5.610020, ΔA=+0.0240, ESS≈7502
[equal-ρ] bracket μ=5.610120, ΔA=+0.0207, ESS≈7501
[equal-ρ] bracket μ=5.610220, ΔA=+0.0175, ESS≈7500
[equal-ρ] bracket μ=5.610320, ΔA=+0.0142, ESS≈7498
[equal-ρ] bracket μ=5.610420, ΔA=+0.0110, ESS≈7497
[equal-ρ] bracket μ=5.610520, ΔA=+0.0077, ESS≈7495
[equal-ρ] bracket μ=5.610620, ΔA=+0.0045, ESS≈7493
[equal-ρ] bracket μ=5.610720, ΔA=+0.0012, ESS≈7490
[equal-ρ] bracket μ=5.610820, ΔA=-0.0020, ESS≈7488
[equal-ρ] bisect μ=5.610170, ΔA=+0.0191, ESS≈7501
[equal-ρ] bisect μ=5.610495, ΔA=+0.0086, ESS≈7495
mu* = 5.610495   ESS ≈ 7495
0.5115296469020654


success: True
χ²*    : 0.13324419141253088
θ*     : (0.4686670482865027, 4.679999999999991, 5.623370995936672, 1.0, 1.0043000856374436, 0.17826082019128398)

=== Step: target eps_sp=4.700 (prev=4.680) ===
[μ=5.623371] f=m_dense-m_dilute=-0.3094
[step] μ=5.619371 f=-0.1881
[step] μ=5.615371 f=-0.0736
[equal-ρ] μ0=5.615371, ΔA=A_dense-A_dilute=-0.0736, ESS≈7505
[equal-ρ] bracket μ=5.615271, ΔA=-0.0704, ESS≈7505
[equal-ρ] bracket μ=5.615171, ΔA=-0.0672, ESS≈7505
[equal-ρ] bracket μ=5.615071, ΔA=-0.0640, ESS≈7504
[equal-ρ] bracket μ=5.614971, ΔA=-0.0608, ESS≈7503
[equal-ρ] bracket μ=5.614871, ΔA=-0.0576, ESS≈7503
[equal-ρ] bracket μ=5.614771, ΔA=-0.0545, ESS≈7501
[equal-ρ] bracket μ=5.614671, ΔA=-0.0513, ESS≈7500
[equal-ρ] bracket μ=5.614571, ΔA=-0.0481, ESS≈7499
[equal-ρ] bracket μ=5.614471, ΔA=-0.0449, ESS≈7497
[equal-ρ] bracket μ=5.614371, ΔA=-0.0417, ESS≈7495
[equal-ρ] bracket μ=5.614271, ΔA=-0.0385, ESS≈7493
[equal-ρ] bracket μ=5.614171, ΔA=-0.0353, ESS≈7491
[equal-ρ] bracket μ=5.614071, ΔA=-0.0321, ESS≈7488
[equal-ρ] bracket μ=5.613971, ΔA=-0.0289, ESS≈7486
[equal-ρ] bracket μ=5.613871, ΔA=-0.0257, ESS≈7483
[equal-ρ] bracket μ=5.613771, ΔA=-0.0225, ESS≈7480
[equal-ρ] bracket μ=5.613671, ΔA=-0.0193, ESS≈7476
[equal-ρ] bracket μ=5.613571, ΔA=-0.0161, ESS≈7473
[equal-ρ] bracket μ=5.613471, ΔA=-0.0129, ESS≈7469
[equal-ρ] bracket μ=5.613371, ΔA=-0.0097, ESS≈7465
mu* = 5.613371   ESS ≈ 7465
0.508815456362425


success: False
χ²*    : 0.23458125946972766
θ*     : (0.46506140529674034, 4.69999999999999, 5.620330066322832, 1.0, -0.04453712502188168, -0.23106816545075823)

=== Step: target eps_sp=4.720 (prev=4.700) ===
[μ=5.620330] f=m_dense-m_dilute=+0.2033
[step] μ=5.624330 f=+0.0468
[equal-ρ] μ0=5.624330, ΔA=A_dense-A_dilute=+0.0468, ESS≈7505
[equal-ρ] bracket μ=5.624430, ΔA=+0.0436, ESS≈7505
[equal-ρ] bracket μ=5.624530, ΔA=+0.0403, ESS≈7505
[equal-ρ] bracket μ=5.624630, ΔA=+0.0371, ESS≈7504
[equal-ρ] bracket μ=5.624730, ΔA=+0.0339, ESS≈7503
[equal-ρ] bracket μ=5.624830, ΔA=+0.0307, ESS≈7502
[equal-ρ] bracket μ=5.624930, ΔA=+0.0275, ESS≈7501
[equal-ρ] bracket μ=5.625030, ΔA=+0.0243, ESS≈7500
[equal-ρ] bracket μ=5.625130, ΔA=+0.0211, ESS≈7499
[equal-ρ] bracket μ=5.625230, ΔA=+0.0179, ESS≈7497
[equal-ρ] bracket μ=5.625330, ΔA=+0.0147, ESS≈7495
[equal-ρ] bracket μ=5.625430, ΔA=+0.0114, ESS≈7493
[equal-ρ] bracket μ=5.625530, ΔA=+0.0082, ESS≈7491
[equal-ρ] bracket μ=5.625630, ΔA=+0.0050, ESS≈7488
[equal-ρ] bracket μ=5.625730, ΔA=+0.0018, ESS≈7485
[equal-ρ] bracket μ=5.625830, ΔA=-0.0014, ESS≈7483
[equal-ρ] bisect μ=5.625080, ΔA=+0.0227, ESS≈7499
[equal-ρ] bisect μ=5.625455, ΔA=+0.0106, ESS≈7492
[equal-ρ] bisect μ=5.625643, ΔA=+0.0046, ESS≈7488
mu* = 5.625643   ESS ≈ 7488
0.5101718854097269


success: True
χ²*    : 0.14361418443216145
θ*     : (0.4564549751023986, 4.71999999999999, 5.638886788998919, 1.0, 0.8526562111864144, 0.11915068399277044)

=== Step: target eps_sp=4.740 (prev=4.720) ===
[μ=5.638887] f=m_dense-m_dilute=-0.3021
[step] μ=5.634887 f=-0.1759
[step] μ=5.630887 f=-0.0418
[equal-ρ] μ0=5.630887, ΔA=A_dense-A_dilute=-0.0418, ESS≈7505
[equal-ρ] bracket μ=5.630787, ΔA=-0.0387, ESS≈7505
[equal-ρ] bracket μ=5.630687, ΔA=-0.0356, ESS≈7505
[equal-ρ] bracket μ=5.630587, ΔA=-0.0324, ESS≈7504
[equal-ρ] bracket μ=5.630487, ΔA=-0.0293, ESS≈7503
[equal-ρ] bracket μ=5.630387, ΔA=-0.0262, ESS≈7503
[equal-ρ] bracket μ=5.630287, ΔA=-0.0230, ESS≈7502
[equal-ρ] bracket μ=5.630187, ΔA=-0.0199, ESS≈7500
[equal-ρ] bracket μ=5.630087, ΔA=-0.0168, ESS≈7499
[equal-ρ] bracket μ=5.629987, ΔA=-0.0136, ESS≈7497
[equal-ρ] bracket μ=5.629887, ΔA=-0.0105, ESS≈7495
[equal-ρ] bracket μ=5.629787, ΔA=-0.0073, ESS≈7493
[equal-ρ] bracket μ=5.629687, ΔA=-0.0042, ESS≈7491
[equal-ρ] bracket μ=5.629587, ΔA=-0.0010, ESS≈7489
[equal-ρ] bracket μ=5.629487, ΔA=+0.0021, ESS≈7486
[equal-ρ] bisect μ=5.630187, ΔA=-0.0199, ESS≈7500
[equal-ρ] bisect μ=5.629837, ΔA=-0.0089, ESS≈7494
mu* = 5.629837   ESS ≈ 7494
0.5018814123917388


success: True
χ²*    : 0.25767787725589664
θ*     : (0.45374855299429473, 4.7399999999999896, 5.633737478225615, 1.0, 0.3495385808826189, 0.006121919635282489)

=== Step: target eps_sp=4.760 (prev=4.740) ===
[μ=5.633737] f=m_dense-m_dilute=+0.2722
[step] μ=5.637737 f=+0.1895
[step] μ=5.641737 f=+0.0550
[equal-ρ] μ0=5.641737, ΔA=A_dense-A_dilute=+0.0550, ESS≈7505
[equal-ρ] bracket μ=5.641837, ΔA=+0.0520, ESS≈7505
[equal-ρ] bracket μ=5.641937, ΔA=+0.0489, ESS≈7505
[equal-ρ] bracket μ=5.642037, ΔA=+0.0458, ESS≈7504
[equal-ρ] bracket μ=5.642137, ΔA=+0.0427, ESS≈7503
[equal-ρ] bracket μ=5.642237, ΔA=+0.0397, ESS≈7503
[equal-ρ] bracket μ=5.642337, ΔA=+0.0366, ESS≈7502
[equal-ρ] bracket μ=5.642437, ΔA=+0.0335, ESS≈7500
[equal-ρ] bracket μ=5.642537, ΔA=+0.0305, ESS≈7499
[equal-ρ] bracket μ=5.642637, ΔA=+0.0274, ESS≈7497
[equal-ρ] bracket μ=5.642737, ΔA=+0.0243, ESS≈7496
[equal-ρ] bracket μ=5.642837, ΔA=+0.0212, ESS≈7494
[equal-ρ] bracket μ=5.642937, ΔA=+0.0182, ESS≈7491
[equal-ρ] bracket μ=5.643037, ΔA=+0.0151, ESS≈7489
[equal-ρ] bracket μ=5.643137, ΔA=+0.0120, ESS≈7487
[equal-ρ] bracket μ=5.643237, ΔA=+0.0089, ESS≈7484
[equal-ρ] bracket μ=5.643337, ΔA=+0.0059, ESS≈7481
[equal-ρ] bracket μ=5.643437, ΔA=+0.0028, ESS≈7478
[equal-ρ] bracket μ=5.643537, ΔA=-0.0003, ESS≈7475
[equal-ρ] bisect μ=5.642637, ΔA=+0.0274, ESS≈7497
[equal-ρ] bisect μ=5.643087, ΔA=+0.0136, ESS≈7488
[equal-ρ] bisect μ=5.643312, ΔA=+0.0066, ESS≈7482
mu* = 5.643312   ESS ≈ 7482
0.5078614257161892


success: True
χ²*    : 0.2487429186867031
θ*     : (0.4510985142716815, 4.759999999999989, 5.646717431856308, 1.0, 0.4889694264212451, 0.08848091227590613)

=== Step: target eps_sp=4.780 (prev=4.760) ===
[μ=5.646717] f=m_dense-m_dilute=+0.3564
[step] μ=5.650717 f=+0.2366
[step] μ=5.654717 f=+0.1398
[step] μ=5.658717 f=+0.0203
[equal-ρ] μ0=5.658717, ΔA=A_dense-A_dilute=+0.0203, ESS≈7505
[equal-ρ] bracket μ=5.658817, ΔA=+0.0172, ESS≈7505
[equal-ρ] bracket μ=5.658917, ΔA=+0.0141, ESS≈7505
[equal-ρ] bracket μ=5.659017, ΔA=+0.0110, ESS≈7504
[equal-ρ] bracket μ=5.659117, ΔA=+0.0079, ESS≈7503
[equal-ρ] bracket μ=5.659217, ΔA=+0.0048, ESS≈7503
[equal-ρ] bracket μ=5.659317, ΔA=+0.0017, ESS≈7502
[equal-ρ] bracket μ=5.659417, ΔA=-0.0014, ESS≈7500
[equal-ρ] bisect μ=5.659067, ΔA=+0.0094, ESS≈7504
mu* = 5.659067   ESS ≈ 7504
0.5082411725516323


success: False
χ²*    : 0.21757672985512683
θ*     : (0.44784492616518334, 4.779999999999989, 5.66670040163879, 1.0, -0.05126842068271157, -0.23076114324710137)

=== Step: target eps_sp=4.800 (prev=4.780) ===
[μ=5.666700] f=m_dense-m_dilute=+0.1559
[step] μ=5.670700 f=+0.0476
[equal-ρ] μ0=5.670700, ΔA=A_dense-A_dilute=+0.0476, ESS≈7505
[equal-ρ] bracket μ=5.670800, ΔA=+0.0444, ESS≈7505
[equal-ρ] bracket μ=5.670900, ΔA=+0.0413, ESS≈7505
[equal-ρ] bracket μ=5.671000, ΔA=+0.0382, ESS≈7504
[equal-ρ] bracket μ=5.671100, ΔA=+0.0351, ESS≈7503
[equal-ρ] bracket μ=5.671200, ΔA=+0.0319, ESS≈7503
[equal-ρ] bracket μ=5.671300, ΔA=+0.0288, ESS≈7502
[equal-ρ] bracket μ=5.671400, ΔA=+0.0257, ESS≈7500
[equal-ρ] bracket μ=5.671500, ΔA=+0.0226, ESS≈7499
[equal-ρ] bracket μ=5.671600, ΔA=+0.0194, ESS≈7497
[equal-ρ] bracket μ=5.671700, ΔA=+0.0163, ESS≈7495
[equal-ρ] bracket μ=5.671800, ΔA=+0.0132, ESS≈7493
[equal-ρ] bracket μ=5.671900, ΔA=+0.0101, ESS≈7491
[equal-ρ] bracket μ=5.672000, ΔA=+0.0069, ESS≈7489
[equal-ρ] bracket μ=5.672100, ΔA=+0.0038, ESS≈7486
[equal-ρ] bracket μ=5.672200, ΔA=+0.0007, ESS≈7483
[equal-ρ] bracket μ=5.672300, ΔA=-0.0024, ESS≈7481
[equal-ρ] bisect μ=5.671500, ΔA=+0.0226, ESS≈7499
[equal-ρ] bisect μ=5.671900, ΔA=+0.0101, ESS≈7491
[equal-ρ] bisect μ=5.672100, ΔA=+0.0038, ESS≈7486
mu* = 5.672100   ESS ≈ 7486
0.5103011325782811


success: True
χ²*    : 0.268511778481004
θ*     : (0.4455895149983624, 4.799999999999988, 5.674378777689521, 1.0, 0.5468207263117919, 0.13857545007758024)

=== Step: target eps_sp=4.820 (prev=4.800) ===
[μ=5.674379] f=m_dense-m_dilute=+0.3969
[step] μ=5.678379 f=+0.2806
[step] μ=5.682379 f=+0.1578
[step] μ=5.686379 f=+0.0325
[equal-ρ] μ0=5.686379, ΔA=A_dense-A_dilute=+0.0325, ESS≈7505
[equal-ρ] bracket μ=5.686479, ΔA=+0.0294, ESS≈7505
[equal-ρ] bracket μ=5.686579, ΔA=+0.0264, ESS≈7505
[equal-ρ] bracket μ=5.686679, ΔA=+0.0233, ESS≈7504
[equal-ρ] bracket μ=5.686779, ΔA=+0.0202, ESS≈7503
[equal-ρ] bracket μ=5.686879, ΔA=+0.0171, ESS≈7503
[equal-ρ] bracket μ=5.686979, ΔA=+0.0141, ESS≈7502
[equal-ρ] bracket μ=5.687079, ΔA=+0.0110, ESS≈7500
[equal-ρ] bracket μ=5.687179, ΔA=+0.0079, ESS≈7499
[equal-ρ] bracket μ=5.687279, ΔA=+0.0048, ESS≈7497
[equal-ρ] bracket μ=5.687379, ΔA=+0.0017, ESS≈7496
[equal-ρ] bracket μ=5.687479, ΔA=-0.0013, ESS≈7494
[equal-ρ] bisect μ=5.686929, ΔA=+0.0156, ESS≈7502
[equal-ρ] bisect μ=5.687204, ΔA=+0.0071, ESS≈7499
mu* = 5.687204   ESS ≈ 7499
0.5138800799467023


success: True
χ²*    : 0.24014819591799774
θ*     : (0.44336976821562707, 4.819999999999988, 5.692196888236689, 1.0, 0.9486468621875355, 0.3322101388841412)

=== Step: target eps_sp=4.840 (prev=4.820) ===
[μ=5.692197] f=m_dense-m_dilute=+0.3279
[step] μ=5.696197 f=+0.2239
[step] μ=5.700197 f=+0.0977
[equal-ρ] μ0=5.700197, ΔA=A_dense-A_dilute=+0.0977, ESS≈7505
[equal-ρ] bracket μ=5.700297, ΔA=+0.0946, ESS≈7505
[equal-ρ] bracket μ=5.700397, ΔA=+0.0915, ESS≈7505
[equal-ρ] bracket μ=5.700497, ΔA=+0.0884, ESS≈7504
[equal-ρ] bracket μ=5.700597, ΔA=+0.0852, ESS≈7503
[equal-ρ] bracket μ=5.700697, ΔA=+0.0821, ESS≈7503
[equal-ρ] bracket μ=5.700797, ΔA=+0.0790, ESS≈7502
[equal-ρ] bracket μ=5.700897, ΔA=+0.0759, ESS≈7500
[equal-ρ] bracket μ=5.700997, ΔA=+0.0728, ESS≈7499
[equal-ρ] bracket μ=5.701097, ΔA=+0.0697, ESS≈7497
[equal-ρ] bracket μ=5.701197, ΔA=+0.0666, ESS≈7495
[equal-ρ] bracket μ=5.701297, ΔA=+0.0635, ESS≈7493
[equal-ρ] bracket μ=5.701397, ΔA=+0.0603, ESS≈7491
[equal-ρ] bracket μ=5.701497, ΔA=+0.0572, ESS≈7489
[equal-ρ] bracket μ=5.701597, ΔA=+0.0541, ESS≈7486
[equal-ρ] bracket μ=5.701697, ΔA=+0.0510, ESS≈7483
[equal-ρ] bracket μ=5.701797, ΔA=+0.0479, ESS≈7480
[equal-ρ] bracket μ=5.701897, ΔA=+0.0448, ESS≈7477
[equal-ρ] bracket μ=5.701997, ΔA=+0.0416, ESS≈7474
[equal-ρ] bracket μ=5.702097, ΔA=+0.0385, ESS≈7470
[equal-ρ] bracket μ=5.702197, ΔA=+0.0354, ESS≈7467
mu* = 5.702197   ESS ≈ 7467
0.5230632911392405


success: False
χ²*    : 0.24039003543041584
θ*     : (0.44030960133452973, 4.839999999999987, 5.707650611278238, 1.0, 9.781047707248572, 5.0)

=== Step: target eps_sp=4.860 (prev=4.840) ===
[μ=5.707651] f=m_dense-m_dilute=+0.2995
[step] μ=5.711651 f=+0.1540
[step] μ=5.715651 f=+0.0524
[equal-ρ] μ0=5.715651, ΔA=A_dense-A_dilute=+0.0524, ESS≈7505
[equal-ρ] bracket μ=5.715751, ΔA=+0.0493, ESS≈7505
[equal-ρ] bracket μ=5.715851, ΔA=+0.0462, ESS≈7505
[equal-ρ] bracket μ=5.715951, ΔA=+0.0432, ESS≈7504
[equal-ρ] bracket μ=5.716051, ΔA=+0.0401, ESS≈7503
[equal-ρ] bracket μ=5.716151, ΔA=+0.0370, ESS≈7503
[equal-ρ] bracket μ=5.716251, ΔA=+0.0339, ESS≈7502
[equal-ρ] bracket μ=5.716351, ΔA=+0.0309, ESS≈7500
[equal-ρ] bracket μ=5.716451, ΔA=+0.0278, ESS≈7499
[equal-ρ] bracket μ=5.716551, ΔA=+0.0247, ESS≈7497
[equal-ρ] bracket μ=5.716651, ΔA=+0.0216, ESS≈7496
[equal-ρ] bracket μ=5.716751, ΔA=+0.0186, ESS≈7494
[equal-ρ] bracket μ=5.716851, ΔA=+0.0155, ESS≈7491
[equal-ρ] bracket μ=5.716951, ΔA=+0.0124, ESS≈7489
[equal-ρ] bracket μ=5.717051, ΔA=+0.0094, ESS≈7487
[equal-ρ] bracket μ=5.717151, ΔA=+0.0063, ESS≈7484
[equal-ρ] bracket μ=5.717251, ΔA=+0.0032, ESS≈7481
[equal-ρ] bracket μ=5.717351, ΔA=+0.0001, ESS≈7478
[equal-ρ] bracket μ=5.717451, ΔA=-0.0029, ESS≈7475
[equal-ρ] bisect μ=5.716551, ΔA=+0.0247, ESS≈7497
[equal-ρ] bisect μ=5.717001, ΔA=+0.0109, ESS≈7488
[equal-ρ] bisect μ=5.717226, ΔA=+0.0040, ESS≈7482
mu* = 5.717226   ESS ≈ 7482
0.5126662225183211


success: True
χ²*    : 0.23679515410114732
θ*     : (0.43738776121315304, 4.859999999999987, 5.721416863127732, 1.0, 0.8374123877150711, 0.2696229803607451)

=== Step: target eps_sp=4.880 (prev=4.860) ===
[μ=5.721417] f=m_dense-m_dilute=+0.2969
[step] μ=5.725417 f=+0.2083
[step] μ=5.729417 f=+0.0745
[equal-ρ] μ0=5.729417, ΔA=A_dense-A_dilute=+0.0745, ESS≈7505
[equal-ρ] bracket μ=5.729517, ΔA=+0.0714, ESS≈7505
[equal-ρ] bracket μ=5.729617, ΔA=+0.0684, ESS≈7505
[equal-ρ] bracket μ=5.729717, ΔA=+0.0653, ESS≈7504
[equal-ρ] bracket μ=5.729817, ΔA=+0.0622, ESS≈7503
[equal-ρ] bracket μ=5.729917, ΔA=+0.0592, ESS≈7503
[equal-ρ] bracket μ=5.730017, ΔA=+0.0561, ESS≈7502
[equal-ρ] bracket μ=5.730117, ΔA=+0.0530, ESS≈7500
[equal-ρ] bracket μ=5.730217, ΔA=+0.0499, ESS≈7499
[equal-ρ] bracket μ=5.730317, ΔA=+0.0469, ESS≈7497
[equal-ρ] bracket μ=5.730417, ΔA=+0.0438, ESS≈7496
[equal-ρ] bracket μ=5.730517, ΔA=+0.0407, ESS≈7494
[equal-ρ] bracket μ=5.730617, ΔA=+0.0377, ESS≈7491
[equal-ρ] bracket μ=5.730717, ΔA=+0.0346, ESS≈7489
[equal-ρ] bracket μ=5.730817, ΔA=+0.0315, ESS≈7487
[equal-ρ] bracket μ=5.730917, ΔA=+0.0284, ESS≈7484
[equal-ρ] bracket μ=5.731017, ΔA=+0.0254, ESS≈7481
[equal-ρ] bracket μ=5.731117, ΔA=+0.0223, ESS≈7478
[equal-ρ] bracket μ=5.731217, ΔA=+0.0192, ESS≈7475
[equal-ρ] bracket μ=5.731317, ΔA=+0.0162, ESS≈7471
[equal-ρ] bracket μ=5.731417, ΔA=+0.0131, ESS≈7468
mu* = 5.731417   ESS ≈ 7468
0.508942038640906


success: True
χ²*    : 0.16417699994778856
θ*     : (0.42901792248152326, 4.879999999999987, 5.746169605391281, 1.0, 0.8828274451092764, 0.11885645114314625)

=== Step: target eps_sp=4.900 (prev=4.880) ===
[μ=5.746170] f=m_dense-m_dilute=-0.3383
[step] μ=5.742170 f=-0.2306
[step] μ=5.738170 f=-0.1075
[step] μ=5.734170 f=+0.0223
[equal-ρ] μ0=5.734170, ΔA=A_dense-A_dilute=+0.0223, ESS≈7505
[equal-ρ] bracket μ=5.734270, ΔA=+0.0192, ESS≈7505
[equal-ρ] bracket μ=5.734370, ΔA=+0.0162, ESS≈7505
[equal-ρ] bracket μ=5.734470, ΔA=+0.0131, ESS≈7504
[equal-ρ] bracket μ=5.734570, ΔA=+0.0101, ESS≈7504
[equal-ρ] bracket μ=5.734670, ΔA=+0.0070, ESS≈7503
[equal-ρ] bracket μ=5.734770, ΔA=+0.0040, ESS≈7502
[equal-ρ] bracket μ=5.734870, ΔA=+0.0009, ESS≈7500
[equal-ρ] bracket μ=5.734970, ΔA=-0.0021, ESS≈7499
[equal-ρ] bisect μ=5.734570, ΔA=+0.0101, ESS≈7504
[equal-ρ] bisect μ=5.734770, ΔA=+0.0040, ESS≈7502
mu* = 5.734770   ESS ≈ 7502
0.502838107928048


success: True
χ²*    : 0.23770504257966024
θ*     : (0.4264020499065679, 4.899999999999986, 5.738281732252276, 1.0, 0.3683794186315194, 0.015491306636464416)

=== Step: target eps_sp=4.920 (prev=4.900) ===
[μ=5.738282] f=m_dense-m_dilute=+0.3414
[step] μ=5.742282 f=+0.2396
[step] μ=5.746282 f=+0.0873
[equal-ρ] μ0=5.746282, ΔA=A_dense-A_dilute=+0.0873, ESS≈7505
[equal-ρ] bracket μ=5.746382, ΔA=+0.0843, ESS≈7505
[equal-ρ] bracket μ=5.746482, ΔA=+0.0812, ESS≈7505
[equal-ρ] bracket μ=5.746582, ΔA=+0.0782, ESS≈7504
[equal-ρ] bracket μ=5.746682, ΔA=+0.0752, ESS≈7504
[equal-ρ] bracket μ=5.746782, ΔA=+0.0722, ESS≈7503
[equal-ρ] bracket μ=5.746882, ΔA=+0.0691, ESS≈7502
[equal-ρ] bracket μ=5.746982, ΔA=+0.0661, ESS≈7500
[equal-ρ] bracket μ=5.747082, ΔA=+0.0631, ESS≈7499
[equal-ρ] bracket μ=5.747182, ΔA=+0.0601, ESS≈7498
[equal-ρ] bracket μ=5.747282, ΔA=+0.0570, ESS≈7496
[equal-ρ] bracket μ=5.747382, ΔA=+0.0540, ESS≈7494
[equal-ρ] bracket μ=5.747482, ΔA=+0.0510, ESS≈7492
[equal-ρ] bracket μ=5.747582, ΔA=+0.0480, ESS≈7489
[equal-ρ] bracket μ=5.747682, ΔA=+0.0449, ESS≈7487
[equal-ρ] bracket μ=5.747782, ΔA=+0.0419, ESS≈7484
[equal-ρ] bracket μ=5.747882, ΔA=+0.0389, ESS≈7481
[equal-ρ] bracket μ=5.747982, ΔA=+0.0358, ESS≈7478
[equal-ρ] bracket μ=5.748082, ΔA=+0.0328, ESS≈7475
[equal-ρ] bracket μ=5.748182, ΔA=+0.0298, ESS≈7472
[equal-ρ] bracket μ=5.748282, ΔA=+0.0267, ESS≈7468
mu* = 5.748282   ESS ≈ 7468
0.5176788807461693


success: True
χ²*    : 0.21985966582013644
θ*     : (0.4375715110542855, 4.919999999999986, 5.7659228292679625, 1.0, 1.609661062578455, 0.6940211000425162)

=== Step: target eps_sp=4.940 (prev=4.920) ===
[μ=5.765923] f=m_dense-m_dilute=+0.6762
[step] μ=5.769923 f=+0.6049
[step] μ=5.773923 f=+0.5351
[step] μ=5.777923 f=+0.4079
[step] μ=5.781923 f=+0.3379
[step] μ=5.785923 f=+0.1952
[step] μ=5.789923 f=+0.1065
[step] μ=5.793923 f=-0.0318
[equal-ρ] μ0=5.793923, ΔA=A_dense-A_dilute=-0.0318, ESS≈7505
[equal-ρ] bracket μ=5.793823, ΔA=-0.0287, ESS≈7505
[equal-ρ] bracket μ=5.793723, ΔA=-0.0256, ESS≈7505
[equal-ρ] bracket μ=5.793623, ΔA=-0.0225, ESS≈7504
[equal-ρ] bracket μ=5.793523, ΔA=-0.0194, ESS≈7503
[equal-ρ] bracket μ=5.793423, ΔA=-0.0163, ESS≈7503
[equal-ρ] bracket μ=5.793323, ΔA=-0.0132, ESS≈7502
[equal-ρ] bracket μ=5.793223, ΔA=-0.0101, ESS≈7500
[equal-ρ] bracket μ=5.793123, ΔA=-0.0070, ESS≈7499
[equal-ρ] bracket μ=5.793023, ΔA=-0.0039, ESS≈7497
[equal-ρ] bracket μ=5.792923, ΔA=-0.0008, ESS≈7495
[equal-ρ] bracket μ=5.792823, ΔA=+0.0023, ESS≈7493
[equal-ρ] bisect μ=5.793373, ΔA=-0.0148, ESS≈7502
[equal-ρ] bisect μ=5.793098, ΔA=-0.0062, ESS≈7498
mu* = 5.793098   ESS ≈ 7498
0.5036229180546302


success: True
χ²*    : 0.20793240379944133
θ*     : (0.44846393356398506, 4.939999999999985, 5.813097829267958, 1.0, 0.4596748503778344, 0.047267706347438265)

=== Step: target eps_sp=4.960 (prev=4.940) ===
[μ=5.813098] f=m_dense-m_dilute=+0.5848
[step] μ=5.817098 f=+0.5181
[step] μ=5.821098 f=+0.4288
[step] μ=5.825098 f=+0.3138
[step] μ=5.829098 f=+0.1431
[step] μ=5.833098 f=+0.0650
[equal-ρ] μ0=5.833098, ΔA=A_dense-A_dilute=+0.0650, ESS≈7505
[equal-ρ] bracket μ=5.833198, ΔA=+0.0619, ESS≈7505
[equal-ρ] bracket μ=5.833298, ΔA=+0.0587, ESS≈7505
[equal-ρ] bracket μ=5.833398, ΔA=+0.0556, ESS≈7504
[equal-ρ] bracket μ=5.833498, ΔA=+0.0524, ESS≈7503
[equal-ρ] bracket μ=5.833598, ΔA=+0.0493, ESS≈7503
[equal-ρ] bracket μ=5.833698, ΔA=+0.0462, ESS≈7501
[equal-ρ] bracket μ=5.833798, ΔA=+0.0430, ESS≈7500
[equal-ρ] bracket μ=5.833898, ΔA=+0.0399, ESS≈7499
[equal-ρ] bracket μ=5.833998, ΔA=+0.0367, ESS≈7497
[equal-ρ] bracket μ=5.834098, ΔA=+0.0336, ESS≈7495
[equal-ρ] bracket μ=5.834198, ΔA=+0.0304, ESS≈7493
[equal-ρ] bracket μ=5.834298, ΔA=+0.0273, ESS≈7491
[equal-ρ] bracket μ=5.834398, ΔA=+0.0241, ESS≈7488
[equal-ρ] bracket μ=5.834498, ΔA=+0.0210, ESS≈7486
[equal-ρ] bracket μ=5.834598, ΔA=+0.0178, ESS≈7483
[equal-ρ] bracket μ=5.834698, ΔA=+0.0147, ESS≈7480
[equal-ρ] bracket μ=5.834798, ΔA=+0.0115, ESS≈7477
[equal-ρ] bracket μ=5.834898, ΔA=+0.0084, ESS≈7473
[equal-ρ] bracket μ=5.834998, ΔA=+0.0052, ESS≈7470
[equal-ρ] bracket μ=5.835098, ΔA=+0.0021, ESS≈7466
mu* = 5.835098   ESS ≈ 7466
0.5047341772151899


success: True
χ²*    : 0.24095102985104275
θ*     : (0.44854317205875227, 4.959999999999985, 5.843348603816167, 1.0, 0.4467421069553837, 0.04914698643295043)

=== Step: target eps_sp=4.980 (prev=4.960) ===
[μ=5.843349] f=m_dense-m_dilute=+0.3598
[step] μ=5.847349 f=+0.2372
[step] μ=5.851349 f=+0.1190
[step] μ=5.855349 f=-0.0129
[equal-ρ] μ0=5.855349, ΔA=A_dense-A_dilute=-0.0129, ESS≈7505
[equal-ρ] bracket μ=5.855249, ΔA=-0.0097, ESS≈7505
[equal-ρ] bracket μ=5.855149, ΔA=-0.0065, ESS≈7505
[equal-ρ] bracket μ=5.855049, ΔA=-0.0033, ESS≈7504
[equal-ρ] bracket μ=5.854949, ΔA=-0.0001, ESS≈7503
[equal-ρ] bracket μ=5.854849, ΔA=+0.0031, ESS≈7502
[equal-ρ] bisect μ=5.855099, ΔA=-0.0049, ESS≈7504
mu* = 5.855099   ESS ≈ 7504
0.5055589606928714


success: True
χ²*    : 0.24007851255435197
θ*     : (0.4440979184688225, 4.979999999999984, 5.860725321245541, 1.0, 0.4804256887548519, 0.0542329539352972)

=== Step: target eps_sp=5.000 (prev=4.980) ===
[μ=5.860725] f=m_dense-m_dilute=+0.2004
[array([1, 0, 1, 0]), array([0, 1, 0, 1]), array([2, 2, 2, 2])]

=== Step: target eps_sp=4.120 (prev=4.120) ===
[μ=5.283646] f=m_dense-m_dilute=+0.2533
[step] μ=5.287646 f=+0.1027
[step] μ=5.291646 f=-0.0176
[equal-ρ] μ0=5.291646, ΔA=A_dense-A_dilute=-0.0176, ESS≈7505
[equal-ρ] bracket μ=5.291546, ΔA=-0.0139, ESS≈7505
[equal-ρ] bracket μ=5.291446, ΔA=-0.0102, ESS≈7505
[equal-ρ] bracket μ=5.291346, ΔA=-0.0065, ESS≈7504
[equal-ρ] bracket μ=5.291246, ΔA=-0.0029, ESS≈7503
[equal-ρ] bracket μ=5.291146, ΔA=+0.0008, ESS≈7502
[equal-ρ] bisect μ=5.291396, ΔA=-0.0084, ESS≈7504
mu* = 5.291396   ESS ≈ 7504
0.5089713524317122


success: True
χ²*    : 0.07649526206348689
θ*     : (0.5879419254291413, 4.120000000000003, 5.291395802490029, 1.0, 0.6720577008803226, 0.07183974519150843)

=== Step: target eps_sp=4.140 (prev=4.120) ===
[μ=5.291396] f=m_dense-m_dilute=-0.0120
[equal-ρ] μ0=5.291396, ΔA=A_dense-A_dilute=-0.0120, ESS≈7505
[equal-ρ] bracket μ=5.291296, ΔA=-0.0083, ESS≈7505
[equal-ρ] bracket μ=5.291196, ΔA=-0.0047, ESS≈7505
[equal-ρ] bracket μ=5.291096, ΔA=-0.0010, ESS≈7504
[equal-ρ] bracket μ=5.290996, ΔA=+0.0027, ESS≈7503
[equal-ρ] bisect μ=5.291196, ΔA=-0.0047, ESS≈7505
mu* = 5.291196   ESS ≈ 7505
0.5117495003331113


success: True
χ²*    : 0.2000156942847286
θ*     : (0.5835053703153696, 4.140000000000002, 5.3025027815856145, 1.0, 0.6626229606110439, 0.11222501187055488)

=== Step: target eps_sp=4.160 (prev=4.140) ===
[μ=5.302503] f=m_dense-m_dilute=-0.0284
[equal-ρ] μ0=5.302503, ΔA=A_dense-A_dilute=-0.0284, ESS≈7505
[equal-ρ] bracket μ=5.302403, ΔA=-0.0247, ESS≈7505
[equal-ρ] bracket μ=5.302303, ΔA=-0.0209, ESS≈7505
[equal-ρ] bracket μ=5.302203, ΔA=-0.0172, ESS≈7504
[equal-ρ] bracket μ=5.302103, ΔA=-0.0135, ESS≈7503
[equal-ρ] bracket μ=5.302003, ΔA=-0.0098, ESS≈7502
[equal-ρ] bracket μ=5.301903, ΔA=-0.0061, ESS≈7501
[equal-ρ] bracket μ=5.301803, ΔA=-0.0023, ESS≈7499
[equal-ρ] bracket μ=5.301703, ΔA=+0.0014, ESS≈7497
[equal-ρ] bisect μ=5.302103, ΔA=-0.0135, ESS≈7503
[equal-ρ] bisect μ=5.301903, ΔA=-0.0061, ESS≈7501
mu* = 5.301903   ESS ≈ 7501
0.5101585609593604


success: True
χ²*    : 0.235929519602194
θ*     : (0.5776899427768659, 4.160000000000002, 5.310902030781475, 1.0, 0.5802332926952897, 0.0819853659746512)

=== Step: target eps_sp=4.180 (prev=4.160) ===
[μ=5.310902] f=m_dense-m_dilute=+0.0009
[equal-ρ] μ0=5.310902, ΔA=A_dense-A_dilute=+0.0009, ESS≈7505
mu* = 5.310902   ESS ≈ 7505
0.5126782145236508


success: True
χ²*    : 0.1553630050400594
θ*     : (0.5782727274565387, 4.1800000000000015, 5.3283948733483255, 1.0, 0.7137844725307245, 0.123378598585756)

=== Step: target eps_sp=4.200 (prev=4.180) ===
[μ=5.328395] f=m_dense-m_dilute=+0.1189
[step] μ=5.332395 f=-0.0445
[equal-ρ] μ0=5.332395, ΔA=A_dense-A_dilute=-0.0445, ESS≈7505
[equal-ρ] bracket μ=5.332295, ΔA=-0.0409, ESS≈7505
[equal-ρ] bracket μ=5.332195, ΔA=-0.0373, ESS≈7505
[equal-ρ] bracket μ=5.332095, ΔA=-0.0337, ESS≈7504
[equal-ρ] bracket μ=5.331995, ΔA=-0.0301, ESS≈7503
[equal-ρ] bracket μ=5.331895, ΔA=-0.0265, ESS≈7502
[equal-ρ] bracket μ=5.331795, ΔA=-0.0229, ESS≈7501
[equal-ρ] bracket μ=5.331695, ΔA=-0.0193, ESS≈7499
[equal-ρ] bracket μ=5.331595, ΔA=-0.0157, ESS≈7498
[equal-ρ] bracket μ=5.331495, ΔA=-0.0121, ESS≈7496
[equal-ρ] bracket μ=5.331395, ΔA=-0.0085, ESS≈7493
[equal-ρ] bracket μ=5.331295, ΔA=-0.0049, ESS≈7491
[equal-ρ] bracket μ=5.331195, ΔA=-0.0013, ESS≈7488
[equal-ρ] bracket μ=5.331095, ΔA=+0.0023, ESS≈7485
[equal-ρ] bisect μ=5.331745, ΔA=-0.0211, ESS≈7500
[equal-ρ] bisect μ=5.331420, ΔA=-0.0094, ESS≈7494
mu* = 5.331420   ESS ≈ 7494
0.5077561625582945


success: True
χ²*    : 0.2672522669991381
θ*     : (0.5732299086236935, 4.200000000000001, 5.339195570348429, 1.0, 0.4732432908096005, 0.0432279886165349)

=== Step: target eps_sp=4.220 (prev=4.200) ===
[μ=5.339196] f=m_dense-m_dilute=+0.1019
[step] μ=5.343196 f=-0.0915
[equal-ρ] μ0=5.343196, ΔA=A_dense-A_dilute=-0.0915, ESS≈7505
[equal-ρ] bracket μ=5.343096, ΔA=-0.0879, ESS≈7505
[equal-ρ] bracket μ=5.342996, ΔA=-0.0843, ESS≈7505
[equal-ρ] bracket μ=5.342896, ΔA=-0.0807, ESS≈7504
[equal-ρ] bracket μ=5.342796, ΔA=-0.0771, ESS≈7503
[equal-ρ] bracket μ=5.342696, ΔA=-0.0735, ESS≈7502
[equal-ρ] bracket μ=5.342596, ΔA=-0.0699, ESS≈7501
[equal-ρ] bracket μ=5.342496, ΔA=-0.0662, ESS≈7499
[equal-ρ] bracket μ=5.342396, ΔA=-0.0626, ESS≈7497
[equal-ρ] bracket μ=5.342296, ΔA=-0.0590, ESS≈7495
[equal-ρ] bracket μ=5.342196, ΔA=-0.0554, ESS≈7493
[equal-ρ] bracket μ=5.342096, ΔA=-0.0517, ESS≈7491
[equal-ρ] bracket μ=5.341996, ΔA=-0.0481, ESS≈7488
[equal-ρ] bracket μ=5.341896, ΔA=-0.0445, ESS≈7485
[equal-ρ] bracket μ=5.341796, ΔA=-0.0408, ESS≈7482
[equal-ρ] bracket μ=5.341696, ΔA=-0.0372, ESS≈7478
[equal-ρ] bracket μ=5.341596, ΔA=-0.0335, ESS≈7475
[equal-ρ] bracket μ=5.341496, ΔA=-0.0299, ESS≈7471
[equal-ρ] bracket μ=5.341396, ΔA=-0.0263, ESS≈7467
[equal-ρ] bracket μ=5.341296, ΔA=-0.0226, ESS≈7462
[equal-ρ] bracket μ=5.341196, ΔA=-0.0190, ESS≈7458
mu* = 5.341196   ESS ≈ 7458
0.5008727514990007


success: True
χ²*    : 0.265832752295283
θ*     : (0.5683830307773989, 4.220000000000001, 5.349969653301299, 1.0, 0.3788752062775925, -0.012676895838445902)

=== Step: target eps_sp=4.240 (prev=4.220) ===
[μ=5.349970] f=m_dense-m_dilute=+0.0947
[equal-ρ] μ0=5.349970, ΔA=A_dense-A_dilute=+0.0947, ESS≈7505
[equal-ρ] bracket μ=5.350070, ΔA=+0.0912, ESS≈7505
[equal-ρ] bracket μ=5.350170, ΔA=+0.0876, ESS≈7505
[equal-ρ] bracket μ=5.350270, ΔA=+0.0840, ESS≈7504
[equal-ρ] bracket μ=5.350370, ΔA=+0.0804, ESS≈7503
[equal-ρ] bracket μ=5.350470, ΔA=+0.0768, ESS≈7502
[equal-ρ] bracket μ=5.350570, ΔA=+0.0732, ESS≈7501
[equal-ρ] bracket μ=5.350670, ΔA=+0.0696, ESS≈7499
[equal-ρ] bracket μ=5.350770, ΔA=+0.0660, ESS≈7498
[equal-ρ] bracket μ=5.350870, ΔA=+0.0624, ESS≈7496
[equal-ρ] bracket μ=5.350970, ΔA=+0.0588, ESS≈7493
[equal-ρ] bracket μ=5.351070, ΔA=+0.0552, ESS≈7491
[equal-ρ] bracket μ=5.351170, ΔA=+0.0516, ESS≈7488
[equal-ρ] bracket μ=5.351270, ΔA=+0.0480, ESS≈7485
[equal-ρ] bracket μ=5.351370, ΔA=+0.0444, ESS≈7482
[equal-ρ] bracket μ=5.351470, ΔA=+0.0408, ESS≈7479
[equal-ρ] bracket μ=5.351570, ΔA=+0.0372, ESS≈7475
[equal-ρ] bracket μ=5.351670, ΔA=+0.0336, ESS≈7471
[equal-ρ] bracket μ=5.351770, ΔA=+0.0300, ESS≈7467
[equal-ρ] bracket μ=5.351870, ΔA=+0.0264, ESS≈7463
[equal-ρ] bracket μ=5.351970, ΔA=+0.0228, ESS≈7458
mu* = 5.351970   ESS ≈ 7458
0.5217415056628915


success: True
χ²*    : 0.09866045115657036
θ*     : (0.5651808588855874, 4.24, 5.367707387333443, 1.0, 2.089269598098264, 0.6947211266855865)

=== Step: target eps_sp=4.260 (prev=4.240) ===
[μ=5.367707] f=m_dense-m_dilute=-0.0714
[equal-ρ] μ0=5.367707, ΔA=A_dense-A_dilute=-0.0714, ESS≈7505
[equal-ρ] bracket μ=5.367607, ΔA=-0.0678, ESS≈7505
[equal-ρ] bracket μ=5.367507, ΔA=-0.0643, ESS≈7505
[equal-ρ] bracket μ=5.367407, ΔA=-0.0607, ESS≈7504
[equal-ρ] bracket μ=5.367307, ΔA=-0.0571, ESS≈7503
[equal-ρ] bracket μ=5.367207, ΔA=-0.0535, ESS≈7502
[equal-ρ] bracket μ=5.367107, ΔA=-0.0499, ESS≈7501
[equal-ρ] bracket μ=5.367007, ΔA=-0.0464, ESS≈7499
[equal-ρ] bracket μ=5.366907, ΔA=-0.0428, ESS≈7498
[equal-ρ] bracket μ=5.366807, ΔA=-0.0392, ESS≈7496
[equal-ρ] bracket μ=5.366707, ΔA=-0.0356, ESS≈7493
[equal-ρ] bracket μ=5.366607, ΔA=-0.0320, ESS≈7491
[equal-ρ] bracket μ=5.366507, ΔA=-0.0284, ESS≈7488
[equal-ρ] bracket μ=5.366407, ΔA=-0.0248, ESS≈7485
[equal-ρ] bracket μ=5.366307, ΔA=-0.0212, ESS≈7482
[equal-ρ] bracket μ=5.366207, ΔA=-0.0176, ESS≈7479
[equal-ρ] bracket μ=5.366107, ΔA=-0.0140, ESS≈7475
[equal-ρ] bracket μ=5.366007, ΔA=-0.0104, ESS≈7471
[equal-ρ] bracket μ=5.365907, ΔA=-0.0068, ESS≈7467
[equal-ρ] bracket μ=5.365807, ΔA=-0.0033, ESS≈7463
[equal-ρ] bracket μ=5.365707, ΔA=+0.0003, ESS≈7459
[equal-ρ] bisect μ=5.366707, ΔA=-0.0356, ESS≈7493
[equal-ρ] bisect μ=5.366207, ΔA=-0.0176, ESS≈7479
[equal-ρ] bisect μ=5.365957, ΔA=-0.0086, ESS≈7469
mu* = 5.365957   ESS ≈ 7469
0.5133924050632911


success: True
χ²*    : 0.09276830053514039
θ*     : (0.5589955449639392, 4.26, 5.378790044533477, 1.0, 0.8976036250819185, 0.17669925591722802)

=== Step: target eps_sp=4.280 (prev=4.260) ===
[μ=5.378790] f=m_dense-m_dilute=-0.1785
[step] μ=5.374790 f=-0.0410
[equal-ρ] μ0=5.374790, ΔA=A_dense-A_dilute=-0.0410, ESS≈7505
[equal-ρ] bracket μ=5.374690, ΔA=-0.0375, ESS≈7505
[equal-ρ] bracket μ=5.374590, ΔA=-0.0339, ESS≈7505
[equal-ρ] bracket μ=5.374490, ΔA=-0.0304, ESS≈7504
[equal-ρ] bracket μ=5.374390, ΔA=-0.0268, ESS≈7503
[equal-ρ] bracket μ=5.374290, ΔA=-0.0233, ESS≈7502
[equal-ρ] bracket μ=5.374190, ΔA=-0.0197, ESS≈7501
[equal-ρ] bracket μ=5.374090, ΔA=-0.0162, ESS≈7499
[equal-ρ] bracket μ=5.373990, ΔA=-0.0126, ESS≈7498
[equal-ρ] bracket μ=5.373890, ΔA=-0.0091, ESS≈7496
[equal-ρ] bracket μ=5.373790, ΔA=-0.0055, ESS≈7494
[equal-ρ] bracket μ=5.373690, ΔA=-0.0020, ESS≈7491
[equal-ρ] bracket μ=5.373590, ΔA=+0.0016, ESS≈7489
[equal-ρ] bisect μ=5.374190, ΔA=-0.0197, ESS≈7501
[equal-ρ] bisect μ=5.373890, ΔA=-0.0091, ESS≈7496
mu* = 5.373890   ESS ≈ 7496
0.5067368421052632


success: True
χ²*    : 0.2641007709268187
θ*     : (0.554280073077062, 4.279999999999999, 5.382072739436631, 1.0, 0.4434296582891089, 0.02452838920064536)

=== Step: target eps_sp=4.300 (prev=4.280) ===
[μ=5.382073] f=m_dense-m_dilute=+0.0854
[equal-ρ] μ0=5.382073, ΔA=A_dense-A_dilute=+0.0854, ESS≈7505
[equal-ρ] bracket μ=5.382173, ΔA=+0.0818, ESS≈7505
[equal-ρ] bracket μ=5.382273, ΔA=+0.0782, ESS≈7505
[equal-ρ] bracket μ=5.382373, ΔA=+0.0747, ESS≈7504
[equal-ρ] bracket μ=5.382473, ΔA=+0.0711, ESS≈7503
[equal-ρ] bracket μ=5.382573, ΔA=+0.0675, ESS≈7502
[equal-ρ] bracket μ=5.382673, ΔA=+0.0639, ESS≈7501
[equal-ρ] bracket μ=5.382773, ΔA=+0.0603, ESS≈7499
[equal-ρ] bracket μ=5.382873, ΔA=+0.0567, ESS≈7498
[equal-ρ] bracket μ=5.382973, ΔA=+0.0531, ESS≈7496
[equal-ρ] bracket μ=5.383073, ΔA=+0.0495, ESS≈7493
[equal-ρ] bracket μ=5.383173, ΔA=+0.0459, ESS≈7491
[equal-ρ] bracket μ=5.383273, ΔA=+0.0423, ESS≈7488
[equal-ρ] bracket μ=5.383373, ΔA=+0.0387, ESS≈7485
[equal-ρ] bracket μ=5.383473, ΔA=+0.0351, ESS≈7482
[equal-ρ] bracket μ=5.383573, ΔA=+0.0315, ESS≈7479
[equal-ρ] bracket μ=5.383673, ΔA=+0.0279, ESS≈7475
[equal-ρ] bracket μ=5.383773, ΔA=+0.0243, ESS≈7472
[equal-ρ] bracket μ=5.383873, ΔA=+0.0207, ESS≈7467
[equal-ρ] bracket μ=5.383973, ΔA=+0.0171, ESS≈7463
[equal-ρ] bracket μ=5.384073, ΔA=+0.0135, ESS≈7459
mu* = 5.384073   ESS ≈ 7459
0.5174497001998668


success: False
χ²*    : 0.14443464920792412
θ*     : (0.5541384922982724, 4.299999999999999, 5.4010137869685995, 1.0, 1.1117754292429278, 0.3003281311042622)

=== Step: target eps_sp=4.320 (prev=4.300) ===
[μ=5.401014] f=m_dense-m_dilute=+0.1205
[step] μ=5.405014 f=-0.0325
[equal-ρ] μ0=5.405014, ΔA=A_dense-A_dilute=-0.0325, ESS≈7505
[equal-ρ] bracket μ=5.404914, ΔA=-0.0289, ESS≈7505
[equal-ρ] bracket μ=5.404814, ΔA=-0.0253, ESS≈7505
[equal-ρ] bracket μ=5.404714, ΔA=-0.0216, ESS≈7504
[equal-ρ] bracket μ=5.404614, ΔA=-0.0180, ESS≈7503
[equal-ρ] bracket μ=5.404514, ΔA=-0.0144, ESS≈7502
[equal-ρ] bracket μ=5.404414, ΔA=-0.0108, ESS≈7501
[equal-ρ] bracket μ=5.404314, ΔA=-0.0072, ESS≈7499
[equal-ρ] bracket μ=5.404214, ΔA=-0.0035, ESS≈7497
[equal-ρ] bracket μ=5.404114, ΔA=+0.0001, ESS≈7496
[equal-ρ] bisect μ=5.404564, ΔA=-0.0162, ESS≈7503
[equal-ρ] bisect μ=5.404339, ΔA=-0.0081, ESS≈7500
mu* = 5.404339   ESS ≈ 7500
0.5087395069953364


success: True
χ²*    : 0.08495010545894724
θ*     : (0.5461314802566819, 4.3199999999999985, 5.415643610415661, 1.0, 0.6379764047741062, 0.061133707055319994)

=== Step: target eps_sp=4.340 (prev=4.320) ===
[μ=5.415644] f=m_dense-m_dilute=-0.2898
[step] μ=5.411644 f=-0.1057
[step] μ=5.407644 f=-0.0173
[equal-ρ] μ0=5.407644, ΔA=A_dense-A_dilute=-0.0173, ESS≈7505
[equal-ρ] bracket μ=5.407544, ΔA=-0.0138, ESS≈7505
[equal-ρ] bracket μ=5.407444, ΔA=-0.0102, ESS≈7505
[equal-ρ] bracket μ=5.407344, ΔA=-0.0067, ESS≈7504
[equal-ρ] bracket μ=5.407244, ΔA=-0.0032, ESS≈7503
[equal-ρ] bracket μ=5.407144, ΔA=+0.0004, ESS≈7502
[equal-ρ] bisect μ=5.407394, ΔA=-0.0085, ESS≈7504
mu* = 5.407394   ESS ≈ 7504
0.5104703530979346


success: True
χ²*    : 0.21126004222433156
θ*     : (0.5396105408356296, 4.339999999999998, 5.415890424674515, 1.0, 0.5972370109433079, 0.08180859054702923)

=== Step: target eps_sp=4.360 (prev=4.340) ===
[μ=5.415890] f=m_dense-m_dilute=-0.0538
[equal-ρ] μ0=5.415890, ΔA=A_dense-A_dilute=-0.0538, ESS≈7505
[equal-ρ] bracket μ=5.415790, ΔA=-0.0503, ESS≈7505
[equal-ρ] bracket μ=5.415690, ΔA=-0.0468, ESS≈7505
[equal-ρ] bracket μ=5.415590, ΔA=-0.0434, ESS≈7504
[equal-ρ] bracket μ=5.415490, ΔA=-0.0399, ESS≈7503
[equal-ρ] bracket μ=5.415390, ΔA=-0.0364, ESS≈7502
[equal-ρ] bracket μ=5.415290, ΔA=-0.0329, ESS≈7501
[equal-ρ] bracket μ=5.415190, ΔA=-0.0294, ESS≈7500
[equal-ρ] bracket μ=5.415090, ΔA=-0.0259, ESS≈7498
[equal-ρ] bracket μ=5.414990, ΔA=-0.0224, ESS≈7496
[equal-ρ] bracket μ=5.414890, ΔA=-0.0189, ESS≈7494
[equal-ρ] bracket μ=5.414790, ΔA=-0.0154, ESS≈7491
[equal-ρ] bracket μ=5.414690, ΔA=-0.0119, ESS≈7489
[equal-ρ] bracket μ=5.414590, ΔA=-0.0084, ESS≈7486
[equal-ρ] bracket μ=5.414490, ΔA=-0.0049, ESS≈7483
[equal-ρ] bracket μ=5.414390, ΔA=-0.0014, ESS≈7480
[equal-ρ] bracket μ=5.414290, ΔA=+0.0022, ESS≈7476
[equal-ρ] bisect μ=5.415090, ΔA=-0.0259, ESS≈7498
[equal-ρ] bisect μ=5.414690, ΔA=-0.0119, ESS≈7489
[equal-ρ] bisect μ=5.414490, ΔA=-0.0049, ESS≈7483
mu* = 5.414490   ESS ≈ 7483
0.5091925383077948


success: True
χ²*    : 0.22048923317876412
θ*     : (0.5371704603531012, 4.359999999999998, 5.42631444585311, 1.0, 0.5711243218244123, 0.07702328017345939)

=== Step: target eps_sp=4.380 (prev=4.360) ===
[μ=5.426314] f=m_dense-m_dilute=+0.1616
[step] μ=5.430314 f=-0.0104
[equal-ρ] μ0=5.430314, ΔA=A_dense-A_dilute=-0.0104, ESS≈7505
[equal-ρ] bracket μ=5.430214, ΔA=-0.0069, ESS≈7505
[equal-ρ] bracket μ=5.430114, ΔA=-0.0033, ESS≈7505
[equal-ρ] bracket μ=5.430014, ΔA=+0.0002, ESS≈7504
[equal-ρ] bisect μ=5.430164, ΔA=-0.0051, ESS≈7505
mu* = 5.430164   ESS ≈ 7505
0.5067381745502998


success: True
χ²*    : 0.08421137442651336
θ*     : (0.5351339468723583, 4.379999999999997, 5.44799744198979, 1.0, 0.5924041319773409, 0.038570284738106246)

=== Step: target eps_sp=4.400 (prev=4.380) ===
[μ=5.447997] f=m_dense-m_dilute=-0.0596
[equal-ρ] μ0=5.447997, ΔA=A_dense-A_dilute=-0.0596, ESS≈7505
[equal-ρ] bracket μ=5.447897, ΔA=-0.0561, ESS≈7505
[equal-ρ] bracket μ=5.447797, ΔA=-0.0526, ESS≈7505
[equal-ρ] bracket μ=5.447697, ΔA=-0.0492, ESS≈7504
[equal-ρ] bracket μ=5.447597, ΔA=-0.0457, ESS≈7503
[equal-ρ] bracket μ=5.447497, ΔA=-0.0422, ESS≈7502
[equal-ρ] bracket μ=5.447397, ΔA=-0.0387, ESS≈7501
[equal-ρ] bracket μ=5.447297, ΔA=-0.0353, ESS≈7500
[equal-ρ] bracket μ=5.447197, ΔA=-0.0318, ESS≈7498
[equal-ρ] bracket μ=5.447097, ΔA=-0.0283, ESS≈7496
[equal-ρ] bracket μ=5.446997, ΔA=-0.0248, ESS≈7494
[equal-ρ] bracket μ=5.446897, ΔA=-0.0214, ESS≈7492
[equal-ρ] bracket μ=5.446797, ΔA=-0.0179, ESS≈7489
[equal-ρ] bracket μ=5.446697, ΔA=-0.0144, ESS≈7486
[equal-ρ] bracket μ=5.446597, ΔA=-0.0109, ESS≈7483
[equal-ρ] bracket μ=5.446497, ΔA=-0.0074, ESS≈7480
[equal-ρ] bracket μ=5.446397, ΔA=-0.0040, ESS≈7477
[equal-ρ] bracket μ=5.446297, ΔA=-0.0005, ESS≈7473
[equal-ρ] bracket μ=5.446197, ΔA=+0.0030, ESS≈7469
[equal-ρ] bisect μ=5.447097, ΔA=-0.0283, ESS≈7496
[equal-ρ] bisect μ=5.446647, ΔA=-0.0127, ESS≈7485
[equal-ρ] bisect μ=5.446422, ΔA=-0.0048, ESS≈7477
mu* = 5.446422   ESS ≈ 7477
0.511035309793471


success: True
χ²*    : 0.2416811376122434
θ*     : (0.5346734159263735, 4.399999999999997, 5.458473921587747, 1.0, 0.6063844787297149, 0.11210612806797507)

=== Step: target eps_sp=4.420 (prev=4.400) ===
[μ=5.458474] f=m_dense-m_dilute=+0.2109
[step] μ=5.462474 f=+0.0899
[equal-ρ] μ0=5.462474, ΔA=A_dense-A_dilute=+0.0899, ESS≈7505
[equal-ρ] bracket μ=5.462574, ΔA=+0.0865, ESS≈7505
[equal-ρ] bracket μ=5.462674, ΔA=+0.0830, ESS≈7505
[equal-ρ] bracket μ=5.462774, ΔA=+0.0795, ESS≈7504
[equal-ρ] bracket μ=5.462874, ΔA=+0.0760, ESS≈7503
[equal-ρ] bracket μ=5.462974, ΔA=+0.0725, ESS≈7502
[equal-ρ] bracket μ=5.463074, ΔA=+0.0690, ESS≈7501
[equal-ρ] bracket μ=5.463174, ΔA=+0.0655, ESS≈7499
[equal-ρ] bracket μ=5.463274, ΔA=+0.0620, ESS≈7498
[equal-ρ] bracket μ=5.463374, ΔA=+0.0585, ESS≈7496
[equal-ρ] bracket μ=5.463474, ΔA=+0.0550, ESS≈7494
[equal-ρ] bracket μ=5.463574, ΔA=+0.0515, ESS≈7491
[equal-ρ] bracket μ=5.463674, ΔA=+0.0480, ESS≈7489
[equal-ρ] bracket μ=5.463774, ΔA=+0.0445, ESS≈7486
[equal-ρ] bracket μ=5.463874, ΔA=+0.0409, ESS≈7483
[equal-ρ] bracket μ=5.463974, ΔA=+0.0374, ESS≈7480
[equal-ρ] bracket μ=5.464074, ΔA=+0.0339, ESS≈7476
[equal-ρ] bracket μ=5.464174, ΔA=+0.0304, ESS≈7473
[equal-ρ] bracket μ=5.464274, ΔA=+0.0269, ESS≈7469
[equal-ρ] bracket μ=5.464374, ΔA=+0.0234, ESS≈7464
[equal-ρ] bracket μ=5.464474, ΔA=+0.0199, ESS≈7460
mu* = 5.464474   ESS ≈ 7460
0.5159720186542305


success: True
χ²*    : 0.21901403735908348
θ*     : (0.5356747504468805, 4.419999999999996, 5.4796302525747596, 1.0, 1.0279818443924218, 0.30396841629646226)

=== Step: target eps_sp=4.440 (prev=4.420) ===
[μ=5.479630] f=m_dense-m_dilute=+0.2818
[step] μ=5.483630 f=+0.1544
[step] μ=5.487630 f=+0.0029
[equal-ρ] μ0=5.487630, ΔA=A_dense-A_dilute=+0.0029, ESS≈7505
mu* = 5.487630   ESS ≈ 7505
0.5132378414390407


success: True
χ²*    : 0.18961985328275532
θ*     : (0.528767460021308, 4.439999999999996, 5.496671257262852, 1.0, 0.8375668690294978, 0.18274335973939224)

=== Step: target eps_sp=4.460 (prev=4.440) ===
[μ=5.496671] f=m_dense-m_dilute=-0.0826
[equal-ρ] μ0=5.496671, ΔA=A_dense-A_dilute=-0.0826, ESS≈7505
[equal-ρ] bracket μ=5.496571, ΔA=-0.0791, ESS≈7505
[equal-ρ] bracket μ=5.496471, ΔA=-0.0757, ESS≈7505
[equal-ρ] bracket μ=5.496371, ΔA=-0.0722, ESS≈7504
[equal-ρ] bracket μ=5.496271, ΔA=-0.0687, ESS≈7503
[equal-ρ] bracket μ=5.496171, ΔA=-0.0652, ESS≈7502
[equal-ρ] bracket μ=5.496071, ΔA=-0.0617, ESS≈7501
[equal-ρ] bracket μ=5.495971, ΔA=-0.0582, ESS≈7500
[equal-ρ] bracket μ=5.495871, ΔA=-0.0547, ESS≈7498
[equal-ρ] bracket μ=5.495771, ΔA=-0.0512, ESS≈7496
[equal-ρ] bracket μ=5.495671, ΔA=-0.0477, ESS≈7494
[equal-ρ] bracket μ=5.495571, ΔA=-0.0443, ESS≈7491
[equal-ρ] bracket μ=5.495471, ΔA=-0.0408, ESS≈7489
[equal-ρ] bracket μ=5.495371, ΔA=-0.0373, ESS≈7486
[equal-ρ] bracket μ=5.495271, ΔA=-0.0338, ESS≈7483
[equal-ρ] bracket μ=5.495171, ΔA=-0.0303, ESS≈7480
[equal-ρ] bracket μ=5.495071, ΔA=-0.0268, ESS≈7476
[equal-ρ] bracket μ=5.494971, ΔA=-0.0233, ESS≈7473
[equal-ρ] bracket μ=5.494871, ΔA=-0.0197, ESS≈7469
[equal-ρ] bracket μ=5.494771, ΔA=-0.0162, ESS≈7464
[equal-ρ] bracket μ=5.494671, ΔA=-0.0127, ESS≈7460
mu* = 5.494671   ESS ≈ 7460
0.5057508327781479


success: False
χ²*    : 0.09830529428146076
θ*     : (0.5174620207601877, 4.4599999999999955, 5.5042122846134145, 1.0, 0.5961446391698696, 0.03063956456170534)

=== Step: target eps_sp=4.480 (prev=4.460) ===
[μ=5.504212] f=m_dense-m_dilute=-0.4262
[step] μ=5.500212 f=-0.3255
[step] μ=5.496212 f=-0.1651
[step] μ=5.492212 f=-0.0517
[equal-ρ] μ0=5.492212, ΔA=A_dense-A_dilute=-0.0517, ESS≈7505
[equal-ρ] bracket μ=5.492112, ΔA=-0.0483, ESS≈7505
[equal-ρ] bracket μ=5.492012, ΔA=-0.0448, ESS≈7505
[equal-ρ] bracket μ=5.491912, ΔA=-0.0414, ESS≈7504
[equal-ρ] bracket μ=5.491812, ΔA=-0.0380, ESS≈7503
[equal-ρ] bracket μ=5.491712, ΔA=-0.0345, ESS≈7502
[equal-ρ] bracket μ=5.491612, ΔA=-0.0311, ESS≈7501
[equal-ρ] bracket μ=5.491512, ΔA=-0.0277, ESS≈7500
[equal-ρ] bracket μ=5.491412, ΔA=-0.0242, ESS≈7498
[equal-ρ] bracket μ=5.491312, ΔA=-0.0208, ESS≈7496
[equal-ρ] bracket μ=5.491212, ΔA=-0.0174, ESS≈7494
[equal-ρ] bracket μ=5.491112, ΔA=-0.0139, ESS≈7492
[equal-ρ] bracket μ=5.491012, ΔA=-0.0105, ESS≈7489
[equal-ρ] bracket μ=5.490912, ΔA=-0.0070, ESS≈7487
[equal-ρ] bracket μ=5.490812, ΔA=-0.0036, ESS≈7484
[equal-ρ] bracket μ=5.490712, ΔA=-0.0001, ESS≈7480
[equal-ρ] bracket μ=5.490612, ΔA=+0.0033, ESS≈7477
[equal-ρ] bisect μ=5.491412, ΔA=-0.0242, ESS≈7498
[equal-ρ] bisect μ=5.491012, ΔA=-0.0105, ESS≈7489
[equal-ρ] bisect μ=5.490812, ΔA=-0.0036, ESS≈7484
mu* = 5.490812   ESS ≈ 7484
0.5072258494337109


success: True
χ²*    : 0.2650380481096915
θ*     : (0.5121380779379437, 4.479999999999995, 5.497376668733713, 1.0, 0.5322135403999624, 0.07770205350871592)

=== Step: target eps_sp=4.500 (prev=4.480) ===
[μ=5.497377] f=m_dense-m_dilute=+0.0902
[equal-ρ] μ0=5.497377, ΔA=A_dense-A_dilute=+0.0902, ESS≈7505
[equal-ρ] bracket μ=5.497477, ΔA=+0.0868, ESS≈7505
[equal-ρ] bracket μ=5.497577, ΔA=+0.0834, ESS≈7505
[equal-ρ] bracket μ=5.497677, ΔA=+0.0800, ESS≈7504
[equal-ρ] bracket μ=5.497777, ΔA=+0.0766, ESS≈7503
[equal-ρ] bracket μ=5.497877, ΔA=+0.0732, ESS≈7502
[equal-ρ] bracket μ=5.497977, ΔA=+0.0698, ESS≈7501
[equal-ρ] bracket μ=5.498077, ΔA=+0.0664, ESS≈7500
[equal-ρ] bracket μ=5.498177, ΔA=+0.0630, ESS≈7498
[equal-ρ] bracket μ=5.498277, ΔA=+0.0596, ESS≈7496
[equal-ρ] bracket μ=5.498377, ΔA=+0.0562, ESS≈7494
[equal-ρ] bracket μ=5.498477, ΔA=+0.0528, ESS≈7492
[equal-ρ] bracket μ=5.498577, ΔA=+0.0493, ESS≈7489
[equal-ρ] bracket μ=5.498677, ΔA=+0.0459, ESS≈7487
[equal-ρ] bracket μ=5.498777, ΔA=+0.0425, ESS≈7484
[equal-ρ] bracket μ=5.498877, ΔA=+0.0391, ESS≈7481
[equal-ρ] bracket μ=5.498977, ΔA=+0.0357, ESS≈7477
[equal-ρ] bracket μ=5.499077, ΔA=+0.0323, ESS≈7474
[equal-ρ] bracket μ=5.499177, ΔA=+0.0289, ESS≈7470
[equal-ρ] bracket μ=5.499277, ΔA=+0.0254, ESS≈7466
[equal-ρ] bracket μ=5.499377, ΔA=+0.0220, ESS≈7462
mu* = 5.499377   ESS ≈ 7462
0.5183850766155896


success: True
χ²*    : 0.1027679381885842
θ*     : (0.5064382290053642, 4.499999999999995, 5.513016448246263, 1.0, 1.6325810356991786, 0.4652960503014087)

=== Step: target eps_sp=4.520 (prev=4.500) ===
[μ=5.513016] f=m_dense-m_dilute=-0.1595
[step] μ=5.509016 f=-0.0156
[equal-ρ] μ0=5.509016, ΔA=A_dense-A_dilute=-0.0156, ESS≈7505
[equal-ρ] bracket μ=5.508916, ΔA=-0.0122, ESS≈7505
[equal-ρ] bracket μ=5.508816, ΔA=-0.0088, ESS≈7505
[equal-ρ] bracket μ=5.508716, ΔA=-0.0055, ESS≈7504
[equal-ρ] bracket μ=5.508616, ΔA=-0.0021, ESS≈7503
[equal-ρ] bracket μ=5.508516, ΔA=+0.0013, ESS≈7502
[equal-ρ] bisect μ=5.508766, ΔA=-0.0072, ESS≈7504
mu* = 5.508766   ESS ≈ 7504
0.5075589606928714


success: False
χ²*    : 0.10613789385181603
θ*     : (0.4976324526775756, 4.519999999999994, 5.520434968002966, 1.0, 0.7206771290987107, 0.08334751764301482)

=== Step: target eps_sp=4.540 (prev=4.520) ===
[μ=5.520435] f=m_dense-m_dilute=-0.2995
[step] μ=5.516435 f=-0.1805
[step] μ=5.512435 f=-0.0502
[equal-ρ] μ0=5.512435, ΔA=A_dense-A_dilute=-0.0502, ESS≈7505
[equal-ρ] bracket μ=5.512335, ΔA=-0.0469, ESS≈7505
[equal-ρ] bracket μ=5.512235, ΔA=-0.0436, ESS≈7505
[equal-ρ] bracket μ=5.512135, ΔA=-0.0402, ESS≈7504
[equal-ρ] bracket μ=5.512035, ΔA=-0.0369, ESS≈7503
[equal-ρ] bracket μ=5.511935, ΔA=-0.0336, ESS≈7502
[equal-ρ] bracket μ=5.511835, ΔA=-0.0302, ESS≈7501
[equal-ρ] bracket μ=5.511735, ΔA=-0.0269, ESS≈7500
[equal-ρ] bracket μ=5.511635, ΔA=-0.0235, ESS≈7498
[equal-ρ] bracket μ=5.511535, ΔA=-0.0202, ESS≈7496
[equal-ρ] bracket μ=5.511435, ΔA=-0.0169, ESS≈7494
[equal-ρ] bracket μ=5.511335, ΔA=-0.0135, ESS≈7492
[equal-ρ] bracket μ=5.511235, ΔA=-0.0102, ESS≈7490
[equal-ρ] bracket μ=5.511135, ΔA=-0.0068, ESS≈7487
[equal-ρ] bracket μ=5.511035, ΔA=-0.0035, ESS≈7484
[equal-ρ] bracket μ=5.510935, ΔA=-0.0001, ESS≈7481
[equal-ρ] bracket μ=5.510835, ΔA=+0.0032, ESS≈7478
[equal-ρ] bisect μ=5.511635, ΔA=-0.0235, ESS≈7498
[equal-ρ] bisect μ=5.511235, ΔA=-0.0102, ESS≈7490
[equal-ρ] bisect μ=5.511035, ΔA=-0.0035, ESS≈7484
mu* = 5.511035   ESS ≈ 7484
0.509128580946036


success: True
χ²*    : 0.25558463174690577
θ*     : (0.4931133781519247, 4.539999999999994, 5.516400630423536, 1.0, 0.5243596018442414, 0.08822245742180616)

=== Step: target eps_sp=4.560 (prev=4.540) ===
[μ=5.516401] f=m_dense-m_dilute=+0.1896
[step] μ=5.520401 f=+0.0689
[equal-ρ] μ0=5.520401, ΔA=A_dense-A_dilute=+0.0689, ESS≈7505
[equal-ρ] bracket μ=5.520501, ΔA=+0.0656, ESS≈7505
[equal-ρ] bracket μ=5.520601, ΔA=+0.0623, ESS≈7505
[equal-ρ] bracket μ=5.520701, ΔA=+0.0590, ESS≈7504
[equal-ρ] bracket μ=5.520801, ΔA=+0.0557, ESS≈7503
[equal-ρ] bracket μ=5.520901, ΔA=+0.0524, ESS≈7502
[equal-ρ] bracket μ=5.521001, ΔA=+0.0491, ESS≈7501
[equal-ρ] bracket μ=5.521101, ΔA=+0.0458, ESS≈7500
[equal-ρ] bracket μ=5.521201, ΔA=+0.0425, ESS≈7498
[equal-ρ] bracket μ=5.521301, ΔA=+0.0392, ESS≈7497
[equal-ρ] bracket μ=5.521401, ΔA=+0.0360, ESS≈7495
[equal-ρ] bracket μ=5.521501, ΔA=+0.0327, ESS≈7492
[equal-ρ] bracket μ=5.521601, ΔA=+0.0294, ESS≈7490
[equal-ρ] bracket μ=5.521701, ΔA=+0.0261, ESS≈7488
[equal-ρ] bracket μ=5.521801, ΔA=+0.0228, ESS≈7485
[equal-ρ] bracket μ=5.521901, ΔA=+0.0195, ESS≈7482
[equal-ρ] bracket μ=5.522001, ΔA=+0.0162, ESS≈7479
[equal-ρ] bracket μ=5.522101, ΔA=+0.0129, ESS≈7475
[equal-ρ] bracket μ=5.522201, ΔA=+0.0096, ESS≈7472
[equal-ρ] bracket μ=5.522301, ΔA=+0.0063, ESS≈7468
[equal-ρ] bracket μ=5.522401, ΔA=+0.0030, ESS≈7464
mu* = 5.522401   ESS ≈ 7464
0.5098520986009326


success: True
χ²*    : 0.23869620366737704
θ*     : (0.4890117674709791, 4.559999999999993, 5.529416909220165, 1.0, 0.5951764415159317, 0.1123055036730335)

=== Step: target eps_sp=4.580 (prev=4.560) ===
[μ=5.529417] f=m_dense-m_dilute=+0.1190
[step] μ=5.533417 f=+0.0357
[equal-ρ] μ0=5.533417, ΔA=A_dense-A_dilute=+0.0357, ESS≈7505
[equal-ρ] bracket μ=5.533517, ΔA=+0.0324, ESS≈7505
[equal-ρ] bracket μ=5.533617, ΔA=+0.0291, ESS≈7505
[equal-ρ] bracket μ=5.533717, ΔA=+0.0257, ESS≈7504
[equal-ρ] bracket μ=5.533817, ΔA=+0.0224, ESS≈7503
[equal-ρ] bracket μ=5.533917, ΔA=+0.0191, ESS≈7502
[equal-ρ] bracket μ=5.534017, ΔA=+0.0158, ESS≈7501
[equal-ρ] bracket μ=5.534117, ΔA=+0.0124, ESS≈7500
[equal-ρ] bracket μ=5.534217, ΔA=+0.0091, ESS≈7498
[equal-ρ] bracket μ=5.534317, ΔA=+0.0058, ESS≈7497
[equal-ρ] bracket μ=5.534417, ΔA=+0.0024, ESS≈7495
[equal-ρ] bracket μ=5.534517, ΔA=-0.0009, ESS≈7492
[equal-ρ] bisect μ=5.533967, ΔA=+0.0174, ESS≈7502
[equal-ρ] bisect μ=5.534242, ΔA=+0.0083, ESS≈7498
mu* = 5.534242   ESS ≈ 7498
0.506014656895403


success: True
χ²*    : 0.17189896177281722
θ*     : (0.4825636312865878, 4.579999999999993, 5.542576975929392, 1.0, 0.5118248192071679, 0.03798861789314706)

=== Step: target eps_sp=4.600 (prev=4.580) ===
[μ=5.542577] f=m_dense-m_dilute=-0.0790
[equal-ρ] μ0=5.542577, ΔA=A_dense-A_dilute=-0.0790, ESS≈7505
[equal-ρ] bracket μ=5.542477, ΔA=-0.0758, ESS≈7505
[equal-ρ] bracket μ=5.542377, ΔA=-0.0726, ESS≈7505
[equal-ρ] bracket μ=5.542277, ΔA=-0.0694, ESS≈7504
[equal-ρ] bracket μ=5.542177, ΔA=-0.0662, ESS≈7503
[equal-ρ] bracket μ=5.542077, ΔA=-0.0630, ESS≈7502
[equal-ρ] bracket μ=5.541977, ΔA=-0.0597, ESS≈7501
[equal-ρ] bracket μ=5.541877, ΔA=-0.0565, ESS≈7500
[equal-ρ] bracket μ=5.541777, ΔA=-0.0533, ESS≈7499
[equal-ρ] bracket μ=5.541677, ΔA=-0.0501, ESS≈7497
[equal-ρ] bracket μ=5.541577, ΔA=-0.0469, ESS≈7495
[equal-ρ] bracket μ=5.541477, ΔA=-0.0436, ESS≈7493
[equal-ρ] bracket μ=5.541377, ΔA=-0.0404, ESS≈7491
[equal-ρ] bracket μ=5.541277, ΔA=-0.0372, ESS≈7488
[equal-ρ] bracket μ=5.541177, ΔA=-0.0340, ESS≈7485
[equal-ρ] bracket μ=5.541077, ΔA=-0.0307, ESS≈7482
[equal-ρ] bracket μ=5.540977, ΔA=-0.0275, ESS≈7479
[equal-ρ] bracket μ=5.540877, ΔA=-0.0243, ESS≈7476
[equal-ρ] bracket μ=5.540777, ΔA=-0.0210, ESS≈7472
[equal-ρ] bracket μ=5.540677, ΔA=-0.0178, ESS≈7469
[equal-ρ] bracket μ=5.540577, ΔA=-0.0146, ESS≈7465
mu* = 5.540577   ESS ≈ 7465
0.4998654230512991


success: False
χ²*    : 0.23851868656681624
θ*     : (0.48456107692138295, 4.5999999999999925, 5.5513612176897285, 1.0, 0.33850082158092965, -0.010856573742678323)

=== Step: target eps_sp=4.620 (prev=4.600) ===
[μ=5.551361] f=m_dense-m_dilute=+0.4281
[step] μ=5.555361 f=+0.3099
[step] μ=5.559361 f=+0.1951
[step] μ=5.563361 f=+0.0456
[equal-ρ] μ0=5.563361, ΔA=A_dense-A_dilute=+0.0456, ESS≈7505
[equal-ρ] bracket μ=5.563461, ΔA=+0.0423, ESS≈7505
[equal-ρ] bracket μ=5.563561, ΔA=+0.0390, ESS≈7505
[equal-ρ] bracket μ=5.563661, ΔA=+0.0357, ESS≈7504
[equal-ρ] bracket μ=5.563761, ΔA=+0.0324, ESS≈7503
[equal-ρ] bracket μ=5.563861, ΔA=+0.0292, ESS≈7502
[equal-ρ] bracket μ=5.563961, ΔA=+0.0259, ESS≈7501
[equal-ρ] bracket μ=5.564061, ΔA=+0.0226, ESS≈7500
[equal-ρ] bracket μ=5.564161, ΔA=+0.0193, ESS≈7498
[equal-ρ] bracket μ=5.564261, ΔA=+0.0160, ESS≈7497
[equal-ρ] bracket μ=5.564361, ΔA=+0.0127, ESS≈7495
[equal-ρ] bracket μ=5.564461, ΔA=+0.0094, ESS≈7493
[equal-ρ] bracket μ=5.564561, ΔA=+0.0062, ESS≈7490
[equal-ρ] bracket μ=5.564661, ΔA=+0.0029, ESS≈7488
[equal-ρ] bracket μ=5.564761, ΔA=-0.0004, ESS≈7485
[equal-ρ] bisect μ=5.564061, ΔA=+0.0226, ESS≈7500
[equal-ρ] bisect μ=5.564411, ΔA=+0.0111, ESS≈7494
[equal-ρ] bisect μ=5.564586, ΔA=+0.0053, ESS≈7490
mu* = 5.564586   ESS ≈ 7490
0.5114390406395736


success: True
χ²*    : 0.1272619757841108
θ*     : (0.4836159472968151, 4.619999999999992, 5.584224007165836, 1.0, 0.9287074345687162, 0.16421790850243173)

=== Step: target eps_sp=4.640 (prev=4.620) ===
[μ=5.584224] f=m_dense-m_dilute=-0.0076
[equal-ρ] μ0=5.584224, ΔA=A_dense-A_dilute=-0.0076, ESS≈7505
mu* = 5.584224   ESS ≈ 7505
0.5037121918720853


success: True
χ²*    : 0.2513395291388392
θ*     : (0.4801997400898758, 4.639999999999992, 5.589207015605355, 1.0, 0.3701708336484672, 0.0104446640649174)

=== Step: target eps_sp=4.660 (prev=4.640) ===
[μ=5.589207] f=m_dense-m_dilute=+0.2710
[step] μ=5.593207 f=+0.1205
[step] μ=5.597207 f=-0.0240
[equal-ρ] μ0=5.597207, ΔA=A_dense-A_dilute=-0.0240, ESS≈7505
[equal-ρ] bracket μ=5.597107, ΔA=-0.0207, ESS≈7505
[equal-ρ] bracket μ=5.597007, ΔA=-0.0174, ESS≈7505
[equal-ρ] bracket μ=5.596907, ΔA=-0.0141, ESS≈7504
[equal-ρ] bracket μ=5.596807, ΔA=-0.0108, ESS≈7503
[equal-ρ] bracket μ=5.596707, ΔA=-0.0075, ESS≈7502
[equal-ρ] bracket μ=5.596607, ΔA=-0.0042, ESS≈7501
[equal-ρ] bracket μ=5.596507, ΔA=-0.0009, ESS≈7500
[equal-ρ] bracket μ=5.596407, ΔA=+0.0024, ESS≈7498
[equal-ρ] bisect μ=5.596807, ΔA=-0.0108, ESS≈7503
[equal-ρ] bisect μ=5.596607, ΔA=-0.0042, ESS≈7501
mu* = 5.596607   ESS ≈ 7501
0.5067221852098601


success: True
χ²*    : 0.22139161738655389
θ*     : (0.47740624811338067, 4.659999999999991, 5.605519824857025, 1.0, 0.5159594454513763, 0.06393459006256828)

=== Step: target eps_sp=4.680 (prev=4.660) ===
[μ=5.605520] f=m_dense-m_dilute=+0.1937
[step] μ=5.609520 f=+0.0402
[equal-ρ] μ0=5.609520, ΔA=A_dense-A_dilute=+0.0402, ESS≈7505
[equal-ρ] bracket μ=5.609620, ΔA=+0.0370, ESS≈7505
[equal-ρ] bracket μ=5.609720, ΔA=+0.0337, ESS≈7505
[equal-ρ] bracket μ=5.609820, ΔA=+0.0305, ESS≈7504
[equal-ρ] bracket μ=5.609920, ΔA=+0.0272, ESS≈7503
[equal-ρ] bracket μ=5.610020, ΔA=+0.0240, ESS≈7502
[equal-ρ] bracket μ=5.610120, ΔA=+0.0207, ESS≈7501
[equal-ρ] bracket μ=5.610220, ΔA=+0.0175, ESS≈7500
[equal-ρ] bracket μ=5.610320, ΔA=+0.0142, ESS≈7498
[equal-ρ] bracket μ=5.610420, ΔA=+0.0110, ESS≈7497
[equal-ρ] bracket μ=5.610520, ΔA=+0.0077, ESS≈7495
[equal-ρ] bracket μ=5.610620, ΔA=+0.0045, ESS≈7493
[equal-ρ] bracket μ=5.610720, ΔA=+0.0012, ESS≈7490
[equal-ρ] bracket μ=5.610820, ΔA=-0.0020, ESS≈7488
[equal-ρ] bisect μ=5.610170, ΔA=+0.0191, ESS≈7501
[equal-ρ] bisect μ=5.610495, ΔA=+0.0086, ESS≈7495
mu* = 5.610495   ESS ≈ 7495
0.5115296469020654


success: True
χ²*    : 0.13324419141253088
θ*     : (0.4686670482865027, 4.679999999999991, 5.623370995936672, 1.0, 1.0043000856374436, 0.17826082019128398)

=== Step: target eps_sp=4.700 (prev=4.680) ===
[μ=5.623371] f=m_dense-m_dilute=-0.3094
[step] μ=5.619371 f=-0.1881
[step] μ=5.615371 f=-0.0736
[equal-ρ] μ0=5.615371, ΔA=A_dense-A_dilute=-0.0736, ESS≈7505
[equal-ρ] bracket μ=5.615271, ΔA=-0.0704, ESS≈7505
[equal-ρ] bracket μ=5.615171, ΔA=-0.0672, ESS≈7505
[equal-ρ] bracket μ=5.615071, ΔA=-0.0640, ESS≈7504
[equal-ρ] bracket μ=5.614971, ΔA=-0.0608, ESS≈7503
[equal-ρ] bracket μ=5.614871, ΔA=-0.0576, ESS≈7503
[equal-ρ] bracket μ=5.614771, ΔA=-0.0545, ESS≈7501
[equal-ρ] bracket μ=5.614671, ΔA=-0.0513, ESS≈7500
[equal-ρ] bracket μ=5.614571, ΔA=-0.0481, ESS≈7499
[equal-ρ] bracket μ=5.614471, ΔA=-0.0449, ESS≈7497
[equal-ρ] bracket μ=5.614371, ΔA=-0.0417, ESS≈7495
[equal-ρ] bracket μ=5.614271, ΔA=-0.0385, ESS≈7493
[equal-ρ] bracket μ=5.614171, ΔA=-0.0353, ESS≈7491
[equal-ρ] bracket μ=5.614071, ΔA=-0.0321, ESS≈7488
[equal-ρ] bracket μ=5.613971, ΔA=-0.0289, ESS≈7486
[equal-ρ] bracket μ=5.613871, ΔA=-0.0257, ESS≈7483
[equal-ρ] bracket μ=5.613771, ΔA=-0.0225, ESS≈7480
[equal-ρ] bracket μ=5.613671, ΔA=-0.0193, ESS≈7476
[equal-ρ] bracket μ=5.613571, ΔA=-0.0161, ESS≈7473
[equal-ρ] bracket μ=5.613471, ΔA=-0.0129, ESS≈7469
[equal-ρ] bracket μ=5.613371, ΔA=-0.0097, ESS≈7465
mu* = 5.613371   ESS ≈ 7465
0.508815456362425


success: False
χ²*    : 0.23458125946972766
θ*     : (0.46506140529674034, 4.69999999999999, 5.620330066322832, 1.0, -0.04453712502188168, -0.23106816545075823)

=== Step: target eps_sp=4.720 (prev=4.700) ===
[μ=5.620330] f=m_dense-m_dilute=+0.2033
[step] μ=5.624330 f=+0.0468
[equal-ρ] μ0=5.624330, ΔA=A_dense-A_dilute=+0.0468, ESS≈7505
[equal-ρ] bracket μ=5.624430, ΔA=+0.0436, ESS≈7505
[equal-ρ] bracket μ=5.624530, ΔA=+0.0403, ESS≈7505
[equal-ρ] bracket μ=5.624630, ΔA=+0.0371, ESS≈7504
[equal-ρ] bracket μ=5.624730, ΔA=+0.0339, ESS≈7503
[equal-ρ] bracket μ=5.624830, ΔA=+0.0307, ESS≈7502
[equal-ρ] bracket μ=5.624930, ΔA=+0.0275, ESS≈7501
[equal-ρ] bracket μ=5.625030, ΔA=+0.0243, ESS≈7500
[equal-ρ] bracket μ=5.625130, ΔA=+0.0211, ESS≈7499
[equal-ρ] bracket μ=5.625230, ΔA=+0.0179, ESS≈7497
[equal-ρ] bracket μ=5.625330, ΔA=+0.0147, ESS≈7495
[equal-ρ] bracket μ=5.625430, ΔA=+0.0114, ESS≈7493
[equal-ρ] bracket μ=5.625530, ΔA=+0.0082, ESS≈7491
[equal-ρ] bracket μ=5.625630, ΔA=+0.0050, ESS≈7488
[equal-ρ] bracket μ=5.625730, ΔA=+0.0018, ESS≈7485
[equal-ρ] bracket μ=5.625830, ΔA=-0.0014, ESS≈7483
[equal-ρ] bisect μ=5.625080, ΔA=+0.0227, ESS≈7499
[equal-ρ] bisect μ=5.625455, ΔA=+0.0106, ESS≈7492
[equal-ρ] bisect μ=5.625643, ΔA=+0.0046, ESS≈7488
mu* = 5.625643   ESS ≈ 7488
0.5101718854097269


success: True
χ²*    : 0.14361418443216145
θ*     : (0.4564549751023986, 4.71999999999999, 5.638886788998919, 1.0, 0.8526562111864144, 0.11915068399277044)

=== Step: target eps_sp=4.740 (prev=4.720) ===
[μ=5.638887] f=m_dense-m_dilute=-0.3021
[step] μ=5.634887 f=-0.1759
[step] μ=5.630887 f=-0.0418
[equal-ρ] μ0=5.630887, ΔA=A_dense-A_dilute=-0.0418, ESS≈7505
[equal-ρ] bracket μ=5.630787, ΔA=-0.0387, ESS≈7505
[equal-ρ] bracket μ=5.630687, ΔA=-0.0356, ESS≈7505
[equal-ρ] bracket μ=5.630587, ΔA=-0.0324, ESS≈7504
[equal-ρ] bracket μ=5.630487, ΔA=-0.0293, ESS≈7503
[equal-ρ] bracket μ=5.630387, ΔA=-0.0262, ESS≈7503
[equal-ρ] bracket μ=5.630287, ΔA=-0.0230, ESS≈7502
[equal-ρ] bracket μ=5.630187, ΔA=-0.0199, ESS≈7500
[equal-ρ] bracket μ=5.630087, ΔA=-0.0168, ESS≈7499
[equal-ρ] bracket μ=5.629987, ΔA=-0.0136, ESS≈7497
[equal-ρ] bracket μ=5.629887, ΔA=-0.0105, ESS≈7495
[equal-ρ] bracket μ=5.629787, ΔA=-0.0073, ESS≈7493
[equal-ρ] bracket μ=5.629687, ΔA=-0.0042, ESS≈7491
[equal-ρ] bracket μ=5.629587, ΔA=-0.0010, ESS≈7489
[equal-ρ] bracket μ=5.629487, ΔA=+0.0021, ESS≈7486
[equal-ρ] bisect μ=5.630187, ΔA=-0.0199, ESS≈7500
[equal-ρ] bisect μ=5.629837, ΔA=-0.0089, ESS≈7494
mu* = 5.629837   ESS ≈ 7494
0.5018814123917388


success: True
χ²*    : 0.25767787725589664
θ*     : (0.45374855299429473, 4.7399999999999896, 5.633737478225615, 1.0, 0.3495385808826189, 0.006121919635282489)

=== Step: target eps_sp=4.760 (prev=4.740) ===
[μ=5.633737] f=m_dense-m_dilute=+0.2722
[step] μ=5.637737 f=+0.1895
[step] μ=5.641737 f=+0.0550
[equal-ρ] μ0=5.641737, ΔA=A_dense-A_dilute=+0.0550, ESS≈7505
[equal-ρ] bracket μ=5.641837, ΔA=+0.0520, ESS≈7505
[equal-ρ] bracket μ=5.641937, ΔA=+0.0489, ESS≈7505
[equal-ρ] bracket μ=5.642037, ΔA=+0.0458, ESS≈7504
[equal-ρ] bracket μ=5.642137, ΔA=+0.0427, ESS≈7503
[equal-ρ] bracket μ=5.642237, ΔA=+0.0397, ESS≈7503
[equal-ρ] bracket μ=5.642337, ΔA=+0.0366, ESS≈7502
[equal-ρ] bracket μ=5.642437, ΔA=+0.0335, ESS≈7500
[equal-ρ] bracket μ=5.642537, ΔA=+0.0305, ESS≈7499
[equal-ρ] bracket μ=5.642637, ΔA=+0.0274, ESS≈7497
[equal-ρ] bracket μ=5.642737, ΔA=+0.0243, ESS≈7496
[equal-ρ] bracket μ=5.642837, ΔA=+0.0212, ESS≈7494
[equal-ρ] bracket μ=5.642937, ΔA=+0.0182, ESS≈7491
[equal-ρ] bracket μ=5.643037, ΔA=+0.0151, ESS≈7489
[equal-ρ] bracket μ=5.643137, ΔA=+0.0120, ESS≈7487
[equal-ρ] bracket μ=5.643237, ΔA=+0.0089, ESS≈7484
[equal-ρ] bracket μ=5.643337, ΔA=+0.0059, ESS≈7481
[equal-ρ] bracket μ=5.643437, ΔA=+0.0028, ESS≈7478
[equal-ρ] bracket μ=5.643537, ΔA=-0.0003, ESS≈7475
[equal-ρ] bisect μ=5.642637, ΔA=+0.0274, ESS≈7497
[equal-ρ] bisect μ=5.643087, ΔA=+0.0136, ESS≈7488
[equal-ρ] bisect μ=5.643312, ΔA=+0.0066, ESS≈7482
mu* = 5.643312   ESS ≈ 7482
0.5078614257161892


success: True
χ²*    : 0.2487429186867031
θ*     : (0.4510985142716815, 4.759999999999989, 5.646717431856308, 1.0, 0.4889694264212451, 0.08848091227590613)

=== Step: target eps_sp=4.780 (prev=4.760) ===
[μ=5.646717] f=m_dense-m_dilute=+0.3564
[step] μ=5.650717 f=+0.2366
[step] μ=5.654717 f=+0.1398
[step] μ=5.658717 f=+0.0203
[equal-ρ] μ0=5.658717, ΔA=A_dense-A_dilute=+0.0203, ESS≈7505
[equal-ρ] bracket μ=5.658817, ΔA=+0.0172, ESS≈7505
[equal-ρ] bracket μ=5.658917, ΔA=+0.0141, ESS≈7505
[equal-ρ] bracket μ=5.659017, ΔA=+0.0110, ESS≈7504
[equal-ρ] bracket μ=5.659117, ΔA=+0.0079, ESS≈7503
[equal-ρ] bracket μ=5.659217, ΔA=+0.0048, ESS≈7503
[equal-ρ] bracket μ=5.659317, ΔA=+0.0017, ESS≈7502
[equal-ρ] bracket μ=5.659417, ΔA=-0.0014, ESS≈7500
[equal-ρ] bisect μ=5.659067, ΔA=+0.0094, ESS≈7504
mu* = 5.659067   ESS ≈ 7504
0.5082411725516323


success: False
χ²*    : 0.21757672985512683
θ*     : (0.44784492616518334, 4.779999999999989, 5.66670040163879, 1.0, -0.05126842068271157, -0.23076114324710137)

=== Step: target eps_sp=4.800 (prev=4.780) ===
[μ=5.666700] f=m_dense-m_dilute=+0.1559
[step] μ=5.670700 f=+0.0476
[equal-ρ] μ0=5.670700, ΔA=A_dense-A_dilute=+0.0476, ESS≈7505
[equal-ρ] bracket μ=5.670800, ΔA=+0.0444, ESS≈7505
[equal-ρ] bracket μ=5.670900, ΔA=+0.0413, ESS≈7505
[equal-ρ] bracket μ=5.671000, ΔA=+0.0382, ESS≈7504
[equal-ρ] bracket μ=5.671100, ΔA=+0.0351, ESS≈7503
[equal-ρ] bracket μ=5.671200, ΔA=+0.0319, ESS≈7503
[equal-ρ] bracket μ=5.671300, ΔA=+0.0288, ESS≈7502
[equal-ρ] bracket μ=5.671400, ΔA=+0.0257, ESS≈7500
[equal-ρ] bracket μ=5.671500, ΔA=+0.0226, ESS≈7499
[equal-ρ] bracket μ=5.671600, ΔA=+0.0194, ESS≈7497
[equal-ρ] bracket μ=5.671700, ΔA=+0.0163, ESS≈7495
[equal-ρ] bracket μ=5.671800, ΔA=+0.0132, ESS≈7493
[equal-ρ] bracket μ=5.671900, ΔA=+0.0101, ESS≈7491
[equal-ρ] bracket μ=5.672000, ΔA=+0.0069, ESS≈7489
[equal-ρ] bracket μ=5.672100, ΔA=+0.0038, ESS≈7486
[equal-ρ] bracket μ=5.672200, ΔA=+0.0007, ESS≈7483
[equal-ρ] bracket μ=5.672300, ΔA=-0.0024, ESS≈7481
[equal-ρ] bisect μ=5.671500, ΔA=+0.0226, ESS≈7499
[equal-ρ] bisect μ=5.671900, ΔA=+0.0101, ESS≈7491
[equal-ρ] bisect μ=5.672100, ΔA=+0.0038, ESS≈7486
mu* = 5.672100   ESS ≈ 7486
0.5103011325782811


success: True
χ²*    : 0.268511778481004
θ*     : (0.4455895149983624, 4.799999999999988, 5.674378777689521, 1.0, 0.5468207263117919, 0.13857545007758024)

=== Step: target eps_sp=4.820 (prev=4.800) ===
[μ=5.674379] f=m_dense-m_dilute=+0.3969
[step] μ=5.678379 f=+0.2806
[step] μ=5.682379 f=+0.1578
[step] μ=5.686379 f=+0.0325
[equal-ρ] μ0=5.686379, ΔA=A_dense-A_dilute=+0.0325, ESS≈7505
[equal-ρ] bracket μ=5.686479, ΔA=+0.0294, ESS≈7505
[equal-ρ] bracket μ=5.686579, ΔA=+0.0264, ESS≈7505
[equal-ρ] bracket μ=5.686679, ΔA=+0.0233, ESS≈7504
[equal-ρ] bracket μ=5.686779, ΔA=+0.0202, ESS≈7503
[equal-ρ] bracket μ=5.686879, ΔA=+0.0171, ESS≈7503
[equal-ρ] bracket μ=5.686979, ΔA=+0.0141, ESS≈7502
[equal-ρ] bracket μ=5.687079, ΔA=+0.0110, ESS≈7500
[equal-ρ] bracket μ=5.687179, ΔA=+0.0079, ESS≈7499
[equal-ρ] bracket μ=5.687279, ΔA=+0.0048, ESS≈7497
[equal-ρ] bracket μ=5.687379, ΔA=+0.0017, ESS≈7496
[equal-ρ] bracket μ=5.687479, ΔA=-0.0013, ESS≈7494
[equal-ρ] bisect μ=5.686929, ΔA=+0.0156, ESS≈7502
[equal-ρ] bisect μ=5.687204, ΔA=+0.0071, ESS≈7499
mu* = 5.687204   ESS ≈ 7499
0.5138800799467023


success: True
χ²*    : 0.24014819591799774
θ*     : (0.44336976821562707, 4.819999999999988, 5.692196888236689, 1.0, 0.9486468621875355, 0.3322101388841412)

=== Step: target eps_sp=4.840 (prev=4.820) ===
[μ=5.692197] f=m_dense-m_dilute=+0.3279
[step] μ=5.696197 f=+0.2239
[step] μ=5.700197 f=+0.0977
[equal-ρ] μ0=5.700197, ΔA=A_dense-A_dilute=+0.0977, ESS≈7505
[equal-ρ] bracket μ=5.700297, ΔA=+0.0946, ESS≈7505
[equal-ρ] bracket μ=5.700397, ΔA=+0.0915, ESS≈7505
[equal-ρ] bracket μ=5.700497, ΔA=+0.0884, ESS≈7504
[equal-ρ] bracket μ=5.700597, ΔA=+0.0852, ESS≈7503
[equal-ρ] bracket μ=5.700697, ΔA=+0.0821, ESS≈7503
[equal-ρ] bracket μ=5.700797, ΔA=+0.0790, ESS≈7502
[equal-ρ] bracket μ=5.700897, ΔA=+0.0759, ESS≈7500
[equal-ρ] bracket μ=5.700997, ΔA=+0.0728, ESS≈7499
[equal-ρ] bracket μ=5.701097, ΔA=+0.0697, ESS≈7497
[equal-ρ] bracket μ=5.701197, ΔA=+0.0666, ESS≈7495
[equal-ρ] bracket μ=5.701297, ΔA=+0.0635, ESS≈7493
[equal-ρ] bracket μ=5.701397, ΔA=+0.0603, ESS≈7491
[equal-ρ] bracket μ=5.701497, ΔA=+0.0572, ESS≈7489
[equal-ρ] bracket μ=5.701597, ΔA=+0.0541, ESS≈7486
[equal-ρ] bracket μ=5.701697, ΔA=+0.0510, ESS≈7483
[equal-ρ] bracket μ=5.701797, ΔA=+0.0479, ESS≈7480
[equal-ρ] bracket μ=5.701897, ΔA=+0.0448, ESS≈7477
[equal-ρ] bracket μ=5.701997, ΔA=+0.0416, ESS≈7474
[equal-ρ] bracket μ=5.702097, ΔA=+0.0385, ESS≈7470
[equal-ρ] bracket μ=5.702197, ΔA=+0.0354, ESS≈7467
mu* = 5.702197   ESS ≈ 7467
0.5230632911392405


success: False
χ²*    : 0.24039003543041584
θ*     : (0.44030960133452973, 4.839999999999987, 5.707650611278238, 1.0, 9.781047707248572, 5.0)

=== Step: target eps_sp=4.860 (prev=4.840) ===
[μ=5.707651] f=m_dense-m_dilute=+0.2995
[step] μ=5.711651 f=+0.1540
[step] μ=5.715651 f=+0.0524
[equal-ρ] μ0=5.715651, ΔA=A_dense-A_dilute=+0.0524, ESS≈7505
[equal-ρ] bracket μ=5.715751, ΔA=+0.0493, ESS≈7505
[equal-ρ] bracket μ=5.715851, ΔA=+0.0462, ESS≈7505
[equal-ρ] bracket μ=5.715951, ΔA=+0.0432, ESS≈7504
[equal-ρ] bracket μ=5.716051, ΔA=+0.0401, ESS≈7503
[equal-ρ] bracket μ=5.716151, ΔA=+0.0370, ESS≈7503
[equal-ρ] bracket μ=5.716251, ΔA=+0.0339, ESS≈7502
[equal-ρ] bracket μ=5.716351, ΔA=+0.0309, ESS≈7500
[equal-ρ] bracket μ=5.716451, ΔA=+0.0278, ESS≈7499
[equal-ρ] bracket μ=5.716551, ΔA=+0.0247, ESS≈7497
[equal-ρ] bracket μ=5.716651, ΔA=+0.0216, ESS≈7496
[equal-ρ] bracket μ=5.716751, ΔA=+0.0186, ESS≈7494
[equal-ρ] bracket μ=5.716851, ΔA=+0.0155, ESS≈7491
[equal-ρ] bracket μ=5.716951, ΔA=+0.0124, ESS≈7489
[equal-ρ] bracket μ=5.717051, ΔA=+0.0094, ESS≈7487
[equal-ρ] bracket μ=5.717151, ΔA=+0.0063, ESS≈7484
[equal-ρ] bracket μ=5.717251, ΔA=+0.0032, ESS≈7481
[equal-ρ] bracket μ=5.717351, ΔA=+0.0001, ESS≈7478
[equal-ρ] bracket μ=5.717451, ΔA=-0.0029, ESS≈7475
[equal-ρ] bisect μ=5.716551, ΔA=+0.0247, ESS≈7497
[equal-ρ] bisect μ=5.717001, ΔA=+0.0109, ESS≈7488
[equal-ρ] bisect μ=5.717226, ΔA=+0.0040, ESS≈7482
mu* = 5.717226   ESS ≈ 7482
0.5126662225183211


success: True
χ²*    : 0.23679515410114732
θ*     : (0.43738776121315304, 4.859999999999987, 5.721416863127732, 1.0, 0.8374123877150711, 0.2696229803607451)

=== Step: target eps_sp=4.880 (prev=4.860) ===
[μ=5.721417] f=m_dense-m_dilute=+0.2969
[step] μ=5.725417 f=+0.2083
[step] μ=5.729417 f=+0.0745
[equal-ρ] μ0=5.729417, ΔA=A_dense-A_dilute=+0.0745, ESS≈7505
[equal-ρ] bracket μ=5.729517, ΔA=+0.0714, ESS≈7505
[equal-ρ] bracket μ=5.729617, ΔA=+0.0684, ESS≈7505
[equal-ρ] bracket μ=5.729717, ΔA=+0.0653, ESS≈7504
[equal-ρ] bracket μ=5.729817, ΔA=+0.0622, ESS≈7503
[equal-ρ] bracket μ=5.729917, ΔA=+0.0592, ESS≈7503
[equal-ρ] bracket μ=5.730017, ΔA=+0.0561, ESS≈7502
[equal-ρ] bracket μ=5.730117, ΔA=+0.0530, ESS≈7500
[equal-ρ] bracket μ=5.730217, ΔA=+0.0499, ESS≈7499
[equal-ρ] bracket μ=5.730317, ΔA=+0.0469, ESS≈7497
[equal-ρ] bracket μ=5.730417, ΔA=+0.0438, ESS≈7496
[equal-ρ] bracket μ=5.730517, ΔA=+0.0407, ESS≈7494
[equal-ρ] bracket μ=5.730617, ΔA=+0.0377, ESS≈7491
[equal-ρ] bracket μ=5.730717, ΔA=+0.0346, ESS≈7489
[equal-ρ] bracket μ=5.730817, ΔA=+0.0315, ESS≈7487
[equal-ρ] bracket μ=5.730917, ΔA=+0.0284, ESS≈7484
[equal-ρ] bracket μ=5.731017, ΔA=+0.0254, ESS≈7481
[equal-ρ] bracket μ=5.731117, ΔA=+0.0223, ESS≈7478
[equal-ρ] bracket μ=5.731217, ΔA=+0.0192, ESS≈7475
[equal-ρ] bracket μ=5.731317, ΔA=+0.0162, ESS≈7471
[equal-ρ] bracket μ=5.731417, ΔA=+0.0131, ESS≈7468
mu* = 5.731417   ESS ≈ 7468
0.508942038640906


success: True
χ²*    : 0.16417699994778856
θ*     : (0.42901792248152326, 4.879999999999987, 5.746169605391281, 1.0, 0.8828274451092764, 0.11885645114314625)

=== Step: target eps_sp=4.900 (prev=4.880) ===
[μ=5.746170] f=m_dense-m_dilute=-0.3383
[step] μ=5.742170 f=-0.2306
[step] μ=5.738170 f=-0.1075
[step] μ=5.734170 f=+0.0223
[equal-ρ] μ0=5.734170, ΔA=A_dense-A_dilute=+0.0223, ESS≈7505
[equal-ρ] bracket μ=5.734270, ΔA=+0.0192, ESS≈7505
[equal-ρ] bracket μ=5.734370, ΔA=+0.0162, ESS≈7505
[equal-ρ] bracket μ=5.734470, ΔA=+0.0131, ESS≈7504
[equal-ρ] bracket μ=5.734570, ΔA=+0.0101, ESS≈7504
[equal-ρ] bracket μ=5.734670, ΔA=+0.0070, ESS≈7503
[equal-ρ] bracket μ=5.734770, ΔA=+0.0040, ESS≈7502
[equal-ρ] bracket μ=5.734870, ΔA=+0.0009, ESS≈7500
[equal-ρ] bracket μ=5.734970, ΔA=-0.0021, ESS≈7499
[equal-ρ] bisect μ=5.734570, ΔA=+0.0101, ESS≈7504
[equal-ρ] bisect μ=5.734770, ΔA=+0.0040, ESS≈7502
mu* = 5.734770   ESS ≈ 7502
0.502838107928048


success: True
χ²*    : 0.23770504257966024
θ*     : (0.4264020499065679, 4.899999999999986, 5.738281732252276, 1.0, 0.3683794186315194, 0.015491306636464416)

=== Step: target eps_sp=4.920 (prev=4.900) ===
[μ=5.738282] f=m_dense-m_dilute=+0.3414
[step] μ=5.742282 f=+0.2396
[step] μ=5.746282 f=+0.0873
[equal-ρ] μ0=5.746282, ΔA=A_dense-A_dilute=+0.0873, ESS≈7505
[equal-ρ] bracket μ=5.746382, ΔA=+0.0843, ESS≈7505
[equal-ρ] bracket μ=5.746482, ΔA=+0.0812, ESS≈7505
[equal-ρ] bracket μ=5.746582, ΔA=+0.0782, ESS≈7504
[equal-ρ] bracket μ=5.746682, ΔA=+0.0752, ESS≈7504
[equal-ρ] bracket μ=5.746782, ΔA=+0.0722, ESS≈7503
[equal-ρ] bracket μ=5.746882, ΔA=+0.0691, ESS≈7502
[equal-ρ] bracket μ=5.746982, ΔA=+0.0661, ESS≈7500
[equal-ρ] bracket μ=5.747082, ΔA=+0.0631, ESS≈7499
[equal-ρ] bracket μ=5.747182, ΔA=+0.0601, ESS≈7498
[equal-ρ] bracket μ=5.747282, ΔA=+0.0570, ESS≈7496
[equal-ρ] bracket μ=5.747382, ΔA=+0.0540, ESS≈7494
[equal-ρ] bracket μ=5.747482, ΔA=+0.0510, ESS≈7492
[equal-ρ] bracket μ=5.747582, ΔA=+0.0480, ESS≈7489
[equal-ρ] bracket μ=5.747682, ΔA=+0.0449, ESS≈7487
[equal-ρ] bracket μ=5.747782, ΔA=+0.0419, ESS≈7484
[equal-ρ] bracket μ=5.747882, ΔA=+0.0389, ESS≈7481
[equal-ρ] bracket μ=5.747982, ΔA=+0.0358, ESS≈7478
[equal-ρ] bracket μ=5.748082, ΔA=+0.0328, ESS≈7475
[equal-ρ] bracket μ=5.748182, ΔA=+0.0298, ESS≈7472
[equal-ρ] bracket μ=5.748282, ΔA=+0.0267, ESS≈7468
mu* = 5.748282   ESS ≈ 7468
0.5176788807461693


success: True
χ²*    : 0.21985966582013644
θ*     : (0.4375715110542855, 4.919999999999986, 5.7659228292679625, 1.0, 1.609661062578455, 0.6940211000425162)

=== Step: target eps_sp=4.940 (prev=4.920) ===
[μ=5.765923] f=m_dense-m_dilute=+0.6762
[step] μ=5.769923 f=+0.6049
[step] μ=5.773923 f=+0.5351
[step] μ=5.777923 f=+0.4079
[step] μ=5.781923 f=+0.3379
[step] μ=5.785923 f=+0.1952
[step] μ=5.789923 f=+0.1065
[step] μ=5.793923 f=-0.0318
[equal-ρ] μ0=5.793923, ΔA=A_dense-A_dilute=-0.0318, ESS≈7505
[equal-ρ] bracket μ=5.793823, ΔA=-0.0287, ESS≈7505
[equal-ρ] bracket μ=5.793723, ΔA=-0.0256, ESS≈7505
[equal-ρ] bracket μ=5.793623, ΔA=-0.0225, ESS≈7504
[equal-ρ] bracket μ=5.793523, ΔA=-0.0194, ESS≈7503
[equal-ρ] bracket μ=5.793423, ΔA=-0.0163, ESS≈7503
[equal-ρ] bracket μ=5.793323, ΔA=-0.0132, ESS≈7502
[equal-ρ] bracket μ=5.793223, ΔA=-0.0101, ESS≈7500
[equal-ρ] bracket μ=5.793123, ΔA=-0.0070, ESS≈7499
[equal-ρ] bracket μ=5.793023, ΔA=-0.0039, ESS≈7497
[equal-ρ] bracket μ=5.792923, ΔA=-0.0008, ESS≈7495
[equal-ρ] bracket μ=5.792823, ΔA=+0.0023, ESS≈7493
[equal-ρ] bisect μ=5.793373, ΔA=-0.0148, ESS≈7502
[equal-ρ] bisect μ=5.793098, ΔA=-0.0062, ESS≈7498
mu* = 5.793098   ESS ≈ 7498
0.5036229180546302


success: True
χ²*    : 0.20793240379944133
θ*     : (0.44846393356398506, 4.939999999999985, 5.813097829267958, 1.0, 0.4596748503778344, 0.047267706347438265)

=== Step: target eps_sp=4.960 (prev=4.940) ===
[μ=5.813098] f=m_dense-m_dilute=+0.5848
[step] μ=5.817098 f=+0.5181
[step] μ=5.821098 f=+0.4288
[step] μ=5.825098 f=+0.3138
[step] μ=5.829098 f=+0.1431
[step] μ=5.833098 f=+0.0650
[equal-ρ] μ0=5.833098, ΔA=A_dense-A_dilute=+0.0650, ESS≈7505
[equal-ρ] bracket μ=5.833198, ΔA=+0.0619, ESS≈7505
[equal-ρ] bracket μ=5.833298, ΔA=+0.0587, ESS≈7505
[equal-ρ] bracket μ=5.833398, ΔA=+0.0556, ESS≈7504
[equal-ρ] bracket μ=5.833498, ΔA=+0.0524, ESS≈7503
[equal-ρ] bracket μ=5.833598, ΔA=+0.0493, ESS≈7503
[equal-ρ] bracket μ=5.833698, ΔA=+0.0462, ESS≈7501
[equal-ρ] bracket μ=5.833798, ΔA=+0.0430, ESS≈7500
[equal-ρ] bracket μ=5.833898, ΔA=+0.0399, ESS≈7499
[equal-ρ] bracket μ=5.833998, ΔA=+0.0367, ESS≈7497
[equal-ρ] bracket μ=5.834098, ΔA=+0.0336, ESS≈7495
[equal-ρ] bracket μ=5.834198, ΔA=+0.0304, ESS≈7493
[equal-ρ] bracket μ=5.834298, ΔA=+0.0273, ESS≈7491
[equal-ρ] bracket μ=5.834398, ΔA=+0.0241, ESS≈7488
[equal-ρ] bracket μ=5.834498, ΔA=+0.0210, ESS≈7486
[equal-ρ] bracket μ=5.834598, ΔA=+0.0178, ESS≈7483
[equal-ρ] bracket μ=5.834698, ΔA=+0.0147, ESS≈7480
[equal-ρ] bracket μ=5.834798, ΔA=+0.0115, ESS≈7477
[equal-ρ] bracket μ=5.834898, ΔA=+0.0084, ESS≈7473
[equal-ρ] bracket μ=5.834998, ΔA=+0.0052, ESS≈7470
[equal-ρ] bracket μ=5.835098, ΔA=+0.0021, ESS≈7466
mu* = 5.835098   ESS ≈ 7466
0.5047341772151899


success: True
χ²*    : 0.24095102985104275
θ*     : (0.44854317205875227, 4.959999999999985, 5.843348603816167, 1.0, 0.4467421069553837, 0.04914698643295043)

=== Step: target eps_sp=4.980 (prev=4.960) ===
[μ=5.843349] f=m_dense-m_dilute=+0.3598
[step] μ=5.847349 f=+0.2372
[step] μ=5.851349 f=+0.1190
[step] μ=5.855349 f=-0.0129
[equal-ρ] μ0=5.855349, ΔA=A_dense-A_dilute=-0.0129, ESS≈7505
[equal-ρ] bracket μ=5.855249, ΔA=-0.0097, ESS≈7505
[equal-ρ] bracket μ=5.855149, ΔA=-0.0065, ESS≈7505
[equal-ρ] bracket μ=5.855049, ΔA=-0.0033, ESS≈7504
[equal-ρ] bracket μ=5.854949, ΔA=-0.0001, ESS≈7503
[equal-ρ] bracket μ=5.854849, ΔA=+0.0031, ESS≈7502
[equal-ρ] bisect μ=5.855099, ΔA=-0.0049, ESS≈7504
mu* = 5.855099   ESS ≈ 7504
0.5055589606928714


success: True
χ²*    : 0.24007851255435197
θ*     : (0.4440979184688225, 4.979999999999984, 5.860725321245541, 1.0, 0.4804256887548519, 0.0542329539352972)

=== Step: target eps_sp=5.000 (prev=4.980) ===
[μ=5.860725] f=m_dense-m_dilute=+0.2004
---------------------------------------------------------------------------
KeyboardInterrupt                         Traceback (most recent call last)
File /Library/Frameworks/Python.framework/Versions/3.11/lib/python3.11/site-packages/numba/core/serialize.py:30, in _numba_unpickle(address, bytedata, hashed)
     27 _unpickled_memo = {}
---> 30 def _numba_unpickle(address, bytedata, hashed):
     31     """Used by `numba_unpickle` from _helperlib.c
     32 
     33     Parameters
   (...)
     42         unpickled object
     43     """

KeyboardInterrupt: 

The above exception was the direct cause of the following exception:

SystemError                               Traceback (most recent call last)
SystemError: <function _numba_unpickle at 0x1114f3c40> returned a result with an exception set

The above exception was the direct cause of the following exception:

SystemError                               Traceback (most recent call last)
SystemError: <function _numba_unpickle at 0x1114f3c40> returned a result with an exception set

The above exception was the direct cause of the following exception:

SystemError                               Traceback (most recent call last)
SystemError: <function _numba_unpickle at 0x1114f3c40> returned a result with an exception set

The above exception was the direct cause of the following exception:

SystemError                               Traceback (most recent call last)
SystemError: <function _numba_unpickle at 0x1114f3c40> returned a result with an exception set

The above exception was the direct cause of the following exception:

SystemError                               Traceback (most recent call last)
SystemError: <function _numba_unpickle at 0x1114f3c40> returned a result with an exception set

The above exception was the direct cause of the following exception:

SystemError                               Traceback (most recent call last)
SystemError: <function _numba_unpickle at 0x1114f3c40> returned a result with an exception set

The above exception was the direct cause of the following exception:

SystemError                               Traceback (most recent call last)
SystemError: <function _numba_unpickle at 0x1114f3c40> returned a result with an exception set

The above exception was the direct cause of the following exception:

SystemError                               Traceback (most recent call last)
SystemError: <function _numba_unpickle at 0x1114f3c40> returned a result with an exception set

The above exception was the direct cause of the following exception:

SystemError                               Traceback (most recent call last)
SystemError: <function _numba_unpickle at 0x1114f3c40> returned a result with an exception set

The above exception was the direct cause of the following exception:

SystemError                               Traceback (most recent call last)
Cell In[16], line 2
      1 eps_ns, eps_sp_prev, mu =0.5879418043591885, 4.120000000000003, 5.283645923559982
----> 2 main(eps_ns, eps_sp_prev, mu)

Cell In[11], line 1234, in main(eps_ns, eps_sp_prev, mu)
   1207 print(f"\n=== Step: target eps_sp={eps_sp:.3f} (prev={eps_sp_prev:.3f}) ===",flush=True)
   1211 simulate = make_simulator(
   1212     build_data_mu_cpu,
   1213     simulate_lattice_unused=simulate_lattice_numba,
   (...)
   1228     n_replicas=5,
   1229 )
-> 1234 guard = find_mu_equal_areas_by_simulation(
   1235    simulate, mu0=mu,
   1236    dilute_window=(0.00, 0.40),
   1237    dense_window =(0.60, 1.00),
   1238    step0=0.004, tol=1e-1, verbose=True #,e_sp=eps_sp_prev,e_ns=eps_ns
   1239 )
   1242 mu = guard["mu"]
   1243 data_mu = guard["data"]

Cell In[11], line 895, in find_mu_equal_areas_by_simulation(simulate, mu0, dilute_window, dense_window, step0, tol, max_iters, verbose)
    893 # No bracket yet: fixed-step walk in your requested direction
    894 mu_new = mu + (step0 if f > 0 else -step0)
--> 895 f_new, data_new = mass_diff_at(mu_new)
    896 if verbose:
    897     print(f"[step] μ={mu_new:.6f} f={f_new:+.4f}")

Cell In[11], line 853, in find_mu_equal_areas_by_simulation.<locals>.mass_diff_at(mu)
    851 if mu_key in cache:
    852     return cache[mu_key]
--> 853 data = simulate(mu)
    854 m_dil, m_den = basin_masses(data.rho_mu)
    855 f = float(m_den - m_dil)

Cell In[11], line 1075, in make_simulator.<locals>.simulate(mu)
   1073 kw = dict(base_kwargs)
   1074 kw["mu"] = float(mu)
-> 1075 return build_data_mu(**kw)

Cell In[11], line 1031, in build_data_mu_cpu(simulate_lattice_unused, lattice_dense, lattice_dilute, lattice_middle, species, species_mu_indices, chem_pots, eps_ns, eps_sp, mu, beta, snapshot_interval, steps, cluster_move, buffer_size, empty_index, max_workers, n_replicas)
   1028 for r in range(int(n_replicas)):
   1029     lat = lattices_int[r % len(lattices_int)]
   1030     runs.append(
-> 1031         run_ref_once_mu(
   1032             sim, lat.copy(),
   1033             species, species_mu_indices, chem_pots,
   1034             float(eps_ns), float(eps_sp), float(mu),
   1035             steps=int(steps),
   1036             cluster_move=bool(cluster_move),
   1037             snapshot_interval=int(snapshot_interval),
   1038             buffer_size=int(buffer_size),
   1039             empty_index=int(empty_index),
   1040             beta=float(beta),
   1041         )
   1042     )
   1044 keys = ["N_mu","rho_mu","Nocc_total","rho_total","u","C_ns","C_sp"]
   1045 cat = {k: np.concatenate([r[k] for r in runs]) for k in keys}

Cell In[11], line 172, in run_ref_once_mu(simulate_lattice_numba, lattice0, species, species_mu_indices, chem_pots, eps_ns0, eps_sp0, mu0, steps, cluster_move, buffer_size, snapshot_interval, empty_index, beta)
    169 # ---------- call simulate_lattice_numba ----------
    170 # Preferred: Numba-style signature (int lattice + patches + mu_table)
    171 try:
--> 172     snap_counts, energies, densities, lat_final = simulate_lattice_numba(
    173         lattice_int,
    174         Jref,
    175         patches_by_species,
    176         mu_table,
    177         empty_index=empty_index,
    178         eps_ns0=float(eps_ns0),
    179         eps_sp0=float(eps_sp0),
    180         simulation_steps=int(steps),
    181         beta=float(beta),
    182         snapshot_interval=int(snapshot_interval),
    183         buffer_size=int(buffer_size),
    184         species_mu_indices=idx,   # keep it in the API
    185     )
    186 except TypeError:
    187     # Fallback: your older wrapper-like signature (still works if you kept it)
    188     # It must accept integer lattice; cluster_move may be ignored internally.
    189     # Also set species[k].mu for wrappers that read Python objects.
    190     for k in idx:

File ~/Desktop/biocondensate/simulate_functions.py:1507, in simulate_lattice_numba(lattice_int, J_patch, patches_by_species, mu_table, empty_index, species_mu_indices, eps_ns0, eps_sp0, simulation_steps, beta, snapshot_interval, buffer_size, block_size, ns_species_ids, ew_species_ids)
   1500 mask_ns = make_mask(n_species, ns_species_ids)
   1501 mask_ew = make_mask(n_species, ew_species_ids)
   1503 (energies_buf, densities_buf,
   1504  N_mu_buf, Nocc_buf, C_sp_buf, C_ns_buf, u_buf, Q_buf,
   1505  sample_count, n_keep, acc_blocks,
   1506  tries, accepts,
-> 1507  lat_final) = _mc_lattice_single_site_numba(
   1508     lattice_int, Bdir, P, mu,
   1509     mask_mu, mask_ns, mask_ew,
   1510     int(empty_index),
   1511     float(eps_ns0), float(eps_sp0),
   1512     int(simulation_steps), float(beta),
   1513     int(snapshot_interval), int(buffer_size),
   1514     int(block_size)
   1515 )
   1517 energies  = _rollout_ring_1d(energies_buf,  sample_count)
   1518 densities = _rollout_ring_2d(densities_buf, sample_count)

SystemError: CPUDispatcher(<function _mc_lattice_single_site_numba at 0x116d5b920>) returned a result with an exception set






1
eps_ns, eps_sp_prev, mu =0.5140979184688225, 4.979999999999984, 6.000725321245541
2
main(eps_ns, eps_sp_prev, mu)


[array([1, 0, 1, 0]), array([0, 1, 0, 1]), array([2, 2, 2, 2])]

=== Step: target eps_sp=4.980 (prev=4.980) ===
[μ=6.000725] f=m_dense-m_dilute=+0.2809
[step] μ=6.004725 f=+0.1683
[step] μ=6.008725 f=-0.0111
[equal-ρ] μ0=6.008725, ΔA=A_dense-A_dilute=-0.0111, ESS≈7505
[equal-ρ] bracket μ=6.008625, ΔA=-0.0073, ESS≈7505
[equal-ρ] bracket μ=6.008525, ΔA=-0.0036, ESS≈7505
[equal-ρ] bracket μ=6.008425, ΔA=+0.0001, ESS≈7504
[equal-ρ] bisect μ=6.008575, ΔA=-0.0055, ESS≈7505
mu* = 6.008575   ESS ≈ 7505
0.5127035309793471


success: True
χ²*    : 0.150188648511015
θ*     : (0.5144019148066528, 4.979999999999984, 6.0082765290807725, 1.0, 2.6570413676754163, 0.8043888059237069)

=== Step: target eps_sp=5.000 (prev=4.980) ===
[μ=6.008277] f=m_dense-m_dilute=-0.0163
[equal-ρ] μ0=6.008277, ΔA=A_dense-A_dilute=-0.0163, ESS≈7505
[equal-ρ] bracket μ=6.008177, ΔA=-0.0125, ESS≈7505
[equal-ρ] bracket μ=6.008077, ΔA=-0.0088, ESS≈7505
[equal-ρ] bracket μ=6.007977, ΔA=-0.0050, ESS≈7504
[equal-ρ] bracket μ=6.007877, ΔA=-0.0013, ESS≈7503
[equal-ρ] bracket μ=6.007777, ΔA=+0.0024, ESS≈7502
[equal-ρ] bisect μ=6.008027, ΔA=-0.0069, ESS≈7504
mu* = 6.008027   ESS ≈ 7504
0.5020199866755496


success: True
χ²*    : 0.17031996073290764
θ*     : (0.5051576750799528, 4.999999999999984, 6.017271743932018, 1.0, 0.5108725493949688, 0.01308629729376025)

=== Step: target eps_sp=5.020 (prev=5.000) ===
[μ=6.017272] f=m_dense-m_dilute=-0.2492
[step] μ=6.013272 f=-0.1109
[step] μ=6.009272 f=+0.0442
[equal-ρ] μ0=6.009272, ΔA=A_dense-A_dilute=+0.0442, ESS≈7505
[equal-ρ] bracket μ=6.009372, ΔA=+0.0406, ESS≈7505
[equal-ρ] bracket μ=6.009472, ΔA=+0.0369, ESS≈7505
[equal-ρ] bracket μ=6.009572, ΔA=+0.0333, ESS≈7504
[equal-ρ] bracket μ=6.009672, ΔA=+0.0296, ESS≈7503
[equal-ρ] bracket μ=6.009772, ΔA=+0.0260, ESS≈7502
[equal-ρ] bracket μ=6.009872, ΔA=+0.0223, ESS≈7501
[equal-ρ] bracket μ=6.009972, ΔA=+0.0187, ESS≈7499
[equal-ρ] bracket μ=6.010072, ΔA=+0.0150, ESS≈7497
[equal-ρ] bracket μ=6.010172, ΔA=+0.0114, ESS≈7495
[equal-ρ] bracket μ=6.010272, ΔA=+0.0077, ESS≈7493
[equal-ρ] bracket μ=6.010372, ΔA=+0.0041, ESS≈7490
[equal-ρ] bracket μ=6.010472, ΔA=+0.0004, ESS≈7488
[equal-ρ] bracket μ=6.010572, ΔA=-0.0032, ESS≈7485
[equal-ρ] bisect μ=6.009922, ΔA=+0.0205, ESS≈7500
[equal-ρ] bisect μ=6.010247, ΔA=+0.0087, ESS≈7494
mu* = 6.010247   ESS ≈ 7494
0.5089287141905396


success: True
χ²*    : 0.20290191907536637
θ*     : (0.5000984869010315, 5.019999999999984, 6.021731500190668, 1.0, 0.9200088508899297, 0.1941363778768183)

=== Step: target eps_sp=5.040 (prev=5.020) ===
[μ=6.021732] f=m_dense-m_dilute=-0.0502
[equal-ρ] μ0=6.021732, ΔA=A_dense-A_dilute=-0.0502, ESS≈7505
[equal-ρ] bracket μ=6.021632, ΔA=-0.0466, ESS≈7505
[equal-ρ] bracket μ=6.021532, ΔA=-0.0430, ESS≈7505
[equal-ρ] bracket μ=6.021432, ΔA=-0.0394, ESS≈7504
[equal-ρ] bracket μ=6.021332, ΔA=-0.0357, ESS≈7503
[equal-ρ] bracket μ=6.021232, ΔA=-0.0321, ESS≈7502
[equal-ρ] bracket μ=6.021132, ΔA=-0.0285, ESS≈7501
[equal-ρ] bracket μ=6.021032, ΔA=-0.0249, ESS≈7499
[equal-ρ] bracket μ=6.020932, ΔA=-0.0212, ESS≈7497
[equal-ρ] bracket μ=6.020832, ΔA=-0.0176, ESS≈7495
[equal-ρ] bracket μ=6.020732, ΔA=-0.0140, ESS≈7493
[equal-ρ] bracket μ=6.020632, ΔA=-0.0103, ESS≈7491
[equal-ρ] bracket μ=6.020532, ΔA=-0.0067, ESS≈7488
[equal-ρ] bracket μ=6.020432, ΔA=-0.0031, ESS≈7485
[equal-ρ] bracket μ=6.020332, ΔA=+0.0005, ESS≈7482
[equal-ρ] bisect μ=6.021032, ΔA=-0.0249, ESS≈7499
[equal-ρ] bisect μ=6.020682, ΔA=-0.0122, ESS≈7492
[equal-ρ] bisect μ=6.020507, ΔA=-0.0058, ESS≈7487
mu* = 6.020507   ESS ≈ 7487
0.5082758161225849


success: False
χ²*    : 0.25314592140164915
θ*     : (0.49361911463826, 5.039999999999983, 6.028817044923272, 1.0, 0.7899287343162718, 0.16127945642343378)

=== Step: target eps_sp=5.060 (prev=5.040) ===
[μ=6.028817] f=m_dense-m_dilute=-0.0112
[equal-ρ] μ0=6.028817, ΔA=A_dense-A_dilute=-0.0112, ESS≈7505
[equal-ρ] bracket μ=6.028717, ΔA=-0.0076, ESS≈7505
[equal-ρ] bracket μ=6.028617, ΔA=-0.0040, ESS≈7505
[equal-ρ] bracket μ=6.028517, ΔA=-0.0003, ESS≈7504
[equal-ρ] bracket μ=6.028417, ΔA=+0.0033, ESS≈7503
[equal-ρ] bisect μ=6.028617, ΔA=-0.0040, ESS≈7505
mu* = 6.028617   ESS ≈ 7505
0.5047035309793472


success: True
χ²*    : 0.17960373720065992
θ*     : (0.4876786597323818, 5.059999999999983, 6.0401196425937655, 1.0, 0.5734105367913062, 0.044292097347025626)

=== Step: target eps_sp=5.080 (prev=5.060) ===
[μ=6.040120] f=m_dense-m_dilute=-0.1592
[step] μ=6.036120 f=-0.0356
[equal-ρ] μ0=6.036120, ΔA=A_dense-A_dilute=-0.0356, ESS≈7505
[equal-ρ] bracket μ=6.036020, ΔA=-0.0320, ESS≈7505
[equal-ρ] bracket μ=6.035920, ΔA=-0.0285, ESS≈7505
[equal-ρ] bracket μ=6.035820, ΔA=-0.0249, ESS≈7504
[equal-ρ] bracket μ=6.035720, ΔA=-0.0213, ESS≈7503
[equal-ρ] bracket μ=6.035620, ΔA=-0.0178, ESS≈7502
[equal-ρ] bracket μ=6.035520, ΔA=-0.0142, ESS≈7501
[equal-ρ] bracket μ=6.035420, ΔA=-0.0106, ESS≈7499
[equal-ρ] bracket μ=6.035320, ΔA=-0.0071, ESS≈7498
[equal-ρ] bracket μ=6.035220, ΔA=-0.0035, ESS≈7496
[equal-ρ] bracket μ=6.035120, ΔA=+0.0001, ESS≈7493
[equal-ρ] bisect μ=6.035620, ΔA=-0.0178, ESS≈7502
[equal-ρ] bisect μ=6.035370, ΔA=-0.0089, ESS≈7498
mu* = 6.035370   ESS ≈ 7498
0.5047035309793472


success: True
χ²*    : 0.25589384623111155
θ*     : (0.48245923526486856, 5.079999999999982, 6.0444118095036865, 1.0, 0.5150891635467549, 0.04474976067281434)

=== Step: target eps_sp=5.100 (prev=5.080) ===
[μ=6.044412] f=m_dense-m_dilute=+0.0589
[equal-ρ] μ0=6.044412, ΔA=A_dense-A_dilute=+0.0589, ESS≈7505
[equal-ρ] bracket μ=6.044512, ΔA=+0.0554, ESS≈7505
[equal-ρ] bracket μ=6.044612, ΔA=+0.0518, ESS≈7505
[equal-ρ] bracket μ=6.044712, ΔA=+0.0483, ESS≈7504
[equal-ρ] bracket μ=6.044812, ΔA=+0.0448, ESS≈7503
[equal-ρ] bracket μ=6.044912, ΔA=+0.0413, ESS≈7502
[equal-ρ] bracket μ=6.045012, ΔA=+0.0377, ESS≈7501
[equal-ρ] bracket μ=6.045112, ΔA=+0.0342, ESS≈7499
[equal-ρ] bracket μ=6.045212, ΔA=+0.0307, ESS≈7498
[equal-ρ] bracket μ=6.045312, ΔA=+0.0271, ESS≈7496
[equal-ρ] bracket μ=6.045412, ΔA=+0.0236, ESS≈7493
[equal-ρ] bracket μ=6.045512, ΔA=+0.0201, ESS≈7491
[equal-ρ] bracket μ=6.045612, ΔA=+0.0165, ESS≈7488
[equal-ρ] bracket μ=6.045712, ΔA=+0.0130, ESS≈7486
[equal-ρ] bracket μ=6.045812, ΔA=+0.0095, ESS≈7482
[equal-ρ] bracket μ=6.045912, ΔA=+0.0059, ESS≈7479
[equal-ρ] bracket μ=6.046012, ΔA=+0.0024, ESS≈7476
[equal-ρ] bracket μ=6.046112, ΔA=-0.0011, ESS≈7472
[equal-ρ] bisect μ=6.045262, ΔA=+0.0289, ESS≈7497
[equal-ρ] bisect μ=6.045687, ΔA=+0.0139, ESS≈7486
[equal-ρ] bisect μ=6.045899, ΔA=+0.0064, ESS≈7480
mu* = 6.045899   ESS ≈ 7480
0.5008114590273152


success: True
χ²*    : 0.27422588507086765
θ*     : (0.47758067965479456, 5.099999999999982, 6.053497170921376, 1.0, 0.37037505300500845, -0.00818366757231533)

=== Step: target eps_sp=5.120 (prev=5.100) ===
[μ=6.053497] f=m_dense-m_dilute=+0.0914
[equal-ρ] μ0=6.053497, ΔA=A_dense-A_dilute=+0.0914, ESS≈7505
[equal-ρ] bracket μ=6.053597, ΔA=+0.0879, ESS≈7505
[equal-ρ] bracket μ=6.053697, ΔA=+0.0844, ESS≈7505
[equal-ρ] bracket μ=6.053797, ΔA=+0.0810, ESS≈7504
[equal-ρ] bracket μ=6.053897, ΔA=+0.0775, ESS≈7503
[equal-ρ] bracket μ=6.053997, ΔA=+0.0740, ESS≈7502
[equal-ρ] bracket μ=6.054097, ΔA=+0.0705, ESS≈7501
[equal-ρ] bracket μ=6.054197, ΔA=+0.0670, ESS≈7499
[equal-ρ] bracket μ=6.054297, ΔA=+0.0635, ESS≈7498
[equal-ρ] bracket μ=6.054397, ΔA=+0.0600, ESS≈7496
[equal-ρ] bracket μ=6.054497, ΔA=+0.0565, ESS≈7494
[equal-ρ] bracket μ=6.054597, ΔA=+0.0530, ESS≈7491
[equal-ρ] bracket μ=6.054697, ΔA=+0.0495, ESS≈7489
[equal-ρ] bracket μ=6.054797, ΔA=+0.0460, ESS≈7486
[equal-ρ] bracket μ=6.054897, ΔA=+0.0425, ESS≈7483
[equal-ρ] bracket μ=6.054997, ΔA=+0.0390, ESS≈7479
[equal-ρ] bracket μ=6.055097, ΔA=+0.0355, ESS≈7476
[equal-ρ] bracket μ=6.055197, ΔA=+0.0320, ESS≈7472
[equal-ρ] bracket μ=6.055297, ΔA=+0.0285, ESS≈7468
[equal-ρ] bracket μ=6.055397, ΔA=+0.0250, ESS≈7464
[equal-ρ] bracket μ=6.055497, ΔA=+0.0215, ESS≈7460
mu* = 6.055497   ESS ≈ 7460
0.5097734843437708


success: True
χ²*    : 0.20081876270104068
θ*     : (0.47027607073251887, 5.1199999999999815, 6.065158410355515, 1.0, 0.9606951726368294, 0.19905963050504727)

=== Step: target eps_sp=5.140 (prev=5.120) ===
[μ=6.065158] f=m_dense-m_dilute=-0.1410
[step] μ=6.061158 f=-0.0247
[equal-ρ] μ0=6.061158, ΔA=A_dense-A_dilute=-0.0247, ESS≈7505
[equal-ρ] bracket μ=6.061058, ΔA=-0.0212, ESS≈7505
[equal-ρ] bracket μ=6.060958, ΔA=-0.0177, ESS≈7505
[equal-ρ] bracket μ=6.060858, ΔA=-0.0142, ESS≈7504
[equal-ρ] bracket μ=6.060758, ΔA=-0.0107, ESS≈7503
[equal-ρ] bracket μ=6.060658, ΔA=-0.0073, ESS≈7502
[equal-ρ] bracket μ=6.060558, ΔA=-0.0038, ESS≈7501
[equal-ρ] bracket μ=6.060458, ΔA=-0.0003, ESS≈7499
[equal-ρ] bracket μ=6.060358, ΔA=+0.0032, ESS≈7498
[equal-ρ] bisect μ=6.060758, ΔA=-0.0107, ESS≈7503
[equal-ρ] bisect μ=6.060558, ΔA=-0.0038, ESS≈7501
mu* = 6.060558   ESS ≈ 7501
0.5032658227848101


success: False
χ²*    : 0.2572081481653643
θ*     : (0.46362924441357267, 5.139999999999981, 6.06719898451735, 1.0, 0.4957332866282383, 0.04245449788310026)

=== Step: target eps_sp=5.160 (prev=5.140) ===
[μ=6.067199] f=m_dense-m_dilute=-0.0241
[equal-ρ] μ0=6.067199, ΔA=A_dense-A_dilute=-0.0241, ESS≈7505
[equal-ρ] bracket μ=6.067099, ΔA=-0.0207, ESS≈7505
[equal-ρ] bracket μ=6.066999, ΔA=-0.0174, ESS≈7505
[equal-ρ] bracket μ=6.066899, ΔA=-0.0140, ESS≈7504
[equal-ρ] bracket μ=6.066799, ΔA=-0.0106, ESS≈7503
[equal-ρ] bracket μ=6.066699, ΔA=-0.0072, ESS≈7502
[equal-ρ] bracket μ=6.066599, ΔA=-0.0038, ESS≈7501
[equal-ρ] bracket μ=6.066499, ΔA=-0.0004, ESS≈7500
[equal-ρ] bracket μ=6.066399, ΔA=+0.0030, ESS≈7498
[equal-ρ] bisect μ=6.066799, ΔA=-0.0106, ESS≈7503
[equal-ρ] bisect μ=6.066599, ΔA=-0.0038, ESS≈7501
mu* = 6.066599   ESS ≈ 7501
0.5024596935376415


success: True
χ²*    : 0.14691203927481322
θ*     : (0.4579162967476167, 5.159999999999981, 6.080339588367233, 1.0, 0.5253432021954093, 0.011499622285347177)

=== Step: target eps_sp=5.180 (prev=5.160) ===
[μ=6.080340] f=m_dense-m_dilute=-0.1266
[step] μ=6.076340 f=-0.0357
[equal-ρ] μ0=6.076340, ΔA=A_dense-A_dilute=-0.0357, ESS≈7505
[equal-ρ] bracket μ=6.076240, ΔA=-0.0324, ESS≈7505
[equal-ρ] bracket μ=6.076140, ΔA=-0.0290, ESS≈7505
[equal-ρ] bracket μ=6.076040, ΔA=-0.0257, ESS≈7504
[equal-ρ] bracket μ=6.075940, ΔA=-0.0223, ESS≈7503
[equal-ρ] bracket μ=6.075840, ΔA=-0.0190, ESS≈7502
[equal-ρ] bracket μ=6.075740, ΔA=-0.0157, ESS≈7501
[equal-ρ] bracket μ=6.075640, ΔA=-0.0123, ESS≈7500
[equal-ρ] bracket μ=6.075540, ΔA=-0.0090, ESS≈7498
[equal-ρ] bracket μ=6.075440, ΔA=-0.0056, ESS≈7496
[equal-ρ] bracket μ=6.075340, ΔA=-0.0023, ESS≈7494
[equal-ρ] bracket μ=6.075240, ΔA=+0.0011, ESS≈7492
[equal-ρ] bisect μ=6.075790, ΔA=-0.0173, ESS≈7502
[equal-ρ] bisect μ=6.075515, ΔA=-0.0081, ESS≈7498
mu* = 6.075515   ESS ≈ 7498
0.49877948034643566


success: True
χ²*    : 0.2557985035002962
θ*     : (0.45301314316375335, 5.17999999999998, 6.082508244654676, 1.0, 0.3571968579340085, -0.01364830826549265)

=== Step: target eps_sp=5.200 (prev=5.180) ===
[μ=6.082508] f=m_dense-m_dilute=+0.1089
[step] μ=6.086508 f=-0.0249
[equal-ρ] μ0=6.086508, ΔA=A_dense-A_dilute=-0.0249, ESS≈7505
[equal-ρ] bracket μ=6.086408, ΔA=-0.0216, ESS≈7505
[equal-ρ] bracket μ=6.086308, ΔA=-0.0182, ESS≈7505
[equal-ρ] bracket μ=6.086208, ΔA=-0.0149, ESS≈7504
[equal-ρ] bracket μ=6.086108, ΔA=-0.0115, ESS≈7503
[equal-ρ] bracket μ=6.086008, ΔA=-0.0082, ESS≈7502
[equal-ρ] bracket μ=6.085908, ΔA=-0.0048, ESS≈7501
[equal-ρ] bracket μ=6.085808, ΔA=-0.0014, ESS≈7500
[equal-ρ] bracket μ=6.085708, ΔA=+0.0019, ESS≈7498
[equal-ρ] bisect μ=6.086108, ΔA=-0.0115, ESS≈7503
[equal-ρ] bisect μ=6.085908, ΔA=-0.0048, ESS≈7501
mu* = 6.085908   ESS ≈ 7501
0.5016269153897401


success: True
χ²*    : 0.257331003645304
θ*     : (0.4520601284426492, 5.19999999999998, 6.096170995786146, 1.0, 0.3817202237545188, 0.0010799098196306576)

=== Step: target eps_sp=5.220 (prev=5.200) ===
[μ=6.096171] f=m_dense-m_dilute=+0.2592
[step] μ=6.100171 f=+0.1083
[step] μ=6.104171 f=+0.0081
[equal-ρ] μ0=6.104171, ΔA=A_dense-A_dilute=+0.0081, ESS≈7505
mu* = 6.104171   ESS ≈ 7505
0.507217854763491


success: True
χ²*    : 0.25802388183661157
θ*     : (0.44707815841576143, 5.219999999999979, 6.110591531145176, 1.0, 0.6024749929037694, 0.10198128762190127)

=== Step: target eps_sp=5.240 (prev=5.220) ===
[μ=6.110592] f=m_dense-m_dilute=+0.1062
[step] μ=6.114592 f=-0.0141
[equal-ρ] μ0=6.114592, ΔA=A_dense-A_dilute=-0.0141, ESS≈7505
[equal-ρ] bracket μ=6.114492, ΔA=-0.0108, ESS≈7505
[equal-ρ] bracket μ=6.114392, ΔA=-0.0075, ESS≈7505
[equal-ρ] bracket μ=6.114292, ΔA=-0.0042, ESS≈7504
[equal-ρ] bracket μ=6.114192, ΔA=-0.0009, ESS≈7503
[equal-ρ] bracket μ=6.114092, ΔA=+0.0024, ESS≈7502
[equal-ρ] bisect μ=6.114342, ΔA=-0.0059, ESS≈7504
mu* = 6.114342   ESS ≈ 7504
0.5022651565622918


success: True
χ²*    : 0.23689287778157248
θ*     : (0.45490281627797285, 5.239999999999979, 6.133024273937461, 1.0, 0.397867559353736, 0.009288868453388355)

=== Step: target eps_sp=5.260 (prev=5.240) ===
[μ=6.133024] f=m_dense-m_dilute=+0.5039
[step] μ=6.137024 f=+0.4165
[step] μ=6.141024 f=+0.3090
[step] μ=6.145024 f=+0.1599
[step] μ=6.149024 f=+0.0192
[equal-ρ] μ0=6.149024, ΔA=A_dense-A_dilute=+0.0192, ESS≈7505
[equal-ρ] bracket μ=6.149124, ΔA=+0.0158, ESS≈7505
[equal-ρ] bracket μ=6.149224, ΔA=+0.0125, ESS≈7505
[equal-ρ] bracket μ=6.149324, ΔA=+0.0091, ESS≈7504
[equal-ρ] bracket μ=6.149424, ΔA=+0.0058, ESS≈7503
[equal-ρ] bracket μ=6.149524, ΔA=+0.0024, ESS≈7502
[equal-ρ] bracket μ=6.149624, ΔA=-0.0009, ESS≈7501
[equal-ρ] bisect μ=6.149324, ΔA=+0.0091, ESS≈7504
mu* = 6.149324   ESS ≈ 7504
0.5064716855429714


success: True
χ²*    : 0.2577674048635671
θ*     : (0.4538409194339249, 5.2599999999999785, 6.160077909566103, 1.0, 0.6808978507734194, 0.13511856403926908)

=== Step: target eps_sp=5.280 (prev=5.260) ===
[μ=6.160078] f=m_dense-m_dilute=+0.2786
[step] μ=6.164078 f=+0.1363
[step] μ=6.168078 f=-0.0181
[equal-ρ] μ0=6.168078, ΔA=A_dense-A_dilute=-0.0181, ESS≈7505
[equal-ρ] bracket μ=6.167978, ΔA=-0.0148, ESS≈7505
[equal-ρ] bracket μ=6.167878, ΔA=-0.0114, ESS≈7505
[equal-ρ] bracket μ=6.167778, ΔA=-0.0081, ESS≈7504
[equal-ρ] bracket μ=6.167678, ΔA=-0.0047, ESS≈7503
[equal-ρ] bracket μ=6.167578, ΔA=-0.0014, ESS≈7502
[equal-ρ] bracket μ=6.167478, ΔA=+0.0019, ESS≈7501
[equal-ρ] bisect μ=6.167778, ΔA=-0.0081, ESS≈7504
mu* = 6.167778   ESS ≈ 7504
0.5047221852098601


success: True
χ²*    : 0.25838220110607135
θ*     : (0.4498284223560723, 5.279999999999978, 6.175579178448525, 1.0, 0.529623207340557, 0.06531192600197995)

=== Step: target eps_sp=5.300 (prev=5.280) ===
[μ=6.175579] f=m_dense-m_dilute=+0.1448
[step] μ=6.179579 f=-0.0012
[equal-ρ] μ0=6.179579, ΔA=A_dense-A_dilute=-0.0012, ESS≈7505
mu* = 6.179579   ESS ≈ 7505
0.5041798800799467


success: True
χ²*    : 0.2608359923392452
θ*     : (0.44675815513758854, 5.299999999999978, 6.187878202616712, 1.0, 0.4938641931149895, 0.051794615189528645)

=== Step: target eps_sp=5.320 (prev=5.300) ===
[μ=6.187878] f=m_dense-m_dilute=+0.1900
[step] μ=6.191878 f=+0.0477
[equal-ρ] μ0=6.191878, ΔA=A_dense-A_dilute=+0.0477, ESS≈7505
[equal-ρ] bracket μ=6.191978, ΔA=+0.0444, ESS≈7505
[equal-ρ] bracket μ=6.192078, ΔA=+0.0411, ESS≈7505
[equal-ρ] bracket μ=6.192178, ΔA=+0.0377, ESS≈7504
[equal-ρ] bracket μ=6.192278, ΔA=+0.0344, ESS≈7503
[equal-ρ] bracket μ=6.192378, ΔA=+0.0311, ESS≈7502
[equal-ρ] bracket μ=6.192478, ΔA=+0.0277, ESS≈7501
[equal-ρ] bracket μ=6.192578, ΔA=+0.0244, ESS≈7500
[equal-ρ] bracket μ=6.192678, ΔA=+0.0211, ESS≈7498
[equal-ρ] bracket μ=6.192778, ΔA=+0.0178, ESS≈7496
[equal-ρ] bracket μ=6.192878, ΔA=+0.0144, ESS≈7494
[equal-ρ] bracket μ=6.192978, ΔA=+0.0111, ESS≈7492
[equal-ρ] bracket μ=6.193078, ΔA=+0.0078, ESS≈7490
[equal-ρ] bracket μ=6.193178, ΔA=+0.0044, ESS≈7487
[equal-ρ] bracket μ=6.193278, ΔA=+0.0011, ESS≈7484
[equal-ρ] bracket μ=6.193378, ΔA=-0.0022, ESS≈7481
[equal-ρ] bisect μ=6.192628, ΔA=+0.0227, ESS≈7499
[equal-ρ] bisect μ=6.193003, ΔA=+0.0103, ESS≈7492
[equal-ρ] bisect μ=6.193191, ΔA=+0.0040, ESS≈7487
mu* = 6.193191   ESS ≈ 7487
0.5021985343104597


success: True
χ²*    : 0.26426392829033546
θ*     : (0.44309546803287625, 5.319999999999977, 6.200711026832605, 1.0, 0.39972024943834583, 0.009150225295836801)

=== Step: target eps_sp=5.340 (prev=5.320) ===
[μ=6.200711] f=m_dense-m_dilute=+0.2091
[step] μ=6.204711 f=+0.0685
[equal-ρ] μ0=6.204711, ΔA=A_dense-A_dilute=+0.0685, ESS≈7505
[equal-ρ] bracket μ=6.204811, ΔA=+0.0652, ESS≈7505
[equal-ρ] bracket μ=6.204911, ΔA=+0.0619, ESS≈7505
[equal-ρ] bracket μ=6.205011, ΔA=+0.0586, ESS≈7504
[equal-ρ] bracket μ=6.205111, ΔA=+0.0553, ESS≈7503
[equal-ρ] bracket μ=6.205211, ΔA=+0.0520, ESS≈7502
[equal-ρ] bracket μ=6.205311, ΔA=+0.0487, ESS≈7501
[equal-ρ] bracket μ=6.205411, ΔA=+0.0454, ESS≈7500
[equal-ρ] bracket μ=6.205511, ΔA=+0.0421, ESS≈7498
[equal-ρ] bracket μ=6.205611, ΔA=+0.0388, ESS≈7496
[equal-ρ] bracket μ=6.205711, ΔA=+0.0355, ESS≈7494
[equal-ρ] bracket μ=6.205811, ΔA=+0.0322, ESS≈7492
[equal-ρ] bracket μ=6.205911, ΔA=+0.0289, ESS≈7490
[equal-ρ] bracket μ=6.206011, ΔA=+0.0256, ESS≈7487
[equal-ρ] bracket μ=6.206111, ΔA=+0.0223, ESS≈7484
[equal-ρ] bracket μ=6.206211, ΔA=+0.0190, ESS≈7481
[equal-ρ] bracket μ=6.206311, ΔA=+0.0157, ESS≈7478
[equal-ρ] bracket μ=6.206411, ΔA=+0.0124, ESS≈7475
[equal-ρ] bracket μ=6.206511, ΔA=+0.0091, ESS≈7471
[equal-ρ] bracket μ=6.206611, ΔA=+0.0058, ESS≈7467
[equal-ρ] bracket μ=6.206711, ΔA=+0.0025, ESS≈7463
mu* = 6.206711   ESS ≈ 7463
0.5046142571618921


success: True
χ²*    : 0.1769147118749107
θ*     : (0.4345864942861083, 5.339999999999977, 6.218707095912409, 1.0, 0.6702557585685864, 0.054677182421798184)

=== Step: target eps_sp=5.360 (prev=5.340) ===
[μ=6.218707] f=m_dense-m_dilute=-0.2829
[step] μ=6.214707 f=-0.1748
[step] μ=6.210707 f=-0.0265
[equal-ρ] μ0=6.210707, ΔA=A_dense-A_dilute=-0.0265, ESS≈7505
[equal-ρ] bracket μ=6.210607, ΔA=-0.0232, ESS≈7505
[equal-ρ] bracket μ=6.210507, ΔA=-0.0199, ESS≈7505
[equal-ρ] bracket μ=6.210407, ΔA=-0.0167, ESS≈7504
[equal-ρ] bracket μ=6.210307, ΔA=-0.0134, ESS≈7503
[equal-ρ] bracket μ=6.210207, ΔA=-0.0101, ESS≈7502
[equal-ρ] bracket μ=6.210107, ΔA=-0.0068, ESS≈7501
[equal-ρ] bracket μ=6.210007, ΔA=-0.0035, ESS≈7500
[equal-ρ] bracket μ=6.209907, ΔA=-0.0002, ESS≈7498
[equal-ρ] bracket μ=6.209807, ΔA=+0.0031, ESS≈7497
[equal-ρ] bisect μ=6.210257, ΔA=-0.0117, ESS≈7503
[equal-ρ] bisect μ=6.210032, ΔA=-0.0043, ESS≈7500
mu* = 6.210032   ESS ≈ 7500
0.5036522318454364


success: True
χ²*    : 0.19161723635760125
θ*     : (0.4297353422472258, 5.359999999999976, 6.222336115827008, 1.0, 0.5699837612801621, 0.0408971724639908)

=== Step: target eps_sp=5.380 (prev=5.360) ===
[μ=6.222336] f=m_dense-m_dilute=-0.0778
[equal-ρ] μ0=6.222336, ΔA=A_dense-A_dilute=-0.0778, ESS≈7505
[equal-ρ] bracket μ=6.222236, ΔA=-0.0746, ESS≈7505
[equal-ρ] bracket μ=6.222136, ΔA=-0.0714, ESS≈7505
[equal-ρ] bracket μ=6.222036, ΔA=-0.0682, ESS≈7504
[equal-ρ] bracket μ=6.221936, ΔA=-0.0650, ESS≈7503
[equal-ρ] bracket μ=6.221836, ΔA=-0.0618, ESS≈7502
[equal-ρ] bracket μ=6.221736, ΔA=-0.0586, ESS≈7501
[equal-ρ] bracket μ=6.221636, ΔA=-0.0553, ESS≈7500
[equal-ρ] bracket μ=6.221536, ΔA=-0.0521, ESS≈7499
[equal-ρ] bracket μ=6.221436, ΔA=-0.0489, ESS≈7497
[equal-ρ] bracket μ=6.221336, ΔA=-0.0457, ESS≈7495
[equal-ρ] bracket μ=6.221236, ΔA=-0.0425, ESS≈7493
[equal-ρ] bracket μ=6.221136, ΔA=-0.0393, ESS≈7490
[equal-ρ] bracket μ=6.221036, ΔA=-0.0360, ESS≈7488
[equal-ρ] bracket μ=6.220936, ΔA=-0.0328, ESS≈7485
[equal-ρ] bracket μ=6.220836, ΔA=-0.0296, ESS≈7482
[equal-ρ] bracket μ=6.220736, ΔA=-0.0263, ESS≈7479
[equal-ρ] bracket μ=6.220636, ΔA=-0.0231, ESS≈7476
[equal-ρ] bracket μ=6.220536, ΔA=-0.0199, ESS≈7472
[equal-ρ] bracket μ=6.220436, ΔA=-0.0167, ESS≈7468
[equal-ρ] bracket μ=6.220336, ΔA=-0.0134, ESS≈7464
mu* = 6.220336   ESS ≈ 7464
0.4975203197868088


success: True
χ²*    : 0.23030955238614118
θ*     : (0.4231378060777198, 5.379999999999976, 6.226889278342533, 1.0, 0.32880708973286227, -0.033879535759980095)

=== Step: target eps_sp=5.400 (prev=5.380) ===
[μ=6.226889] f=m_dense-m_dilute=+0.0100
[equal-ρ] μ0=6.226889, ΔA=A_dense-A_dilute=+0.0100, ESS≈7505
mu* = 6.226889   ESS ≈ 7505
0.5045796135909394


success: True
χ²*    : 0.20259613968192614
θ*     : (0.41540820577089443, 5.3999999999999755, 6.239448371289861, 1.0, 0.7105309958418103, 0.069999332978411)

=== Step: target eps_sp=5.420 (prev=5.400) ===
[μ=6.239448] f=m_dense-m_dilute=-0.2525
[step] μ=6.235448 f=-0.1708
[step] μ=6.231448 f=-0.0330
[equal-ρ] μ0=6.231448, ΔA=A_dense-A_dilute=-0.0330, ESS≈7505
[equal-ρ] bracket μ=6.231348, ΔA=-0.0300, ESS≈7505
[equal-ρ] bracket μ=6.231248, ΔA=-0.0269, ESS≈7505
[equal-ρ] bracket μ=6.231148, ΔA=-0.0238, ESS≈7504
[equal-ρ] bracket μ=6.231048, ΔA=-0.0207, ESS≈7503
[equal-ρ] bracket μ=6.230948, ΔA=-0.0176, ESS≈7503
[equal-ρ] bracket μ=6.230848, ΔA=-0.0145, ESS≈7502
[equal-ρ] bracket μ=6.230748, ΔA=-0.0115, ESS≈7500
[equal-ρ] bracket μ=6.230648, ΔA=-0.0084, ESS≈7499
[equal-ρ] bracket μ=6.230548, ΔA=-0.0053, ESS≈7497
[equal-ρ] bracket μ=6.230448, ΔA=-0.0022, ESS≈7495
[equal-ρ] bracket μ=6.230348, ΔA=+0.0009, ESS≈7493
[equal-ρ] bisect μ=6.230898, ΔA=-0.0161, ESS≈7502
[equal-ρ] bisect μ=6.230623, ΔA=-0.0076, ESS≈7498
mu* = 6.230623   ESS ≈ 7498
0.49921119253830776


success: False
χ²*    : 0.2612206873440419
θ*     : (0.4300067525284829, 5.419999999999975, 6.250623371289862, 1.0, 0.30120106457756374, -0.016439409428534182)

=== Step: target eps_sp=5.440 (prev=5.420) ===
[μ=6.250623] f=m_dense-m_dilute=+0.7542
[step] μ=6.254623 f=+0.7131
[step] μ=6.258623 f=+0.6169
[step] μ=6.262623 f=+0.5270
[step] μ=6.266623 f=+0.3989
[step] μ=6.270623 f=+0.3330
[step] μ=6.274623 f=+0.1783
[step] μ=6.278623 f=+0.0534
[equal-ρ] μ0=6.278623, ΔA=A_dense-A_dilute=+0.0534, ESS≈7505
[equal-ρ] bracket μ=6.278723, ΔA=+0.0502, ESS≈7505
[equal-ρ] bracket μ=6.278823, ΔA=+0.0470, ESS≈7505
[equal-ρ] bracket μ=6.278923, ΔA=+0.0438, ESS≈7504
[equal-ρ] bracket μ=6.279023, ΔA=+0.0406, ESS≈7503
[equal-ρ] bracket μ=6.279123, ΔA=+0.0373, ESS≈7502
[equal-ρ] bracket μ=6.279223, ΔA=+0.0341, ESS≈7501
[equal-ρ] bracket μ=6.279323, ΔA=+0.0309, ESS≈7500
[equal-ρ] bracket μ=6.279423, ΔA=+0.0277, ESS≈7498
[equal-ρ] bracket μ=6.279523, ΔA=+0.0245, ESS≈7497
[equal-ρ] bracket μ=6.279623, ΔA=+0.0213, ESS≈7495
[equal-ρ] bracket μ=6.279723, ΔA=+0.0180, ESS≈7493
[equal-ρ] bracket μ=6.279823, ΔA=+0.0148, ESS≈7490
[equal-ρ] bracket μ=6.279923, ΔA=+0.0116, ESS≈7488
[equal-ρ] bracket μ=6.280023, ΔA=+0.0084, ESS≈7485
[equal-ρ] bracket μ=6.280123, ΔA=+0.0052, ESS≈7482
[equal-ρ] bracket μ=6.280223, ΔA=+0.0019, ESS≈7479
[equal-ρ] bracket μ=6.280323, ΔA=-0.0013, ESS≈7476
[equal-ρ] bisect μ=6.279473, ΔA=+0.0261, ESS≈7498
[equal-ρ] bisect μ=6.279898, ΔA=+0.0124, ESS≈7488
[equal-ρ] bisect μ=6.280111, ΔA=+0.0056, ESS≈7483
mu* = 6.280111   ESS ≈ 7483
0.5029633577614923


success: True
χ²*    : 0.1926317501043756
θ*     : (0.4213439474039009, 5.439999999999975, 6.293065085374057, 1.0, 0.6260272334680612, 0.033022599922336394)

=== Step: target eps_sp=5.460 (prev=5.440) ===
[μ=6.293065] f=m_dense-m_dilute=-0.3147
[step] μ=6.289065 f=-0.1821
[step] μ=6.285065 f=-0.0694
[equal-ρ] μ0=6.285065, ΔA=A_dense-A_dilute=-0.0694, ESS≈7505
[equal-ρ] bracket μ=6.284965, ΔA=-0.0663, ESS≈7505
[equal-ρ] bracket μ=6.284865, ΔA=-0.0631, ESS≈7505
[equal-ρ] bracket μ=6.284765, ΔA=-0.0599, ESS≈7504
[equal-ρ] bracket μ=6.284665, ΔA=-0.0567, ESS≈7503
[equal-ρ] bracket μ=6.284565, ΔA=-0.0536, ESS≈7503
[equal-ρ] bracket μ=6.284465, ΔA=-0.0504, ESS≈7501
[equal-ρ] bracket μ=6.284365, ΔA=-0.0472, ESS≈7500
[equal-ρ] bracket μ=6.284265, ΔA=-0.0440, ESS≈7499
[equal-ρ] bracket μ=6.284165, ΔA=-0.0408, ESS≈7497
[equal-ρ] bracket μ=6.284065, ΔA=-0.0377, ESS≈7495
[equal-ρ] bracket μ=6.283965, ΔA=-0.0345, ESS≈7493
[equal-ρ] bracket μ=6.283865, ΔA=-0.0313, ESS≈7491
[equal-ρ] bracket μ=6.283765, ΔA=-0.0281, ESS≈7488
[equal-ρ] bracket μ=6.283665, ΔA=-0.0249, ESS≈7485
[equal-ρ] bracket μ=6.283565, ΔA=-0.0217, ESS≈7482
[equal-ρ] bracket μ=6.283465, ΔA=-0.0185, ESS≈7479
[equal-ρ] bracket μ=6.283365, ΔA=-0.0153, ESS≈7476
[equal-ρ] bracket μ=6.283265, ΔA=-0.0121, ESS≈7473
[equal-ρ] bracket μ=6.283165, ΔA=-0.0089, ESS≈7469
[equal-ρ] bracket μ=6.283065, ΔA=-0.0058, ESS≈7465
mu* = 6.283065   ESS ≈ 7465
0.4930419720186542


success: True
χ²*    : 0.22964856882837553
θ*     : (0.41472042947904153, 5.459999999999974, 6.289708144374589, 1.0, 0.25884891241125757, -0.06370599912698144)

=== Step: target eps_sp=5.480 (prev=5.460) ===
[μ=6.289708] f=m_dense-m_dilute=-0.0258
[equal-ρ] μ0=6.289708, ΔA=A_dense-A_dilute=-0.0258, ESS≈7505
[equal-ρ] bracket μ=6.289608, ΔA=-0.0228, ESS≈7505
[equal-ρ] bracket μ=6.289508, ΔA=-0.0197, ESS≈7505
[equal-ρ] bracket μ=6.289408, ΔA=-0.0166, ESS≈7504
[equal-ρ] bracket μ=6.289308, ΔA=-0.0135, ESS≈7503
[equal-ρ] bracket μ=6.289208, ΔA=-0.0105, ESS≈7503
[equal-ρ] bracket μ=6.289108, ΔA=-0.0074, ESS≈7502
[equal-ρ] bracket μ=6.289008, ΔA=-0.0043, ESS≈7500
[equal-ρ] bracket μ=6.288908, ΔA=-0.0012, ESS≈7499
[equal-ρ] bracket μ=6.288808, ΔA=+0.0018, ESS≈7497
[equal-ρ] bisect μ=6.289258, ΔA=-0.0120, ESS≈7503
[equal-ρ] bisect μ=6.289033, ΔA=-0.0051, ESS≈7501
mu* = 6.289033   ESS ≈ 7501
0.4988141239173884


success: True
χ²*    : 0.3025117360494083
θ*     : (0.41271149076395264, 5.479999999999974, 6.291093633647903, 1.0, 0.047289650285644524, -0.15173908484074894)

=== Step: target eps_sp=5.500 (prev=5.480) ===
[μ=6.291094] f=m_dense-m_dilute=+0.4380
[step] μ=6.295094 f=+0.3567
[step] μ=6.299094 f=+0.2412
[step] μ=6.303094 f=+0.0854
[equal-ρ] μ0=6.303094, ΔA=A_dense-A_dilute=+0.0854, ESS≈7505
[equal-ρ] bracket μ=6.303194, ΔA=+0.0823, ESS≈7505
[equal-ρ] bracket μ=6.303294, ΔA=+0.0792, ESS≈7505
[equal-ρ] bracket μ=6.303394, ΔA=+0.0760, ESS≈7504
[equal-ρ] bracket μ=6.303494, ΔA=+0.0729, ESS≈7503
[equal-ρ] bracket μ=6.303594, ΔA=+0.0698, ESS≈7503
[equal-ρ] bracket μ=6.303694, ΔA=+0.0666, ESS≈7501
[equal-ρ] bracket μ=6.303794, ΔA=+0.0635, ESS≈7500
[equal-ρ] bracket μ=6.303894, ΔA=+0.0604, ESS≈7499
[equal-ρ] bracket μ=6.303994, ΔA=+0.0572, ESS≈7497
[equal-ρ] bracket μ=6.304094, ΔA=+0.0541, ESS≈7495
[equal-ρ] bracket μ=6.304194, ΔA=+0.0510, ESS≈7493
[equal-ρ] bracket μ=6.304294, ΔA=+0.0478, ESS≈7491
[equal-ρ] bracket μ=6.304394, ΔA=+0.0447, ESS≈7488
[equal-ρ] bracket μ=6.304494, ΔA=+0.0415, ESS≈7486
[equal-ρ] bracket μ=6.304594, ΔA=+0.0384, ESS≈7483
[equal-ρ] bracket μ=6.304694, ΔA=+0.0353, ESS≈7480
[equal-ρ] bracket μ=6.304794, ΔA=+0.0321, ESS≈7477
[equal-ρ] bracket μ=6.304894, ΔA=+0.0290, ESS≈7473
[equal-ρ] bracket μ=6.304994, ΔA=+0.0258, ESS≈7470
[equal-ρ] bracket μ=6.305094, ΔA=+0.0227, ESS≈7466
mu* = 6.305094   ESS ≈ 7466
0.5100532978014657


success: True
χ²*    : 0.2150964710817455
θ*     : (0.40680515695166725, 5.499999999999973, 6.316218675460946, 1.0, 1.552401651355183, 0.40142035476207855)

=== Step: target eps_sp=5.520 (prev=5.500) ===
[μ=6.316219] f=m_dense-m_dilute=-0.0424
[equal-ρ] μ0=6.316219, ΔA=A_dense-A_dilute=-0.0424, ESS≈7505
[equal-ρ] bracket μ=6.316119, ΔA=-0.0393, ESS≈7505
[equal-ρ] bracket μ=6.316019, ΔA=-0.0363, ESS≈7505
[equal-ρ] bracket μ=6.315919, ΔA=-0.0332, ESS≈7504
[equal-ρ] bracket μ=6.315819, ΔA=-0.0302, ESS≈7503
[equal-ρ] bracket μ=6.315719, ΔA=-0.0271, ESS≈7503
[equal-ρ] bracket μ=6.315619, ΔA=-0.0240, ESS≈7502
[equal-ρ] bracket μ=6.315519, ΔA=-0.0210, ESS≈7500
[equal-ρ] bracket μ=6.315419, ΔA=-0.0179, ESS≈7499
[equal-ρ] bracket μ=6.315319, ΔA=-0.0149, ESS≈7497
[equal-ρ] bracket μ=6.315219, ΔA=-0.0118, ESS≈7496
[equal-ρ] bracket μ=6.315119, ΔA=-0.0088, ESS≈7494
[equal-ρ] bracket μ=6.315019, ΔA=-0.0057, ESS≈7491
[equal-ρ] bracket μ=6.314919, ΔA=-0.0026, ESS≈7489
[equal-ρ] bracket μ=6.314819, ΔA=+0.0004, ESS≈7486
[equal-ρ] bisect μ=6.315519, ΔA=-0.0210, ESS≈7500
[equal-ρ] bisect μ=6.315169, ΔA=-0.0103, ESS≈7495
[equal-ρ] bisect μ=6.314994, ΔA=-0.0049, ESS≈7491
mu* = 6.314994   ESS ≈ 7491
0.4985649566955363


success: True
χ²*    : 0.26846586006503176
θ*     : (0.4218847173689605, 5.519999999999973, 6.334993675460945, 1.0, 0.2964056571323854, -0.01753157154299954)

=== Step: target eps_sp=5.540 (prev=5.520) ===
[μ=6.334994] f=m_dense-m_dilute=+0.7502
[step] μ=6.338994 f=+0.6877
[step] μ=6.342994 f=+0.6149
[step] μ=6.346994 f=+0.4927
[step] μ=6.350994 f=+0.4252
[step] μ=6.354994 f=+0.3102
[step] μ=6.358994 f=+0.1860
[step] μ=6.362994 f=+0.0633
[equal-ρ] μ0=6.362994, ΔA=A_dense-A_dilute=+0.0633, ESS≈7505
[equal-ρ] bracket μ=6.363094, ΔA=+0.0601, ESS≈7505
[equal-ρ] bracket μ=6.363194, ΔA=+0.0569, ESS≈7505
[equal-ρ] bracket μ=6.363294, ΔA=+0.0537, ESS≈7504
[equal-ρ] bracket μ=6.363394, ΔA=+0.0505, ESS≈7503
[equal-ρ] bracket μ=6.363494, ΔA=+0.0473, ESS≈7502
[equal-ρ] bracket μ=6.363594, ΔA=+0.0440, ESS≈7501
[equal-ρ] bracket μ=6.363694, ΔA=+0.0408, ESS≈7500
[equal-ρ] bracket μ=6.363794, ΔA=+0.0376, ESS≈7499
[equal-ρ] bracket μ=6.363894, ΔA=+0.0344, ESS≈7497
[equal-ρ] bracket μ=6.363994, ΔA=+0.0312, ESS≈7495
[equal-ρ] bracket μ=6.364094, ΔA=+0.0280, ESS≈7493
[equal-ρ] bracket μ=6.364194, ΔA=+0.0248, ESS≈7490
[equal-ρ] bracket μ=6.364294, ΔA=+0.0216, ESS≈7488
[equal-ρ] bracket μ=6.364394, ΔA=+0.0183, ESS≈7485
[equal-ρ] bracket μ=6.364494, ΔA=+0.0151, ESS≈7482
[equal-ρ] bracket μ=6.364594, ΔA=+0.0119, ESS≈7479
[equal-ρ] bracket μ=6.364694, ΔA=+0.0087, ESS≈7476
[equal-ρ] bracket μ=6.364794, ΔA=+0.0055, ESS≈7472
[equal-ρ] bracket μ=6.364894, ΔA=+0.0023, ESS≈7469
[equal-ρ] bracket μ=6.364994, ΔA=-0.0009, ESS≈7465
[equal-ρ] bisect μ=6.363994, ΔA=+0.0312, ESS≈7495
[equal-ρ] bisect μ=6.364494, ΔA=+0.0151, ESS≈7482
[equal-ρ] bisect μ=6.364744, ΔA=+0.0071, ESS≈7474
mu* = 6.364744   ESS ≈ 7474
0.5050806129247168


success: False
χ²*    : 0.22043969885202597
θ*     : (0.4156726931286649, 5.5399999999999725, 6.37421617075631, 1.0, 0.645446115650967, 0.07706283884188715)

=== Step: target eps_sp=5.560 (prev=5.540) ===
[μ=6.374216] f=m_dense-m_dilute=-0.0779
[equal-ρ] μ0=6.374216, ΔA=A_dense-A_dilute=-0.0779, ESS≈7505
[equal-ρ] bracket μ=6.374116, ΔA=-0.0748, ESS≈7505
[equal-ρ] bracket μ=6.374016, ΔA=-0.0717, ESS≈7505
[equal-ρ] bracket μ=6.373916, ΔA=-0.0686, ESS≈7504
[equal-ρ] bracket μ=6.373816, ΔA=-0.0654, ESS≈7503
[equal-ρ] bracket μ=6.373716, ΔA=-0.0623, ESS≈7503
[equal-ρ] bracket μ=6.373616, ΔA=-0.0592, ESS≈7501
[equal-ρ] bracket μ=6.373516, ΔA=-0.0560, ESS≈7500
[equal-ρ] bracket μ=6.373416, ΔA=-0.0529, ESS≈7499
[equal-ρ] bracket μ=6.373316, ΔA=-0.0498, ESS≈7497
[equal-ρ] bracket μ=6.373216, ΔA=-0.0466, ESS≈7495
[equal-ρ] bracket μ=6.373116, ΔA=-0.0435, ESS≈7493
[equal-ρ] bracket μ=6.373016, ΔA=-0.0403, ESS≈7491
[equal-ρ] bracket μ=6.372916, ΔA=-0.0372, ESS≈7488
[equal-ρ] bracket μ=6.372816, ΔA=-0.0341, ESS≈7486
[equal-ρ] bracket μ=6.372716, ΔA=-0.0309, ESS≈7483
[equal-ρ] bracket μ=6.372616, ΔA=-0.0278, ESS≈7480
[equal-ρ] bracket μ=6.372516, ΔA=-0.0246, ESS≈7477
[equal-ρ] bracket μ=6.372416, ΔA=-0.0215, ESS≈7473
[equal-ρ] bracket μ=6.372316, ΔA=-0.0183, ESS≈7469
[equal-ρ] bracket μ=6.372216, ΔA=-0.0152, ESS≈7466
mu* = 6.372216   ESS ≈ 7466
0.49639440373084603


success: False
χ²*    : 0.2505165854712251
θ*     : (0.42014232079744357, 5.559999999999972, 6.386251732076854, 1.0, 0.27489771782281297, -0.04348683893118572)

=== Step: target eps_sp=5.580 (prev=5.560) ===
[μ=6.386252] f=m_dense-m_dilute=+0.4465
[step] μ=6.390252 f=+0.3627
[step] μ=6.394252 f=+0.2333
[step] μ=6.398252 f=+0.1095
[step] μ=6.402252 f=-0.0388
[equal-ρ] μ0=6.402252, ΔA=A_dense-A_dilute=-0.0388, ESS≈7505
[equal-ρ] bracket μ=6.402152, ΔA=-0.0356, ESS≈7505
[equal-ρ] bracket μ=6.402052, ΔA=-0.0324, ESS≈7505
[equal-ρ] bracket μ=6.401952, ΔA=-0.0293, ESS≈7504
[equal-ρ] bracket μ=6.401852, ΔA=-0.0261, ESS≈7503
[equal-ρ] bracket μ=6.401752, ΔA=-0.0230, ESS≈7503
[equal-ρ] bracket μ=6.401652, ΔA=-0.0198, ESS≈7501
[equal-ρ] bracket μ=6.401552, ΔA=-0.0166, ESS≈7500
[equal-ρ] bracket μ=6.401452, ΔA=-0.0134, ESS≈7499
[equal-ρ] bracket μ=6.401352, ΔA=-0.0103, ESS≈7497
[equal-ρ] bracket μ=6.401252, ΔA=-0.0071, ESS≈7495
[equal-ρ] bracket μ=6.401152, ΔA=-0.0039, ESS≈7493
[equal-ρ] bracket μ=6.401052, ΔA=-0.0008, ESS≈7491
[equal-ρ] bracket μ=6.400952, ΔA=+0.0024, ESS≈7488
[equal-ρ] bisect μ=6.401602, ΔA=-0.0182, ESS≈7501
[equal-ρ] bisect μ=6.401277, ΔA=-0.0079, ESS≈7496
mu* = 6.401277   ESS ≈ 7496
0.49449700199866753


success: True
χ²*    : 0.28236796415672083
θ*     : (0.4165188342238641, 5.579999999999972, 6.40610149106115, 1.0, 0.23296712577026693, -0.05747068661252383)

=== Step: target eps_sp=5.600 (prev=5.580) ===
[μ=6.406101] f=m_dense-m_dilute=+0.2602
[step] μ=6.410101 f=+0.1222
[step] μ=6.414101 f=+0.0140
[equal-ρ] μ0=6.414101, ΔA=A_dense-A_dilute=+0.0140, ESS≈7505
[equal-ρ] bracket μ=6.414201, ΔA=+0.0108, ESS≈7505
[equal-ρ] bracket μ=6.414301, ΔA=+0.0076, ESS≈7505
[equal-ρ] bracket μ=6.414401, ΔA=+0.0044, ESS≈7504
[equal-ρ] bracket μ=6.414501, ΔA=+0.0013, ESS≈7503
[equal-ρ] bracket μ=6.414601, ΔA=-0.0019, ESS≈7502
[equal-ρ] bisect μ=6.414351, ΔA=+0.0060, ESS≈7504
mu* = 6.414351   ESS ≈ 7504
0.49934710193204535


success: True
χ²*    : 0.26642837637497296
θ*     : (0.4164161643376379, 5.599999999999971, 6.423319292701284, 1.0, 0.33188266734030647, -0.013582975759469259)

=== Step: target eps_sp=5.620 (prev=5.600) ===
[μ=6.423319] f=m_dense-m_dilute=+0.3221
[step] μ=6.427319 f=+0.2140
[step] μ=6.431319 f=+0.0886
[equal-ρ] μ0=6.431319, ΔA=A_dense-A_dilute=+0.0886, ESS≈7505
[equal-ρ] bracket μ=6.431419, ΔA=+0.0854, ESS≈7505
[equal-ρ] bracket μ=6.431519, ΔA=+0.0822, ESS≈7505
[equal-ρ] bracket μ=6.431619, ΔA=+0.0790, ESS≈7504
[equal-ρ] bracket μ=6.431719, ΔA=+0.0758, ESS≈7503
[equal-ρ] bracket μ=6.431819, ΔA=+0.0726, ESS≈7502
[equal-ρ] bracket μ=6.431919, ΔA=+0.0694, ESS≈7501
[equal-ρ] bracket μ=6.432019, ΔA=+0.0662, ESS≈7500
[equal-ρ] bracket μ=6.432119, ΔA=+0.0630, ESS≈7499
[equal-ρ] bracket μ=6.432219, ΔA=+0.0598, ESS≈7497
[equal-ρ] bracket μ=6.432319, ΔA=+0.0566, ESS≈7495
[equal-ρ] bracket μ=6.432419, ΔA=+0.0533, ESS≈7493
[equal-ρ] bracket μ=6.432519, ΔA=+0.0501, ESS≈7490
[equal-ρ] bracket μ=6.432619, ΔA=+0.0469, ESS≈7488
[equal-ρ] bracket μ=6.432719, ΔA=+0.0437, ESS≈7485
[equal-ρ] bracket μ=6.432819, ΔA=+0.0405, ESS≈7482
[equal-ρ] bracket μ=6.432919, ΔA=+0.0373, ESS≈7479
[equal-ρ] bracket μ=6.433019, ΔA=+0.0341, ESS≈7476
[equal-ρ] bracket μ=6.433119, ΔA=+0.0309, ESS≈7472
[equal-ρ] bracket μ=6.433219, ΔA=+0.0276, ESS≈7469
[equal-ρ] bracket μ=6.433319, ΔA=+0.0244, ESS≈7465
mu* = 6.433319   ESS ≈ 7465
0.5039960026648901


success: True
χ²*    : 0.21719175010271438
θ*     : (0.40868301334046964, 5.619999999999971, 6.446565583320904, 1.0, 0.6879332615703008, 0.05551617242238626)

=== Step: target eps_sp=5.640 (prev=5.620) ===
[μ=6.446566] f=m_dense-m_dilute=-0.2477
[step] μ=6.442566 f=-0.1013
[step] μ=6.438566 f=-0.0298
[equal-ρ] μ0=6.438566, ΔA=A_dense-A_dilute=-0.0298, ESS≈7505
[equal-ρ] bracket μ=6.438466, ΔA=-0.0267, ESS≈7505
[equal-ρ] bracket μ=6.438366, ΔA=-0.0236, ESS≈7505
[equal-ρ] bracket μ=6.438266, ΔA=-0.0204, ESS≈7504
[equal-ρ] bracket μ=6.438166, ΔA=-0.0173, ESS≈7503
[equal-ρ] bracket μ=6.438066, ΔA=-0.0141, ESS≈7503
[equal-ρ] bracket μ=6.437966, ΔA=-0.0110, ESS≈7501
[equal-ρ] bracket μ=6.437866, ΔA=-0.0079, ESS≈7500
[equal-ρ] bracket μ=6.437766, ΔA=-0.0047, ESS≈7499
[equal-ρ] bracket μ=6.437666, ΔA=-0.0016, ESS≈7497
[equal-ρ] bracket μ=6.437566, ΔA=+0.0016, ESS≈7495
[equal-ρ] bisect μ=6.438066, ΔA=-0.0141, ESS≈7503
[equal-ρ] bisect μ=6.437816, ΔA=-0.0063, ESS≈7499
mu* = 6.437816   ESS ≈ 7499
0.49541905396402397


success: True
χ²*    : 0.27445049009243305
θ*     : (0.40506024764271914, 5.63999999999997, 6.443225836628495, 1.0, 0.24779980572058385, -0.05290270147989173)

=== Step: target eps_sp=5.660 (prev=5.640) ===
[μ=6.443226] f=m_dense-m_dilute=+0.2405
[step] μ=6.447226 f=+0.1094
[step] μ=6.451226 f=+0.0188
[equal-ρ] μ0=6.451226, ΔA=A_dense-A_dilute=+0.0188, ESS≈7505
[equal-ρ] bracket μ=6.451326, ΔA=+0.0157, ESS≈7505
[equal-ρ] bracket μ=6.451426, ΔA=+0.0126, ESS≈7505
[equal-ρ] bracket μ=6.451526, ΔA=+0.0094, ESS≈7504
[equal-ρ] bracket μ=6.451626, ΔA=+0.0063, ESS≈7503
[equal-ρ] bracket μ=6.451726, ΔA=+0.0032, ESS≈7503
[equal-ρ] bracket μ=6.451826, ΔA=+0.0001, ESS≈7502
[equal-ρ] bracket μ=6.451926, ΔA=-0.0030, ESS≈7500
[equal-ρ] bisect μ=6.451576, ΔA=+0.0079, ESS≈7504
mu* = 6.451576   ESS ≈ 7504
0.5007648234510327


success: True
χ²*    : 0.28537579865465196
θ*     : (0.4016123851102892, 5.65999999999997, 6.45675244386537, 1.0, 0.35373854910602953, -0.002594526771793979)

=== Step: target eps_sp=5.680 (prev=5.660) ===
[μ=6.456752] f=m_dense-m_dilute=+0.2316
[step] μ=6.460752 f=+0.1479
[step] μ=6.464752 f=+0.0009
[equal-ρ] μ0=6.464752, ΔA=A_dense-A_dilute=+0.0009, ESS≈7505
mu* = 6.464752   ESS ≈ 7505
0.49659693537641575


success: True
χ²*    : 0.27221037984569263
θ*     : (0.3985324645797869, 5.6799999999999695, 6.469764024905908, 1.0, 0.25799035011414617, -0.04570253996582616)

=== Step: target eps_sp=5.700 (prev=5.680) ===
[μ=6.469764] f=m_dense-m_dilute=+0.2666
[step] μ=6.473764 f=+0.1490
[step] μ=6.477764 f=-0.0031
[equal-ρ] μ0=6.477764, ΔA=A_dense-A_dilute=-0.0031, ESS≈7505
mu* = 6.477764   ESS ≈ 7505
0.4957335109926716


success: False
χ²*    : 0.33922922691066837
θ*     : (0.3985324645797869, 5.699999999999969, 6.477764024905907, 1.0, 0.1940058097767369, -0.050659866333049454)

=== Step: target eps_sp=5.720 (prev=5.700) ===
[μ=6.477764] f=m_dense-m_dilute=+0.5715
[step] μ=6.481764 f=+0.4838
[step] μ=6.485764 f=+0.3837
[step] μ=6.489764 f=+0.2526
[step] μ=6.493764 f=+0.1406
[step] μ=6.497764 f=+0.0336
[equal-ρ] μ0=6.497764, ΔA=A_dense-A_dilute=+0.0336, ESS≈7505
[equal-ρ] bracket μ=6.497864, ΔA=+0.0305, ESS≈7505
[equal-ρ] bracket μ=6.497964, ΔA=+0.0274, ESS≈7505
[equal-ρ] bracket μ=6.498064, ΔA=+0.0243, ESS≈7504
[equal-ρ] bracket μ=6.498164, ΔA=+0.0212, ESS≈7503
[equal-ρ] bracket μ=6.498264, ΔA=+0.0181, ESS≈7503
[equal-ρ] bracket μ=6.498364, ΔA=+0.0150, ESS≈7502
[equal-ρ] bracket μ=6.498464, ΔA=+0.0119, ESS≈7500
[equal-ρ] bracket μ=6.498564, ΔA=+0.0088, ESS≈7499
[equal-ρ] bracket μ=6.498664, ΔA=+0.0057, ESS≈7497
[equal-ρ] bracket μ=6.498764, ΔA=+0.0026, ESS≈7495
[equal-ρ] bracket μ=6.498864, ΔA=-0.0005, ESS≈7493
[equal-ρ] bisect μ=6.498314, ΔA=+0.0165, ESS≈7502
[equal-ρ] bisect μ=6.498589, ΔA=+0.0080, ESS≈7498
mu* = 6.498589   ESS ≈ 7498
0.5010086608927382


success: True
χ²*    : 0.279003368301055
θ*     : (0.40137126353857117, 5.719999999999969, 6.509573081021607, 1.0, 0.3583503583404005, 0.00031054042411421867)

=== Step: target eps_sp=5.740 (prev=5.720) ===
[μ=6.509573] f=m_dense-m_dilute=+0.4376
[step] μ=6.513573 f=+0.3093
[step] μ=6.517573 f=+0.1761
[step] μ=6.521573 f=+0.0921
[equal-ρ] μ0=6.521573, ΔA=A_dense-A_dilute=+0.0921, ESS≈7505
[equal-ρ] bracket μ=6.521673, ΔA=+0.0890, ESS≈7505
[equal-ρ] bracket μ=6.521773, ΔA=+0.0859, ESS≈7505
[equal-ρ] bracket μ=6.521873, ΔA=+0.0829, ESS≈7504
[equal-ρ] bracket μ=6.521973, ΔA=+0.0798, ESS≈7503
[equal-ρ] bracket μ=6.522073, ΔA=+0.0767, ESS≈7503
[equal-ρ] bracket μ=6.522173, ΔA=+0.0737, ESS≈7502
[equal-ρ] bracket μ=6.522273, ΔA=+0.0706, ESS≈7500
[equal-ρ] bracket μ=6.522373, ΔA=+0.0675, ESS≈7499
[equal-ρ] bracket μ=6.522473, ΔA=+0.0644, ESS≈7497
[equal-ρ] bracket μ=6.522573, ΔA=+0.0614, ESS≈7495
[equal-ρ] bracket μ=6.522673, ΔA=+0.0583, ESS≈7493
[equal-ρ] bracket μ=6.522773, ΔA=+0.0552, ESS≈7491
[equal-ρ] bracket μ=6.522873, ΔA=+0.0521, ESS≈7489
[equal-ρ] bracket μ=6.522973, ΔA=+0.0491, ESS≈7486
[equal-ρ] bracket μ=6.523073, ΔA=+0.0460, ESS≈7483
[equal-ρ] bracket μ=6.523173, ΔA=+0.0429, ESS≈7480
[equal-ρ] bracket μ=6.523273, ΔA=+0.0398, ESS≈7477
[equal-ρ] bracket μ=6.523373, ΔA=+0.0368, ESS≈7474
[equal-ρ] bracket μ=6.523473, ΔA=+0.0337, ESS≈7470
[equal-ρ] bracket μ=6.523573, ΔA=+0.0306, ESS≈7467
mu* = 6.523573   ESS ≈ 7467
0.5124223850766156


success: True
χ²*    : 0.28768991806470046
θ*     : (0.3976304440808834, 5.739999999999968, 6.529691051163966, 1.0, 11.79712773614039, 5.0)

=== Step: target eps_sp=5.760 (prev=5.740) ===
[μ=6.529691] f=m_dense-m_dilute=+0.2068
[step] μ=6.533691 f=+0.0889
[equal-ρ] μ0=6.533691, ΔA=A_dense-A_dilute=+0.0889, ESS≈7505
[equal-ρ] bracket μ=6.533791, ΔA=+0.0858, ESS≈7505
[equal-ρ] bracket μ=6.533891, ΔA=+0.0827, ESS≈7505
[equal-ρ] bracket μ=6.533991, ΔA=+0.0797, ESS≈7504
[equal-ρ] bracket μ=6.534091, ΔA=+0.0766, ESS≈7503
[equal-ρ] bracket μ=6.534191, ΔA=+0.0735, ESS≈7503
[equal-ρ] bracket μ=6.534291, ΔA=+0.0705, ESS≈7502
[equal-ρ] bracket μ=6.534391, ΔA=+0.0674, ESS≈7500
[equal-ρ] bracket μ=6.534491, ΔA=+0.0643, ESS≈7499
[equal-ρ] bracket μ=6.534591, ΔA=+0.0613, ESS≈7497
[equal-ρ] bracket μ=6.534691, ΔA=+0.0582, ESS≈7495
[equal-ρ] bracket μ=6.534791, ΔA=+0.0551, ESS≈7493
[equal-ρ] bracket μ=6.534891, ΔA=+0.0520, ESS≈7491
[equal-ρ] bracket μ=6.534991, ΔA=+0.0490, ESS≈7489
[equal-ρ] bracket μ=6.535091, ΔA=+0.0459, ESS≈7486
[equal-ρ] bracket μ=6.535191, ΔA=+0.0428, ESS≈7483
[equal-ρ] bracket μ=6.535291, ΔA=+0.0398, ESS≈7480
[equal-ρ] bracket μ=6.535391, ΔA=+0.0367, ESS≈7477
[equal-ρ] bracket μ=6.535491, ΔA=+0.0336, ESS≈7474
[equal-ρ] bracket μ=6.535591, ΔA=+0.0305, ESS≈7470
[equal-ρ] bracket μ=6.535691, ΔA=+0.0274, ESS≈7467
mu* = 6.535691   ESS ≈ 7467
0.5024477015323118


success: True
χ²*    : 0.27866836928929284
θ*     : (0.39457975004081264, 5.759999999999968, 6.540652574256672, 1.0, 0.41597518110307985, 0.028691497161284062)

=== Step: target eps_sp=5.780 (prev=5.760) ===
[μ=6.540653] f=m_dense-m_dilute=+0.2922
[step] μ=6.544653 f=+0.1804
[step] μ=6.548653 f=+0.0512
[equal-ρ] μ0=6.548653, ΔA=A_dense-A_dilute=+0.0512, ESS≈7505
[equal-ρ] bracket μ=6.548753, ΔA=+0.0481, ESS≈7505
[equal-ρ] bracket μ=6.548853, ΔA=+0.0450, ESS≈7505
[equal-ρ] bracket μ=6.548953, ΔA=+0.0420, ESS≈7504
[equal-ρ] bracket μ=6.549053, ΔA=+0.0389, ESS≈7503
[equal-ρ] bracket μ=6.549153, ΔA=+0.0359, ESS≈7503
[equal-ρ] bracket μ=6.549253, ΔA=+0.0328, ESS≈7502
[equal-ρ] bracket μ=6.549353, ΔA=+0.0297, ESS≈7500
[equal-ρ] bracket μ=6.549453, ΔA=+0.0267, ESS≈7499
[equal-ρ] bracket μ=6.549553, ΔA=+0.0236, ESS≈7497
[equal-ρ] bracket μ=6.549653, ΔA=+0.0206, ESS≈7496
[equal-ρ] bracket μ=6.549753, ΔA=+0.0175, ESS≈7494
[equal-ρ] bracket μ=6.549853, ΔA=+0.0144, ESS≈7491
[equal-ρ] bracket μ=6.549953, ΔA=+0.0114, ESS≈7489
[equal-ρ] bracket μ=6.550053, ΔA=+0.0083, ESS≈7486
[equal-ρ] bracket μ=6.550153, ΔA=+0.0052, ESS≈7484
[equal-ρ] bracket μ=6.550253, ΔA=+0.0022, ESS≈7481
[equal-ρ] bracket μ=6.550353, ΔA=-0.0009, ESS≈7478
[equal-ρ] bisect μ=6.549503, ΔA=+0.0251, ESS≈7498
[equal-ρ] bisect μ=6.549928, ΔA=+0.0121, ESS≈7490
[equal-ρ] bisect μ=6.550140, ΔA=+0.0056, ESS≈7484
mu* = 6.550140   ESS ≈ 7484
0.5038640906062625


success: True
χ²*    : 0.2828879863784488
θ*     : (0.39168686396543784, 5.779999999999967, 6.554640829259286, 1.0, 0.5033029946299514, 0.07262068238353092)

=== Step: target eps_sp=5.800 (prev=5.780) ===
[μ=6.554641] f=m_dense-m_dilute=+0.2837
[step] μ=6.558641 f=+0.1901
[step] μ=6.562641 f=+0.0750
[equal-ρ] μ0=6.562641, ΔA=A_dense-A_dilute=+0.0750, ESS≈7505
[equal-ρ] bracket μ=6.562741, ΔA=+0.0720, ESS≈7505
[equal-ρ] bracket μ=6.562841, ΔA=+0.0690, ESS≈7505
[equal-ρ] bracket μ=6.562941, ΔA=+0.0659, ESS≈7504
[equal-ρ] bracket μ=6.563041, ΔA=+0.0629, ESS≈7504
[equal-ρ] bracket μ=6.563141, ΔA=+0.0599, ESS≈7503
[equal-ρ] bracket μ=6.563241, ΔA=+0.0569, ESS≈7502
[equal-ρ] bracket μ=6.563341, ΔA=+0.0538, ESS≈7500
[equal-ρ] bracket μ=6.563441, ΔA=+0.0508, ESS≈7499
[equal-ρ] bracket μ=6.563541, ΔA=+0.0478, ESS≈7497
[equal-ρ] bracket μ=6.563641, ΔA=+0.0447, ESS≈7496
[equal-ρ] bracket μ=6.563741, ΔA=+0.0417, ESS≈7494
[equal-ρ] bracket μ=6.563841, ΔA=+0.0387, ESS≈7492
[equal-ρ] bracket μ=6.563941, ΔA=+0.0356, ESS≈7489
[equal-ρ] bracket μ=6.564041, ΔA=+0.0326, ESS≈7487
[equal-ρ] bracket μ=6.564141, ΔA=+0.0296, ESS≈7484
[equal-ρ] bracket μ=6.564241, ΔA=+0.0265, ESS≈7481
[equal-ρ] bracket μ=6.564341, ΔA=+0.0235, ESS≈7478
[equal-ρ] bracket μ=6.564441, ΔA=+0.0205, ESS≈7475
[equal-ρ] bracket μ=6.564541, ΔA=+0.0174, ESS≈7471
[equal-ρ] bracket μ=6.564641, ΔA=+0.0144, ESS≈7468
mu* = 6.564641   ESS ≈ 7468
0.5095962691538973


success: False
χ²*    : 0.2934356058059077
θ*     : (0.390833241320132, 5.799999999999967, 6.569384483107948, 1.0, 2.070405411173548, 0.8538904960822004)

=== Step: target eps_sp=5.820 (prev=5.800) ===
[μ=6.569384] f=m_dense-m_dilute=+0.3965
[step] μ=6.573384 f=+0.3034
[step] μ=6.577384 f=+0.1907
[step] μ=6.581384 f=+0.0765
[equal-ρ] μ0=6.581384, ΔA=A_dense-A_dilute=+0.0765, ESS≈7505
[equal-ρ] bracket μ=6.581484, ΔA=+0.0735, ESS≈7505
[equal-ρ] bracket μ=6.581584, ΔA=+0.0705, ESS≈7505
[equal-ρ] bracket μ=6.581684, ΔA=+0.0674, ESS≈7504
[equal-ρ] bracket μ=6.581784, ΔA=+0.0644, ESS≈7504
[equal-ρ] bracket μ=6.581884, ΔA=+0.0614, ESS≈7503
[equal-ρ] bracket μ=6.581984, ΔA=+0.0584, ESS≈7502
[equal-ρ] bracket μ=6.582084, ΔA=+0.0554, ESS≈7500
[equal-ρ] bracket μ=6.582184, ΔA=+0.0523, ESS≈7499
[equal-ρ] bracket μ=6.582284, ΔA=+0.0493, ESS≈7497
[equal-ρ] bracket μ=6.582384, ΔA=+0.0463, ESS≈7496
[equal-ρ] bracket μ=6.582484, ΔA=+0.0433, ESS≈7494
[equal-ρ] bracket μ=6.582584, ΔA=+0.0403, ESS≈7492
[equal-ρ] bracket μ=6.582684, ΔA=+0.0372, ESS≈7489
[equal-ρ] bracket μ=6.582784, ΔA=+0.0342, ESS≈7487
[equal-ρ] bracket μ=6.582884, ΔA=+0.0312, ESS≈7484
[equal-ρ] bracket μ=6.582984, ΔA=+0.0282, ESS≈7481
[equal-ρ] bracket μ=6.583084, ΔA=+0.0251, ESS≈7478
[equal-ρ] bracket μ=6.583184, ΔA=+0.0221, ESS≈7475
[equal-ρ] bracket μ=6.583284, ΔA=+0.0191, ESS≈7472
[equal-ρ] bracket μ=6.583384, ΔA=+0.0161, ESS≈7468
mu* = 6.583384   ESS ≈ 7468
0.4991672218520986


success: False
χ²*    : 0.26504256568232815
θ*     : (0.3924345524561043, 5.8199999999999665, 6.593023057138919, 1.0, 0.3173159947020811, -0.01966324046264373)

=== Step: target eps_sp=5.840 (prev=5.820) ===
[μ=6.593023] f=m_dense-m_dilute=+0.3893
[step] μ=6.597023 f=+0.3242
[step] μ=6.601023 f=+0.1655
[step] μ=6.605023 f=+0.0751
[equal-ρ] μ0=6.605023, ΔA=A_dense-A_dilute=+0.0751, ESS≈7505
[equal-ρ] bracket μ=6.605123, ΔA=+0.0721, ESS≈7505
[equal-ρ] bracket μ=6.605223, ΔA=+0.0690, ESS≈7505
[equal-ρ] bracket μ=6.605323, ΔA=+0.0660, ESS≈7504
[equal-ρ] bracket μ=6.605423, ΔA=+0.0629, ESS≈7503
[equal-ρ] bracket μ=6.605523, ΔA=+0.0598, ESS≈7503
[equal-ρ] bracket μ=6.605623, ΔA=+0.0568, ESS≈7502
[equal-ρ] bracket μ=6.605723, ΔA=+0.0537, ESS≈7500
[equal-ρ] bracket μ=6.605823, ΔA=+0.0506, ESS≈7499
[equal-ρ] bracket μ=6.605923, ΔA=+0.0476, ESS≈7497
[equal-ρ] bracket μ=6.606023, ΔA=+0.0445, ESS≈7495
[equal-ρ] bracket μ=6.606123, ΔA=+0.0414, ESS≈7493
[equal-ρ] bracket μ=6.606223, ΔA=+0.0384, ESS≈7491
[equal-ρ] bracket μ=6.606323, ΔA=+0.0353, ESS≈7489
[equal-ρ] bracket μ=6.606423, ΔA=+0.0322, ESS≈7486
[equal-ρ] bracket μ=6.606523, ΔA=+0.0291, ESS≈7484
[equal-ρ] bracket μ=6.606623, ΔA=+0.0261, ESS≈7481
[equal-ρ] bracket μ=6.606723, ΔA=+0.0230, ESS≈7477
[equal-ρ] bracket μ=6.606823, ΔA=+0.0199, ESS≈7474
[equal-ρ] bracket μ=6.606923, ΔA=+0.0169, ESS≈7471
[equal-ρ] bracket μ=6.607023, ΔA=+0.0138, ESS≈7467
mu* = 6.607023   ESS ≈ 7467
0.49730712858094595


success: True
χ²*    : 0.26635297394937374
θ*     : (0.40135127489805283, 5.839999999999966, 6.627023057138917, 1.0, -0.03380861949433487, -0.18072245767345926)

