==================================================
job id         : 11439
partition      : volta-cpu
nodelist       : node200
nodes          : 1
ntasks         : 50
submit dir     : /pool/hamza/threed/cube_minimal_workflows
script         : /pool/hamza/threed/cube_minimal_workflows/cube_spinodal_scan_representative_assoc_full.py
case tag       : 000011
patches file   : /pool/hamza/threed/cube_minimal_workflows/000011_patches.npy
cache path     : /pool/hamza/threed/cube_minimal_workflows/cache/000011_cache_streaming_representative_dir
mmap dir       : /pool/hamza/000011_scan_selfconsistent_bethe/cache_mmap_representative
shard dir      : /pool/hamza/000011_scan_selfconsistent_bethe/shards
final npz      : /pool/hamza/000011_scan_selfconsistent_bethe/000011_selfconsistent_stateassoc_spinodal_scan.npz
grid           : 20 x 20
phis           : 51
closure        : representative baseline + optional post-solve Bethe diagnostic correction
linear term    : avgE
registry mode  : boltzmann
association mode: oriented_directed_face_state
factor         : 6.0
boundary quotient: 0
fallback Newton : 1
bethe correction : none
bethe strength   : 0.0
bethe contact factor: 1.0
bethe compat mode: attractive
bethe orientation: orbit_average
bethe threshold  : 1e-8
bethe max iter   : 500
bethe tol        : 1e-8
bethe sc max iter: 20
bethe sc tol     : 1e-5
bethe sc damping : 0.5
==================================================
[prepare] unpacking cache into mmap format (with bond_hist)...
[prepare-mmap] already prepared: /pool/hamza/000011_scan_selfconsistent_bethe/cache_mmap_representative
[stage] copying mmap cache to local disk on each node...
'/pool/hamza/000011_scan_selfconsistent_bethe/cache_mmap_representative/bond_hist.npy' -> '/tmp/11439_mmap_cache_representative_bethe/bond_hist.npy'
'/pool/hamza/000011_scan_selfconsistent_bethe/cache_mmap_representative/boundary_orbit_mult.npy' -> '/tmp/11439_mmap_cache_representative_bethe/boundary_orbit_mult.npy'
'/pool/hamza/000011_scan_selfconsistent_bethe/cache_mmap_representative/cfg.npy' -> '/tmp/11439_mmap_cache_representative_bethe/cfg.npy'
'/pool/hamza/000011_scan_selfconsistent_bethe/cache_mmap_representative/group_keys.npy' -> '/tmp/11439_mmap_cache_representative_bethe/group_keys.npy'
'/pool/hamza/000011_scan_selfconsistent_bethe/cache_mmap_representative/group_orbit_mult.npy' -> '/tmp/11439_mmap_cache_representative_bethe/group_orbit_mult.npy'
'/pool/hamza/000011_scan_selfconsistent_bethe/cache_mmap_representative/group_ptr.npy' -> '/tmp/11439_mmap_cache_representative_bethe/group_ptr.npy'
'/pool/hamza/000011_scan_selfconsistent_bethe/cache_mmap_representative/m_patch.npy' -> '/tmp/11439_mmap_cache_representative_bethe/m_patch.npy'
'/pool/hamza/000011_scan_selfconsistent_bethe/cache_mmap_representative/patch_group_ptr.npy' -> '/tmp/11439_mmap_cache_representative_bethe/patch_group_ptr.npy'
'/pool/hamza/000011_scan_selfconsistent_bethe/cache_mmap_representative/patch_to_small.npy' -> '/tmp/11439_mmap_cache_representative_bethe/patch_to_small.npy'
'/pool/hamza/000011_scan_selfconsistent_bethe/cache_mmap_representative/patch_to_species.npy' -> '/tmp/11439_mmap_cache_representative_bethe/patch_to_species.npy'
'/pool/hamza/000011_scan_selfconsistent_bethe/cache_mmap_representative/species_counts.npy' -> '/tmp/11439_mmap_cache_representative_bethe/species_counts.npy'
'/pool/hamza/000011_scan_selfconsistent_bethe/cache_mmap_representative/meta.npz' -> '/tmp/11439_mmap_cache_representative_bethe/meta.npz'
'/pool/hamza/000011_scan_selfconsistent_bethe/cache_mmap_representative/.ready' -> '/tmp/11439_mmap_cache_representative_bethe/.ready'
[node200] copied mmap cache to /tmp/11439_mmap_cache_representative_bethe (1.7M)
[stage] run shards
[2026-05-14 20:42:07] loading mmap cache from /tmp/11439_mmap_cache_representative_bethe
[2026-05-14 20:42:07] workspace allocated: n_groups=2836, n_ft=81, factor=6.0, linear_term_mode=avgE, registry_mode=boltzmann, association_mode=oriented_directed_face_state, use_boundary_quotient=False, cfg_includes_full_orbit=True, boundary_orbit_mult[min,max,mean]=(1.0, 24.0, 23.108603667136812), boundary_patch_mode=canonical_representative_undirected_face_patterns, boundary_sparse_entries=15856, patches_per_group_mean=5.590973201692525, m_patch_sum[min,max]=(6.0,6.0)
[2026-05-14 20:42:07] RSS after setup: VmRSS:	  138240 kB
[2026-05-14 20:42:07] shard 46/50: range=[368, 376) count=8
[2026-05-14 20:42:07] loading mmap cache from /tmp/11439_mmap_cache_representative_bethe
[2026-05-14 20:42:07] workspace allocated: n_groups=2836, n_ft=81, factor=6.0, linear_term_mode=avgE, registry_mode=boltzmann, association_mode=oriented_directed_face_state, use_boundary_quotient=False, cfg_includes_full_orbit=True, boundary_orbit_mult[min,max,mean]=(1.0, 24.0, 23.108603667136812), boundary_patch_mode=canonical_representative_undirected_face_patterns, boundary_sparse_entries=15856, patches_per_group_mean=5.590973201692525, m_patch_sum[min,max]=(6.0,6.0)
[2026-05-14 20:42:07] RSS after setup: VmRSS:	  138240 kB
[2026-05-14 20:42:07] shard 44/50: range=[352, 360) count=8
[2026-05-14 20:42:07] loading mmap cache from /tmp/11439_mmap_cache_representative_bethe
[2026-05-14 20:42:07] workspace allocated: n_groups=2836, n_ft=81, factor=6.0, linear_term_mode=avgE, registry_mode=boltzmann, association_mode=oriented_directed_face_state, use_boundary_quotient=False, cfg_includes_full_orbit=True, boundary_orbit_mult[min,max,mean]=(1.0, 24.0, 23.108603667136812), boundary_patch_mode=canonical_representative_undirected_face_patterns, boundary_sparse_entries=15856, patches_per_group_mean=5.590973201692525, m_patch_sum[min,max]=(6.0,6.0)
[2026-05-14 20:42:07] RSS after setup: VmRSS:	  138240 kB
[2026-05-14 20:42:07] shard 28/50: range=[224, 232) count=8
[2026-05-14 20:42:07] loading mmap cache from /tmp/11439_mmap_cache_representative_bethe
[2026-05-14 20:42:07] workspace allocated: n_groups=2836, n_ft=81, factor=6.0, linear_term_mode=avgE, registry_mode=boltzmann, association_mode=oriented_directed_face_state, use_boundary_quotient=False, cfg_includes_full_orbit=True, boundary_orbit_mult[min,max,mean]=(1.0, 24.0, 23.108603667136812), boundary_patch_mode=canonical_representative_undirected_face_patterns, boundary_sparse_entries=15856, patches_per_group_mean=5.590973201692525, m_patch_sum[min,max]=(6.0,6.0)
[2026-05-14 20:42:07] RSS after setup: VmRSS:	  138240 kB
[2026-05-14 20:42:07] shard 49/50: range=[392, 400) count=8
[2026-05-14 20:42:07] loading mmap cache from /tmp/11439_mmap_cache_representative_bethe
[2026-05-14 20:42:07] loading mmap cache from /tmp/11439_mmap_cache_representative_bethe
[2026-05-14 20:42:07] workspace allocated: n_groups=2836, n_ft=81, factor=6.0, linear_term_mode=avgE, registry_mode=boltzmann, association_mode=oriented_directed_face_state, use_boundary_quotient=False, cfg_includes_full_orbit=True, boundary_orbit_mult[min,max,mean]=(1.0, 24.0, 23.108603667136812), boundary_patch_mode=canonical_representative_undirected_face_patterns, boundary_sparse_entries=15856, patches_per_group_mean=5.590973201692525, m_patch_sum[min,max]=(6.0,6.0)
[2026-05-14 20:42:07] RSS after setup: VmRSS:	  138240 kB
[2026-05-14 20:42:07] shard 48/50: range=[384, 392) count=8
[2026-05-14 20:42:07] workspace allocated: n_groups=2836, n_ft=81, factor=6.0, linear_term_mode=avgE, registry_mode=boltzmann, association_mode=oriented_directed_face_state, use_boundary_quotient=False, cfg_includes_full_orbit=True, boundary_orbit_mult[min,max,mean]=(1.0, 24.0, 23.108603667136812), boundary_patch_mode=canonical_representative_undirected_face_patterns, boundary_sparse_entries=15856, patches_per_group_mean=5.590973201692525, m_patch_sum[min,max]=(6.0,6.0)
[2026-05-14 20:42:07] RSS after setup: VmRSS:	  137600 kB
[2026-05-14 20:42:07] shard 31/50: range=[248, 256) count=8
[2026-05-14 20:42:07] loading mmap cache from /tmp/11439_mmap_cache_representative_bethe
[2026-05-14 20:42:07] loading mmap cache from /tmp/11439_mmap_cache_representative_bethe
[2026-05-14 20:42:07] workspace allocated: n_groups=2836, n_ft=81, factor=6.0, linear_term_mode=avgE, registry_mode=boltzmann, association_mode=oriented_directed_face_state, use_boundary_quotient=False, cfg_includes_full_orbit=True, boundary_orbit_mult[min,max,mean]=(1.0, 24.0, 23.108603667136812), boundary_patch_mode=canonical_representative_undirected_face_patterns, boundary_sparse_entries=15856, patches_per_group_mean=5.590973201692525, m_patch_sum[min,max]=(6.0,6.0)
[2026-05-14 20:42:07] RSS after setup: VmRSS:	  138240 kB
[2026-05-14 20:42:07] workspace allocated: n_groups=2836, n_ft=81, factor=6.0, linear_term_mode=avgE, registry_mode=boltzmann, association_mode=oriented_directed_face_state, use_boundary_quotient=False, cfg_includes_full_orbit=True, boundary_orbit_mult[min,max,mean]=(1.0, 24.0, 23.108603667136812), boundary_patch_mode=canonical_representative_undirected_face_patterns, boundary_sparse_entries=15856, patches_per_group_mean=5.590973201692525, m_patch_sum[min,max]=(6.0,6.0)
[2026-05-14 20:42:07] RSS after setup: VmRSS:	  137600 kB
[2026-05-14 20:42:07] shard 26/50: range=[208, 216) count=8
[2026-05-14 20:42:07] shard 40/50: range=[320, 328) count=8
[2026-05-14 20:42:07] loading mmap cache from /tmp/11439_mmap_cache_representative_bethe
[2026-05-14 20:42:07] workspace allocated: n_groups=2836, n_ft=81, factor=6.0, linear_term_mode=avgE, registry_mode=boltzmann, association_mode=oriented_directed_face_state, use_boundary_quotient=False, cfg_includes_full_orbit=True, boundary_orbit_mult[min,max,mean]=(1.0, 24.0, 23.108603667136812), boundary_patch_mode=canonical_representative_undirected_face_patterns, boundary_sparse_entries=15856, patches_per_group_mean=5.590973201692525, m_patch_sum[min,max]=(6.0,6.0)
[2026-05-14 20:42:07] RSS after setup: VmRSS:	  136960 kB
[2026-05-14 20:42:07] shard 10/50: range=[80, 88) count=8
[2026-05-14 20:42:07] loading mmap cache from /tmp/11439_mmap_cache_representative_bethe
[2026-05-14 20:42:07] workspace allocated: n_groups=2836, n_ft=81, factor=6.0, linear_term_mode=avgE, registry_mode=boltzmann, association_mode=oriented_directed_face_state, use_boundary_quotient=False, cfg_includes_full_orbit=True, boundary_orbit_mult[min,max,mean]=(1.0, 24.0, 23.108603667136812), boundary_patch_mode=canonical_representative_undirected_face_patterns, boundary_sparse_entries=15856, patches_per_group_mean=5.590973201692525, m_patch_sum[min,max]=(6.0,6.0)
[2026-05-14 20:42:07] RSS after setup: VmRSS:	  137600 kB
[2026-05-14 20:42:07] shard 39/50: range=[312, 320) count=8
[2026-05-14 20:42:07] loading mmap cache from /tmp/11439_mmap_cache_representative_bethe
[2026-05-14 20:42:07] workspace allocated: n_groups=2836, n_ft=81, factor=6.0, linear_term_mode=avgE, registry_mode=boltzmann, association_mode=oriented_directed_face_state, use_boundary_quotient=False, cfg_includes_full_orbit=True, boundary_orbit_mult[min,max,mean]=(1.0, 24.0, 23.108603667136812), boundary_patch_mode=canonical_representative_undirected_face_patterns, boundary_sparse_entries=15856, patches_per_group_mean=5.590973201692525, m_patch_sum[min,max]=(6.0,6.0)
[2026-05-14 20:42:07] RSS after setup: VmRSS:	  137600 kB
[2026-05-14 20:42:07] shard 38/50: range=[304, 312) count=8
[2026-05-14 20:42:07] loading mmap cache from /tmp/11439_mmap_cache_representative_bethe
[2026-05-14 20:42:07] loading mmap cache from /tmp/11439_mmap_cache_representative_bethe
[2026-05-14 20:42:07] loading mmap cache from /tmp/11439_mmap_cache_representative_bethe
[2026-05-14 20:42:07] workspace allocated: n_groups=2836, n_ft=81, factor=6.0, linear_term_mode=avgE, registry_mode=boltzmann, association_mode=oriented_directed_face_state, use_boundary_quotient=False, cfg_includes_full_orbit=True, boundary_orbit_mult[min,max,mean]=(1.0, 24.0, 23.108603667136812), boundary_patch_mode=canonical_representative_undirected_face_patterns, boundary_sparse_entries=15856, patches_per_group_mean=5.590973201692525, m_patch_sum[min,max]=(6.0,6.0)
[2026-05-14 20:42:07] RSS after setup: VmRSS:	  137600 kB
[2026-05-14 20:42:07] shard 41/50: range=[328, 336) count=8
[2026-05-14 20:42:07] loading mmap cache from /tmp/11439_mmap_cache_representative_bethe
[2026-05-14 20:42:07] workspace allocated: n_groups=2836, n_ft=81, factor=6.0, linear_term_mode=avgE, registry_mode=boltzmann, association_mode=oriented_directed_face_state, use_boundary_quotient=False, cfg_includes_full_orbit=True, boundary_orbit_mult[min,max,mean]=(1.0, 24.0, 23.108603667136812), boundary_patch_mode=canonical_representative_undirected_face_patterns, boundary_sparse_entries=15856, patches_per_group_mean=5.590973201692525, m_patch_sum[min,max]=(6.0,6.0)
[2026-05-14 20:42:07] RSS after setup: VmRSS:	  138240 kB
[2026-05-14 20:42:07] shard 18/50: range=[144, 152) count=8
[2026-05-14 20:42:07] workspace allocated: n_groups=2836, n_ft=81, factor=6.0, linear_term_mode=avgE, registry_mode=boltzmann, association_mode=oriented_directed_face_state, use_boundary_quotient=False, cfg_includes_full_orbit=True, boundary_orbit_mult[min,max,mean]=(1.0, 24.0, 23.108603667136812), boundary_patch_mode=canonical_representative_undirected_face_patterns, boundary_sparse_entries=15856, patches_per_group_mean=5.590973201692525, m_patch_sum[min,max]=(6.0,6.0)
[2026-05-14 20:42:07] RSS after setup: VmRSS:	  137600 kB
[2026-05-14 20:42:07] shard 16/50: range=[128, 136) count=8
[2026-05-14 20:42:07] workspace allocated: n_groups=2836, n_ft=81, factor=6.0, linear_term_mode=avgE, registry_mode=boltzmann, association_mode=oriented_directed_face_state, use_boundary_quotient=False, cfg_includes_full_orbit=True, boundary_orbit_mult[min,max,mean]=(1.0, 24.0, 23.108603667136812), boundary_patch_mode=canonical_representative_undirected_face_patterns, boundary_sparse_entries=15856, patches_per_group_mean=5.590973201692525, m_patch_sum[min,max]=(6.0,6.0)
[2026-05-14 20:42:07] RSS after setup: VmRSS:	  136960 kB
[2026-05-14 20:42:07] shard 29/50: range=[232, 240) count=8
[2026-05-14 20:42:07] loading mmap cache from /tmp/11439_mmap_cache_representative_bethe
[2026-05-14 20:42:07] loading mmap cache from /tmp/11439_mmap_cache_representative_bethe
[2026-05-14 20:42:07] loading mmap cache from /tmp/11439_mmap_cache_representative_bethe
[2026-05-14 20:42:07] workspace allocated: n_groups=2836, n_ft=81, factor=6.0, linear_term_mode=avgE, registry_mode=boltzmann, association_mode=oriented_directed_face_state, use_boundary_quotient=False, cfg_includes_full_orbit=True, boundary_orbit_mult[min,max,mean]=(1.0, 24.0, 23.108603667136812), boundary_patch_mode=canonical_representative_undirected_face_patterns, boundary_sparse_entries=15856, patches_per_group_mean=5.590973201692525, m_patch_sum[min,max]=(6.0,6.0)
[2026-05-14 20:42:07] RSS after setup: VmRSS:	  136960 kB
[2026-05-14 20:42:07] shard 5/50: range=[40, 48) count=8
[2026-05-14 20:42:07] loading mmap cache from /tmp/11439_mmap_cache_representative_bethe
[2026-05-14 20:42:07] workspace allocated: n_groups=2836, n_ft=81, factor=6.0, linear_term_mode=avgE, registry_mode=boltzmann, association_mode=oriented_directed_face_state, use_boundary_quotient=False, cfg_includes_full_orbit=True, boundary_orbit_mult[min,max,mean]=(1.0, 24.0, 23.108603667136812), boundary_patch_mode=canonical_representative_undirected_face_patterns, boundary_sparse_entries=15856, patches_per_group_mean=5.590973201692525, m_patch_sum[min,max]=(6.0,6.0)
[2026-05-14 20:42:07] RSS after setup: VmRSS:	  136960 kB
[2026-05-14 20:42:07] shard 24/50: range=[192, 200) count=8
[2026-05-14 20:42:07] loading mmap cache from /tmp/11439_mmap_cache_representative_bethe
[2026-05-14 20:42:07] workspace allocated: n_groups=2836, n_ft=81, factor=6.0, linear_term_mode=avgE, registry_mode=boltzmann, association_mode=oriented_directed_face_state, use_boundary_quotient=False, cfg_includes_full_orbit=True, boundary_orbit_mult[min,max,mean]=(1.0, 24.0, 23.108603667136812), boundary_patch_mode=canonical_representative_undirected_face_patterns, boundary_sparse_entries=15856, patches_per_group_mean=5.590973201692525, m_patch_sum[min,max]=(6.0,6.0)
[2026-05-14 20:42:07] RSS after setup: VmRSS:	  138240 kB
[2026-05-14 20:42:07] shard 8/50: range=[64, 72) count=8
[2026-05-14 20:42:07] loading mmap cache from /tmp/11439_mmap_cache_representative_bethe
[2026-05-14 20:42:07] workspace allocated: n_groups=2836, n_ft=81, factor=6.0, linear_term_mode=avgE, registry_mode=boltzmann, association_mode=oriented_directed_face_state, use_boundary_quotient=False, cfg_includes_full_orbit=True, boundary_orbit_mult[min,max,mean]=(1.0, 24.0, 23.108603667136812), boundary_patch_mode=canonical_representative_undirected_face_patterns, boundary_sparse_entries=15856, patches_per_group_mean=5.590973201692525, m_patch_sum[min,max]=(6.0,6.0)
[2026-05-14 20:42:07] RSS after setup: VmRSS:	  136960 kB
[2026-05-14 20:42:07] shard 47/50: range=[376, 384) count=8
[2026-05-14 20:42:07] loading mmap cache from /tmp/11439_mmap_cache_representative_bethe
[2026-05-14 20:42:07] loading mmap cache from /tmp/11439_mmap_cache_representative_bethe
[2026-05-14 20:42:07] workspace allocated: n_groups=2836, n_ft=81, factor=6.0, linear_term_mode=avgE, registry_mode=boltzmann, association_mode=oriented_directed_face_state, use_boundary_quotient=False, cfg_includes_full_orbit=True, boundary_orbit_mult[min,max,mean]=(1.0, 24.0, 23.108603667136812), boundary_patch_mode=canonical_representative_undirected_face_patterns, boundary_sparse_entries=15856, patches_per_group_mean=5.590973201692525, m_patch_sum[min,max]=(6.0,6.0)
[2026-05-14 20:42:07] RSS after setup: VmRSS:	  138240 kB
[2026-05-14 20:42:07] shard 9/50: range=[72, 80) count=8
[2026-05-14 20:42:07] loading mmap cache from /tmp/11439_mmap_cache_representative_bethe
[2026-05-14 20:42:07] workspace allocated: n_groups=2836, n_ft=81, factor=6.0, linear_term_mode=avgE, registry_mode=boltzmann, association_mode=oriented_directed_face_state, use_boundary_quotient=False, cfg_includes_full_orbit=True, boundary_orbit_mult[min,max,mean]=(1.0, 24.0, 23.108603667136812), boundary_patch_mode=canonical_representative_undirected_face_patterns, boundary_sparse_entries=15856, patches_per_group_mean=5.590973201692525, m_patch_sum[min,max]=(6.0,6.0)
[2026-05-14 20:42:07] RSS after setup: VmRSS:	  136960 kB
[2026-05-14 20:42:07] shard 4/50: range=[32, 40) count=8
[2026-05-14 20:42:07] loading mmap cache from /tmp/11439_mmap_cache_representative_bethe
[2026-05-14 20:42:07] workspace allocated: n_groups=2836, n_ft=81, factor=6.0, linear_term_mode=avgE, registry_mode=boltzmann, association_mode=oriented_directed_face_state, use_boundary_quotient=False, cfg_includes_full_orbit=True, boundary_orbit_mult[min,max,mean]=(1.0, 24.0, 23.108603667136812), boundary_patch_mode=canonical_representative_undirected_face_patterns, boundary_sparse_entries=15856, patches_per_group_mean=5.590973201692525, m_patch_sum[min,max]=(6.0,6.0)
[2026-05-14 20:42:07] RSS after setup: VmRSS:	  138240 kB
[2026-05-14 20:42:07] shard 45/50: range=[360, 368) count=8
[2026-05-14 20:42:07] workspace allocated: n_groups=2836, n_ft=81, factor=6.0, linear_term_mode=avgE, registry_mode=boltzmann, association_mode=oriented_directed_face_state, use_boundary_quotient=False, cfg_includes_full_orbit=True, boundary_orbit_mult[min,max,mean]=(1.0, 24.0, 23.108603667136812), boundary_patch_mode=canonical_representative_undirected_face_patterns, boundary_sparse_entries=15856, patches_per_group_mean=5.590973201692525, m_patch_sum[min,max]=(6.0,6.0)
[2026-05-14 20:42:07] RSS after setup: VmRSS:	  136960 kB
[2026-05-14 20:42:07] shard 6/50: range=[48, 56) count=8
[2026-05-14 20:42:07] loading mmap cache from /tmp/11439_mmap_cache_representative_bethe
[2026-05-14 20:42:07] workspace allocated: n_groups=2836, n_ft=81, factor=6.0, linear_term_mode=avgE, registry_mode=boltzmann, association_mode=oriented_directed_face_state, use_boundary_quotient=False, cfg_includes_full_orbit=True, boundary_orbit_mult[min,max,mean]=(1.0, 24.0, 23.108603667136812), boundary_patch_mode=canonical_representative_undirected_face_patterns, boundary_sparse_entries=15856, patches_per_group_mean=5.590973201692525, m_patch_sum[min,max]=(6.0,6.0)
[2026-05-14 20:42:07] RSS after setup: VmRSS:	  137600 kB
[2026-05-14 20:42:07] shard 36/50: range=[288, 296) count=8
[2026-05-14 20:42:07] workspace allocated: n_groups=2836, n_ft=81, factor=6.0, linear_term_mode=avgE, registry_mode=boltzmann, association_mode=oriented_directed_face_state, use_boundary_quotient=False, cfg_includes_full_orbit=True, boundary_orbit_mult[min,max,mean]=(1.0, 24.0, 23.108603667136812), boundary_patch_mode=canonical_representative_undirected_face_patterns, boundary_sparse_entries=15856, patches_per_group_mean=5.590973201692525, m_patch_sum[min,max]=(6.0,6.0)
[2026-05-14 20:42:07] RSS after setup: VmRSS:	  136320 kB
[2026-05-14 20:42:07] shard 37/50: range=[296, 304) count=8
[2026-05-14 20:42:07] loading mmap cache from /tmp/11439_mmap_cache_representative_bethe
[2026-05-14 20:42:07] workspace allocated: n_groups=2836, n_ft=81, factor=6.0, linear_term_mode=avgE, registry_mode=boltzmann, association_mode=oriented_directed_face_state, use_boundary_quotient=False, cfg_includes_full_orbit=True, boundary_orbit_mult[min,max,mean]=(1.0, 24.0, 23.108603667136812), boundary_patch_mode=canonical_representative_undirected_face_patterns, boundary_sparse_entries=15856, patches_per_group_mean=5.590973201692525, m_patch_sum[min,max]=(6.0,6.0)
[2026-05-14 20:42:07] RSS after setup: VmRSS:	  137600 kB
[2026-05-14 20:42:07] shard 30/50: range=[240, 248) count=8
[2026-05-14 20:42:07] loading mmap cache from /tmp/11439_mmap_cache_representative_bethe
[2026-05-14 20:42:07] workspace allocated: n_groups=2836, n_ft=81, factor=6.0, linear_term_mode=avgE, registry_mode=boltzmann, association_mode=oriented_directed_face_state, use_boundary_quotient=False, cfg_includes_full_orbit=True, boundary_orbit_mult[min,max,mean]=(1.0, 24.0, 23.108603667136812), boundary_patch_mode=canonical_representative_undirected_face_patterns, boundary_sparse_entries=15856, patches_per_group_mean=5.590973201692525, m_patch_sum[min,max]=(6.0,6.0)
[2026-05-14 20:42:07] RSS after setup: VmRSS:	  137600 kB
[2026-05-14 20:42:07] shard 22/50: range=[176, 184) count=8
[2026-05-14 20:42:07] workspace allocated: n_groups=2836, n_ft=81, factor=6.0, linear_term_mode=avgE, registry_mode=boltzmann, association_mode=oriented_directed_face_state, use_boundary_quotient=False, cfg_includes_full_orbit=True, boundary_orbit_mult[min,max,mean]=(1.0, 24.0, 23.108603667136812), boundary_patch_mode=canonical_representative_undirected_face_patterns, boundary_sparse_entries=15856, patches_per_group_mean=5.590973201692525, m_patch_sum[min,max]=(6.0,6.0)
[2026-05-14 20:42:07] RSS after setup: VmRSS:	  136960 kB
[2026-05-14 20:42:07] shard 12/50: range=[96, 104) count=8
[2026-05-14 20:42:07] loading mmap cache from /tmp/11439_mmap_cache_representative_bethe
[2026-05-14 20:42:07] loading mmap cache from /tmp/11439_mmap_cache_representative_bethe
[2026-05-14 20:42:07] workspace allocated: n_groups=2836, n_ft=81, factor=6.0, linear_term_mode=avgE, registry_mode=boltzmann, association_mode=oriented_directed_face_state, use_boundary_quotient=False, cfg_includes_full_orbit=True, boundary_orbit_mult[min,max,mean]=(1.0, 24.0, 23.108603667136812), boundary_patch_mode=canonical_representative_undirected_face_patterns, boundary_sparse_entries=15856, patches_per_group_mean=5.590973201692525, m_patch_sum[min,max]=(6.0,6.0)
[2026-05-14 20:42:07] RSS after setup: VmRSS:	  138240 kB
[2026-05-14 20:42:07] shard 43/50: range=[344, 352) count=8
[2026-05-14 20:42:07] workspace allocated: n_groups=2836, n_ft=81, factor=6.0, linear_term_mode=avgE, registry_mode=boltzmann, association_mode=oriented_directed_face_state, use_boundary_quotient=False, cfg_includes_full_orbit=True, boundary_orbit_mult[min,max,mean]=(1.0, 24.0, 23.108603667136812), boundary_patch_mode=canonical_representative_undirected_face_patterns, boundary_sparse_entries=15856, patches_per_group_mean=5.590973201692525, m_patch_sum[min,max]=(6.0,6.0)
[2026-05-14 20:42:07] RSS after setup: VmRSS:	  136320 kB
[2026-05-14 20:42:07] shard 32/50: range=[256, 264) count=8
[2026-05-14 20:42:07] loading mmap cache from /tmp/11439_mmap_cache_representative_bethe
[2026-05-14 20:42:07] loading mmap cache from /tmp/11439_mmap_cache_representative_bethe
[2026-05-14 20:42:07] loading mmap cache from /tmp/11439_mmap_cache_representative_bethe
[2026-05-14 20:42:07] loading mmap cache from /tmp/11439_mmap_cache_representative_bethe
[2026-05-14 20:42:08] loading mmap cache from /tmp/11439_mmap_cache_representative_bethe
[2026-05-14 20:42:08] workspace allocated: n_groups=2836, n_ft=81, factor=6.0, linear_term_mode=avgE, registry_mode=boltzmann, association_mode=oriented_directed_face_state, use_boundary_quotient=False, cfg_includes_full_orbit=True, boundary_orbit_mult[min,max,mean]=(1.0, 24.0, 23.108603667136812), boundary_patch_mode=canonical_representative_undirected_face_patterns, boundary_sparse_entries=15856, patches_per_group_mean=5.590973201692525, m_patch_sum[min,max]=(6.0,6.0)
[2026-05-14 20:42:08] RSS after setup: VmRSS:	  138240 kB
[2026-05-14 20:42:08] shard 0/50: range=[0, 8) count=8
[2026-05-14 20:42:08] workspace allocated: n_groups=2836, n_ft=81, factor=6.0, linear_term_mode=avgE, registry_mode=boltzmann, association_mode=oriented_directed_face_state, use_boundary_quotient=False, cfg_includes_full_orbit=True, boundary_orbit_mult[min,max,mean]=(1.0, 24.0, 23.108603667136812), boundary_patch_mode=canonical_representative_undirected_face_patterns, boundary_sparse_entries=15856, patches_per_group_mean=5.590973201692525, m_patch_sum[min,max]=(6.0,6.0)
[2026-05-14 20:42:08] RSS after setup: VmRSS:	  136960 kB
[2026-05-14 20:42:08] shard 1/50: range=[8, 16) count=8
[2026-05-14 20:42:08] workspace allocated: n_groups=2836, n_ft=81, factor=6.0, linear_term_mode=avgE, registry_mode=boltzmann, association_mode=oriented_directed_face_state, use_boundary_quotient=False, cfg_includes_full_orbit=True, boundary_orbit_mult[min,max,mean]=(1.0, 24.0, 23.108603667136812), boundary_patch_mode=canonical_representative_undirected_face_patterns, boundary_sparse_entries=15856, patches_per_group_mean=5.590973201692525, m_patch_sum[min,max]=(6.0,6.0)
[2026-05-14 20:42:08] RSS after setup: VmRSS:	  137600 kB
[2026-05-14 20:42:08] shard 15/50: range=[120, 128) count=8
[2026-05-14 20:42:08] workspace allocated: n_groups=2836, n_ft=81, factor=6.0, linear_term_mode=avgE, registry_mode=boltzmann, association_mode=oriented_directed_face_state, use_boundary_quotient=False, cfg_includes_full_orbit=True, boundary_orbit_mult[min,max,mean]=(1.0, 24.0, 23.108603667136812), boundary_patch_mode=canonical_representative_undirected_face_patterns, boundary_sparse_entries=15856, patches_per_group_mean=5.590973201692525, m_patch_sum[min,max]=(6.0,6.0)
[2026-05-14 20:42:08] RSS after setup: VmRSS:	  136960 kB
[2026-05-14 20:42:08] shard 27/50: range=[216, 224) count=8
[2026-05-14 20:42:08] loading mmap cache from /tmp/11439_mmap_cache_representative_bethe
[2026-05-14 20:42:08] loading mmap cache from /tmp/11439_mmap_cache_representative_bethe
[2026-05-14 20:42:08] loading mmap cache from /tmp/11439_mmap_cache_representative_bethe
[2026-05-14 20:42:08] workspace allocated: n_groups=2836, n_ft=81, factor=6.0, linear_term_mode=avgE, registry_mode=boltzmann, association_mode=oriented_directed_face_state, use_boundary_quotient=False, cfg_includes_full_orbit=True, boundary_orbit_mult[min,max,mean]=(1.0, 24.0, 23.108603667136812), boundary_patch_mode=canonical_representative_undirected_face_patterns, boundary_sparse_entries=15856, patches_per_group_mean=5.590973201692525, m_patch_sum[min,max]=(6.0,6.0)
[2026-05-14 20:42:08] RSS after setup: VmRSS:	  138240 kB
[2026-05-14 20:42:08] shard 35/50: range=[280, 288) count=8
[2026-05-14 20:42:08] loading mmap cache from /tmp/11439_mmap_cache_representative_bethe
[2026-05-14 20:42:08] loading mmap cache from /tmp/11439_mmap_cache_representative_bethe
[2026-05-14 20:42:08] loading mmap cache from /tmp/11439_mmap_cache_representative_bethe
[2026-05-14 20:42:08] workspace allocated: n_groups=2836, n_ft=81, factor=6.0, linear_term_mode=avgE, registry_mode=boltzmann, association_mode=oriented_directed_face_state, use_boundary_quotient=False, cfg_includes_full_orbit=True, boundary_orbit_mult[min,max,mean]=(1.0, 24.0, 23.108603667136812), boundary_patch_mode=canonical_representative_undirected_face_patterns, boundary_sparse_entries=15856, patches_per_group_mean=5.590973201692525, m_patch_sum[min,max]=(6.0,6.0)
[2026-05-14 20:42:08] RSS after setup: VmRSS:	  137600 kB
[2026-05-14 20:42:08] workspace allocated: n_groups=2836, n_ft=81, factor=6.0, linear_term_mode=avgE, registry_mode=boltzmann, association_mode=oriented_directed_face_state, use_boundary_quotient=False, cfg_includes_full_orbit=True, boundary_orbit_mult[min,max,mean]=(1.0, 24.0, 23.108603667136812), boundary_patch_mode=canonical_representative_undirected_face_patterns, boundary_sparse_entries=15856, patches_per_group_mean=5.590973201692525, m_patch_sum[min,max]=(6.0,6.0)
[2026-05-14 20:42:08] RSS after setup: VmRSS:	  136960 kB
[2026-05-14 20:42:08] shard 33/50: range=[264, 272) count=8
[2026-05-14 20:42:08] shard 7/50: range=[56, 64) count=8
[2026-05-14 20:42:08] workspace allocated: n_groups=2836, n_ft=81, factor=6.0, linear_term_mode=avgE, registry_mode=boltzmann, association_mode=oriented_directed_face_state, use_boundary_quotient=False, cfg_includes_full_orbit=True, boundary_orbit_mult[min,max,mean]=(1.0, 24.0, 23.108603667136812), boundary_patch_mode=canonical_representative_undirected_face_patterns, boundary_sparse_entries=15856, patches_per_group_mean=5.590973201692525, m_patch_sum[min,max]=(6.0,6.0)
[2026-05-14 20:42:08] RSS after setup: VmRSS:	  137600 kB
[2026-05-14 20:42:08] shard 11/50: range=[88, 96) count=8
[2026-05-14 20:42:08] loading mmap cache from /tmp/11439_mmap_cache_representative_bethe
[2026-05-14 20:42:08] loading mmap cache from /tmp/11439_mmap_cache_representative_bethe
[2026-05-14 20:42:08] workspace allocated: n_groups=2836, n_ft=81, factor=6.0, linear_term_mode=avgE, registry_mode=boltzmann, association_mode=oriented_directed_face_state, use_boundary_quotient=False, cfg_includes_full_orbit=True, boundary_orbit_mult[min,max,mean]=(1.0, 24.0, 23.108603667136812), boundary_patch_mode=canonical_representative_undirected_face_patterns, boundary_sparse_entries=15856, patches_per_group_mean=5.590973201692525, m_patch_sum[min,max]=(6.0,6.0)
[2026-05-14 20:42:08] RSS after setup: VmRSS:	  136960 kB
[2026-05-14 20:42:08] shard 25/50: range=[200, 208) count=8
[2026-05-14 20:42:08] workspace allocated: n_groups=2836, n_ft=81, factor=6.0, linear_term_mode=avgE, registry_mode=boltzmann, association_mode=oriented_directed_face_state, use_boundary_quotient=False, cfg_includes_full_orbit=True, boundary_orbit_mult[min,max,mean]=(1.0, 24.0, 23.108603667136812), boundary_patch_mode=canonical_representative_undirected_face_patterns, boundary_sparse_entries=15856, patches_per_group_mean=5.590973201692525, m_patch_sum[min,max]=(6.0,6.0)
[2026-05-14 20:42:08] RSS after setup: VmRSS:	  137600 kB
[2026-05-14 20:42:08] shard 42/50: range=[336, 344) count=8
[2026-05-14 20:42:08] loading mmap cache from /tmp/11439_mmap_cache_representative_bethe
[2026-05-14 20:42:08] workspace allocated: n_groups=2836, n_ft=81, factor=6.0, linear_term_mode=avgE, registry_mode=boltzmann, association_mode=oriented_directed_face_state, use_boundary_quotient=False, cfg_includes_full_orbit=True, boundary_orbit_mult[min,max,mean]=(1.0, 24.0, 23.108603667136812), boundary_patch_mode=canonical_representative_undirected_face_patterns, boundary_sparse_entries=15856, patches_per_group_mean=5.590973201692525, m_patch_sum[min,max]=(6.0,6.0)
[2026-05-14 20:42:08] RSS after setup: VmRSS:	  138240 kB
[2026-05-14 20:42:08] shard 14/50: range=[112, 120) count=8
[2026-05-14 20:42:08] loading mmap cache from /tmp/11439_mmap_cache_representative_bethe
[2026-05-14 20:42:08] loading mmap cache from /tmp/11439_mmap_cache_representative_bethe
[2026-05-14 20:42:08] workspace allocated: n_groups=2836, n_ft=81, factor=6.0, linear_term_mode=avgE, registry_mode=boltzmann, association_mode=oriented_directed_face_state, use_boundary_quotient=False, cfg_includes_full_orbit=True, boundary_orbit_mult[min,max,mean]=(1.0, 24.0, 23.108603667136812), boundary_patch_mode=canonical_representative_undirected_face_patterns, boundary_sparse_entries=15856, patches_per_group_mean=5.590973201692525, m_patch_sum[min,max]=(6.0,6.0)
[2026-05-14 20:42:08] RSS after setup: VmRSS:	  137600 kB
[2026-05-14 20:42:08] shard 13/50: range=[104, 112) count=8
[2026-05-14 20:42:08] workspace allocated: n_groups=2836, n_ft=81, factor=6.0, linear_term_mode=avgE, registry_mode=boltzmann, association_mode=oriented_directed_face_state, use_boundary_quotient=False, cfg_includes_full_orbit=True, boundary_orbit_mult[min,max,mean]=(1.0, 24.0, 23.108603667136812), boundary_patch_mode=canonical_representative_undirected_face_patterns, boundary_sparse_entries=15856, patches_per_group_mean=5.590973201692525, m_patch_sum[min,max]=(6.0,6.0)
[2026-05-14 20:42:08] RSS after setup: VmRSS:	  136960 kB
[2026-05-14 20:42:08] loading mmap cache from /tmp/11439_mmap_cache_representative_bethe
[2026-05-14 20:42:08] shard 20/50: range=[160, 168) count=8
[2026-05-14 20:42:08] loading mmap cache from /tmp/11439_mmap_cache_representative_bethe
[2026-05-14 20:42:08] loading mmap cache from /tmp/11439_mmap_cache_representative_bethe
[2026-05-14 20:42:08] workspace allocated: n_groups=2836, n_ft=81, factor=6.0, linear_term_mode=avgE, registry_mode=boltzmann, association_mode=oriented_directed_face_state, use_boundary_quotient=False, cfg_includes_full_orbit=True, boundary_orbit_mult[min,max,mean]=(1.0, 24.0, 23.108603667136812), boundary_patch_mode=canonical_representative_undirected_face_patterns, boundary_sparse_entries=15856, patches_per_group_mean=5.590973201692525, m_patch_sum[min,max]=(6.0,6.0)
[2026-05-14 20:42:08] workspace allocated: n_groups=2836, n_ft=81, factor=6.0, linear_term_mode=avgE, registry_mode=boltzmann, association_mode=oriented_directed_face_state, use_boundary_quotient=False, cfg_includes_full_orbit=True, boundary_orbit_mult[min,max,mean]=(1.0, 24.0, 23.108603667136812), boundary_patch_mode=canonical_representative_undirected_face_patterns, boundary_sparse_entries=15856, patches_per_group_mean=5.590973201692525, m_patch_sum[min,max]=(6.0,6.0)
[2026-05-14 20:42:08] RSS after setup: VmRSS:	  137600 kB
[2026-05-14 20:42:08] RSS after setup: VmRSS:	  136320 kB
[2026-05-14 20:42:08] loading mmap cache from /tmp/11439_mmap_cache_representative_bethe
[2026-05-14 20:42:08] shard 34/50: range=[272, 280) count=8
[2026-05-14 20:42:08] shard 17/50: range=[136, 144) count=8
[2026-05-14 20:42:08] workspace allocated: n_groups=2836, n_ft=81, factor=6.0, linear_term_mode=avgE, registry_mode=boltzmann, association_mode=oriented_directed_face_state, use_boundary_quotient=False, cfg_includes_full_orbit=True, boundary_orbit_mult[min,max,mean]=(1.0, 24.0, 23.108603667136812), boundary_patch_mode=canonical_representative_undirected_face_patterns, boundary_sparse_entries=15856, patches_per_group_mean=5.590973201692525, m_patch_sum[min,max]=(6.0,6.0)
[2026-05-14 20:42:08] RSS after setup: VmRSS:	  137600 kB
[2026-05-14 20:42:08] shard 2/50: range=[16, 24) count=8
[2026-05-14 20:42:08] workspace allocated: n_groups=2836, n_ft=81, factor=6.0, linear_term_mode=avgE, registry_mode=boltzmann, association_mode=oriented_directed_face_state, use_boundary_quotient=False, cfg_includes_full_orbit=True, boundary_orbit_mult[min,max,mean]=(1.0, 24.0, 23.108603667136812), boundary_patch_mode=canonical_representative_undirected_face_patterns, boundary_sparse_entries=15856, patches_per_group_mean=5.590973201692525, m_patch_sum[min,max]=(6.0,6.0)
[2026-05-14 20:42:08] workspace allocated: n_groups=2836, n_ft=81, factor=6.0, linear_term_mode=avgE, registry_mode=boltzmann, association_mode=oriented_directed_face_state, use_boundary_quotient=False, cfg_includes_full_orbit=True, boundary_orbit_mult[min,max,mean]=(1.0, 24.0, 23.108603667136812), boundary_patch_mode=canonical_representative_undirected_face_patterns, boundary_sparse_entries=15856, patches_per_group_mean=5.590973201692525, m_patch_sum[min,max]=(6.0,6.0)
[2026-05-14 20:42:08] RSS after setup: VmRSS:	  136960 kB
[2026-05-14 20:42:08] RSS after setup: VmRSS:	  138240 kB
[2026-05-14 20:42:08] shard 3/50: range=[24, 32) count=8
[2026-05-14 20:42:08] workspace allocated: n_groups=2836, n_ft=81, factor=6.0, linear_term_mode=avgE, registry_mode=boltzmann, association_mode=oriented_directed_face_state, use_boundary_quotient=False, cfg_includes_full_orbit=True, boundary_orbit_mult[min,max,mean]=(1.0, 24.0, 23.108603667136812), boundary_patch_mode=canonical_representative_undirected_face_patterns, boundary_sparse_entries=15856, patches_per_group_mean=5.590973201692525, m_patch_sum[min,max]=(6.0,6.0)
[2026-05-14 20:42:08] RSS after setup: VmRSS:	  138240 kB
[2026-05-14 20:42:08] shard 23/50: range=[184, 192) count=8
[2026-05-14 20:42:08] shard 19/50: range=[152, 160) count=8
[2026-05-14 20:42:08] workspace allocated: n_groups=2836, n_ft=81, factor=6.0, linear_term_mode=avgE, registry_mode=boltzmann, association_mode=oriented_directed_face_state, use_boundary_quotient=False, cfg_includes_full_orbit=True, boundary_orbit_mult[min,max,mean]=(1.0, 24.0, 23.108603667136812), boundary_patch_mode=canonical_representative_undirected_face_patterns, boundary_sparse_entries=15856, patches_per_group_mean=5.590973201692525, m_patch_sum[min,max]=(6.0,6.0)
[2026-05-14 20:42:08] RSS after setup: VmRSS:	  138240 kB
[2026-05-14 20:42:08] shard 21/50: range=[168, 176) count=8
[2026-05-14 20:48:50] shard 25: 1/8 eps_a=0.000 eps_c=0.526 dt=401.6s found=Y RSS=275580kB
[2026-05-14 20:48:50] POINT shard=25 idx=1/8 eps_a=0 eps_c=0.526316 dt=401.63s event=0 spin=0 bin=0 min_fpp=1.098202e+00 phi_min_fpp=0.4216 n_valid=51/51 n_invalid_phi=0 phi_feasible=[0,1] n_success=51 max_res=9.975e-07 mean_res=2.982e-07 mode=avgE e_lin=[-6.316e+00,0.000e+00] barrier=nan bethe=none bmode=attractive borient=orbit_average bgamma=off braw_med=0.000e+00 bcorr_med=0.000e+00 bp_med=1.000e+00 status=ok
[2026-05-14 20:49:21] shard 13: 1/8 eps_a=1.684 eps_c=0.263 dt=432.6s found=Y RSS=275312kB
[2026-05-14 20:49:21] POINT shard=13 idx=1/8 eps_a=1.68421 eps_c=0.263158 dt=432.62s event=0 spin=0 bin=0 min_fpp=1.087340e+00 phi_min_fpp=0.4216 n_valid=51/51 n_invalid_phi=0 phi_feasible=[0,1] n_success=51 max_res=9.797e-07 mean_res=3.699e-07 mode=avgE e_lin=[-9.895e+00,0.000e+00] barrier=nan bethe=none bmode=attractive borient=orbit_average bgamma=off braw_med=0.000e+00 bcorr_med=0.000e+00 bp_med=1.000e+00 status=ok
[2026-05-14 20:49:37] shard 5: 1/8 eps_a=0.000 eps_c=0.105 dt=448.7s found=Y RSS=275572kB
[2026-05-14 20:49:37] POINT shard=5 idx=1/8 eps_a=0 eps_c=0.105263 dt=448.75s event=0 spin=0 bin=0 min_fpp=2.240446e+00 phi_min_fpp=0.3628 n_valid=51/51 n_invalid_phi=0 phi_feasible=[0,1] n_success=51 max_res=9.351e-07 mean_res=3.204e-07 mode=avgE e_lin=[-1.263e+00,0.000e+00] barrier=nan bethe=none bmode=attractive borient=orbit_average bgamma=off braw_med=0.000e+00 bcorr_med=0.000e+00 bp_med=1.000e+00 status=ok
[2026-05-14 20:50:19] shard 10: 1/8 eps_a=0.000 eps_c=0.211 dt=491.4s found=Y RSS=275200kB
[2026-05-14 20:50:19] POINT shard=10 idx=1/8 eps_a=0 eps_c=0.210526 dt=491.40s event=0 spin=0 bin=0 min_fpp=1.959922e+00 phi_min_fpp=0.3628 n_valid=51/51 n_invalid_phi=0 phi_feasible=[0,1] n_success=51 max_res=9.359e-07 mean_res=2.781e-07 mode=avgE e_lin=[-2.526e+00,0.000e+00] barrier=nan bethe=none bmode=attractive borient=orbit_average bgamma=off braw_med=0.000e+00 bcorr_med=0.000e+00 bp_med=1.000e+00 status=ok
[2026-05-14 20:50:33] shard 15: 1/8 eps_a=0.000 eps_c=0.316 dt=504.1s found=Y RSS=273820kB
[2026-05-14 20:50:33] POINT shard=15 idx=1/8 eps_a=0 eps_c=0.315789 dt=504.14s event=0 spin=0 bin=0 min_fpp=1.676080e+00 phi_min_fpp=0.3824 n_valid=51/51 n_invalid_phi=0 phi_feasible=[0,1] n_success=51 max_res=9.906e-07 mean_res=2.863e-07 mode=avgE e_lin=[-3.789e+00,0.000e+00] barrier=nan bethe=none bmode=attractive borient=orbit_average bgamma=off braw_med=0.000e+00 bcorr_med=0.000e+00 bp_med=1.000e+00 status=ok
[2026-05-14 20:52:15] shard 20: 1/8 eps_a=0.000 eps_c=0.421 dt=607.2s found=Y RSS=275996kB
[2026-05-14 20:52:15] POINT shard=20 idx=1/8 eps_a=0 eps_c=0.421053 dt=607.21s event=0 spin=0 bin=0 min_fpp=1.388314e+00 phi_min_fpp=0.402 n_valid=51/51 n_invalid_phi=0 phi_feasible=[0,1] n_success=51 max_res=9.137e-07 mean_res=3.276e-07 mode=avgE e_lin=[-5.053e+00,0.000e+00] barrier=nan bethe=none bmode=attractive borient=orbit_average bgamma=off braw_med=0.000e+00 bcorr_med=0.000e+00 bp_med=1.000e+00 status=ok
[2026-05-14 20:52:30] shard 35: 1/8 eps_a=0.000 eps_c=0.737 dt=621.6s found=Y RSS=276284kB
[2026-05-14 20:52:30] POINT shard=35 idx=1/8 eps_a=0 eps_c=0.736842 dt=621.60s event=0 spin=0 bin=0 min_fpp=5.405118e-01 phi_min_fpp=0.4216 n_valid=51/51 n_invalid_phi=0 phi_feasible=[0,1] n_success=51 max_res=7.304e-07 mean_res=2.661e-07 mode=avgE e_lin=[-8.842e+00,0.000e+00] barrier=nan bethe=none bmode=attractive borient=orbit_average bgamma=off braw_med=0.000e+00 bcorr_med=0.000e+00 bp_med=1.000e+00 status=ok
[2026-05-14 20:52:33] shard 30: 1/8 eps_a=0.000 eps_c=0.632 dt=624.8s found=Y RSS=275480kB
[2026-05-14 20:52:33] POINT shard=30 idx=1/8 eps_a=0 eps_c=0.631579 dt=624.76s event=0 spin=0 bin=0 min_fpp=8.117950e-01 phi_min_fpp=0.4216 n_valid=51/51 n_invalid_phi=0 phi_feasible=[0,1] n_success=51 max_res=9.982e-07 mean_res=2.773e-07 mode=avgE e_lin=[-7.579e+00,0.000e+00] barrier=nan bethe=none bmode=attractive borient=orbit_average bgamma=off braw_med=0.000e+00 bcorr_med=0.000e+00 bp_med=1.000e+00 status=ok
[2026-05-14 20:52:52] shard 18: 1/8 eps_a=1.684 eps_c=0.368 dt=644.1s found=Y RSS=275704kB
[2026-05-14 20:52:52] POINT shard=18 idx=1/8 eps_a=1.68421 eps_c=0.368421 dt=644.14s event=0 spin=0 bin=0 min_fpp=7.992513e-01 phi_min_fpp=0.4216 n_valid=51/51 n_invalid_phi=0 phi_feasible=[0,1] n_success=51 max_res=8.624e-07 mean_res=3.585e-07 mode=avgE e_lin=[-1.116e+01,0.000e+00] barrier=nan bethe=none bmode=attractive borient=orbit_average bgamma=off braw_med=0.000e+00 bcorr_med=0.000e+00 bp_med=1.000e+00 status=ok
[2026-05-14 20:53:07] shard 3: 1/8 eps_a=1.684 eps_c=0.053 dt=658.7s found=Y RSS=273872kB
[2026-05-14 20:53:07] POINT shard=3 idx=1/8 eps_a=1.68421 eps_c=0.0526316 dt=658.73s event=0 spin=0 bin=0 min_fpp=1.674594e+00 phi_min_fpp=0.3824 n_valid=51/51 n_invalid_phi=0 phi_feasible=[0,1] n_success=51 max_res=9.694e-07 mean_res=4.020e-07 mode=avgE e_lin=[-7.368e+00,0.000e+00] barrier=nan bethe=none bmode=attractive borient=orbit_average bgamma=off braw_med=0.000e+00 bcorr_med=0.000e+00 bp_med=1.000e+00 status=ok
[2026-05-14 20:53:09] shard 23: 1/8 eps_a=1.684 eps_c=0.474 dt=660.7s found=Y RSS=272788kB
[2026-05-14 20:53:09] POINT shard=23 idx=1/8 eps_a=1.68421 eps_c=0.473684 dt=660.74s event=0 spin=0 bin=0 min_fpp=5.331747e-01 phi_min_fpp=0.4216 n_valid=51/51 n_invalid_phi=0 phi_feasible=[0,1] n_success=51 max_res=9.352e-07 mean_res=3.624e-07 mode=avgE e_lin=[-1.242e+01,0.000e+00] barrier=nan bethe=none bmode=attractive borient=orbit_average bgamma=off braw_med=0.000e+00 bcorr_med=0.000e+00 bp_med=1.000e+00 status=ok
[2026-05-14 20:53:17] shard 0: 1/8 eps_a=0.000 eps_c=0.000 dt=669.0s found=Y RSS=275808kB
[2026-05-14 20:53:17] POINT shard=0 idx=1/8 eps_a=0 eps_c=0 dt=669.03s event=0 spin=0 bin=0 min_fpp=2.517726e+00 phi_min_fpp=0.3432 n_valid=51/51 n_invalid_phi=0 phi_feasible=[0,1] n_success=51 max_res=8.414e-07 mean_res=2.128e-07 mode=avgE e_lin=[0.000e+00,0.000e+00] barrier=nan bethe=none bmode=attractive borient=orbit_average bgamma=off braw_med=0.000e+00 bcorr_med=0.000e+00 bp_med=1.000e+00 status=ok
[2026-05-14 20:53:31] shard 40: 1/8 eps_a=0.000 eps_c=0.842 dt=682.9s found=Y RSS=276196kB
[2026-05-14 20:53:31] POINT shard=40 idx=1/8 eps_a=0 eps_c=0.842105 dt=682.94s event=0 spin=0 bin=0 min_fpp=2.944622e-01 phi_min_fpp=0.402 n_valid=51/51 n_invalid_phi=0 phi_feasible=[0,1] n_success=51 max_res=9.299e-07 mean_res=2.404e-07 mode=avgE e_lin=[-1.011e+01,0.000e+00] barrier=nan bethe=none bmode=attractive borient=orbit_average bgamma=off braw_med=0.000e+00 bcorr_med=0.000e+00 bp_med=1.000e+00 status=ok
[2026-05-14 20:55:24] shard 25: 2/8 eps_a=0.421 eps_c=0.526 dt=393.3s found=Y RSS=275328kB
[2026-05-14 20:55:24] POINT shard=25 idx=2/8 eps_a=0.421053 eps_c=0.526316 dt=393.34s event=0 spin=0 bin=0 min_fpp=9.577613e-01 phi_min_fpp=0.4216 n_valid=51/51 n_invalid_phi=0 phi_feasible=[0,1] n_success=51 max_res=9.754e-07 mean_res=3.052e-07 mode=avgE e_lin=[-8.000e+00,0.000e+00] barrier=nan bethe=none bmode=attractive borient=orbit_average bgamma=off braw_med=0.000e+00 bcorr_med=0.000e+00 bp_med=1.000e+00 status=ok
[2026-05-14 20:56:39] shard 33: 1/8 eps_a=1.684 eps_c=0.684 dt=871.0s found=Y RSS=275640kB
[2026-05-14 20:56:39] POINT shard=33 idx=1/8 eps_a=1.68421 eps_c=0.684211 dt=871.00s event=0 spin=0 bin=0 min_fpp=9.078468e-02 phi_min_fpp=0.3432 n_valid=51/51 n_invalid_phi=0 phi_feasible=[0,1] n_success=51 max_res=9.303e-07 mean_res=3.147e-07 mode=avgE e_lin=[-1.495e+01,0.000e+00] barrier=nan bethe=none bmode=attractive borient=orbit_average bgamma=off braw_med=0.000e+00 bcorr_med=0.000e+00 bp_med=1.000e+00 status=ok
[2026-05-14 20:56:58] shard 5: 2/8 eps_a=0.421 eps_c=0.105 dt=439.8s found=Y RSS=275336kB
[2026-05-14 20:56:58] POINT shard=5 idx=2/8 eps_a=0.421053 eps_c=0.105263 dt=439.83s event=0 spin=0 bin=0 min_fpp=2.105091e+00 phi_min_fpp=0.3628 n_valid=51/51 n_invalid_phi=0 phi_feasible=[0,1] n_success=51 max_res=9.323e-07 mean_res=3.537e-07 mode=avgE e_lin=[-2.947e+00,0.000e+00] barrier=nan bethe=none bmode=attractive borient=orbit_average bgamma=off braw_med=0.000e+00 bcorr_med=0.000e+00 bp_med=1.000e+00 status=ok
[2026-05-14 20:57:48] shard 15: 2/8 eps_a=0.421 eps_c=0.316 dt=434.8s found=Y RSS=274216kB
[2026-05-14 20:57:48] POINT shard=15 idx=2/8 eps_a=0.421053 eps_c=0.315789 dt=434.83s event=0 spin=0 bin=0 min_fpp=1.538853e+00 phi_min_fpp=0.402 n_valid=51/51 n_invalid_phi=0 phi_feasible=[0,1] n_success=51 max_res=9.970e-07 mean_res=3.490e-07 mode=avgE e_lin=[-5.474e+00,0.000e+00] barrier=nan bethe=none bmode=attractive borient=orbit_average bgamma=off braw_med=0.000e+00 bcorr_med=0.000e+00 bp_med=1.000e+00 status=ok
[2026-05-14 20:57:59] shard 28: 1/8 eps_a=1.684 eps_c=0.579 dt=951.4s found=Y RSS=277072kB
[2026-05-14 20:57:59] POINT shard=28 idx=1/8 eps_a=1.68421 eps_c=0.578947 dt=951.36s event=0 spin=0 bin=0 min_fpp=2.984439e-01 phi_min_fpp=0.402 n_valid=51/51 n_invalid_phi=0 phi_feasible=[0,1] n_success=51 max_res=8.753e-07 mean_res=3.186e-07 mode=avgE e_lin=[-1.368e+01,0.000e+00] barrier=nan bethe=none bmode=attractive borient=orbit_average bgamma=off braw_med=0.000e+00 bcorr_med=0.000e+00 bp_med=1.000e+00 status=ok
[2026-05-14 20:58:22] shard 45: 1/8 eps_a=0.000 eps_c=0.947 dt=973.8s found=Y RSS=276628kB
[2026-05-14 20:58:22] POINT shard=45 idx=1/8 eps_a=0 eps_c=0.947368 dt=973.85s event=0 spin=0 bin=0 min_fpp=7.314748e-02 phi_min_fpp=0.3628 n_valid=51/51 n_invalid_phi=0 phi_feasible=[0,1] n_success=51 max_res=9.926e-07 mean_res=3.224e-07 mode=avgE e_lin=[-1.137e+01,0.000e+00] barrier=nan bethe=none bmode=attractive borient=orbit_average bgamma=off braw_med=0.000e+00 bcorr_med=0.000e+00 bp_med=1.000e+00 status=ok
[2026-05-14 20:58:31] shard 38: 1/8 eps_a=1.684 eps_c=0.789 dt=982.6s found=Y RSS=276364kB
[2026-05-14 20:58:31] POINT shard=38 idx=1/8 eps_a=1.68421 eps_c=0.789474 dt=982.59s event=1 spin=1 bin=1 min_fpp=-1.082078e-01 phi_min_fpp=0.2844 n_valid=51/51 n_invalid_phi=0 phi_feasible=[0,1] n_success=51 max_res=9.443e-07 mean_res=3.096e-07 mode=avgE e_lin=[-1.621e+01,0.000e+00] barrier=1.969e-03 bethe=none bmode=attractive borient=orbit_average bgamma=off braw_med=0.000e+00 bcorr_med=0.000e+00 bp_med=1.000e+00 status=ok
[2026-05-14 20:59:12] shard 8: 1/8 eps_a=1.684 eps_c=0.158 dt=1023.5s found=Y RSS=275816kB
[2026-05-14 20:59:12] POINT shard=8 idx=1/8 eps_a=1.68421 eps_c=0.157895 dt=1023.50s event=0 spin=0 bin=0 min_fpp=1.382071e+00 phi_min_fpp=0.402 n_valid=51/51 n_invalid_phi=0 phi_feasible=[0,1] n_success=51 max_res=9.830e-07 mean_res=3.023e-07 mode=avgE e_lin=[-8.632e+00,0.000e+00] barrier=nan bethe=none bmode=attractive borient=orbit_average bgamma=off braw_med=0.000e+00 bcorr_med=0.000e+00 bp_med=1.000e+00 status=ok
[2026-05-14 21:00:22] shard 48: 1/8 eps_a=1.684 eps_c=1.000 dt=1093.7s found=Y RSS=276604kB
[2026-05-14 21:00:22] POINT shard=48 idx=1/8 eps_a=1.68421 eps_c=1 dt=1093.71s event=1 spin=1 bin=1 min_fpp=-6.864226e-01 phi_min_fpp=0.0688 n_valid=51/51 n_invalid_phi=0 phi_feasible=[0,1] n_success=51 max_res=9.863e-07 mean_res=2.586e-07 mode=avgE e_lin=[-1.874e+01,0.000e+00] barrier=1.407e-02 bethe=none bmode=attractive borient=orbit_average bgamma=off braw_med=0.000e+00 bcorr_med=0.000e+00 bp_med=1.000e+00 status=ok
[2026-05-14 21:01:42] shard 10: 2/8 eps_a=0.421 eps_c=0.211 dt=682.6s found=Y RSS=275200kB
[2026-05-14 21:01:42] POINT shard=10 idx=2/8 eps_a=0.421053 eps_c=0.210526 dt=682.63s event=0 spin=0 bin=0 min_fpp=1.824041e+00 phi_min_fpp=0.3824 n_valid=51/51 n_invalid_phi=0 phi_feasible=[0,1] n_success=51 max_res=9.560e-07 mean_res=2.791e-07 mode=avgE e_lin=[-4.211e+00,0.000e+00] barrier=nan bethe=none bmode=attractive borient=orbit_average bgamma=off braw_med=0.000e+00 bcorr_med=0.000e+00 bp_med=1.000e+00 status=ok
[2026-05-14 21:01:51] POINT shard=25 idx=3/8 eps_a=0.842105 eps_c=0.526316 dt=386.54s event=0 spin=0 bin=0 min_fpp=7.957169e-01 phi_min_fpp=0.4216 n_valid=51/51 n_invalid_phi=0 phi_feasible=[0,1] n_success=51 max_res=9.876e-07 mean_res=2.790e-07 mode=avgE e_lin=[-9.684e+00,0.000e+00] barrier=nan bethe=none bmode=attractive borient=orbit_average bgamma=off braw_med=0.000e+00 bcorr_med=0.000e+00 bp_med=1.000e+00 status=ok
[2026-05-14 21:02:11] shard 35: 2/8 eps_a=0.421 eps_c=0.737 dt=580.4s found=Y RSS=276036kB
[2026-05-14 21:02:11] POINT shard=35 idx=2/8 eps_a=0.421053 eps_c=0.736842 dt=580.36s event=0 spin=0 bin=0 min_fpp=4.172932e-01 phi_min_fpp=0.4216 n_valid=51/51 n_invalid_phi=0 phi_feasible=[0,1] n_success=51 max_res=9.853e-07 mean_res=3.143e-07 mode=avgE e_lin=[-1.053e+01,0.000e+00] barrier=nan bethe=none bmode=attractive borient=orbit_average bgamma=off braw_med=0.000e+00 bcorr_med=0.000e+00 bp_med=1.000e+00 status=ok
[2026-05-14 21:02:21] shard 20: 2/8 eps_a=0.421 eps_c=0.421 dt=605.0s found=Y RSS=275524kB
[2026-05-14 21:02:21] POINT shard=20 idx=2/8 eps_a=0.421053 eps_c=0.421053 dt=605.03s event=0 spin=0 bin=0 min_fpp=1.248154e+00 phi_min_fpp=0.402 n_valid=51/51 n_invalid_phi=0 phi_feasible=[0,1] n_success=51 max_res=9.982e-07 mean_res=3.330e-07 mode=avgE e_lin=[-6.737e+00,0.000e+00] barrier=nan bethe=none bmode=attractive borient=orbit_average bgamma=off braw_med=0.000e+00 bcorr_med=0.000e+00 bp_med=1.000e+00 status=ok
[2026-05-14 21:03:06] shard 3: 2/8 eps_a=2.105 eps_c=0.053 dt=598.3s found=Y RSS=274160kB
[2026-05-14 21:03:06] POINT shard=3 idx=2/8 eps_a=2.10526 eps_c=0.0526316 dt=598.29s event=0 spin=0 bin=0 min_fpp=1.370877e+00 phi_min_fpp=0.4216 n_valid=51/51 n_invalid_phi=0 phi_feasible=[0,1] n_success=51 max_res=9.680e-07 mean_res=4.041e-07 mode=avgE e_lin=[-9.053e+00,0.000e+00] barrier=nan bethe=none bmode=attractive borient=orbit_average bgamma=off braw_med=0.000e+00 bcorr_med=0.000e+00 bp_med=1.000e+00 status=ok
[2026-05-14 21:04:06] shard 1: 1/8 eps_a=3.368 eps_c=0.000 dt=1318.1s found=Y RSS=272360kB
[2026-05-14 21:04:06] POINT shard=1 idx=1/8 eps_a=3.36842 eps_c=0 dt=1318.08s event=0 spin=0 bin=0 min_fpp=2.368103e-01 phi_min_fpp=0.304 n_valid=51/51 n_invalid_phi=0 phi_feasible=[0,1] n_success=51 max_res=9.917e-07 mean_res=2.519e-07 mode=avgE e_lin=[-1.347e+01,0.000e+00] barrier=nan bethe=none bmode=attractive borient=orbit_average bgamma=off braw_med=0.000e+00 bcorr_med=0.000e+00 bp_med=1.000e+00 status=ok
[2026-05-14 21:04:07] POINT shard=5 idx=3/8 eps_a=0.842105 eps_c=0.105263 dt=428.51s event=0 spin=0 bin=0 min_fpp=1.945141e+00 phi_min_fpp=0.3628 n_valid=51/51 n_invalid_phi=0 phi_feasible=[0,1] n_success=51 max_res=9.709e-07 mean_res=3.340e-07 mode=avgE e_lin=[-4.632e+00,0.000e+00] barrier=nan bethe=none bmode=attractive borient=orbit_average bgamma=off braw_med=0.000e+00 bcorr_med=0.000e+00 bp_med=1.000e+00 status=ok
[2026-05-14 21:04:38] shard 0: 2/8 eps_a=0.421 eps_c=0.000 dt=680.3s found=Y RSS=275784kB
[2026-05-14 21:04:38] POINT shard=0 idx=2/8 eps_a=0.421053 eps_c=0 dt=680.27s event=0 spin=0 bin=0 min_fpp=2.384565e+00 phi_min_fpp=0.3432 n_valid=51/51 n_invalid_phi=0 phi_feasible=[0,1] n_success=51 max_res=9.579e-07 mean_res=2.746e-07 mode=avgE e_lin=[-1.684e+00,0.000e+00] barrier=nan bethe=none bmode=attractive borient=orbit_average bgamma=off braw_med=0.000e+00 bcorr_med=0.000e+00 bp_med=1.000e+00 status=ok
[2026-05-14 21:05:01] POINT shard=15 idx=3/8 eps_a=0.842105 eps_c=0.315789 dt=432.62s event=0 spin=0 bin=0 min_fpp=1.372023e+00 phi_min_fpp=0.402 n_valid=51/51 n_invalid_phi=0 phi_feasible=[0,1] n_success=51 max_res=9.832e-07 mean_res=3.657e-07 mode=avgE e_lin=[-7.158e+00,0.000e+00] barrier=nan bethe=none bmode=attractive borient=orbit_average bgamma=off braw_med=0.000e+00 bcorr_med=0.000e+00 bp_med=1.000e+00 status=ok
[2026-05-14 21:06:54] shard 13: 2/8 eps_a=2.105 eps_c=0.263 dt=1052.3s found=Y RSS=274880kB
[2026-05-14 21:06:54] POINT shard=13 idx=2/8 eps_a=2.10526 eps_c=0.263158 dt=1052.31s event=0 spin=0 bin=0 min_fpp=7.104504e-01 phi_min_fpp=0.4804 n_valid=51/51 n_invalid_phi=0 phi_feasible=[0,1] n_success=51 max_res=9.969e-07 mean_res=3.395e-07 mode=avgE e_lin=[-1.158e+01,0.000e+00] barrier=nan bethe=none bmode=attractive borient=orbit_average bgamma=off braw_med=0.000e+00 bcorr_med=0.000e+00 bp_med=1.000e+00 status=ok
[2026-05-14 21:08:19] shard 30: 2/8 eps_a=0.421 eps_c=0.632 dt=945.3s found=Y RSS=275668kB
[2026-05-14 21:08:19] POINT shard=30 idx=2/8 eps_a=0.421053 eps_c=0.631579 dt=945.34s event=0 spin=0 bin=0 min_fpp=6.774015e-01 phi_min_fpp=0.4216 n_valid=51/51 n_invalid_phi=0 phi_feasible=[0,1] n_success=51 max_res=9.755e-07 mean_res=2.588e-07 mode=avgE e_lin=[-9.263e+00,0.000e+00] barrier=nan bethe=none bmode=attractive borient=orbit_average bgamma=off braw_med=0.000e+00 bcorr_med=0.000e+00 bp_med=1.000e+00 status=ok
[2026-05-14 21:08:39] POINT shard=35 idx=3/8 eps_a=0.842105 eps_c=0.736842 dt=387.64s event=0 spin=0 bin=0 min_fpp=2.832563e-01 phi_min_fpp=0.402 n_valid=51/51 n_invalid_phi=0 phi_feasible=[0,1] n_success=51 max_res=9.742e-07 mean_res=3.478e-07 mode=avgE e_lin=[-1.221e+01,0.000e+00] barrier=nan bethe=none bmode=attractive borient=orbit_average bgamma=off braw_med=0.000e+00 bcorr_med=0.000e+00 bp_med=1.000e+00 status=ok
[2026-05-14 21:09:38] shard 40: 2/8 eps_a=0.421 eps_c=0.842 dt=966.8s found=Y RSS=275856kB
[2026-05-14 21:09:38] POINT shard=40 idx=2/8 eps_a=0.421053 eps_c=0.842105 dt=966.83s event=0 spin=0 bin=0 min_fpp=1.845149e-01 phi_min_fpp=0.3824 n_valid=51/51 n_invalid_phi=0 phi_feasible=[0,1] n_success=51 max_res=9.654e-07 mean_res=3.659e-07 mode=avgE e_lin=[-1.179e+01,0.000e+00] barrier=nan bethe=none bmode=attractive borient=orbit_average bgamma=off braw_med=0.000e+00 bcorr_med=0.000e+00 bp_med=1.000e+00 status=ok
[2026-05-14 21:11:13] shard 5: 4/8 eps_a=1.263 eps_c=0.105 dt=426.0s found=Y RSS=275336kB
[2026-05-14 21:11:13] POINT shard=5 idx=4/8 eps_a=1.26316 eps_c=0.105263 dt=426.05s event=0 spin=0 bin=0 min_fpp=1.756022e+00 phi_min_fpp=0.3824 n_valid=51/51 n_invalid_phi=0 phi_feasible=[0,1] n_success=51 max_res=9.886e-07 mean_res=3.480e-07 mode=avgE e_lin=[-6.316e+00,0.000e+00] barrier=nan bethe=none bmode=attractive borient=orbit_average bgamma=off braw_med=0.000e+00 bcorr_med=0.000e+00 bp_med=1.000e+00 status=ok
[2026-05-14 21:11:44] shard 25: 4/8 eps_a=1.263 eps_c=0.526 dt=592.1s found=Y RSS=275328kB
[2026-05-14 21:11:44] POINT shard=25 idx=4/8 eps_a=1.26316 eps_c=0.526316 dt=592.12s event=0 spin=0 bin=0 min_fpp=6.151518e-01 phi_min_fpp=0.4216 n_valid=51/51 n_invalid_phi=0 phi_feasible=[0,1] n_success=51 max_res=9.864e-07 mean_res=3.465e-07 mode=avgE e_lin=[-1.137e+01,0.000e+00] barrier=nan bethe=none bmode=attractive borient=orbit_average bgamma=off braw_med=0.000e+00 bcorr_med=0.000e+00 bp_med=1.000e+00 status=ok
[2026-05-14 21:11:47] POINT shard=10 idx=3/8 eps_a=0.842105 eps_c=0.210526 dt=604.24s event=0 spin=0 bin=0 min_fpp=1.660638e+00 phi_min_fpp=0.3824 n_valid=51/51 n_invalid_phi=0 phi_feasible=[0,1] n_success=51 max_res=9.749e-07 mean_res=3.244e-07 mode=avgE e_lin=[-5.895e+00,0.000e+00] barrier=nan bethe=none bmode=attractive borient=orbit_average bgamma=off braw_med=0.000e+00 bcorr_med=0.000e+00 bp_med=1.000e+00 status=ok
[2026-05-14 21:12:16] shard 15: 4/8 eps_a=1.263 eps_c=0.316 dt=433.9s found=Y RSS=274216kB
[2026-05-14 21:12:16] POINT shard=15 idx=4/8 eps_a=1.26316 eps_c=0.315789 dt=433.92s event=0 spin=0 bin=0 min_fpp=1.177424e+00 phi_min_fpp=0.402 n_valid=51/51 n_invalid_phi=0 phi_feasible=[0,1] n_success=51 max_res=9.470e-07 mean_res=3.196e-07 mode=avgE e_lin=[-8.842e+00,0.000e+00] barrier=nan bethe=none bmode=attractive borient=orbit_average bgamma=off braw_med=0.000e+00 bcorr_med=0.000e+00 bp_med=1.000e+00 status=ok
[2026-05-14 21:12:34] POINT shard=20 idx=3/8 eps_a=0.842105 eps_c=0.421053 dt=612.49s event=0 spin=0 bin=0 min_fpp=1.081520e+00 phi_min_fpp=0.4216 n_valid=51/51 n_invalid_phi=0 phi_feasible=[0,1] n_success=51 max_res=9.880e-07 mean_res=3.243e-07 mode=avgE e_lin=[-8.421e+00,0.000e+00] barrier=nan bethe=none bmode=attractive borient=orbit_average bgamma=off braw_med=0.000e+00 bcorr_med=0.000e+00 bp_med=1.000e+00 status=ok
[2026-05-14 21:13:46] shard 23: 2/8 eps_a=2.105 eps_c=0.474 dt=1236.6s found=Y RSS=272660kB
[2026-05-14 21:13:46] POINT shard=23 idx=2/8 eps_a=2.10526 eps_c=0.473684 dt=1236.56s event=0 spin=0 bin=0 min_fpp=2.277080e-01 phi_min_fpp=0.402 n_valid=51/51 n_invalid_phi=0 phi_feasible=[0,1] n_success=51 max_res=9.726e-07 mean_res=2.794e-07 mode=avgE e_lin=[-1.411e+01,0.000e+00] barrier=nan bethe=none bmode=attractive borient=orbit_average bgamma=off braw_med=0.000e+00 bcorr_med=0.000e+00 bp_med=1.000e+00 status=ok
[2026-05-14 21:14:40] shard 33: 2/8 eps_a=2.105 eps_c=0.684 dt=1080.3s found=Y RSS=275312kB
[2026-05-14 21:14:40] POINT shard=33 idx=2/8 eps_a=2.10526 eps_c=0.684211 dt=1080.26s event=1 spin=1 bin=1 min_fpp=-1.235825e-01 phi_min_fpp=0.2452 n_valid=51/51 n_invalid_phi=0 phi_feasible=[0,1] n_success=51 max_res=8.631e-07 mean_res=3.191e-07 mode=avgE e_lin=[-1.663e+01,0.000e+00] barrier=2.667e-03 bethe=none bmode=attractive borient=orbit_average bgamma=off braw_med=0.000e+00 bcorr_med=0.000e+00 bp_med=1.000e+00 status=ok
[2026-05-14 21:14:48] shard 8: 2/8 eps_a=2.105 eps_c=0.158 dt=936.0s found=Y RSS=275332kB
[2026-05-14 21:14:48] POINT shard=8 idx=2/8 eps_a=2.10526 eps_c=0.157895 dt=935.99s event=0 spin=0 bin=0 min_fpp=1.032988e+00 phi_min_fpp=0.4608 n_valid=51/51 n_invalid_phi=0 phi_feasible=[0,1] n_success=51 max_res=9.015e-07 mean_res=4.008e-07 mode=avgE e_lin=[-1.032e+01,0.000e+00] barrier=nan bethe=none bmode=attractive borient=orbit_average bgamma=off braw_med=0.000e+00 bcorr_med=0.000e+00 bp_med=1.000e+00 status=ok
[2026-05-14 21:15:14] shard 43: 1/8 eps_a=1.684 eps_c=0.895 dt=1986.1s found=Y RSS=276140kB
[2026-05-14 21:15:14] POINT shard=43 idx=1/8 eps_a=1.68421 eps_c=0.894737 dt=1986.13s event=1 spin=1 bin=1 min_fpp=-3.594180e-01 phi_min_fpp=0.108 n_valid=51/51 n_invalid_phi=0 phi_feasible=[0,1] n_success=51 max_res=9.434e-07 mean_res=2.643e-07 mode=avgE e_lin=[-1.747e+01,0.000e+00] barrier=8.656e-03 bethe=none bmode=attractive borient=orbit_average bgamma=off braw_med=0.000e+00 bcorr_med=0.000e+00 bp_med=1.000e+00 status=ok
[2026-05-14 21:16:07] POINT shard=0 idx=3/8 eps_a=0.842105 eps_c=0 dt=688.55s event=0 spin=0 bin=0 min_fpp=2.226157e+00 phi_min_fpp=0.3628 n_valid=51/51 n_invalid_phi=0 phi_feasible=[0,1] n_success=51 max_res=9.563e-07 mean_res=2.788e-07 mode=avgE e_lin=[-3.368e+00,0.000e+00] barrier=nan bethe=none bmode=attractive borient=orbit_average bgamma=off braw_med=0.000e+00 bcorr_med=0.000e+00 bp_med=1.000e+00 status=ok
[2026-05-14 21:18:35] POINT shard=30 idx=3/8 eps_a=0.842105 eps_c=0.631579 dt=616.55s event=0 spin=0 bin=0 min_fpp=5.264736e-01 phi_min_fpp=0.4216 n_valid=51/51 n_invalid_phi=0 phi_feasible=[0,1] n_success=51 max_res=9.123e-07 mean_res=2.256e-07 mode=avgE e_lin=[-1.095e+01,0.000e+00] barrier=nan bethe=none bmode=attractive borient=orbit_average bgamma=off braw_med=0.000e+00 bcorr_med=0.000e+00 bp_med=1.000e+00 status=ok
[2026-05-14 21:20:00] shard 45: 2/8 eps_a=0.421 eps_c=0.947 dt=1298.1s found=Y RSS=276216kB
[2026-05-14 21:20:00] POINT shard=45 idx=2/8 eps_a=0.421053 eps_c=0.947368 dt=1298.14s event=1 spin=1 bin=1 min_fpp=-3.044758e-02 phi_min_fpp=0.3236 n_valid=51/51 n_invalid_phi=0 phi_feasible=[0,1] n_success=51 max_res=9.838e-07 mean_res=3.223e-07 mode=avgE e_lin=[-1.305e+01,0.000e+00] barrier=3.245e-04 bethe=none bmode=attractive borient=orbit_average bgamma=off braw_med=0.000e+00 bcorr_med=0.000e+00 bp_med=1.000e+00 status=ok
[2026-05-14 21:20:18] POINT shard=3 idx=3/8 eps_a=2.52632 eps_c=0.0526316 dt=1031.30s event=0 spin=0 bin=0 min_fpp=6.473452e-01 phi_min_fpp=0.5588 n_valid=51/51 n_invalid_phi=0 phi_feasible=[0,1] n_success=51 max_res=9.893e-07 mean_res=3.322e-07 mode=avgE e_lin=[-1.074e+01,0.000e+00] barrier=nan bethe=none bmode=attractive borient=orbit_average bgamma=off braw_med=0.000e+00 bcorr_med=0.000e+00 bp_med=1.000e+00 status=ok
[2026-05-14 21:20:20] shard 11: 1/8 eps_a=3.368 eps_c=0.211 dt=2291.6s found=Y RSS=275132kB
[2026-05-14 21:20:20] POINT shard=11 idx=1/8 eps_a=3.36842 eps_c=0.210526 dt=2291.59s event=0 spin=0 bin=0 min_fpp=1.200851e-01 phi_min_fpp=0.1472 n_valid=51/51 n_invalid_phi=0 phi_feasible=[0,1] n_success=51 max_res=9.570e-07 mean_res=2.956e-07 mode=avgE e_lin=[-1.600e+01,0.000e+00] barrier=nan bethe=none bmode=attractive borient=orbit_average bgamma=off braw_med=0.000e+00 bcorr_med=0.000e+00 bp_med=1.000e+00 status=ok
[2026-05-14 21:20:59] shard 6: 1/8 eps_a=3.368 eps_c=0.105 dt=2331.0s found=Y RSS=274812kB
[2026-05-14 21:20:59] POINT shard=6 idx=1/8 eps_a=3.36842 eps_c=0.105263 dt=2331.00s event=0 spin=0 bin=0 min_fpp=1.808989e-01 phi_min_fpp=0.2648 n_valid=51/51 n_invalid_phi=0 phi_feasible=[0,1] n_success=51 max_res=9.819e-07 mean_res=3.048e-07 mode=avgE e_lin=[-1.474e+01,0.000e+00] barrier=nan bethe=none bmode=attractive borient=orbit_average bgamma=off braw_med=0.000e+00 bcorr_med=0.000e+00 bp_med=1.000e+00 status=ok
[2026-05-14 21:21:41] POINT shard=25 idx=5/8 eps_a=1.68421 eps_c=0.526316 dt=596.25s event=0 spin=0 bin=0 min_fpp=4.121457e-01 phi_min_fpp=0.4216 n_valid=51/51 n_invalid_phi=0 phi_feasible=[0,1] n_success=51 max_res=9.811e-07 mean_res=3.669e-07 mode=avgE e_lin=[-1.305e+01,0.000e+00] barrier=nan bethe=none bmode=attractive borient=orbit_average bgamma=off braw_med=0.000e+00 bcorr_med=0.000e+00 bp_med=1.000e+00 status=ok
[2026-05-14 21:21:41] shard 35: 4/8 eps_a=1.263 eps_c=0.737 dt=780.9s found=Y RSS=276036kB
[2026-05-14 21:21:41] POINT shard=35 idx=4/8 eps_a=1.26316 eps_c=0.736842 dt=780.88s event=0 spin=0 bin=0 min_fpp=1.433761e-01 phi_min_fpp=0.3628 n_valid=51/51 n_invalid_phi=0 phi_feasible=[0,1] n_success=51 max_res=9.602e-07 mean_res=2.813e-07 mode=avgE e_lin=[-1.389e+01,0.000e+00] barrier=nan bethe=none bmode=attractive borient=orbit_average bgamma=off braw_med=0.000e+00 bcorr_med=0.000e+00 bp_med=1.000e+00 status=ok
[2026-05-14 21:21:42] shard 10: 4/8 eps_a=1.263 eps_c=0.211 dt=594.9s found=Y RSS=275200kB
[2026-05-14 21:21:42] POINT shard=10 idx=4/8 eps_a=1.26316 eps_c=0.210526 dt=594.88s event=0 spin=0 bin=0 min_fpp=1.468879e+00 phi_min_fpp=0.402 n_valid=51/51 n_invalid_phi=0 phi_feasible=[0,1] n_success=51 max_res=9.885e-07 mean_res=3.680e-07 mode=avgE e_lin=[-7.579e+00,0.000e+00] barrier=nan bethe=none bmode=attractive borient=orbit_average bgamma=off braw_med=0.000e+00 bcorr_med=0.000e+00 bp_med=1.000e+00 status=ok
[2026-05-14 21:21:57] POINT shard=5 idx=5/8 eps_a=1.68421 eps_c=0.105263 dt=643.39s event=0 spin=0 bin=0 min_fpp=1.528922e+00 phi_min_fpp=0.3824 n_valid=51/51 n_invalid_phi=0 phi_feasible=[0,1] n_success=51 max_res=9.617e-07 mean_res=4.384e-07 mode=avgE e_lin=[-8.000e+00,0.000e+00] barrier=nan bethe=none bmode=attractive borient=orbit_average bgamma=off braw_med=0.000e+00 bcorr_med=0.000e+00 bp_med=1.000e+00 status=ok
[2026-05-14 21:22:38] shard 16: 1/8 eps_a=3.368 eps_c=0.316 dt=2429.8s found=Y RSS=275708kB
[2026-05-14 21:22:38] POINT shard=16 idx=1/8 eps_a=3.36842 eps_c=0.315789 dt=2429.78s event=0 spin=0 bin=0 min_fpp=4.697794e-02 phi_min_fpp=0.0688 n_valid=51/51 n_invalid_phi=0 phi_feasible=[0,1] n_success=51 max_res=9.757e-07 mean_res=2.562e-07 mode=avgE e_lin=[-1.726e+01,0.000e+00] barrier=nan bethe=none bmode=attractive borient=orbit_average bgamma=off braw_med=0.000e+00 bcorr_med=0.000e+00 bp_med=1.000e+00 status=ok
[2026-05-14 21:22:47] shard 20: 4/8 eps_a=1.263 eps_c=0.421 dt=613.5s found=Y RSS=275524kB
[2026-05-14 21:22:47] POINT shard=20 idx=4/8 eps_a=1.26316 eps_c=0.421053 dt=613.52s event=0 spin=0 bin=0 min_fpp=8.891563e-01 phi_min_fpp=0.4216 n_valid=51/51 n_invalid_phi=0 phi_feasible=[0,1] n_success=51 max_res=9.180e-07 mean_res=2.999e-07 mode=avgE e_lin=[-1.011e+01,0.000e+00] barrier=nan bethe=none bmode=attractive borient=orbit_average bgamma=off braw_med=0.000e+00 bcorr_med=0.000e+00 bp_med=1.000e+00 status=ok
[2026-05-14 21:23:22] POINT shard=15 idx=5/8 eps_a=1.68421 eps_c=0.315789 dt=665.66s event=0 spin=0 bin=0 min_fpp=9.412002e-01 phi_min_fpp=0.4216 n_valid=51/51 n_invalid_phi=0 phi_feasible=[0,1] n_success=51 max_res=9.976e-07 mean_res=4.021e-07 mode=avgE e_lin=[-1.053e+01,0.000e+00] barrier=nan bethe=none bmode=attractive borient=orbit_average bgamma=off braw_med=0.000e+00 bcorr_med=0.000e+00 bp_med=1.000e+00 status=ok
[2026-05-14 21:24:25] shard 28: 2/8 eps_a=2.105 eps_c=0.579 dt=1586.2s found=Y RSS=276628kB
[2026-05-14 21:24:25] POINT shard=28 idx=2/8 eps_a=2.10526 eps_c=0.578947 dt=1586.16s event=0 spin=0 bin=0 min_fpp=4.958137e-02 phi_min_fpp=0.3236 n_valid=51/51 n_invalid_phi=0 phi_feasible=[0,1] n_success=51 max_res=9.768e-07 mean_res=3.126e-07 mode=avgE e_lin=[-1.537e+01,0.000e+00] barrier=nan bethe=none bmode=attractive borient=orbit_average bgamma=off braw_med=0.000e+00 bcorr_med=0.000e+00 bp_med=1.000e+00 status=ok
[2026-05-14 21:24:35] shard 26: 1/8 eps_a=3.368 eps_c=0.526 dt=2547.6s found=Y RSS=276160kB
[2026-05-14 21:24:35] POINT shard=26 idx=1/8 eps_a=3.36842 eps_c=0.526316 dt=2547.61s event=1 spin=1 bin=1 min_fpp=-1.438516e-01 phi_min_fpp=0.0688 n_valid=51/51 n_invalid_phi=0 phi_feasible=[0,1] n_success=51 max_res=9.587e-07 mean_res=2.456e-07 mode=avgE e_lin=[-1.979e+01,0.000e+00] barrier=1.687e-03 bethe=none bmode=attractive borient=orbit_average bgamma=off braw_med=0.000e+00 bcorr_med=0.000e+00 bp_med=1.000e+00 status=ok
[2026-05-14 21:25:17] shard 21: 1/8 eps_a=3.368 eps_c=0.421 dt=2588.3s found=Y RSS=274176kB
[2026-05-14 21:25:17] POINT shard=21 idx=1/8 eps_a=3.36842 eps_c=0.421053 dt=2588.29s event=1 spin=1 bin=1 min_fpp=-3.947053e-02 phi_min_fpp=0.0688 n_valid=51/51 n_invalid_phi=0 phi_feasible=[0,1] n_success=51 max_res=9.603e-07 mean_res=2.023e-07 mode=avgE e_lin=[-1.853e+01,0.000e+00] barrier=1.991e-04 bethe=none bmode=attractive borient=orbit_average bgamma=off braw_med=0.000e+00 bcorr_med=0.000e+00 bp_med=1.000e+00 status=ok
[2026-05-14 21:26:01] POINT shard=13 idx=3/8 eps_a=2.52632 eps_c=0.263158 dt=1146.03s event=0 spin=0 bin=0 min_fpp=2.683540e-01 phi_min_fpp=0.402 n_valid=51/51 n_invalid_phi=0 phi_feasible=[0,1] n_success=51 max_res=9.808e-07 mean_res=2.992e-07 mode=avgE e_lin=[-1.326e+01,0.000e+00] barrier=nan bethe=none bmode=attractive borient=orbit_average bgamma=off braw_med=0.000e+00 bcorr_med=0.000e+00 bp_med=1.000e+00 status=ok
[2026-05-14 21:27:27] shard 0: 4/8 eps_a=1.263 eps_c=0.000 dt=680.4s found=Y RSS=275784kB
[2026-05-14 21:27:27] POINT shard=0 idx=4/8 eps_a=1.26316 eps_c=0 dt=680.42s event=0 spin=0 bin=0 min_fpp=2.038300e+00 phi_min_fpp=0.3628 n_valid=51/51 n_invalid_phi=0 phi_feasible=[0,1] n_success=51 max_res=9.206e-07 mean_res=2.939e-07 mode=avgE e_lin=[-5.053e+00,0.000e+00] barrier=nan bethe=none bmode=attractive borient=orbit_average bgamma=off braw_med=0.000e+00 bcorr_med=0.000e+00 bp_med=1.000e+00 status=ok
[2026-05-14 21:28:43] shard 48: 2/8 eps_a=2.105 eps_c=1.000 dt=1701.0s found=Y RSS=276568kB
[2026-05-14 21:28:43] POINT shard=48 idx=2/8 eps_a=2.10526 eps_c=1 dt=1701.01s event=1 spin=1 bin=1 min_fpp=-7.787662e-01 phi_min_fpp=0.0688 n_valid=51/51 n_invalid_phi=0 phi_feasible=[0,1] n_success=51 max_res=9.619e-07 mean_res=3.857e-07 mode=avgE e_lin=[-2.042e+01,0.000e+00] barrier=1.562e-02 bethe=none bmode=attractive borient=orbit_average bgamma=off braw_med=0.000e+00 bcorr_med=0.000e+00 bp_med=1.000e+00 status=ok
[2026-05-14 21:29:17] shard 18: 2/8 eps_a=2.105 eps_c=0.368 dt=2184.3s found=Y RSS=275508kB
[2026-05-14 21:29:17] POINT shard=18 idx=2/8 eps_a=2.10526 eps_c=0.368421 dt=2184.33s event=0 spin=0 bin=0 min_fpp=4.412750e-01 phi_min_fpp=0.4412 n_valid=51/51 n_invalid_phi=0 phi_feasible=[0,1] n_success=51 max_res=9.520e-07 mean_res=3.368e-07 mode=avgE e_lin=[-1.284e+01,0.000e+00] barrier=nan bethe=none bmode=attractive borient=orbit_average bgamma=off braw_med=0.000e+00 bcorr_med=0.000e+00 bp_med=1.000e+00 status=ok
[2026-05-14 21:31:45] shard 5: 6/8 eps_a=2.105 eps_c=0.105 dt=587.2s found=Y RSS=275336kB
[2026-05-14 21:31:45] POINT shard=5 idx=6/8 eps_a=2.10526 eps_c=0.105263 dt=587.22s event=0 spin=0 bin=0 min_fpp=1.203168e+00 phi_min_fpp=0.4412 n_valid=51/51 n_invalid_phi=0 phi_feasible=[0,1] n_success=51 max_res=9.387e-07 mean_res=3.800e-07 mode=avgE e_lin=[-9.684e+00,0.000e+00] barrier=nan bethe=none bmode=attractive borient=orbit_average bgamma=off braw_med=0.000e+00 bcorr_med=0.000e+00 bp_med=1.000e+00 status=ok
[2026-05-14 21:32:01] shard 1: 2/8 eps_a=3.789 eps_c=0.000 dt=1674.4s found=Y RSS=272924kB
[2026-05-14 21:32:01] POINT shard=1 idx=2/8 eps_a=3.78947 eps_c=0 dt=1674.40s event=0 spin=0 bin=0 min_fpp=1.878315e-01 phi_min_fpp=0.1668 n_valid=51/51 n_invalid_phi=0 phi_feasible=[0,1] n_success=51 max_res=9.881e-07 mean_res=2.501e-07 mode=avgE e_lin=[-1.516e+01,0.000e+00] barrier=nan bethe=none bmode=attractive borient=orbit_average bgamma=off braw_med=0.000e+00 bcorr_med=0.000e+00 bp_med=1.000e+00 status=ok
[2026-05-14 21:32:28] POINT shard=40 idx=3/8 eps_a=0.842105 eps_c=0.842105 dt=1369.49s event=0 spin=0 bin=0 min_fpp=6.473191e-02 phi_min_fpp=0.3432 n_valid=51/51 n_invalid_phi=0 phi_feasible=[0,1] n_success=51 max_res=6.955e-07 mean_res=2.697e-07 mode=avgE e_lin=[-1.347e+01,0.000e+00] barrier=nan bethe=none bmode=attractive borient=orbit_average bgamma=off braw_med=0.000e+00 bcorr_med=0.000e+00 bp_med=1.000e+00 status=ok
[2026-05-14 21:33:57] shard 38: 2/8 eps_a=2.105 eps_c=0.789 dt=2126.0s found=Y RSS=276160kB
[2026-05-14 21:33:57] POINT shard=38 idx=2/8 eps_a=2.10526 eps_c=0.789474 dt=2125.98s event=1 spin=1 bin=1 min_fpp=-3.756182e-01 phi_min_fpp=0.0688 n_valid=51/51 n_invalid_phi=0 phi_feasible=[0,1] n_success=51 max_res=9.758e-07 mean_res=3.557e-07 mode=avgE e_lin=[-1.789e+01,0.000e+00] barrier=7.724e-03 bethe=none bmode=attractive borient=orbit_average bgamma=off braw_med=0.000e+00 bcorr_med=0.000e+00 bp_med=1.000e+00 status=ok
[2026-05-14 21:34:06] shard 30: 4/8 eps_a=1.263 eps_c=0.632 dt=930.1s found=Y RSS=275668kB
[2026-05-14 21:34:06] POINT shard=30 idx=4/8 eps_a=1.26316 eps_c=0.631579 dt=930.12s event=0 spin=0 bin=0 min_fpp=3.658882e-01 phi_min_fpp=0.402 n_valid=51/51 n_invalid_phi=0 phi_feasible=[0,1] n_success=51 max_res=9.881e-07 mean_res=3.843e-07 mode=avgE e_lin=[-1.263e+01,0.000e+00] barrier=nan bethe=none bmode=attractive borient=orbit_average bgamma=off braw_med=0.000e+00 bcorr_med=0.000e+00 bp_med=1.000e+00 status=ok
[2026-05-14 21:35:29] POINT shard=35 idx=5/8 eps_a=1.68421 eps_c=0.736842 dt=828.29s event=1 spin=1 bin=1 min_fpp=-7.812907e-03 phi_min_fpp=0.304 n_valid=51/51 n_invalid_phi=0 phi_feasible=[0,1] n_success=51 max_res=9.233e-07 mean_res=3.210e-07 mode=avgE e_lin=[-1.558e+01,0.000e+00] barrier=1.158e-04 bethe=none bmode=attractive borient=orbit_average bgamma=off braw_med=0.000e+00 bcorr_med=0.000e+00 bp_med=1.000e+00 status=ok
[2026-05-14 21:36:27] POINT shard=20 idx=5/8 eps_a=1.68421 eps_c=0.421053 dt=819.57s event=0 spin=0 bin=0 min_fpp=6.627640e-01 phi_min_fpp=0.4216 n_valid=51/51 n_invalid_phi=0 phi_feasible=[0,1] n_success=51 max_res=9.581e-07 mean_res=3.861e-07 mode=avgE e_lin=[-1.179e+01,0.000e+00] barrier=nan bethe=none bmode=attractive borient=orbit_average bgamma=off braw_med=0.000e+00 bcorr_med=0.000e+00 bp_med=1.000e+00 status=ok
[2026-05-14 21:36:55] POINT shard=23 idx=3/8 eps_a=2.52632 eps_c=0.473684 dt=1388.00s event=0 spin=0 bin=0 min_fpp=2.113174e-02 phi_min_fpp=0.2648 n_valid=51/51 n_invalid_phi=0 phi_feasible=[0,1] n_success=51 max_res=9.960e-07 mean_res=3.227e-07 mode=avgE e_lin=[-1.579e+01,0.000e+00] barrier=nan bethe=none bmode=attractive borient=orbit_average bgamma=off braw_med=0.000e+00 bcorr_med=0.000e+00 bp_med=1.000e+00 status=ok
[2026-05-14 21:37:06] POINT shard=10 idx=5/8 eps_a=1.68421 eps_c=0.210526 dt=924.32s event=0 spin=0 bin=0 min_fpp=1.234130e+00 phi_min_fpp=0.402 n_valid=51/51 n_invalid_phi=0 phi_feasible=[0,1] n_success=51 max_res=9.594e-07 mean_res=3.842e-07 mode=avgE e_lin=[-9.263e+00,0.000e+00] barrier=nan bethe=none bmode=attractive borient=orbit_average bgamma=off braw_med=0.000e+00 bcorr_med=0.000e+00 bp_med=1.000e+00 status=ok
[2026-05-14 21:39:10] POINT shard=33 idx=3/8 eps_a=2.52632 eps_c=0.684211 dt=1468.99s event=1 spin=1 bin=1 min_fpp=-3.047458e-01 phi_min_fpp=0.0688 n_valid=51/51 n_invalid_phi=0 phi_feasible=[0,1] n_success=51 max_res=7.256e-07 mean_res=2.218e-07 mode=avgE e_lin=[-1.832e+01,0.000e+00] barrier=5.363e-03 bethe=none bmode=attractive borient=orbit_average bgamma=off braw_med=0.000e+00 bcorr_med=0.000e+00 bp_med=1.000e+00 status=ok
[2026-05-14 21:39:42] shard 25: 6/8 eps_a=2.105 eps_c=0.526 dt=1081.1s found=Y RSS=275328kB
[2026-05-14 21:39:42] POINT shard=25 idx=6/8 eps_a=2.10526 eps_c=0.526316 dt=1081.13s event=0 spin=0 bin=0 min_fpp=1.360573e-01 phi_min_fpp=0.3628 n_valid=51/51 n_invalid_phi=0 phi_feasible=[0,1] n_success=51 max_res=9.035e-07 mean_res=2.764e-07 mode=avgE e_lin=[-1.474e+01,0.000e+00] barrier=nan bethe=none bmode=attractive borient=orbit_average bgamma=off braw_med=0.000e+00 bcorr_med=0.000e+00 bp_med=1.000e+00 status=ok
[2026-05-14 21:40:56] shard 15: 6/8 eps_a=2.105 eps_c=0.316 dt=1053.1s found=Y RSS=274216kB
[2026-05-14 21:40:56] POINT shard=15 idx=6/8 eps_a=2.10526 eps_c=0.315789 dt=1053.11s event=0 spin=0 bin=0 min_fpp=5.679497e-01 phi_min_fpp=0.4608 n_valid=51/51 n_invalid_phi=0 phi_feasible=[0,1] n_success=51 max_res=9.562e-07 mean_res=4.165e-07 mode=avgE e_lin=[-1.221e+01,0.000e+00] barrier=nan bethe=none bmode=attractive borient=orbit_average bgamma=off braw_med=0.000e+00 bcorr_med=0.000e+00 bp_med=1.000e+00 status=ok
[2026-05-14 21:42:41] POINT shard=45 idx=3/8 eps_a=0.842105 eps_c=0.947368 dt=1360.46s event=1 spin=1 bin=1 min_fpp=-1.498842e-01 phi_min_fpp=0.2844 n_valid=51/51 n_invalid_phi=0 phi_feasible=[0,1] n_success=51 max_res=9.866e-07 mean_res=3.123e-07 mode=avgE e_lin=[-1.474e+01,0.000e+00] barrier=3.239e-03 bethe=none bmode=attractive borient=orbit_average bgamma=off braw_med=0.000e+00 bcorr_med=0.000e+00 bp_med=1.000e+00 status=ok
[2026-05-14 21:43:28] shard 3: 4/8 eps_a=2.947 eps_c=0.053 dt=1389.9s found=Y RSS=274160kB
[2026-05-14 21:43:28] POINT shard=3 idx=4/8 eps_a=2.94737 eps_c=0.0526316 dt=1389.86s event=0 spin=0 bin=0 min_fpp=3.087300e-01 phi_min_fpp=0.402 n_valid=51/51 n_invalid_phi=0 phi_feasible=[0,1] n_success=51 max_res=9.119e-07 mean_res=2.328e-07 mode=avgE e_lin=[-1.242e+01,0.000e+00] barrier=nan bethe=none bmode=attractive borient=orbit_average bgamma=off braw_med=0.000e+00 bcorr_med=0.000e+00 bp_med=1.000e+00 status=ok
[2026-05-14 21:45:27] POINT shard=0 idx=5/8 eps_a=1.68421 eps_c=0 dt=1079.14s event=0 spin=0 bin=0 min_fpp=1.819142e+00 phi_min_fpp=0.3628 n_valid=51/51 n_invalid_phi=0 phi_feasible=[0,1] n_success=51 max_res=9.749e-07 mean_res=4.064e-07 mode=avgE e_lin=[-6.737e+00,0.000e+00] barrier=nan bethe=none bmode=attractive borient=orbit_average bgamma=off braw_med=0.000e+00 bcorr_med=0.000e+00 bp_med=1.000e+00 status=ok
[2026-05-14 21:46:45] shard 43: 2/8 eps_a=2.105 eps_c=0.895 dt=1890.4s found=Y RSS=275564kB
[2026-05-14 21:46:45] POINT shard=43 idx=2/8 eps_a=2.10526 eps_c=0.894737 dt=1890.40s event=1 spin=1 bin=1 min_fpp=-6.026357e-01 phi_min_fpp=0.0688 n_valid=51/51 n_invalid_phi=0 phi_feasible=[0,1] n_success=51 max_res=9.869e-07 mean_res=3.366e-07 mode=avgE e_lin=[-1.916e+01,0.000e+00] barrier=1.201e-02 bethe=none bmode=attractive borient=orbit_average bgamma=off braw_med=0.000e+00 bcorr_med=0.000e+00 bp_med=1.000e+00 status=ok
[2026-05-14 21:49:25] shard 13: 4/8 eps_a=2.947 eps_c=0.263 dt=1404.2s found=Y RSS=274880kB
[2026-05-14 21:49:25] POINT shard=13 idx=4/8 eps_a=2.94737 eps_c=0.263158 dt=1404.16s event=0 spin=0 bin=0 min_fpp=1.344304e-01 phi_min_fpp=0.2844 n_valid=51/51 n_invalid_phi=0 phi_feasible=[0,1] n_success=51 max_res=8.973e-07 mean_res=3.292e-07 mode=avgE e_lin=[-1.495e+01,0.000e+00] barrier=nan bethe=none bmode=attractive borient=orbit_average bgamma=off braw_med=0.000e+00 bcorr_med=0.000e+00 bp_med=1.000e+00 status=ok
[2026-05-14 21:49:50] POINT shard=8 idx=3/8 eps_a=2.52632 eps_c=0.157895 dt=2101.58s event=0 spin=0 bin=0 min_fpp=4.290986e-01 phi_min_fpp=0.4804 n_valid=51/51 n_invalid_phi=0 phi_feasible=[0,1] n_success=51 max_res=9.365e-07 mean_res=3.090e-07 mode=avgE e_lin=[-1.200e+01,0.000e+00] barrier=nan bethe=none bmode=attractive borient=orbit_average bgamma=off braw_med=0.000e+00 bcorr_med=0.000e+00 bp_med=1.000e+00 status=ok
[2026-05-14 21:51:10] POINT shard=30 idx=5/8 eps_a=1.68421 eps_c=0.631579 dt=1023.97s event=0 spin=0 bin=0 min_fpp=1.922598e-01 phi_min_fpp=0.3824 n_valid=51/51 n_invalid_phi=0 phi_feasible=[0,1] n_success=51 max_res=9.484e-07 mean_res=4.122e-07 mode=avgE e_lin=[-1.432e+01,0.000e+00] barrier=nan bethe=none bmode=attractive borient=orbit_average bgamma=off braw_med=0.000e+00 bcorr_med=0.000e+00 bp_med=1.000e+00 status=ok
[2026-05-14 21:53:43] shard 40: 4/8 eps_a=1.263 eps_c=0.842 dt=1275.3s found=Y RSS=275860kB
[2026-05-14 21:53:43] POINT shard=40 idx=4/8 eps_a=1.26316 eps_c=0.842105 dt=1275.29s event=1 spin=1 bin=1 min_fpp=-6.579884e-02 phi_min_fpp=0.304 n_valid=51/51 n_invalid_phi=0 phi_feasible=[0,1] n_success=51 max_res=9.640e-07 mean_res=2.870e-07 mode=avgE e_lin=[-1.516e+01,0.000e+00] barrier=8.165e-04 bethe=none bmode=attractive borient=orbit_average bgamma=off braw_med=0.000e+00 bcorr_med=0.000e+00 bp_med=1.000e+00 status=ok
[2026-05-14 21:53:49] shard 20: 6/8 eps_a=2.105 eps_c=0.421 dt=1042.0s found=Y RSS=275524kB
[2026-05-14 21:53:49] POINT shard=20 idx=6/8 eps_a=2.10526 eps_c=0.421053 dt=1042.01s event=0 spin=0 bin=0 min_fpp=3.284564e-01 phi_min_fpp=0.4216 n_valid=51/51 n_invalid_phi=0 phi_feasible=[0,1] n_success=51 max_res=9.589e-07 mean_res=3.570e-07 mode=avgE e_lin=[-1.347e+01,0.000e+00] barrier=nan bethe=none bmode=attractive borient=orbit_average bgamma=off braw_med=0.000e+00 bcorr_med=0.000e+00 bp_med=1.000e+00 status=ok
[2026-05-14 21:53:54] POINT shard=5 idx=7/8 eps_a=2.52632 eps_c=0.105263 dt=1328.79s event=0 spin=0 bin=0 min_fpp=5.297301e-01 phi_min_fpp=0.5196 n_valid=51/51 n_invalid_phi=0 phi_feasible=[0,1] n_success=51 max_res=9.199e-07 mean_res=3.158e-07 mode=avgE e_lin=[-1.137e+01,0.000e+00] barrier=nan bethe=none bmode=attractive borient=orbit_average bgamma=off braw_med=0.000e+00 bcorr_med=0.000e+00 bp_med=1.000e+00 status=ok
[2026-05-14 21:54:05] shard 11: 2/8 eps_a=3.789 eps_c=0.211 dt=2024.6s found=Y RSS=274812kB
[2026-05-14 21:54:05] POINT shard=11 idx=2/8 eps_a=3.78947 eps_c=0.210526 dt=2024.65s event=0 spin=0 bin=0 min_fpp=9.327634e-02 phi_min_fpp=0.0688 n_valid=51/51 n_invalid_phi=0 phi_feasible=[0,1] n_success=51 max_res=9.501e-07 mean_res=2.472e-07 mode=avgE e_lin=[-1.768e+01,0.000e+00] barrier=nan bethe=none bmode=attractive borient=orbit_average bgamma=off braw_med=0.000e+00 bcorr_med=0.000e+00 bp_med=1.000e+00 status=ok
[2026-05-14 21:57:34] POINT shard=18 idx=3/8 eps_a=2.52632 eps_c=0.368421 dt=1696.34s event=0 spin=0 bin=0 min_fpp=1.406392e-01 phi_min_fpp=0.3432 n_valid=51/51 n_invalid_phi=0 phi_feasible=[0,1] n_success=51 max_res=9.975e-07 mean_res=3.281e-07 mode=avgE e_lin=[-1.453e+01,0.000e+00] barrier=nan bethe=none bmode=attractive borient=orbit_average bgamma=off braw_med=0.000e+00 bcorr_med=0.000e+00 bp_med=1.000e+00 status=ok
[2026-05-14 22:01:26] shard 10: 6/8 eps_a=2.105 eps_c=0.211 dt=1458.9s found=Y RSS=275200kB
[2026-05-14 22:01:26] POINT shard=10 idx=6/8 eps_a=2.10526 eps_c=0.210526 dt=1458.86s event=0 spin=0 bin=0 min_fpp=8.665755e-01 phi_min_fpp=0.4608 n_valid=51/51 n_invalid_phi=0 phi_feasible=[0,1] n_success=51 max_res=9.194e-07 mean_res=3.191e-07 mode=avgE e_lin=[-1.095e+01,0.000e+00] barrier=nan bethe=none bmode=attractive borient=orbit_average bgamma=off braw_med=0.000e+00 bcorr_med=0.000e+00 bp_med=1.000e+00 status=ok
[2026-05-14 22:01:53] shard 35: 6/8 eps_a=2.105 eps_c=0.737 dt=1583.3s found=Y RSS=276040kB
[2026-05-14 22:01:53] POINT shard=35 idx=6/8 eps_a=2.10526 eps_c=0.736842 dt=1583.26s event=1 spin=1 bin=1 min_fpp=-2.376635e-01 phi_min_fpp=0.1276 n_valid=51/51 n_invalid_phi=0 phi_feasible=[0,1] n_success=51 max_res=9.638e-07 mean_res=3.372e-07 mode=avgE e_lin=[-1.726e+01,0.000e+00] barrier=5.282e-03 bethe=none bmode=attractive borient=orbit_average bgamma=off braw_med=0.000e+00 bcorr_med=0.000e+00 bp_med=1.000e+00 status=ok
[2026-05-14 22:03:26] POINT shard=25 idx=7/8 eps_a=2.52632 eps_c=0.526316 dt=1423.07s event=1 spin=1 bin=1 min_fpp=-4.578567e-02 phi_min_fpp=0.1864 n_valid=51/51 n_invalid_phi=0 phi_feasible=[0,1] n_success=51 max_res=9.114e-07 mean_res=2.727e-07 mode=avgE e_lin=[-1.642e+01,0.000e+00] barrier=6.094e-04 bethe=none bmode=attractive borient=orbit_average bgamma=off braw_med=0.000e+00 bcorr_med=0.000e+00 bp_med=1.000e+00 status=ok
[2026-05-14 22:03:48] POINT shard=28 idx=3/8 eps_a=2.52632 eps_c=0.578947 dt=2361.91s event=1 spin=1 bin=1 min_fpp=-1.282783e-01 phi_min_fpp=0.0884 n_valid=51/51 n_invalid_phi=0 phi_feasible=[0,1] n_success=51 max_res=9.239e-07 mean_res=2.723e-07 mode=avgE e_lin=[-1.705e+01,0.000e+00] barrier=2.002e-03 bethe=none bmode=attractive borient=orbit_average bgamma=off braw_med=0.000e+00 bcorr_med=0.000e+00 bp_med=1.000e+00 status=ok
[2026-05-14 22:05:25] shard 45: 4/8 eps_a=1.263 eps_c=0.947 dt=1363.9s found=Y RSS=276216kB
[2026-05-14 22:05:25] POINT shard=45 idx=4/8 eps_a=1.26316 eps_c=0.947368 dt=1363.88s event=1 spin=1 bin=1 min_fpp=-2.946181e-01 phi_min_fpp=0.206 n_valid=51/51 n_invalid_phi=0 phi_feasible=[0,1] n_success=51 max_res=8.980e-07 mean_res=2.916e-07 mode=avgE e_lin=[-1.642e+01,0.000e+00] barrier=7.913e-03 bethe=none bmode=attractive borient=orbit_average bgamma=off braw_med=0.000e+00 bcorr_med=0.000e+00 bp_med=1.000e+00 status=ok
[2026-05-14 22:05:51] POINT shard=15 idx=7/8 eps_a=2.52632 eps_c=0.315789 dt=1495.05s event=0 spin=0 bin=0 min_fpp=2.019381e-01 phi_min_fpp=0.3628 n_valid=51/51 n_invalid_phi=0 phi_feasible=[0,1] n_success=51 max_res=9.171e-07 mean_res=3.391e-07 mode=avgE e_lin=[-1.389e+01,0.000e+00] barrier=nan bethe=none bmode=attractive borient=orbit_average bgamma=off braw_med=0.000e+00 bcorr_med=0.000e+00 bp_med=1.000e+00 status=ok
[2026-05-14 22:06:15] POINT shard=48 idx=3/8 eps_a=2.52632 eps_c=1 dt=2251.97s event=1 spin=1 bin=1 min_fpp=-7.824743e-01 phi_min_fpp=0.0688 n_valid=51/51 n_invalid_phi=0 phi_feasible=[0,1] n_success=51 max_res=9.312e-07 mean_res=3.026e-07 mode=avgE e_lin=[-2.211e+01,0.000e+00] barrier=1.585e-02 bethe=none bmode=attractive borient=orbit_average bgamma=off braw_med=0.000e+00 bcorr_med=0.000e+00 bp_med=1.000e+00 status=ok
[2026-05-14 22:06:18] shard 0: 6/8 eps_a=2.105 eps_c=0.000 dt=1250.8s found=Y RSS=276424kB
[2026-05-14 22:06:18] POINT shard=0 idx=6/8 eps_a=2.10526 eps_c=0 dt=1250.81s event=0 spin=0 bin=0 min_fpp=1.532757e+00 phi_min_fpp=0.402 n_valid=51/51 n_invalid_phi=0 phi_feasible=[0,1] n_success=51 max_res=9.026e-07 mean_res=3.894e-07 mode=avgE e_lin=[-8.421e+00,0.000e+00] barrier=nan bethe=none bmode=attractive borient=orbit_average bgamma=off braw_med=0.000e+00 bcorr_med=0.000e+00 bp_med=1.000e+00 status=ok
[2026-05-14 22:06:25] shard 33: 4/8 eps_a=2.947 eps_c=0.684 dt=1634.1s found=Y RSS=275312kB
[2026-05-14 22:06:25] POINT shard=33 idx=4/8 eps_a=2.94737 eps_c=0.684211 dt=1634.11s event=1 spin=1 bin=1 min_fpp=-3.308779e-01 phi_min_fpp=0.0688 n_valid=51/51 n_invalid_phi=0 phi_feasible=[0,1] n_success=51 max_res=9.666e-07 mean_res=2.348e-07 mode=avgE e_lin=[-2.000e+01,0.000e+00] barrier=5.756e-03 bethe=none bmode=attractive borient=orbit_average bgamma=off braw_med=0.000e+00 bcorr_med=0.000e+00 bp_med=1.000e+00 status=ok
[2026-05-14 22:06:54] POINT shard=1 idx=3/8 eps_a=4.21053 eps_c=0 dt=2091.74s event=0 spin=0 bin=0 min_fpp=1.623650e-01 phi_min_fpp=0.0688 n_valid=51/51 n_invalid_phi=0 phi_feasible=[0,1] n_success=51 max_res=8.652e-07 mean_res=2.231e-07 mode=avgE e_lin=[-1.684e+01,0.000e+00] barrier=nan bethe=none bmode=attractive borient=orbit_average bgamma=off braw_med=0.000e+00 bcorr_med=0.000e+00 bp_med=1.000e+00 status=ok
[2026-05-14 22:07:05] shard 23: 4/8 eps_a=2.947 eps_c=0.474 dt=1809.2s found=Y RSS=272664kB
[2026-05-14 22:07:05] POINT shard=23 idx=4/8 eps_a=2.94737 eps_c=0.473684 dt=1809.22s event=1 spin=1 bin=1 min_fpp=-6.508417e-02 phi_min_fpp=0.0688 n_valid=51/51 n_invalid_phi=0 phi_feasible=[0,1] n_success=51 max_res=9.807e-07 mean_res=2.832e-07 mode=avgE e_lin=[-1.747e+01,0.000e+00] barrier=5.565e-04 bethe=none bmode=attractive borient=orbit_average bgamma=off braw_med=0.000e+00 bcorr_med=0.000e+00 bp_med=1.000e+00 status=ok
[2026-05-14 22:07:37] POINT shard=38 idx=3/8 eps_a=2.52632 eps_c=0.789474 dt=2019.36s event=1 spin=1 bin=1 min_fpp=-4.714768e-01 phi_min_fpp=0.0688 n_valid=51/51 n_invalid_phi=0 phi_feasible=[0,1] n_success=51 max_res=9.867e-07 mean_res=2.753e-07 mode=avgE e_lin=[-1.958e+01,0.000e+00] barrier=9.019e-03 bethe=none bmode=attractive borient=orbit_average bgamma=off braw_med=0.000e+00 bcorr_med=0.000e+00 bp_med=1.000e+00 status=ok
[2026-05-14 22:08:58] POINT shard=3 idx=5/8 eps_a=3.36842 eps_c=0.0526316 dt=1529.31s event=0 spin=0 bin=0 min_fpp=2.084403e-01 phi_min_fpp=0.2844 n_valid=51/51 n_invalid_phi=0 phi_feasible=[0,1] n_success=51 max_res=9.136e-07 mean_res=3.455e-07 mode=avgE e_lin=[-1.411e+01,0.000e+00] barrier=nan bethe=none bmode=attractive borient=orbit_average bgamma=off braw_med=0.000e+00 bcorr_med=0.000e+00 bp_med=1.000e+00 status=ok
[2026-05-14 22:15:16] shard 5: 8/8 eps_a=2.947 eps_c=0.105 dt=1281.3s found=Y RSS=275336kB
[2026-05-14 22:15:16] POINT shard=5 idx=8/8 eps_a=2.94737 eps_c=0.105263 dt=1281.30s event=0 spin=0 bin=0 min_fpp=2.607372e-01 phi_min_fpp=0.3628 n_valid=51/51 n_invalid_phi=0 phi_feasible=[0,1] n_success=51 max_res=9.853e-07 mean_res=3.388e-07 mode=avgE e_lin=[-1.305e+01,0.000e+00] barrier=nan bethe=none bmode=attractive borient=orbit_average bgamma=off braw_med=0.000e+00 bcorr_med=0.000e+00 bp_med=1.000e+00 status=ok
[2026-05-14 22:15:16] shard 5: saved /pool/hamza/000011_scan_selfconsistent_bethe/shards/shard_0005.npz with 0 points
[2026-05-14 22:17:43] shard 21: 2/8 eps_a=3.789 eps_c=0.421 dt=3146.1s found=Y RSS=274380kB
[2026-05-14 22:17:43] POINT shard=21 idx=2/8 eps_a=3.78947 eps_c=0.421053 dt=3146.08s event=1 spin=1 bin=1 min_fpp=-4.874806e-02 phi_min_fpp=0.0688 n_valid=51/51 n_invalid_phi=0 phi_feasible=[0,1] n_success=51 max_res=9.697e-07 mean_res=2.668e-07 mode=avgE e_lin=[-2.021e+01,0.000e+00] barrier=2.610e-04 bethe=none bmode=attractive borient=orbit_average bgamma=off braw_med=0.000e+00 bcorr_med=0.000e+00 bp_med=1.000e+00 status=ok
[2026-05-14 22:20:43] POINT shard=40 idx=5/8 eps_a=1.68421 eps_c=0.842105 dt=1618.95s event=1 spin=1 bin=1 min_fpp=-2.159812e-01 phi_min_fpp=0.2256 n_valid=51/51 n_invalid_phi=0 phi_feasible=[0,1] n_success=51 max_res=8.188e-07 mean_res=3.062e-07 mode=avgE e_lin=[-1.684e+01,0.000e+00] barrier=5.382e-03 bethe=none bmode=attractive borient=orbit_average bgamma=off braw_med=0.000e+00 bcorr_med=0.000e+00 bp_med=1.000e+00 status=ok
[2026-05-14 22:21:19] shard 30: 6/8 eps_a=2.105 eps_c=0.632 dt=1808.6s found=Y RSS=275672kB
[2026-05-14 22:21:19] POINT shard=30 idx=6/8 eps_a=2.10526 eps_c=0.631579 dt=1808.65s event=1 spin=1 bin=1 min_fpp=-3.562518e-02 phi_min_fpp=0.2844 n_valid=51/51 n_invalid_phi=0 phi_feasible=[0,1] n_success=51 max_res=9.451e-07 mean_res=3.507e-07 mode=avgE e_lin=[-1.600e+01,0.000e+00] barrier=3.577e-04 bethe=none bmode=attractive borient=orbit_average bgamma=off braw_med=0.000e+00 bcorr_med=0.000e+00 bp_med=1.000e+00 status=ok
[2026-05-14 22:22:11] shard 6: 2/8 eps_a=3.789 eps_c=0.105 dt=3671.7s found=Y RSS=275000kB
[2026-05-14 22:22:11] POINT shard=6 idx=2/8 eps_a=3.78947 eps_c=0.105263 dt=3671.68s event=0 spin=0 bin=0 min_fpp=1.434199e-01 phi_min_fpp=0.0688 n_valid=51/51 n_invalid_phi=0 phi_feasible=[0,1] n_success=51 max_res=9.280e-07 mean_res=2.715e-07 mode=avgE e_lin=[-1.642e+01,0.000e+00] barrier=nan bethe=none bmode=attractive borient=orbit_average bgamma=off braw_med=0.000e+00 bcorr_med=0.000e+00 bp_med=1.000e+00 status=ok
[2026-05-14 22:22:19] POINT shard=43 idx=3/8 eps_a=2.52632 eps_c=0.894737 dt=2133.21s event=1 spin=1 bin=1 min_fpp=-6.318766e-01 phi_min_fpp=0.0688 n_valid=51/51 n_invalid_phi=0 phi_feasible=[0,1] n_success=51 max_res=9.038e-07 mean_res=3.439e-07 mode=avgE e_lin=[-2.084e+01,0.000e+00] barrier=1.259e-02 bethe=none bmode=attractive borient=orbit_average bgamma=off braw_med=0.000e+00 bcorr_med=0.000e+00 bp_med=1.000e+00 status=ok
[2026-05-14 22:22:35] POINT shard=20 idx=7/8 eps_a=2.52632 eps_c=0.421053 dt=1725.65s event=0 spin=0 bin=0 min_fpp=8.108985e-02 phi_min_fpp=0.304 n_valid=51/51 n_invalid_phi=0 phi_feasible=[0,1] n_success=51 max_res=9.861e-07 mean_res=3.336e-07 mode=avgE e_lin=[-1.516e+01,0.000e+00] barrier=nan bethe=none bmode=attractive borient=orbit_average bgamma=off braw_med=0.000e+00 bcorr_med=0.000e+00 bp_med=1.000e+00 status=ok
[2026-05-14 22:23:24] shard 8: 4/8 eps_a=2.947 eps_c=0.158 dt=2014.1s found=Y RSS=275332kB
[2026-05-14 22:23:24] POINT shard=8 idx=4/8 eps_a=2.94737 eps_c=0.157895 dt=2014.12s event=0 spin=0 bin=0 min_fpp=2.175611e-01 phi_min_fpp=0.3236 n_valid=51/51 n_invalid_phi=0 phi_feasible=[0,1] n_success=51 max_res=9.982e-07 mean_res=3.671e-07 mode=avgE e_lin=[-1.368e+01,0.000e+00] barrier=nan bethe=none bmode=attractive borient=orbit_average bgamma=off braw_med=0.000e+00 bcorr_med=0.000e+00 bp_med=1.000e+00 status=ok
[2026-05-14 22:24:23] shard 26: 2/8 eps_a=3.789 eps_c=0.526 dt=3586.8s found=Y RSS=275956kB
[2026-05-14 22:24:23] POINT shard=26 idx=2/8 eps_a=3.78947 eps_c=0.526316 dt=3586.83s event=1 spin=1 bin=1 min_fpp=-1.487954e-01 phi_min_fpp=0.0688 n_valid=51/51 n_invalid_phi=0 phi_feasible=[0,1] n_success=51 max_res=9.053e-07 mean_res=2.446e-07 mode=avgE e_lin=[-2.147e+01,0.000e+00] barrier=1.757e-03 bethe=none bmode=attractive borient=orbit_average bgamma=off braw_med=0.000e+00 bcorr_med=0.000e+00 bp_med=1.000e+00 status=ok
[2026-05-14 22:24:48] POINT shard=13 idx=5/8 eps_a=3.36842 eps_c=0.263158 dt=2122.23s event=0 spin=0 bin=0 min_fpp=8.545689e-02 phi_min_fpp=0.0884 n_valid=51/51 n_invalid_phi=0 phi_feasible=[0,1] n_success=51 max_res=8.978e-07 mean_res=2.633e-07 mode=avgE e_lin=[-1.663e+01,0.000e+00] barrier=nan bethe=none bmode=attractive borient=orbit_average bgamma=off braw_med=0.000e+00 bcorr_med=0.000e+00 bp_med=1.000e+00 status=ok
[2026-05-14 22:29:50] POINT shard=35 idx=7/8 eps_a=2.52632 eps_c=0.736842 dt=1676.03s event=1 spin=1 bin=1 min_fpp=-3.889165e-01 phi_min_fpp=0.0688 n_valid=51/51 n_invalid_phi=0 phi_feasible=[0,1] n_success=51 max_res=9.866e-07 mean_res=2.351e-07 mode=avgE e_lin=[-1.895e+01,0.000e+00] barrier=7.186e-03 bethe=none bmode=attractive borient=orbit_average bgamma=off braw_med=0.000e+00 bcorr_med=0.000e+00 bp_med=1.000e+00 status=ok
[2026-05-14 22:32:18] POINT shard=10 idx=7/8 eps_a=2.52632 eps_c=0.210526 dt=1852.33s event=0 spin=0 bin=0 min_fpp=3.429705e-01 phi_min_fpp=0.4412 n_valid=51/51 n_invalid_phi=0 phi_feasible=[0,1] n_success=51 max_res=9.937e-07 mean_res=3.016e-07 mode=avgE e_lin=[-1.263e+01,0.000e+00] barrier=nan bethe=none bmode=attractive borient=orbit_average bgamma=off braw_med=0.000e+00 bcorr_med=0.000e+00 bp_med=1.000e+00 status=ok
[2026-05-14 22:33:18] POINT shard=0 idx=7/8 eps_a=2.52632 eps_c=0 dt=1619.43s event=0 spin=0 bin=0 min_fpp=7.818738e-01 phi_min_fpp=0.5784 n_valid=51/51 n_invalid_phi=0 phi_feasible=[0,1] n_success=51 max_res=9.547e-07 mean_res=2.953e-07 mode=avgE e_lin=[-1.011e+01,0.000e+00] barrier=nan bethe=none bmode=attractive borient=orbit_average bgamma=off braw_med=0.000e+00 bcorr_med=0.000e+00 bp_med=1.000e+00 status=ok
[2026-05-14 22:34:28] shard 25: 8/8 eps_a=2.947 eps_c=0.526 dt=1861.3s found=Y RSS=275328kB
[2026-05-14 22:34:28] POINT shard=25 idx=8/8 eps_a=2.94737 eps_c=0.526316 dt=1861.32s event=1 spin=1 bin=1 min_fpp=-1.268071e-01 phi_min_fpp=0.0688 n_valid=51/51 n_invalid_phi=0 phi_feasible=[0,1] n_success=51 max_res=9.574e-07 mean_res=2.753e-07 mode=avgE e_lin=[-1.811e+01,0.000e+00] barrier=1.480e-03 bethe=none bmode=attractive borient=orbit_average bgamma=off braw_med=0.000e+00 bcorr_med=0.000e+00 bp_med=1.000e+00 status=ok
[2026-05-14 22:34:28] shard 25: saved /pool/hamza/000011_scan_selfconsistent_bethe/shards/shard_0025.npz with 2 points
[2026-05-14 22:37:20] POINT shard=45 idx=5/8 eps_a=1.68421 eps_c=0.947368 dt=1914.18s event=1 spin=1 bin=1 min_fpp=-5.352589e-01 phi_min_fpp=0.0688 n_valid=51/51 n_invalid_phi=0 phi_feasible=[0,1] n_success=51 max_res=9.821e-07 mean_res=3.620e-07 mode=avgE e_lin=[-1.811e+01,0.000e+00] barrier=1.156e-02 bethe=none bmode=attractive borient=orbit_average bgamma=off braw_med=0.000e+00 bcorr_med=0.000e+00 bp_med=1.000e+00 status=ok
[2026-05-14 22:37:29] shard 15: 8/8 eps_a=2.947 eps_c=0.316 dt=1897.3s found=Y RSS=274216kB
[2026-05-14 22:37:29] POINT shard=15 idx=8/8 eps_a=2.94737 eps_c=0.315789 dt=1897.27s event=0 spin=0 bin=0 min_fpp=8.476275e-02 phi_min_fpp=0.2844 n_valid=51/51 n_invalid_phi=0 phi_feasible=[0,1] n_success=51 max_res=9.950e-07 mean_res=3.415e-07 mode=avgE e_lin=[-1.558e+01,0.000e+00] barrier=nan bethe=none bmode=attractive borient=orbit_average bgamma=off braw_med=0.000e+00 bcorr_med=0.000e+00 bp_med=1.000e+00 status=ok
[2026-05-14 22:37:29] shard 15: saved /pool/hamza/000011_scan_selfconsistent_bethe/shards/shard_0015.npz with 0 points
[2026-05-14 22:38:00] POINT shard=11 idx=3/8 eps_a=4.21053 eps_c=0.210526 dt=2633.76s event=0 spin=0 bin=0 min_fpp=8.454841e-02 phi_min_fpp=0.0688 n_valid=51/51 n_invalid_phi=0 phi_feasible=[0,1] n_success=51 max_res=9.381e-07 mean_res=2.854e-07 mode=avgE e_lin=[-1.937e+01,0.000e+00] barrier=nan bethe=none bmode=attractive borient=orbit_average bgamma=off braw_med=0.000e+00 bcorr_med=0.000e+00 bp_med=1.000e+00 status=ok
[2026-05-14 22:38:21] shard 3: 6/8 eps_a=3.789 eps_c=0.053 dt=1762.7s found=Y RSS=274160kB
[2026-05-14 22:38:21] POINT shard=3 idx=6/8 eps_a=3.78947 eps_c=0.0526316 dt=1762.73s event=0 spin=0 bin=0 min_fpp=1.661816e-01 phi_min_fpp=0.108 n_valid=51/51 n_invalid_phi=0 phi_feasible=[0,1] n_success=51 max_res=9.817e-07 mean_res=3.213e-07 mode=avgE e_lin=[-1.579e+01,0.000e+00] barrier=nan bethe=none bmode=attractive borient=orbit_average bgamma=off braw_med=0.000e+00 bcorr_med=0.000e+00 bp_med=1.000e+00 status=ok
[2026-05-14 22:39:49] shard 28: 4/8 eps_a=2.947 eps_c=0.579 dt=2161.1s found=Y RSS=276632kB
[2026-05-14 22:39:49] POINT shard=28 idx=4/8 eps_a=2.94737 eps_c=0.578947 dt=2161.13s event=1 spin=1 bin=1 min_fpp=-1.916104e-01 phi_min_fpp=0.0688 n_valid=51/51 n_invalid_phi=0 phi_feasible=[0,1] n_success=51 max_res=9.930e-07 mean_res=2.357e-07 mode=avgE e_lin=[-1.874e+01,0.000e+00] barrier=2.703e-03 bethe=none bmode=attractive borient=orbit_average bgamma=off braw_med=0.000e+00 bcorr_med=0.000e+00 bp_med=1.000e+00 status=ok
[2026-05-14 22:43:14] POINT shard=33 idx=5/8 eps_a=3.36842 eps_c=0.684211 dt=2209.38s event=1 spin=1 bin=1 min_fpp=-3.355676e-01 phi_min_fpp=0.0688 n_valid=51/51 n_invalid_phi=0 phi_feasible=[0,1] n_success=51 max_res=8.211e-07 mean_res=2.168e-07 mode=avgE e_lin=[-2.168e+01,0.000e+00] barrier=5.853e-03 bethe=none bmode=attractive borient=orbit_average bgamma=off braw_med=0.000e+00 bcorr_med=0.000e+00 bp_med=1.000e+00 status=ok
[2026-05-14 22:44:33] shard 38: 4/8 eps_a=2.947 eps_c=0.789 dt=2216.4s found=Y RSS=276160kB
[2026-05-14 22:44:33] POINT shard=38 idx=4/8 eps_a=2.94737 eps_c=0.789474 dt=2216.42s event=1 spin=1 bin=1 min_fpp=-4.795774e-01 phi_min_fpp=0.0688 n_valid=51/51 n_invalid_phi=0 phi_feasible=[0,1] n_success=51 max_res=9.971e-07 mean_res=2.962e-07 mode=avgE e_lin=[-2.126e+01,0.000e+00] barrier=9.199e-03 bethe=none bmode=attractive borient=orbit_average bgamma=off braw_med=0.000e+00 bcorr_med=0.000e+00 bp_med=1.000e+00 status=ok
[2026-05-14 22:44:35] shard 18: 4/8 eps_a=2.947 eps_c=0.368 dt=2821.7s found=Y RSS=275508kB
[2026-05-14 22:44:35] POINT shard=18 idx=4/8 eps_a=2.94737 eps_c=0.368421 dt=2821.67s event=0 spin=0 bin=0 min_fpp=4.792142e-02 phi_min_fpp=0.1668 n_valid=51/51 n_invalid_phi=0 phi_feasible=[0,1] n_success=51 max_res=9.782e-07 mean_res=2.536e-07 mode=avgE e_lin=[-1.621e+01,0.000e+00] barrier=nan bethe=none bmode=attractive borient=orbit_average bgamma=off braw_med=0.000e+00 bcorr_med=0.000e+00 bp_med=1.000e+00 status=ok
[2026-05-14 22:50:37] shard 40: 6/8 eps_a=2.105 eps_c=0.842 dt=1794.1s found=Y RSS=275860kB
[2026-05-14 22:50:37] POINT shard=40 idx=6/8 eps_a=2.10526 eps_c=0.842105 dt=1794.07s event=1 spin=1 bin=1 min_fpp=-4.976658e-01 phi_min_fpp=0.0688 n_valid=51/51 n_invalid_phi=0 phi_feasible=[0,1] n_success=51 max_res=8.694e-07 mean_res=3.088e-07 mode=avgE e_lin=[-1.853e+01,0.000e+00] barrier=9.966e-03 bethe=none bmode=attractive borient=orbit_average bgamma=off braw_med=0.000e+00 bcorr_med=0.000e+00 bp_med=1.000e+00 status=ok
[2026-05-14 22:51:20] shard 35: 8/8 eps_a=2.947 eps_c=0.737 dt=1289.3s found=Y RSS=276040kB
[2026-05-14 22:51:20] POINT shard=35 idx=8/8 eps_a=2.94737 eps_c=0.736842 dt=1289.27s event=1 spin=1 bin=1 min_fpp=-4.041851e-01 phi_min_fpp=0.0688 n_valid=51/51 n_invalid_phi=0 phi_feasible=[0,1] n_success=51 max_res=9.809e-07 mean_res=2.656e-07 mode=avgE e_lin=[-2.063e+01,0.000e+00] barrier=7.459e-03 bethe=none bmode=attractive borient=orbit_average bgamma=off braw_med=0.000e+00 bcorr_med=0.000e+00 bp_med=1.000e+00 status=ok
[2026-05-14 22:51:20] shard 35: saved /pool/hamza/000011_scan_selfconsistent_bethe/shards/shard_0035.npz with 4 points
[2026-05-14 23:01:12] shard 43: 4/8 eps_a=2.947 eps_c=0.895 dt=2332.8s found=Y RSS=275564kB
[2026-05-14 23:01:12] POINT shard=43 idx=4/8 eps_a=2.94737 eps_c=0.894737 dt=2332.80s event=1 spin=1 bin=1 min_fpp=-6.313372e-01 phi_min_fpp=0.0688 n_valid=51/51 n_invalid_phi=0 phi_feasible=[0,1] n_success=51 max_res=9.272e-07 mean_res=2.816e-07 mode=avgE e_lin=[-2.253e+01,0.000e+00] barrier=1.264e-02 bethe=none bmode=attractive borient=orbit_average bgamma=off braw_med=0.000e+00 bcorr_med=0.000e+00 bp_med=1.000e+00 status=ok
[2026-05-14 23:03:56] shard 10: 8/8 eps_a=2.947 eps_c=0.211 dt=1897.6s found=Y RSS=275200kB
[2026-05-14 23:03:56] POINT shard=10 idx=8/8 eps_a=2.94737 eps_c=0.210526 dt=1897.63s event=0 spin=0 bin=0 min_fpp=1.763394e-01 phi_min_fpp=0.304 n_valid=51/51 n_invalid_phi=0 phi_feasible=[0,1] n_success=51 max_res=9.668e-07 mean_res=2.835e-07 mode=avgE e_lin=[-1.432e+01,0.000e+00] barrier=nan bethe=none bmode=attractive borient=orbit_average bgamma=off braw_med=0.000e+00 bcorr_med=0.000e+00 bp_med=1.000e+00 status=ok
[2026-05-14 23:03:56] shard 10: saved /pool/hamza/000011_scan_selfconsistent_bethe/shards/shard_0010.npz with 0 points
[2026-05-14 23:04:00] POINT shard=30 idx=7/8 eps_a=2.52632 eps_c=0.631579 dt=2561.09s event=1 spin=1 bin=1 min_fpp=-2.184623e-01 phi_min_fpp=0.0688 n_valid=51/51 n_invalid_phi=0 phi_feasible=[0,1] n_success=51 max_res=9.915e-07 mean_res=2.465e-07 mode=avgE e_lin=[-1.768e+01,0.000e+00] barrier=3.617e-03 bethe=none bmode=attractive borient=orbit_average bgamma=off braw_med=0.000e+00 bcorr_med=0.000e+00 bp_med=1.000e+00 status=ok
[2026-05-14 23:04:32] shard 20: 8/8 eps_a=2.947 eps_c=0.421 dt=2515.9s found=Y RSS=275524kB
[2026-05-14 23:04:32] POINT shard=20 idx=8/8 eps_a=2.94737 eps_c=0.421053 dt=2515.95s event=1 spin=1 bin=0 min_fpp=-5.465606e-03 phi_min_fpp=0.0884 n_valid=51/51 n_invalid_phi=0 phi_feasible=[0,1] n_success=51 max_res=9.885e-07 mean_res=2.701e-07 mode=avgE e_lin=[-1.684e+01,0.000e+00] barrier=nan bethe=none bmode=attractive borient=orbit_average bgamma=off braw_med=0.000e+00 bcorr_med=0.000e+00 bp_med=1.000e+00 status=ok
[2026-05-14 23:04:32] shard 20: saved /pool/hamza/000011_scan_selfconsistent_bethe/shards/shard_0020.npz with 1 points
[2026-05-14 23:05:05] shard 0: 8/8 eps_a=2.947 eps_c=0.000 dt=1907.4s found=Y RSS=276424kB
[2026-05-14 23:05:05] POINT shard=0 idx=8/8 eps_a=2.94737 eps_c=0 dt=1907.43s event=0 spin=0 bin=0 min_fpp=3.635000e-01 phi_min_fpp=0.4412 n_valid=51/51 n_invalid_phi=0 phi_feasible=[0,1] n_success=51 max_res=9.783e-07 mean_res=2.812e-07 mode=avgE e_lin=[-1.179e+01,0.000e+00] barrier=nan bethe=none bmode=attractive borient=orbit_average bgamma=off braw_med=0.000e+00 bcorr_med=0.000e+00 bp_med=1.000e+00 status=ok
[2026-05-14 23:05:05] shard 0: saved /pool/hamza/000011_scan_selfconsistent_bethe/shards/shard_0000.npz with 0 points
[2026-05-14 23:05:10] POINT shard=8 idx=5/8 eps_a=3.36842 eps_c=0.157895 dt=2505.57s event=0 spin=0 bin=0 min_fpp=1.517841e-01 phi_min_fpp=0.206 n_valid=51/51 n_invalid_phi=0 phi_feasible=[0,1] n_success=51 max_res=8.306e-07 mean_res=3.185e-07 mode=avgE e_lin=[-1.537e+01,0.000e+00] barrier=nan bethe=none bmode=attractive borient=orbit_average bgamma=off braw_med=0.000e+00 bcorr_med=0.000e+00 bp_med=1.000e+00 status=ok
[2026-05-14 23:07:02] shard 45: 6/8 eps_a=2.105 eps_c=0.947 dt=1782.1s found=Y RSS=276216kB
[2026-05-14 23:07:02] POINT shard=45 idx=6/8 eps_a=2.10526 eps_c=0.947368 dt=1782.13s event=1 spin=1 bin=1 min_fpp=-6.953843e-01 phi_min_fpp=0.0688 n_valid=51/51 n_invalid_phi=0 phi_feasible=[0,1] n_success=51 max_res=9.976e-07 mean_res=2.699e-07 mode=avgE e_lin=[-1.979e+01,0.000e+00] barrier=1.389e-02 bethe=none bmode=attractive borient=orbit_average bgamma=off braw_med=0.000e+00 bcorr_med=0.000e+00 bp_med=1.000e+00 status=ok
[2026-05-14 23:10:01] shard 33: 6/8 eps_a=3.789 eps_c=0.684 dt=1606.0s found=Y RSS=275312kB
[2026-05-14 23:10:01] POINT shard=33 idx=6/8 eps_a=3.78947 eps_c=0.684211 dt=1606.03s event=1 spin=1 bin=1 min_fpp=-3.362945e-01 phi_min_fpp=0.0688 n_valid=51/51 n_invalid_phi=0 phi_feasible=[0,1] n_success=51 max_res=8.802e-07 mean_res=2.107e-07 mode=avgE e_lin=[-2.337e+01,0.000e+00] barrier=5.882e-03 bethe=none bmode=attractive borient=orbit_average bgamma=off braw_med=0.000e+00 bcorr_med=0.000e+00 bp_med=1.000e+00 status=ok
[2026-05-14 23:10:23] POINT shard=3 idx=7/8 eps_a=4.21053 eps_c=0.0526316 dt=1921.76s event=0 spin=0 bin=0 min_fpp=1.460643e-01 phi_min_fpp=0.0688 n_valid=51/51 n_invalid_phi=0 phi_feasible=[0,1] n_success=51 max_res=9.461e-07 mean_res=2.012e-07 mode=avgE e_lin=[-1.747e+01,0.000e+00] barrier=nan bethe=none bmode=attractive borient=orbit_average bgamma=off braw_med=0.000e+00 bcorr_med=0.000e+00 bp_med=1.000e+00 status=ok
[2026-05-14 23:12:18] POINT shard=40 idx=7/8 eps_a=2.52632 eps_c=0.842105 dt=1300.67s event=1 spin=1 bin=1 min_fpp=-5.527018e-01 phi_min_fpp=0.0688 n_valid=51/51 n_invalid_phi=0 phi_feasible=[0,1] n_success=51 max_res=9.904e-07 mean_res=3.094e-07 mode=avgE e_lin=[-2.021e+01,0.000e+00] barrier=1.083e-02 bethe=none bmode=attractive borient=orbit_average bgamma=off braw_med=0.000e+00 bcorr_med=0.000e+00 bp_med=1.000e+00 status=ok
[2026-05-14 23:12:20] POINT shard=28 idx=5/8 eps_a=3.36842 eps_c=0.578947 dt=1951.18s event=1 spin=1 bin=1 min_fpp=-2.037031e-01 phi_min_fpp=0.0688 n_valid=51/51 n_invalid_phi=0 phi_feasible=[0,1] n_success=51 max_res=9.912e-07 mean_res=2.835e-07 mode=avgE e_lin=[-2.042e+01,0.000e+00] barrier=2.876e-03 bethe=none bmode=attractive borient=orbit_average bgamma=off braw_med=0.000e+00 bcorr_med=0.000e+00 bp_med=1.000e+00 status=ok
[2026-05-14 23:15:58] POINT shard=45 idx=7/8 eps_a=2.52632 eps_c=0.947368 dt=535.06s event=1 spin=1 bin=1 min_fpp=-7.087554e-01 phi_min_fpp=0.0688 n_valid=51/51 n_invalid_phi=0 phi_feasible=[0,1] n_success=51 max_res=9.902e-07 mean_res=2.109e-07 mode=avgE e_lin=[-2.147e+01,0.000e+00] barrier=1.426e-02 bethe=none bmode=attractive borient=orbit_average bgamma=off braw_med=0.000e+00 bcorr_med=0.000e+00 bp_med=1.000e+00 status=ok
[2026-05-14 23:16:43] POINT shard=18 idx=5/8 eps_a=3.36842 eps_c=0.368421 dt=1927.54s event=0 spin=0 bin=0 min_fpp=5.762567e-03 phi_min_fpp=0.0688 n_valid=51/51 n_invalid_phi=0 phi_feasible=[0,1] n_success=51 max_res=9.324e-07 mean_res=2.073e-07 mode=avgE e_lin=[-1.789e+01,0.000e+00] barrier=nan bethe=none bmode=attractive borient=orbit_average bgamma=off braw_med=0.000e+00 bcorr_med=0.000e+00 bp_med=1.000e+00 status=ok
[2026-05-14 23:16:44] shard 30: 8/8 eps_a=2.947 eps_c=0.632 dt=763.9s found=Y RSS=275672kB
[2026-05-14 23:16:44] POINT shard=30 idx=8/8 eps_a=2.94737 eps_c=0.631579 dt=763.94s event=1 spin=1 bin=1 min_fpp=-2.594865e-01 phi_min_fpp=0.0688 n_valid=51/51 n_invalid_phi=0 phi_feasible=[0,1] n_success=51 max_res=9.981e-07 mean_res=2.964e-07 mode=avgE e_lin=[-1.937e+01,0.000e+00] barrier=4.154e-03 bethe=none bmode=attractive borient=orbit_average bgamma=off braw_med=0.000e+00 bcorr_med=0.000e+00 bp_med=1.000e+00 status=ok
[2026-05-14 23:16:45] shard 30: saved /pool/hamza/000011_scan_selfconsistent_bethe/shards/shard_0030.npz with 3 points
[2026-05-14 23:18:48] POINT shard=26 idx=3/8 eps_a=4.21053 eps_c=0.526316 dt=3265.64s event=1 spin=1 bin=1 min_fpp=-1.505783e-01 phi_min_fpp=0.0688 n_valid=51/51 n_invalid_phi=0 phi_feasible=[0,1] n_success=51 max_res=9.041e-07 mean_res=2.137e-07 mode=avgE e_lin=[-2.316e+01,0.000e+00] barrier=1.784e-03 bethe=none bmode=attractive borient=orbit_average bgamma=off braw_med=0.000e+00 bcorr_med=0.000e+00 bp_med=1.000e+00 status=ok
[2026-05-14 23:20:07] shard 8: 6/8 eps_a=3.789 eps_c=0.158 dt=896.8s found=Y RSS=275332kB
[2026-05-14 23:20:07] POINT shard=8 idx=6/8 eps_a=3.78947 eps_c=0.157895 dt=896.77s event=0 spin=0 bin=0 min_fpp=1.194293e-01 phi_min_fpp=0.0688 n_valid=51/51 n_invalid_phi=0 phi_feasible=[0,1] n_success=51 max_res=8.770e-07 mean_res=2.090e-07 mode=avgE e_lin=[-1.705e+01,0.000e+00] barrier=nan bethe=none bmode=attractive borient=orbit_average bgamma=off braw_med=0.000e+00 bcorr_med=0.000e+00 bp_med=1.000e+00 status=ok
[2026-05-14 23:23:52] POINT shard=43 idx=5/8 eps_a=3.36842 eps_c=0.894737 dt=1360.08s event=1 spin=1 bin=1 min_fpp=-6.289783e-01 phi_min_fpp=0.0688 n_valid=51/51 n_invalid_phi=0 phi_feasible=[0,1] n_success=51 max_res=9.633e-07 mean_res=2.643e-07 mode=avgE e_lin=[-2.421e+01,0.000e+00] barrier=1.263e-02 bethe=none bmode=attractive borient=orbit_average bgamma=off braw_med=0.000e+00 bcorr_med=0.000e+00 bp_med=1.000e+00 status=ok
[2026-05-14 23:26:36] shard 40: 8/8 eps_a=2.947 eps_c=0.842 dt=858.3s found=Y RSS=275860kB
[2026-05-14 23:26:36] POINT shard=40 idx=8/8 eps_a=2.94737 eps_c=0.842105 dt=858.32s event=1 spin=1 bin=1 min_fpp=-5.557854e-01 phi_min_fpp=0.0688 n_valid=51/51 n_invalid_phi=0 phi_feasible=[0,1] n_success=51 max_res=9.559e-07 mean_res=2.604e-07 mode=avgE e_lin=[-2.189e+01,0.000e+00] barrier=1.094e-02 bethe=none bmode=attractive borient=orbit_average bgamma=off braw_med=0.000e+00 bcorr_med=0.000e+00 bp_med=1.000e+00 status=ok
[2026-05-14 23:26:36] shard 40: saved /pool/hamza/000011_scan_selfconsistent_bethe/shards/shard_0040.npz with 5 points
[2026-05-14 23:30:25] shard 17: 1/8 eps_a=6.737 eps_c=0.316 dt=10096.8s found=Y RSS=275996kB
[2026-05-14 23:30:25] POINT shard=17 idx=1/8 eps_a=6.73684 eps_c=0.315789 dt=10096.77s event=0 spin=0 bin=0 min_fpp=2.684007e-02 phi_min_fpp=0.0884 n_valid=50/51 n_invalid_phi=0 phi_feasible=[0,1] n_success=50 max_res=7.516e-03 mean_res=1.476e-04 mode=avgE e_lin=[-3.074e+01,0.000e+00] barrier=nan bethe=none bmode=attractive borient=orbit_average bgamma=off braw_med=0.000e+00 bcorr_med=0.000e+00 bp_med=1.000e+00 status=ok
[2026-05-14 23:30:42] POINT shard=33 idx=7/8 eps_a=4.21053 eps_c=0.684211 dt=1241.31s event=1 spin=1 bin=1 min_fpp=-3.364528e-01 phi_min_fpp=0.0688 n_valid=51/51 n_invalid_phi=0 phi_feasible=[0,1] n_success=51 max_res=9.777e-07 mean_res=2.152e-07 mode=avgE e_lin=[-2.505e+01,0.000e+00] barrier=5.892e-03 bethe=none bmode=attractive borient=orbit_average bgamma=off braw_med=0.000e+00 bcorr_med=0.000e+00 bp_med=1.000e+00 status=ok
[2026-05-14 23:31:28] shard 45: 8/8 eps_a=2.947 eps_c=0.947 dt=930.0s found=Y RSS=276216kB
[2026-05-14 23:31:28] POINT shard=45 idx=8/8 eps_a=2.94737 eps_c=0.947368 dt=929.98s event=1 spin=1 bin=1 min_fpp=-7.058116e-01 phi_min_fpp=0.0688 n_valid=51/51 n_invalid_phi=0 phi_feasible=[0,1] n_success=51 max_res=9.419e-07 mean_res=2.855e-07 mode=avgE e_lin=[-2.316e+01,0.000e+00] barrier=1.428e-02 bethe=none bmode=attractive borient=orbit_average bgamma=off braw_med=0.000e+00 bcorr_med=0.000e+00 bp_med=1.000e+00 status=ok
[2026-05-14 23:31:28] shard 45: saved /pool/hamza/000011_scan_selfconsistent_bethe/shards/shard_0045.npz with 7 points
[2026-05-14 23:37:36] POINT shard=8 idx=7/8 eps_a=4.21053 eps_c=0.157895 dt=1048.82s event=0 spin=0 bin=0 min_fpp=1.080955e-01 phi_min_fpp=0.0688 n_valid=51/51 n_invalid_phi=0 phi_feasible=[0,1] n_success=51 max_res=9.772e-07 mean_res=3.138e-07 mode=avgE e_lin=[-1.874e+01,0.000e+00] barrier=nan bethe=none bmode=attractive borient=orbit_average bgamma=off braw_med=0.000e+00 bcorr_med=0.000e+00 bp_med=1.000e+00 status=ok
[2026-05-14 23:38:52] shard 19: 1/8 eps_a=5.053 eps_c=0.368 dt=10604.5s found=Y RSS=274144kB
[2026-05-14 23:38:52] POINT shard=19 idx=1/8 eps_a=5.05263 eps_c=0.368421 dt=10604.51s event=1 spin=1 bin=0 min_fpp=-7.263278e-03 phi_min_fpp=0.0884 n_valid=50/51 n_invalid_phi=0 phi_feasible=[0,1] n_success=50 max_res=3.903e-04 mean_res=7.945e-06 mode=avgE e_lin=[-2.463e+01,0.000e+00] barrier=nan bethe=none bmode=attractive borient=orbit_average bgamma=off braw_med=0.000e+00 bcorr_med=0.000e+00 bp_med=1.000e+00 status=ok
[2026-05-14 23:39:29] shard 18: 6/8 eps_a=3.789 eps_c=0.368 dt=1365.4s found=Y RSS=275508kB
[2026-05-14 23:39:29] POINT shard=18 idx=6/8 eps_a=3.78947 eps_c=0.368421 dt=1365.36s event=1 spin=1 bin=0 min_fpp=-6.371773e-03 phi_min_fpp=0.0688 n_valid=51/51 n_invalid_phi=0 phi_feasible=[0,1] n_success=51 max_res=8.730e-07 mean_res=1.778e-07 mode=avgE e_lin=[-1.958e+01,0.000e+00] barrier=nan bethe=none bmode=attractive borient=orbit_average bgamma=off braw_med=0.000e+00 bcorr_med=0.000e+00 bp_med=1.000e+00 status=ok
[2026-05-14 23:45:04] shard 36: 1/8 eps_a=3.368 eps_c=0.737 dt=10975.9s found=Y RSS=276108kB
[2026-05-14 23:45:04] POINT shard=36 idx=1/8 eps_a=3.36842 eps_c=0.736842 dt=10975.90s event=1 spin=1 bin=1 min_fpp=-3.754027e-01 phi_min_fpp=0.0884 n_valid=50/51 n_invalid_phi=0 phi_feasible=[0,1] n_success=50 max_res=4.044e-04 mean_res=8.173e-06 mode=avgE e_lin=[-2.232e+01,0.000e+00] barrier=6.520e-03 bethe=none bmode=attractive borient=orbit_average bgamma=off braw_med=0.000e+00 bcorr_med=0.000e+00 bp_med=1.000e+00 status=ok
[2026-05-14 23:45:29] shard 17: 2/8 eps_a=7.158 eps_c=0.316 dt=904.2s found=Y RSS=275632kB
[2026-05-14 23:45:29] POINT shard=17 idx=2/8 eps_a=7.15789 eps_c=0.315789 dt=904.17s event=0 spin=0 bin=0 min_fpp=2.183528e-02 phi_min_fpp=0.0688 n_valid=51/51 n_invalid_phi=0 phi_feasible=[0,1] n_success=51 max_res=9.976e-07 mean_res=4.262e-07 mode=avgE e_lin=[-3.242e+01,0.000e+00] barrier=nan bethe=none bmode=attractive borient=orbit_average bgamma=off braw_med=0.000e+00 bcorr_med=0.000e+00 bp_med=1.000e+00 status=ok
[2026-05-14 23:48:16] shard 43: 6/8 eps_a=3.789 eps_c=0.895 dt=1463.7s found=Y RSS=275564kB
[2026-05-14 23:48:16] POINT shard=43 idx=6/8 eps_a=3.78947 eps_c=0.894737 dt=1463.69s event=1 spin=1 bin=1 min_fpp=-6.273430e-01 phi_min_fpp=0.0688 n_valid=51/51 n_invalid_phi=0 phi_feasible=[0,1] n_success=51 max_res=5.723e-07 mean_res=1.952e-07 mode=avgE e_lin=[-2.589e+01,0.000e+00] barrier=1.262e-02 bethe=none bmode=attractive borient=orbit_average bgamma=off braw_med=0.000e+00 bcorr_med=0.000e+00 bp_med=1.000e+00 status=ok
[2026-05-14 23:50:35] shard 33: 8/8 eps_a=4.632 eps_c=0.684 dt=1192.5s found=Y RSS=275312kB
[2026-05-14 23:50:35] POINT shard=33 idx=8/8 eps_a=4.63158 eps_c=0.684211 dt=1192.53s event=1 spin=1 bin=1 min_fpp=-3.362872e-01 phi_min_fpp=0.0688 n_valid=51/51 n_invalid_phi=0 phi_feasible=[0,1] n_success=51 max_res=9.821e-07 mean_res=2.721e-07 mode=avgE e_lin=[-2.674e+01,0.000e+00] barrier=5.894e-03 bethe=none bmode=attractive borient=orbit_average bgamma=off braw_med=0.000e+00 bcorr_med=0.000e+00 bp_med=1.000e+00 status=ok
[2026-05-14 23:50:35] shard 33: saved /pool/hamza/000011_scan_selfconsistent_bethe/shards/shard_0033.npz with 7 points
[2026-05-14 23:57:46] shard 26: 4/8 eps_a=4.632 eps_c=0.526 dt=2337.7s found=Y RSS=275956kB
[2026-05-14 23:57:46] POINT shard=26 idx=4/8 eps_a=4.63158 eps_c=0.526316 dt=2337.70s event=1 spin=1 bin=1 min_fpp=-1.508889e-01 phi_min_fpp=0.0688 n_valid=51/51 n_invalid_phi=0 phi_feasible=[0,1] n_success=51 max_res=8.667e-07 mean_res=2.563e-07 mode=avgE e_lin=[-2.484e+01,0.000e+00] barrier=1.795e-03 bethe=none bmode=attractive borient=orbit_average bgamma=off braw_med=0.000e+00 bcorr_med=0.000e+00 bp_med=1.000e+00 status=ok
[2026-05-15 00:01:44] shard 24: 1/8 eps_a=5.053 eps_c=0.474 dt=11975.7s found=Y RSS=275652kB
[2026-05-15 00:01:44] POINT shard=24 idx=1/8 eps_a=5.05263 eps_c=0.473684 dt=11975.70s event=1 spin=1 bin=1 min_fpp=-9.093979e-02 phi_min_fpp=0.0884 n_valid=50/51 n_invalid_phi=0 phi_feasible=[0,1] n_success=50 max_res=2.030e-03 mean_res=4.009e-05 mode=avgE e_lin=[-2.589e+01,0.000e+00] barrier=7.205e-04 bethe=none bmode=attractive borient=orbit_average bgamma=off braw_med=0.000e+00 bcorr_med=0.000e+00 bp_med=1.000e+00 status=ok
[2026-05-15 00:07:45] POINT shard=21 idx=3/8 eps_a=4.21053 eps_c=0.421053 dt=6601.07s event=1 spin=1 bin=1 min_fpp=-4.498606e-02 phi_min_fpp=0.0884 n_valid=50/51 n_invalid_phi=0 phi_feasible=[0,1] n_success=50 max_res=1.169e-04 mean_res=2.505e-06 mode=avgE e_lin=[-2.189e+01,0.000e+00] barrier=2.092e-04 bethe=none bmode=attractive borient=orbit_average bgamma=off braw_med=0.000e+00 bcorr_med=0.000e+00 bp_med=1.000e+00 status=ok
[2026-05-15 00:09:02] shard 19: 2/8 eps_a=5.474 eps_c=0.368 dt=1809.3s found=Y RSS=274056kB
[2026-05-15 00:09:02] POINT shard=19 idx=2/8 eps_a=5.47368 eps_c=0.368421 dt=1809.29s event=1 spin=1 bin=0 min_fpp=-1.297189e-02 phi_min_fpp=0.0688 n_valid=51/51 n_invalid_phi=0 phi_feasible=[0,1] n_success=51 max_res=9.957e-07 mean_res=3.294e-07 mode=avgE e_lin=[-2.632e+01,0.000e+00] barrier=nan bethe=none bmode=attractive borient=orbit_average bgamma=off braw_med=0.000e+00 bcorr_med=0.000e+00 bp_med=1.000e+00 status=ok
[2026-05-15 00:09:02] shard 11: 4/8 eps_a=4.632 eps_c=0.211 dt=5462.2s found=Y RSS=274812kB
[2026-05-15 00:09:02] POINT shard=11 idx=4/8 eps_a=4.63158 eps_c=0.210526 dt=5462.19s event=0 spin=0 bin=0 min_fpp=8.457465e-02 phi_min_fpp=0.0884 n_valid=50/51 n_invalid_phi=0 phi_feasible=[0,1] n_success=50 max_res=5.259e-05 mean_res=1.285e-06 mode=avgE e_lin=[-2.105e+01,0.000e+00] barrier=nan bethe=none bmode=attractive borient=orbit_average bgamma=off braw_med=0.000e+00 bcorr_med=0.000e+00 bp_med=1.000e+00 status=ok
[2026-05-15 00:10:24] shard 36: 2/8 eps_a=3.789 eps_c=0.737 dt=1520.2s found=Y RSS=276236kB
[2026-05-15 00:10:24] POINT shard=36 idx=2/8 eps_a=3.78947 eps_c=0.736842 dt=1520.20s event=1 spin=1 bin=1 min_fpp=-4.064117e-01 phi_min_fpp=0.0688 n_valid=51/51 n_invalid_phi=0 phi_feasible=[0,1] n_success=51 max_res=9.817e-07 mean_res=3.050e-07 mode=avgE e_lin=[-2.400e+01,0.000e+00] barrier=7.533e-03 bethe=none bmode=attractive borient=orbit_average bgamma=off braw_med=0.000e+00 bcorr_med=0.000e+00 bp_med=1.000e+00 status=ok
[2026-05-15 00:10:25] shard 48: 4/8 eps_a=2.947 eps_c=1.000 dt=7449.2s found=Y RSS=276568kB
[2026-05-15 00:10:25] POINT shard=48 idx=4/8 eps_a=2.94737 eps_c=1 dt=7449.16s event=1 spin=1 bin=1 min_fpp=-7.027894e-01 phi_min_fpp=0.0884 n_valid=50/51 n_invalid_phi=0 phi_feasible=[0,1] n_success=50 max_res=1.288e-03 mean_res=2.548e-05 mode=avgE e_lin=[-2.379e+01,0.000e+00] barrier=1.385e-02 bethe=none bmode=attractive borient=orbit_average bgamma=off braw_med=0.000e+00 bcorr_med=0.000e+00 bp_med=1.000e+00 status=ok
[2026-05-15 00:12:07] POINT shard=18 idx=7/8 eps_a=4.21053 eps_c=0.368421 dt=1957.37s event=1 spin=1 bin=0 min_fpp=-1.039654e-02 phi_min_fpp=0.0688 n_valid=51/51 n_invalid_phi=0 phi_feasible=[0,1] n_success=51 max_res=9.890e-07 mean_res=2.301e-07 mode=avgE e_lin=[-2.126e+01,0.000e+00] barrier=nan bethe=none bmode=attractive borient=orbit_average bgamma=off braw_med=0.000e+00 bcorr_med=0.000e+00 bp_med=1.000e+00 status=ok
[2026-05-15 00:17:57] shard 3: 8/8 eps_a=4.632 eps_c=0.053 dt=4053.1s found=Y RSS=274160kB
[2026-05-15 00:17:57] POINT shard=3 idx=8/8 eps_a=4.63158 eps_c=0.0526316 dt=4053.11s event=0 spin=0 bin=0 min_fpp=1.420509e-01 phi_min_fpp=0.0884 n_valid=50/51 n_invalid_phi=0 phi_feasible=[0,1] n_success=50 max_res=2.750e-05 mean_res=7.485e-07 mode=avgE e_lin=[-1.916e+01,0.000e+00] barrier=nan bethe=none bmode=attractive borient=orbit_average bgamma=off braw_med=0.000e+00 bcorr_med=0.000e+00 bp_med=1.000e+00 status=ok
[2026-05-15 00:17:57] shard 3: saved /pool/hamza/000011_scan_selfconsistent_bethe/shards/shard_0003.npz with 0 points
[2026-05-15 00:22:01] POINT shard=43 idx=7/8 eps_a=4.21053 eps_c=0.894737 dt=2024.48s event=1 spin=1 bin=1 min_fpp=-6.261140e-01 phi_min_fpp=0.0688 n_valid=51/51 n_invalid_phi=0 phi_feasible=[0,1] n_success=51 max_res=9.251e-07 mean_res=3.153e-07 mode=avgE e_lin=[-2.758e+01,0.000e+00] barrier=1.261e-02 bethe=none bmode=attractive borient=orbit_average bgamma=off braw_med=0.000e+00 bcorr_med=0.000e+00 bp_med=1.000e+00 status=ok
[2026-05-15 00:30:12] POINT shard=48 idx=5/8 eps_a=3.36842 eps_c=1 dt=1186.62s event=1 spin=1 bin=1 min_fpp=-7.747433e-01 phi_min_fpp=0.0688 n_valid=51/51 n_invalid_phi=0 phi_feasible=[0,1] n_success=51 max_res=8.545e-07 mean_res=1.899e-07 mode=avgE e_lin=[-2.547e+01,0.000e+00] barrier=1.582e-02 bethe=none bmode=attractive borient=orbit_average bgamma=off braw_med=0.000e+00 bcorr_med=0.000e+00 bp_med=1.000e+00 status=ok
[2026-05-15 00:31:50] shard 28: 6/8 eps_a=3.789 eps_c=0.579 dt=4769.4s found=Y RSS=276632kB
[2026-05-15 00:31:50] POINT shard=28 idx=6/8 eps_a=3.78947 eps_c=0.578947 dt=4769.36s event=1 spin=1 bin=1 min_fpp=-1.917595e-01 phi_min_fpp=0.0884 n_valid=50/51 n_invalid_phi=0 phi_feasible=[0,1] n_success=50 max_res=2.299e-04 mean_res=4.712e-06 mode=avgE e_lin=[-2.211e+01,0.000e+00] barrier=2.488e-03 bethe=none bmode=attractive borient=orbit_average bgamma=off braw_med=0.000e+00 bcorr_med=0.000e+00 bp_med=1.000e+00 status=ok
[2026-05-15 00:32:45] POINT shard=11 idx=5/8 eps_a=5.05263 eps_c=0.210526 dt=1423.32s event=0 spin=0 bin=0 min_fpp=7.971534e-02 phi_min_fpp=0.0688 n_valid=51/51 n_invalid_phi=0 phi_feasible=[0,1] n_success=51 max_res=7.698e-07 mean_res=2.537e-07 mode=avgE e_lin=[-2.274e+01,0.000e+00] barrier=nan bethe=none bmode=attractive borient=orbit_average bgamma=off braw_med=0.000e+00 bcorr_med=0.000e+00 bp_med=1.000e+00 status=ok
[2026-05-15 00:33:51] POINT shard=38 idx=5/8 eps_a=3.36842 eps_c=0.789474 dt=6557.94s event=1 spin=1 bin=1 min_fpp=-4.415110e-01 phi_min_fpp=0.0884 n_valid=50/51 n_invalid_phi=0 phi_feasible=[0,1] n_success=50 max_res=5.441e-04 mean_res=1.085e-05 mode=avgE e_lin=[-2.295e+01,0.000e+00] barrier=8.030e-03 bethe=none bmode=attractive borient=orbit_average bgamma=off braw_med=0.000e+00 bcorr_med=0.000e+00 bp_med=1.000e+00 status=ok
[2026-05-15 00:37:49] POINT shard=23 idx=5/8 eps_a=3.36842 eps_c=0.473684 dt=9044.48s event=1 spin=1 bin=1 min_fpp=-8.931770e-02 phi_min_fpp=0.0688 n_valid=49/51 n_invalid_phi=0 phi_feasible=[0,1] n_success=49 max_res=4.188e-03 mean_res=1.215e-04 mode=avgE e_lin=[-1.916e+01,0.000e+00] barrier=7.765e-04 bethe=none bmode=attractive borient=orbit_average bgamma=off braw_med=0.000e+00 bcorr_med=0.000e+00 bp_med=1.000e+00 status=ok
[2026-05-15 00:39:26] POINT shard=19 idx=3/8 eps_a=5.89474 eps_c=0.368421 dt=1823.94s event=1 spin=1 bin=0 min_fpp=-1.315750e-02 phi_min_fpp=0.0688 n_valid=51/51 n_invalid_phi=0 phi_feasible=[0,1] n_success=51 max_res=9.348e-07 mean_res=2.077e-07 mode=avgE e_lin=[-2.800e+01,0.000e+00] barrier=nan bethe=none bmode=attractive borient=orbit_average bgamma=off braw_med=0.000e+00 bcorr_med=0.000e+00 bp_med=1.000e+00 status=ok
[2026-05-15 00:41:46] POINT shard=26 idx=5/8 eps_a=5.05263 eps_c=0.526316 dt=2639.10s event=1 spin=1 bin=1 min_fpp=-1.511862e-01 phi_min_fpp=0.0688 n_valid=51/51 n_invalid_phi=0 phi_feasible=[0,1] n_success=51 max_res=7.757e-07 mean_res=2.627e-07 mode=avgE e_lin=[-2.653e+01,0.000e+00] barrier=1.801e-03 bethe=none bmode=attractive borient=orbit_average bgamma=off braw_med=0.000e+00 bcorr_med=0.000e+00 bp_med=1.000e+00 status=ok
[2026-05-15 00:46:16] POINT shard=36 idx=3/8 eps_a=4.21053 eps_c=0.736842 dt=2151.77s event=1 spin=1 bin=1 min_fpp=-4.062400e-01 phi_min_fpp=0.0688 n_valid=51/51 n_invalid_phi=0 phi_feasible=[0,1] n_success=51 max_res=8.305e-07 mean_res=2.152e-07 mode=avgE e_lin=[-2.568e+01,0.000e+00] barrier=7.535e-03 bethe=none bmode=attractive borient=orbit_average bgamma=off braw_med=0.000e+00 bcorr_med=0.000e+00 bp_med=1.000e+00 status=ok
[2026-05-15 00:48:52] shard 24: 2/8 eps_a=5.474 eps_c=0.474 dt=2827.9s found=Y RSS=275464kB
[2026-05-15 00:48:52] POINT shard=24 idx=2/8 eps_a=5.47368 eps_c=0.473684 dt=2827.94s event=1 spin=1 bin=1 min_fpp=-9.973411e-02 phi_min_fpp=0.0688 n_valid=51/51 n_invalid_phi=0 phi_feasible=[0,1] n_success=51 max_res=9.875e-07 mean_res=3.117e-07 mode=avgE e_lin=[-2.758e+01,0.000e+00] barrier=8.985e-04 bethe=none bmode=attractive borient=orbit_average bgamma=off braw_med=0.000e+00 bcorr_med=0.000e+00 bp_med=1.000e+00 status=ok
[2026-05-15 00:53:06] shard 23: 6/8 eps_a=3.789 eps_c=0.474 dt=916.9s found=Y RSS=272668kB
[2026-05-15 00:53:06] POINT shard=23 idx=6/8 eps_a=3.78947 eps_c=0.473684 dt=916.91s event=1 spin=1 bin=1 min_fpp=-9.620453e-02 phi_min_fpp=0.0688 n_valid=51/51 n_invalid_phi=0 phi_feasible=[0,1] n_success=51 max_res=9.942e-07 mean_res=2.006e-07 mode=avgE e_lin=[-2.084e+01,0.000e+00] barrier=8.507e-04 bethe=none bmode=attractive borient=orbit_average bgamma=off braw_med=0.000e+00 bcorr_med=0.000e+00 bp_med=1.000e+00 status=ok
[2026-05-15 00:54:04] shard 18: 8/8 eps_a=4.632 eps_c=0.368 dt=2517.0s found=Y RSS=275508kB
[2026-05-15 00:54:04] POINT shard=18 idx=8/8 eps_a=4.63158 eps_c=0.368421 dt=2516.96s event=1 spin=1 bin=0 min_fpp=-1.211000e-02 phi_min_fpp=0.0688 n_valid=51/51 n_invalid_phi=0 phi_feasible=[0,1] n_success=51 max_res=6.613e-07 mean_res=1.916e-07 mode=avgE e_lin=[-2.295e+01,0.000e+00] barrier=nan bethe=none bmode=attractive borient=orbit_average bgamma=off braw_med=0.000e+00 bcorr_med=0.000e+00 bp_med=1.000e+00 status=ok
[2026-05-15 00:54:04] shard 18: saved /pool/hamza/000011_scan_selfconsistent_bethe/shards/shard_0018.npz with 3 points
[2026-05-15 00:54:19] shard 48: 6/8 eps_a=3.789 eps_c=1.000 dt=1447.2s found=Y RSS=276568kB
[2026-05-15 00:54:19] POINT shard=48 idx=6/8 eps_a=3.78947 eps_c=1 dt=1447.21s event=1 spin=1 bin=1 min_fpp=-7.724272e-01 phi_min_fpp=0.0688 n_valid=51/51 n_invalid_phi=0 phi_feasible=[0,1] n_success=51 max_res=9.490e-07 mean_res=2.618e-07 mode=avgE e_lin=[-2.716e+01,0.000e+00] barrier=1.580e-02 bethe=none bmode=attractive borient=orbit_average bgamma=off braw_med=0.000e+00 bcorr_med=0.000e+00 bp_med=1.000e+00 status=ok
[2026-05-15 00:57:08] POINT shard=28 idx=7/8 eps_a=4.21053 eps_c=0.578947 dt=1517.73s event=1 spin=1 bin=1 min_fpp=-2.078593e-01 phi_min_fpp=0.0688 n_valid=51/51 n_invalid_phi=0 phi_feasible=[0,1] n_success=51 max_res=9.454e-07 mean_res=2.115e-07 mode=avgE e_lin=[-2.379e+01,0.000e+00] barrier=2.954e-03 bethe=none bmode=attractive borient=orbit_average bgamma=off braw_med=0.000e+00 bcorr_med=0.000e+00 bp_med=1.000e+00 status=ok
[2026-05-15 00:59:06] shard 11: 6/8 eps_a=5.474 eps_c=0.211 dt=1580.7s found=Y RSS=274812kB
[2026-05-15 00:59:06] POINT shard=11 idx=6/8 eps_a=5.47368 eps_c=0.210526 dt=1580.68s event=0 spin=0 bin=0 min_fpp=7.891173e-02 phi_min_fpp=0.0688 n_valid=51/51 n_invalid_phi=0 phi_feasible=[0,1] n_success=51 max_res=9.820e-07 mean_res=2.616e-07 mode=avgE e_lin=[-2.442e+01,0.000e+00] barrier=nan bethe=none bmode=attractive borient=orbit_average bgamma=off braw_med=0.000e+00 bcorr_med=0.000e+00 bp_med=1.000e+00 status=ok
[2026-05-15 01:06:20] shard 8: 8/8 eps_a=4.632 eps_c=0.158 dt=5323.8s found=Y RSS=275332kB
[2026-05-15 01:06:20] POINT shard=8 idx=8/8 eps_a=4.63158 eps_c=0.157895 dt=5323.78s event=0 spin=0 bin=0 min_fpp=1.067301e-01 phi_min_fpp=0.0884 n_valid=50/51 n_invalid_phi=0 phi_feasible=[0,1] n_success=50 max_res=4.998e-05 mean_res=1.190e-06 mode=avgE e_lin=[-2.042e+01,0.000e+00] barrier=nan bethe=none bmode=attractive borient=orbit_average bgamma=off braw_med=0.000e+00 bcorr_med=0.000e+00 bp_med=1.000e+00 status=ok
[2026-05-15 01:06:20] shard 8: saved /pool/hamza/000011_scan_selfconsistent_bethe/shards/shard_0008.npz with 0 points
[2026-05-15 01:20:51] shard 19: 4/8 eps_a=6.316 eps_c=0.368 dt=2485.3s found=Y RSS=274056kB
[2026-05-15 01:20:51] POINT shard=19 idx=4/8 eps_a=6.31579 eps_c=0.368421 dt=2485.28s event=1 spin=1 bin=0 min_fpp=-1.341124e-02 phi_min_fpp=0.0688 n_valid=51/51 n_invalid_phi=0 phi_feasible=[0,1] n_success=51 max_res=9.795e-07 mean_res=1.729e-07 mode=avgE e_lin=[-2.968e+01,0.000e+00] barrier=nan bethe=none bmode=attractive borient=orbit_average bgamma=off braw_med=0.000e+00 bcorr_med=0.000e+00 bp_med=1.000e+00 status=ok
[2026-05-15 01:23:14] shard 21: 4/8 eps_a=4.632 eps_c=0.421 dt=4528.9s found=Y RSS=274380kB
[2026-05-15 01:23:14] POINT shard=21 idx=4/8 eps_a=4.63158 eps_c=0.421053 dt=4528.95s event=1 spin=1 bin=1 min_fpp=-4.640123e-02 phi_min_fpp=0.0884 n_valid=50/51 n_invalid_phi=0 phi_feasible=[0,1] n_success=50 max_res=1.096e-04 mean_res=2.350e-06 mode=avgE e_lin=[-2.358e+01,0.000e+00] barrier=2.182e-04 bethe=none bmode=attractive borient=orbit_average bgamma=off braw_med=0.000e+00 bcorr_med=0.000e+00 bp_med=1.000e+00 status=ok
[2026-05-15 01:25:24] shard 26: 6/8 eps_a=5.474 eps_c=0.526 dt=2617.7s found=Y RSS=275956kB
[2026-05-15 01:25:24] POINT shard=26 idx=6/8 eps_a=5.47368 eps_c=0.526316 dt=2617.65s event=1 spin=1 bin=1 min_fpp=-1.512622e-01 phi_min_fpp=0.0688 n_valid=51/51 n_invalid_phi=0 phi_feasible=[0,1] n_success=51 max_res=9.999e-07 mean_res=2.962e-07 mode=avgE e_lin=[-2.821e+01,0.000e+00] barrier=1.803e-03 bethe=none bmode=attractive borient=orbit_average bgamma=off braw_med=0.000e+00 bcorr_med=0.000e+00 bp_med=1.000e+00 status=ok
[2026-05-15 01:26:35] shard 28: 8/8 eps_a=4.632 eps_c=0.579 dt=1767.2s found=Y RSS=276632kB
[2026-05-15 01:26:35] POINT shard=28 idx=8/8 eps_a=4.63158 eps_c=0.578947 dt=1767.18s event=1 spin=1 bin=1 min_fpp=-2.079257e-01 phi_min_fpp=0.0688 n_valid=51/51 n_invalid_phi=0 phi_feasible=[0,1] n_success=51 max_res=9.088e-07 mean_res=2.591e-07 mode=avgE e_lin=[-2.547e+01,0.000e+00] barrier=2.963e-03 bethe=none bmode=attractive borient=orbit_average bgamma=off braw_med=0.000e+00 bcorr_med=0.000e+00 bp_med=1.000e+00 status=ok
[2026-05-15 01:26:35] shard 28: saved /pool/hamza/000011_scan_selfconsistent_bethe/shards/shard_0028.npz with 6 points
[2026-05-15 01:28:30] shard 36: 4/8 eps_a=4.632 eps_c=0.737 dt=2533.5s found=Y RSS=276236kB
[2026-05-15 01:28:30] POINT shard=36 idx=4/8 eps_a=4.63158 eps_c=0.736842 dt=2533.51s event=1 spin=1 bin=1 min_fpp=-4.058446e-01 phi_min_fpp=0.0688 n_valid=51/51 n_invalid_phi=0 phi_feasible=[0,1] n_success=51 max_res=9.615e-07 mean_res=2.510e-07 mode=avgE e_lin=[-2.737e+01,0.000e+00] barrier=7.533e-03 bethe=none bmode=attractive borient=orbit_average bgamma=off braw_med=0.000e+00 bcorr_med=0.000e+00 bp_med=1.000e+00 status=ok
[2026-05-15 01:29:11] POINT shard=11 idx=7/8 eps_a=5.89474 eps_c=0.210526 dt=1804.88s event=0 spin=0 bin=0 min_fpp=7.868969e-02 phi_min_fpp=0.0688 n_valid=51/51 n_invalid_phi=0 phi_feasible=[0,1] n_success=51 max_res=9.207e-07 mean_res=2.096e-07 mode=avgE e_lin=[-2.611e+01,0.000e+00] barrier=nan bethe=none bmode=attractive borient=orbit_average bgamma=off braw_med=0.000e+00 bcorr_med=0.000e+00 bp_med=1.000e+00 status=ok
[2026-05-15 01:38:26] POINT shard=24 idx=3/8 eps_a=5.89474 eps_c=0.473684 dt=2973.60s event=1 spin=1 bin=1 min_fpp=-9.982608e-02 phi_min_fpp=0.0688 n_valid=51/51 n_invalid_phi=0 phi_feasible=[0,1] n_success=51 max_res=9.287e-07 mean_res=1.524e-07 mode=avgE e_lin=[-2.926e+01,0.000e+00] barrier=8.998e-04 bethe=none bmode=attractive borient=orbit_average bgamma=off braw_med=0.000e+00 bcorr_med=0.000e+00 bp_med=1.000e+00 status=ok
[2026-05-15 01:44:00] POINT shard=48 idx=7/8 eps_a=4.21053 eps_c=1 dt=2981.15s event=1 spin=1 bin=1 min_fpp=-7.714779e-01 phi_min_fpp=0.0688 n_valid=51/51 n_invalid_phi=0 phi_feasible=[0,1] n_success=51 max_res=9.983e-07 mean_res=3.201e-07 mode=avgE e_lin=[-2.884e+01,0.000e+00] barrier=1.579e-02 bethe=none bmode=attractive borient=orbit_average bgamma=off braw_med=0.000e+00 bcorr_med=0.000e+00 bp_med=1.000e+00 status=ok
[2026-05-15 01:49:36] shard 1: 4/8 eps_a=4.632 eps_c=0.000 dt=13362.0s found=Y RSS=273564kB
[2026-05-15 01:49:36] POINT shard=1 idx=4/8 eps_a=4.63158 eps_c=0 dt=13362.00s event=0 spin=0 bin=0 min_fpp=1.586091e-01 phi_min_fpp=0.108 n_valid=47/51 n_invalid_phi=0 phi_feasible=[0,1] n_success=47 max_res=6.137e-04 mean_res=3.606e-05 mode=avgE e_lin=[-1.853e+01,0.000e+00] barrier=nan bethe=none bmode=attractive borient=orbit_average bgamma=off braw_med=0.000e+00 bcorr_med=0.000e+00 bp_med=1.000e+00 status=ok
[2026-05-15 01:50:41] POINT shard=21 idx=5/8 eps_a=5.05263 eps_c=0.421053 dt=1646.73s event=1 spin=1 bin=1 min_fpp=-5.370718e-02 phi_min_fpp=0.0688 n_valid=51/51 n_invalid_phi=0 phi_feasible=[0,1] n_success=51 max_res=9.827e-07 mean_res=2.868e-07 mode=avgE e_lin=[-2.526e+01,0.000e+00] barrier=3.020e-04 bethe=none bmode=attractive borient=orbit_average bgamma=off braw_med=0.000e+00 bcorr_med=0.000e+00 bp_med=1.000e+00 status=ok
[2026-05-15 01:51:49] POINT shard=19 idx=5/8 eps_a=6.73684 eps_c=0.368421 dt=1857.74s event=1 spin=1 bin=0 min_fpp=-1.342686e-02 phi_min_fpp=0.0688 n_valid=51/51 n_invalid_phi=0 phi_feasible=[0,1] n_success=51 max_res=9.897e-07 mean_res=2.268e-07 mode=avgE e_lin=[-3.137e+01,0.000e+00] barrier=nan bethe=none bmode=attractive borient=orbit_average bgamma=off braw_med=0.000e+00 bcorr_med=0.000e+00 bp_med=1.000e+00 status=ok
[2026-05-15 01:55:20] shard 44: 1/8 eps_a=5.053 eps_c=0.895 dt=18792.9s found=Y RSS=276876kB
[2026-05-15 01:55:20] POINT shard=44 idx=1/8 eps_a=5.05263 eps_c=0.894737 dt=18792.93s event=1 spin=1 bin=1 min_fpp=-4.796146e-01 phi_min_fpp=0.1276 n_valid=48/51 n_invalid_phi=0 phi_feasible=[0,1] n_success=48 max_res=1.558e-02 mean_res=3.989e-04 mode=avgE e_lin=[-3.095e+01,0.000e+00] barrier=8.318e-03 bethe=none bmode=attractive borient=orbit_average bgamma=off braw_med=0.000e+00 bcorr_med=0.000e+00 bp_med=1.000e+00 status=ok
[2026-05-15 01:58:01] shard 11: 8/8 eps_a=6.316 eps_c=0.211 dt=1730.3s found=Y RSS=274812kB
[2026-05-15 01:58:01] POINT shard=11 idx=8/8 eps_a=6.31579 eps_c=0.210526 dt=1730.25s event=0 spin=0 bin=0 min_fpp=7.854899e-02 phi_min_fpp=0.0688 n_valid=51/51 n_invalid_phi=0 phi_feasible=[0,1] n_success=51 max_res=8.971e-07 mean_res=1.466e-07 mode=avgE e_lin=[-2.779e+01,0.000e+00] barrier=nan bethe=none bmode=attractive borient=orbit_average bgamma=off braw_med=0.000e+00 bcorr_med=0.000e+00 bp_med=1.000e+00 status=ok
[2026-05-15 01:58:02] shard 11: saved /pool/hamza/000011_scan_selfconsistent_bethe/shards/shard_0011.npz with 0 points
[2026-05-15 01:58:18] POINT shard=23 idx=7/8 eps_a=4.21053 eps_c=0.473684 dt=3911.44s event=1 spin=1 bin=1 min_fpp=-8.942784e-02 phi_min_fpp=0.0884 n_valid=50/51 n_invalid_phi=0 phi_feasible=[0,1] n_success=50 max_res=1.439e-04 mean_res=3.032e-06 mode=avgE e_lin=[-2.253e+01,0.000e+00] barrier=7.043e-04 bethe=none bmode=attractive borient=orbit_average bgamma=off braw_med=0.000e+00 bcorr_med=0.000e+00 bp_med=1.000e+00 status=ok
[2026-05-15 02:05:31] POINT shard=17 idx=3/8 eps_a=7.57895 eps_c=0.315789 dt=8402.41s event=0 spin=0 bin=0 min_fpp=9.577504e-03 phi_min_fpp=0.0688 n_valid=49/51 n_invalid_phi=0 phi_feasible=[0,1] n_success=49 max_res=1.832e-04 mean_res=4.256e-06 mode=avgE e_lin=[-3.411e+01,0.000e+00] barrier=nan bethe=none bmode=attractive borient=orbit_average bgamma=off braw_med=0.000e+00 bcorr_med=0.000e+00 bp_med=1.000e+00 status=ok
[2026-05-15 02:06:34] shard 19: 6/8 eps_a=7.158 eps_c=0.368 dt=885.0s found=Y RSS=274056kB
[2026-05-15 02:06:34] POINT shard=19 idx=6/8 eps_a=7.15789 eps_c=0.368421 dt=884.96s event=1 spin=1 bin=0 min_fpp=-1.354096e-02 phi_min_fpp=0.0688 n_valid=51/51 n_invalid_phi=0 phi_feasible=[0,1] n_success=51 max_res=9.462e-07 mean_res=3.942e-07 mode=avgE e_lin=[-3.305e+01,0.000e+00] barrier=nan bethe=none bmode=attractive borient=orbit_average bgamma=off braw_med=0.000e+00 bcorr_med=0.000e+00 bp_med=1.000e+00 status=ok
[2026-05-15 02:08:52] POINT shard=26 idx=7/8 eps_a=5.89474 eps_c=0.526316 dt=2608.20s event=1 spin=1 bin=1 min_fpp=-1.513107e-01 phi_min_fpp=0.0688 n_valid=51/51 n_invalid_phi=0 phi_feasible=[0,1] n_success=51 max_res=9.921e-07 mean_res=1.798e-07 mode=avgE e_lin=[-2.989e+01,0.000e+00] barrier=1.804e-03 bethe=none bmode=attractive borient=orbit_average bgamma=off braw_med=0.000e+00 bcorr_med=0.000e+00 bp_med=1.000e+00 status=ok
[2026-05-15 02:14:11] shard 38: 6/8 eps_a=3.789 eps_c=0.789 dt=6019.6s found=Y RSS=276160kB
[2026-05-15 02:14:11] POINT shard=38 idx=6/8 eps_a=3.78947 eps_c=0.789474 dt=6019.60s event=1 spin=1 bin=1 min_fpp=-4.409550e-01 phi_min_fpp=0.0884 n_valid=50/51 n_invalid_phi=0 phi_feasible=[0,1] n_success=50 max_res=4.278e-04 mean_res=8.590e-06 mode=avgE e_lin=[-2.463e+01,0.000e+00] barrier=8.034e-03 bethe=none bmode=attractive borient=orbit_average bgamma=off braw_med=0.000e+00 bcorr_med=0.000e+00 bp_med=1.000e+00 status=ok
[2026-05-15 02:18:41] shard 21: 6/8 eps_a=5.474 eps_c=0.421 dt=1680.5s found=Y RSS=274380kB
[2026-05-15 02:18:41] POINT shard=21 idx=6/8 eps_a=5.47368 eps_c=0.421053 dt=1680.48s event=1 spin=1 bin=1 min_fpp=-5.403733e-02 phi_min_fpp=0.0688 n_valid=51/51 n_invalid_phi=0 phi_feasible=[0,1] n_success=51 max_res=9.730e-07 mean_res=2.873e-07 mode=avgE e_lin=[-2.695e+01,0.000e+00] barrier=3.051e-04 bethe=none bmode=attractive borient=orbit_average bgamma=off braw_med=0.000e+00 bcorr_med=0.000e+00 bp_med=1.000e+00 status=ok
[2026-05-15 02:25:38] shard 24: 4/8 eps_a=6.316 eps_c=0.474 dt=2831.7s found=Y RSS=275336kB
[2026-05-15 02:25:38] POINT shard=24 idx=4/8 eps_a=6.31579 eps_c=0.473684 dt=2831.72s event=1 spin=1 bin=1 min_fpp=-9.983315e-02 phi_min_fpp=0.0688 n_valid=51/51 n_invalid_phi=0 phi_feasible=[0,1] n_success=51 max_res=9.144e-07 mean_res=2.067e-07 mode=avgE e_lin=[-3.095e+01,0.000e+00] barrier=9.016e-04 bethe=none bmode=attractive borient=orbit_average bgamma=off braw_med=0.000e+00 bcorr_med=0.000e+00 bp_med=1.000e+00 status=ok
[2026-05-15 02:35:22] shard 44: 2/8 eps_a=5.474 eps_c=0.895 dt=2401.5s found=Y RSS=276512kB
[2026-05-15 02:35:22] POINT shard=44 idx=2/8 eps_a=5.47368 eps_c=0.894737 dt=2401.53s event=1 spin=1 bin=1 min_fpp=-6.244772e-01 phi_min_fpp=0.0688 n_valid=51/51 n_invalid_phi=0 phi_feasible=[0,1] n_success=51 max_res=9.991e-07 mean_res=2.198e-07 mode=avgE e_lin=[-3.263e+01,0.000e+00] barrier=1.259e-02 bethe=none bmode=attractive borient=orbit_average bgamma=off braw_med=0.000e+00 bcorr_med=0.000e+00 bp_med=1.000e+00 status=ok
[2026-05-15 02:41:59] POINT shard=1 idx=5/8 eps_a=5.05263 eps_c=0 dt=3142.99s event=0 spin=0 bin=0 min_fpp=1.529284e-01 phi_min_fpp=0.0884 n_valid=50/51 n_invalid_phi=0 phi_feasible=[0,1] n_success=50 max_res=3.210e-05 mean_res=8.685e-07 mode=avgE e_lin=[-2.021e+01,0.000e+00] barrier=nan bethe=none bmode=attractive borient=orbit_average bgamma=off braw_med=0.000e+00 bcorr_med=0.000e+00 bp_med=1.000e+00 status=ok
[2026-05-15 02:45:08] POINT shard=38 idx=7/8 eps_a=4.21053 eps_c=0.789474 dt=1856.82s event=1 spin=1 bin=1 min_fpp=-4.782997e-01 phi_min_fpp=0.0688 n_valid=51/51 n_invalid_phi=0 phi_feasible=[0,1] n_success=51 max_res=8.577e-07 mean_res=2.416e-07 mode=avgE e_lin=[-2.632e+01,0.000e+00] barrier=9.232e-03 bethe=none bmode=attractive borient=orbit_average bgamma=off braw_med=0.000e+00 bcorr_med=0.000e+00 bp_med=1.000e+00 status=ok
[2026-05-15 02:49:13] POINT shard=21 idx=7/8 eps_a=5.89474 eps_c=0.421053 dt=1831.77s event=1 spin=1 bin=1 min_fpp=-5.414626e-02 phi_min_fpp=0.0688 n_valid=51/51 n_invalid_phi=0 phi_feasible=[0,1] n_success=51 max_res=9.983e-07 mean_res=2.185e-07 mode=avgE e_lin=[-2.863e+01,0.000e+00] barrier=3.059e-04 bethe=none bmode=attractive borient=orbit_average bgamma=off braw_med=0.000e+00 bcorr_med=0.000e+00 bp_med=1.000e+00 status=ok
[2026-05-15 03:01:29] shard 26: 8/8 eps_a=6.316 eps_c=0.526 dt=3156.7s found=Y RSS=275956kB
[2026-05-15 03:01:29] POINT shard=26 idx=8/8 eps_a=6.31579 eps_c=0.526316 dt=3156.68s event=1 spin=1 bin=1 min_fpp=-1.514544e-01 phi_min_fpp=0.0688 n_valid=51/51 n_invalid_phi=0 phi_feasible=[0,1] n_success=51 max_res=8.175e-07 mean_res=1.672e-07 mode=avgE e_lin=[-3.158e+01,0.000e+00] barrier=1.805e-03 bethe=none bmode=attractive borient=orbit_average bgamma=off braw_med=0.000e+00 bcorr_med=0.000e+00 bp_med=1.000e+00 status=ok
[2026-05-15 03:01:29] shard 26: saved /pool/hamza/000011_scan_selfconsistent_bethe/shards/shard_0026.npz with 8 points
[2026-05-15 03:01:41] shard 16: 2/8 eps_a=3.789 eps_c=0.316 dt=20343.1s found=Y RSS=275476kB
[2026-05-15 03:01:41] POINT shard=16 idx=2/8 eps_a=3.78947 eps_c=0.315789 dt=20343.09s event=0 spin=0 bin=0 min_fpp=3.834724e-02 phi_min_fpp=0.108 n_valid=47/51 n_invalid_phi=0 phi_feasible=[0,1] n_success=47 max_res=4.542e-03 mean_res=2.277e-04 mode=avgE e_lin=[-1.895e+01,0.000e+00] barrier=nan bethe=none bmode=attractive borient=orbit_average bgamma=off braw_med=0.000e+00 bcorr_med=0.000e+00 bp_med=1.000e+00 status=ok
[2026-05-15 03:09:56] POINT shard=24 idx=5/8 eps_a=6.73684 eps_c=0.473684 dt=2658.08s event=1 spin=1 bin=1 min_fpp=-9.985677e-02 phi_min_fpp=0.0688 n_valid=51/51 n_invalid_phi=0 phi_feasible=[0,1] n_success=51 max_res=9.075e-07 mean_res=2.816e-07 mode=avgE e_lin=[-3.263e+01,0.000e+00] barrier=9.013e-04 bethe=none bmode=attractive borient=orbit_average bgamma=off braw_med=0.000e+00 bcorr_med=0.000e+00 bp_med=1.000e+00 status=ok
[2026-05-15 03:11:26] shard 23: 8/8 eps_a=4.632 eps_c=0.474 dt=4388.4s found=Y RSS=272668kB
[2026-05-15 03:11:26] POINT shard=23 idx=8/8 eps_a=4.63158 eps_c=0.473684 dt=4388.42s event=1 spin=1 bin=1 min_fpp=-9.026366e-02 phi_min_fpp=0.0884 n_valid=50/51 n_invalid_phi=0 phi_feasible=[0,1] n_success=50 max_res=1.350e-04 mean_res=2.866e-06 mode=avgE e_lin=[-2.421e+01,0.000e+00] barrier=7.148e-04 bethe=none bmode=attractive borient=orbit_average bgamma=off braw_med=0.000e+00 bcorr_med=0.000e+00 bp_med=1.000e+00 status=ok
[2026-05-15 03:11:27] shard 23: saved /pool/hamza/000011_scan_selfconsistent_bethe/shards/shard_0023.npz with 5 points
[2026-05-15 03:13:43] shard 47: 1/8 eps_a=6.737 eps_c=0.947 dt=23495.3s found=Y RSS=275500kB
[2026-05-15 03:13:43] POINT shard=47 idx=1/8 eps_a=6.73684 eps_c=0.947368 dt=23495.33s event=1 spin=1 bin=1 min_fpp=-6.197289e-01 phi_min_fpp=0.1276 n_valid=48/51 n_invalid_phi=0 phi_feasible=[0,1] n_success=48 max_res=1.444e-01 mean_res=2.896e-03 mode=avgE e_lin=[-3.832e+01,0.000e+00] barrier=1.137e-02 bethe=none bmode=attractive borient=orbit_average bgamma=off braw_med=0.000e+00 bcorr_med=0.000e+00 bp_med=1.000e+00 status=ok
[2026-05-15 03:19:10] shard 21: 8/8 eps_a=6.316 eps_c=0.421 dt=1796.4s found=Y RSS=274380kB
[2026-05-15 03:19:10] POINT shard=21 idx=8/8 eps_a=6.31579 eps_c=0.421053 dt=1796.40s event=1 spin=1 bin=1 min_fpp=-5.397457e-02 phi_min_fpp=0.0688 n_valid=51/51 n_invalid_phi=0 phi_feasible=[0,1] n_success=51 max_res=9.910e-07 mean_res=2.140e-07 mode=avgE e_lin=[-3.032e+01,0.000e+00] barrier=3.067e-04 bethe=none bmode=attractive borient=orbit_average bgamma=off braw_med=0.000e+00 bcorr_med=0.000e+00 bp_med=1.000e+00 status=ok
[2026-05-15 03:19:10] shard 21: saved /pool/hamza/000011_scan_selfconsistent_bethe/shards/shard_0021.npz with 8 points
[2026-05-15 03:22:28] shard 27: 1/8 eps_a=6.737 eps_c=0.526 dt=24020.6s found=Y RSS=274964kB
[2026-05-15 03:22:28] POINT shard=27 idx=1/8 eps_a=6.73684 eps_c=0.526316 dt=24020.57s event=1 spin=1 bin=1 min_fpp=-2.433828e-01 phi_min_fpp=0.108 n_valid=44/51 n_invalid_phi=0 phi_feasible=[0,1] n_success=44 max_res=5.629e-03 mean_res=1.115e-04 mode=avgE e_lin=[-3.326e+01,0.000e+00] barrier=2.741e-03 bethe=none bmode=attractive borient=orbit_average bgamma=off braw_med=0.000e+00 bcorr_med=0.000e+00 bp_med=1.000e+00 status=ok
[2026-05-15 03:22:38] shard 38: 8/8 eps_a=4.632 eps_c=0.789 dt=2249.6s found=Y RSS=276160kB
[2026-05-15 03:22:38] POINT shard=38 idx=8/8 eps_a=4.63158 eps_c=0.789474 dt=2249.63s event=1 spin=1 bin=1 min_fpp=-4.776292e-01 phi_min_fpp=0.0688 n_valid=51/51 n_invalid_phi=0 phi_feasible=[0,1] n_success=51 max_res=9.643e-07 mean_res=2.984e-07 mode=avgE e_lin=[-2.800e+01,0.000e+00] barrier=9.227e-03 bethe=none bmode=attractive borient=orbit_average bgamma=off braw_med=0.000e+00 bcorr_med=0.000e+00 bp_med=1.000e+00 status=ok
[2026-05-15 03:22:38] shard 38: saved /pool/hamza/000011_scan_selfconsistent_bethe/shards/shard_0038.npz with 8 points
[2026-05-15 03:29:00] POINT shard=19 idx=7/8 eps_a=7.57895 eps_c=0.368421 dt=4946.08s event=1 spin=1 bin=0 min_fpp=-2.830019e-02 phi_min_fpp=0.0688 n_valid=51/51 n_invalid_phi=0 phi_feasible=[0,1] n_success=51 max_res=9.932e-07 mean_res=4.402e-07 mode=avgE e_lin=[-3.474e+01,0.000e+00] barrier=nan bethe=none bmode=attractive borient=orbit_average bgamma=off braw_med=0.000e+00 bcorr_med=0.000e+00 bp_med=1.000e+00 status=ok
[2026-05-15 03:35:59] shard 1: 6/8 eps_a=5.474 eps_c=0.000 dt=3240.2s found=Y RSS=273564kB
[2026-05-15 03:35:59] POINT shard=1 idx=6/8 eps_a=5.47368 eps_c=0 dt=3240.15s event=0 spin=0 bin=0 min_fpp=1.514097e-01 phi_min_fpp=0.0884 n_valid=50/51 n_invalid_phi=0 phi_feasible=[0,1] n_success=50 max_res=1.280e-05 mean_res=5.267e-07 mode=avgE e_lin=[-2.189e+01,0.000e+00] barrier=nan bethe=none bmode=attractive borient=orbit_average bgamma=off braw_med=0.000e+00 bcorr_med=0.000e+00 bp_med=1.000e+00 status=ok
[2026-05-15 03:48:29] shard 27: 2/8 eps_a=7.158 eps_c=0.526 dt=1561.0s found=Y RSS=274732kB
[2026-05-15 03:48:29] POINT shard=27 idx=2/8 eps_a=7.15789 eps_c=0.526316 dt=1561.01s event=1 spin=1 bin=1 min_fpp=-2.527523e-01 phi_min_fpp=0.0688 n_valid=51/51 n_invalid_phi=0 phi_feasible=[0,1] n_success=51 max_res=9.988e-07 mean_res=3.532e-07 mode=avgE e_lin=[-3.495e+01,0.000e+00] barrier=3.966e-03 bethe=none bmode=attractive borient=orbit_average bgamma=off braw_med=0.000e+00 bcorr_med=0.000e+00 bp_med=1.000e+00 status=ok
[2026-05-15 04:10:23] shard 29: 1/8 eps_a=5.053 eps_c=0.579 dt=26895.9s found=Y RSS=276140kB
[2026-05-15 04:10:23] POINT shard=29 idx=1/8 eps_a=5.05263 eps_c=0.578947 dt=26895.85s event=1 spin=1 bin=1 min_fpp=-1.142948e-01 phi_min_fpp=0.206 n_valid=44/51 n_invalid_phi=0 phi_feasible=[0,1] n_success=44 max_res=7.356e-02 mean_res=3.005e-03 mode=avgE e_lin=[-2.716e+01,0.000e+00] barrier=7.400e-04 bethe=none bmode=attractive borient=orbit_average bgamma=off braw_med=0.000e+00 bcorr_med=0.000e+00 bp_med=1.000e+00 status=ok
[2026-05-15 04:10:43] shard 22: 1/8 eps_a=6.737 eps_c=0.421 dt=26915.4s found=Y RSS=275380kB
[2026-05-15 04:10:43] POINT shard=22 idx=1/8 eps_a=6.73684 eps_c=0.421053 dt=26915.45s event=1 spin=1 bin=1 min_fpp=-1.105593e-01 phi_min_fpp=0.108 n_valid=46/51 n_invalid_phi=0 phi_feasible=[0,1] n_success=46 max_res=7.641e-03 mean_res=1.514e-04 mode=avgE e_lin=[-3.200e+01,0.000e+00] barrier=9.636e-04 bethe=none bmode=attractive borient=orbit_average bgamma=off braw_med=0.000e+00 bcorr_med=0.000e+00 bp_med=1.000e+00 status=ok
[2026-05-15 04:12:45] POINT shard=16 idx=3/8 eps_a=4.21053 eps_c=0.315789 dt=4263.63s event=0 spin=0 bin=0 min_fpp=3.018452e-02 phi_min_fpp=0.0884 n_valid=50/51 n_invalid_phi=0 phi_feasible=[0,1] n_success=50 max_res=8.801e-05 mean_res=1.945e-06 mode=avgE e_lin=[-2.063e+01,0.000e+00] barrier=nan bethe=none bmode=attractive borient=orbit_average bgamma=off braw_med=0.000e+00 bcorr_med=0.000e+00 bp_med=1.000e+00 status=ok
[2026-05-15 04:34:43] shard 29: 2/8 eps_a=5.474 eps_c=0.579 dt=1459.6s found=Y RSS=275812kB
[2026-05-15 04:34:43] POINT shard=29 idx=2/8 eps_a=5.47368 eps_c=0.578947 dt=1459.60s event=1 spin=1 bin=1 min_fpp=-2.080343e-01 phi_min_fpp=0.0688 n_valid=51/51 n_invalid_phi=0 phi_feasible=[0,1] n_success=51 max_res=9.940e-07 mean_res=2.939e-07 mode=avgE e_lin=[-2.884e+01,0.000e+00] barrier=2.969e-03 bethe=none bmode=attractive borient=orbit_average bgamma=off braw_med=0.000e+00 bcorr_med=0.000e+00 bp_med=1.000e+00 status=ok
[2026-05-15 04:35:53] POINT shard=1 idx=7/8 eps_a=5.89474 eps_c=0 dt=3593.69s event=0 spin=0 bin=0 min_fpp=1.509281e-01 phi_min_fpp=0.0884 n_valid=50/51 n_invalid_phi=0 phi_feasible=[0,1] n_success=50 max_res=9.856e-04 mean_res=1.956e-05 mode=avgE e_lin=[-2.358e+01,0.000e+00] barrier=nan bethe=none bmode=attractive borient=orbit_average bgamma=off braw_med=0.000e+00 bcorr_med=0.000e+00 bp_med=1.000e+00 status=ok
[2026-05-15 04:49:52] shard 19: 8/8 eps_a=8.000 eps_c=0.368 dt=4851.6s found=Y RSS=274060kB
[2026-05-15 04:49:52] POINT shard=19 idx=8/8 eps_a=8 eps_c=0.368421 dt=4851.59s event=1 spin=1 bin=1 min_fpp=-7.898884e-02 phi_min_fpp=0.0688 n_valid=51/51 n_invalid_phi=0 phi_feasible=[0,1] n_success=51 max_res=9.809e-07 mean_res=6.620e-07 mode=avgE e_lin=[-3.642e+01,0.000e+00] barrier=5.950e-04 bethe=none bmode=attractive borient=orbit_average bgamma=off braw_med=0.000e+00 bcorr_med=0.000e+00 bp_med=1.000e+00 status=ok
[2026-05-15 04:49:52] shard 19: saved /pool/hamza/000011_scan_selfconsistent_bethe/shards/shard_0019.npz with 8 points
[2026-05-15 05:00:09] shard 1: 8/8 eps_a=6.316 eps_c=0.000 dt=1455.8s found=Y RSS=273564kB
[2026-05-15 05:00:09] POINT shard=1 idx=8/8 eps_a=6.31579 eps_c=0 dt=1455.80s event=0 spin=0 bin=0 min_fpp=1.477441e-01 phi_min_fpp=0.0688 n_valid=51/51 n_invalid_phi=0 phi_feasible=[0,1] n_success=51 max_res=9.852e-07 mean_res=1.700e-07 mode=avgE e_lin=[-2.526e+01,0.000e+00] barrier=nan bethe=none bmode=attractive borient=orbit_average bgamma=off braw_med=0.000e+00 bcorr_med=0.000e+00 bp_med=1.000e+00 status=ok
[2026-05-15 05:00:09] shard 1: saved /pool/hamza/000011_scan_selfconsistent_bethe/shards/shard_0001.npz with 0 points
[2026-05-15 05:05:51] POINT shard=44 idx=3/8 eps_a=5.89474 eps_c=0.894737 dt=9028.91s event=1 spin=1 bin=1 min_fpp=-6.242567e-01 phi_min_fpp=0.0688 n_valid=49/51 n_invalid_phi=0 phi_feasible=[0,1] n_success=49 max_res=4.355e-06 mean_res=2.827e-07 mode=avgE e_lin=[-3.432e+01,0.000e+00] barrier=1.263e-02 bethe=none bmode=attractive borient=orbit_average bgamma=off braw_med=0.000e+00 bcorr_med=0.000e+00 bp_med=1.000e+00 status=ok
[2026-05-15 05:26:55] shard 39: 1/8 eps_a=5.053 eps_c=0.789 dt=31487.8s found=Y RSS=275980kB
[2026-05-15 05:26:55] POINT shard=39 idx=1/8 eps_a=5.05263 eps_c=0.789474 dt=31487.84s event=1 spin=1 bin=1 min_fpp=-3.509290e-01 phi_min_fpp=0.1472 n_valid=45/51 n_invalid_phi=0 phi_feasible=[0,1] n_success=45 max_res=3.685e-04 mean_res=1.535e-05 mode=avgE e_lin=[-2.968e+01,0.000e+00] barrier=5.154e-03 bethe=none bmode=attractive borient=orbit_average bgamma=off braw_med=0.000e+00 bcorr_med=0.000e+00 bp_med=1.000e+00 status=ok
[2026-05-15 05:28:42] shard 16: 4/8 eps_a=4.632 eps_c=0.316 dt=4557.0s found=Y RSS=275476kB
[2026-05-15 05:28:42] POINT shard=16 idx=4/8 eps_a=4.63158 eps_c=0.315789 dt=4557.01s event=0 spin=0 bin=0 min_fpp=2.830594e-02 phi_min_fpp=0.0884 n_valid=50/51 n_invalid_phi=0 phi_feasible=[0,1] n_success=50 max_res=8.352e-05 mean_res=1.859e-06 mode=avgE e_lin=[-2.232e+01,0.000e+00] barrier=nan bethe=none bmode=attractive borient=orbit_average bgamma=off braw_med=0.000e+00 bcorr_med=0.000e+00 bp_med=1.000e+00 status=ok
[2026-05-15 06:29:46] shard 44: 4/8 eps_a=6.316 eps_c=0.895 dt=5035.5s found=Y RSS=276512kB
[2026-05-15 06:29:46] POINT shard=44 idx=4/8 eps_a=6.31579 eps_c=0.894737 dt=5035.47s event=1 spin=1 bin=1 min_fpp=-6.240830e-01 phi_min_fpp=0.0688 n_valid=50/51 n_invalid_phi=0 phi_feasible=[0,1] n_success=50 max_res=2.403e-06 mean_res=3.140e-07 mode=avgE e_lin=[-3.600e+01,0.000e+00] barrier=1.261e-02 bethe=none bmode=attractive borient=orbit_average bgamma=off braw_med=0.000e+00 bcorr_med=0.000e+00 bp_med=1.000e+00 status=ok
[2026-05-15 06:36:25] POINT shard=29 idx=3/8 eps_a=5.89474 eps_c=0.578947 dt=7302.24s event=1 spin=1 bin=1 min_fpp=-2.085966e-01 phi_min_fpp=0.0688 n_valid=49/51 n_invalid_phi=0 phi_feasible=[0,1] n_success=49 max_res=3.229e-05 mean_res=1.305e-06 mode=avgE e_lin=[-3.053e+01,0.000e+00] barrier=2.970e-03 bethe=none bmode=attractive borient=orbit_average bgamma=off braw_med=0.000e+00 bcorr_med=0.000e+00 bp_med=1.000e+00 status=ok
[2026-05-15 06:50:01] POINT shard=44 idx=5/8 eps_a=6.73684 eps_c=0.894737 dt=1214.17s event=1 spin=1 bin=1 min_fpp=-6.245550e-01 phi_min_fpp=0.0688 n_valid=51/51 n_invalid_phi=0 phi_feasible=[0,1] n_success=51 max_res=8.676e-07 mean_res=3.519e-07 mode=avgE e_lin=[-3.768e+01,0.000e+00] barrier=1.259e-02 bethe=none bmode=attractive borient=orbit_average bgamma=off braw_med=0.000e+00 bcorr_med=0.000e+00 bp_med=1.000e+00 status=ok
[2026-05-15 06:52:38] shard 47: 2/8 eps_a=7.158 eps_c=0.947 dt=13134.5s found=Y RSS=275684kB
[2026-05-15 06:52:38] POINT shard=47 idx=2/8 eps_a=7.15789 eps_c=0.947368 dt=13134.47s event=1 spin=1 bin=1 min_fpp=-8.338327e-01 phi_min_fpp=0.0688 n_valid=49/51 n_invalid_phi=0 phi_feasible=[0,1] n_success=49 max_res=8.858e-05 mean_res=2.153e-06 mode=avgE e_lin=[-4.000e+01,0.000e+00] barrier=1.711e-02 bethe=none bmode=attractive borient=orbit_average bgamma=off braw_med=0.000e+00 bcorr_med=0.000e+00 bp_med=1.000e+00 status=ok
[2026-05-15 06:53:11] POINT shard=16 idx=5/8 eps_a=5.05263 eps_c=0.315789 dt=5068.45s event=0 spin=0 bin=0 min_fpp=2.720819e-02 phi_min_fpp=0.0884 n_valid=50/51 n_invalid_phi=0 phi_feasible=[0,1] n_success=50 max_res=1.026e-04 mean_res=2.268e-06 mode=avgE e_lin=[-2.400e+01,0.000e+00] barrier=nan bethe=none bmode=attractive borient=orbit_average bgamma=off braw_med=0.000e+00 bcorr_med=0.000e+00 bp_med=1.000e+00 status=ok
[2026-05-15 07:01:51] shard 29: 4/8 eps_a=6.316 eps_c=0.579 dt=1525.5s found=Y RSS=275812kB
[2026-05-15 07:01:51] POINT shard=29 idx=4/8 eps_a=6.31579 eps_c=0.578947 dt=1525.49s event=1 spin=1 bin=1 min_fpp=-2.080197e-01 phi_min_fpp=0.0688 n_valid=51/51 n_invalid_phi=0 phi_feasible=[0,1] n_success=51 max_res=7.536e-07 mean_res=1.441e-07 mode=avgE e_lin=[-3.221e+01,0.000e+00] barrier=2.970e-03 bethe=none bmode=attractive borient=orbit_average bgamma=off braw_med=0.000e+00 bcorr_med=0.000e+00 bp_med=1.000e+00 status=ok
[2026-05-15 07:04:41] shard 14: 1/8 eps_a=5.053 eps_c=0.263 dt=37353.0s found=Y RSS=275776kB
[2026-05-15 07:04:41] POINT shard=14 idx=1/8 eps_a=5.05263 eps_c=0.263158 dt=37353.02s event=0 spin=0 bin=0 min_fpp=8.397079e-02 phi_min_fpp=0.206 n_valid=44/51 n_invalid_phi=0 phi_feasible=[0,1] n_success=44 max_res=2.988e-02 mean_res=1.034e-03 mode=avgE e_lin=[-2.337e+01,0.000e+00] barrier=nan bethe=none bmode=attractive borient=orbit_average bgamma=off braw_med=0.000e+00 bcorr_med=0.000e+00 bp_med=1.000e+00 status=ok
[2026-05-15 07:07:06] shard 49: 1/8 eps_a=5.053 eps_c=1.000 dt=37498.5s found=Y RSS=275592kB
[2026-05-15 07:07:06] POINT shard=49 idx=1/8 eps_a=5.05263 eps_c=1 dt=37498.47s event=1 spin=1 bin=1 min_fpp=-5.303865e-01 phi_min_fpp=0.1472 n_valid=44/51 n_invalid_phi=0 phi_feasible=[0,1] n_success=44 max_res=4.693e-02 mean_res=1.588e-03 mode=avgE e_lin=[-3.221e+01,0.000e+00] barrier=9.102e-03 bethe=none bmode=attractive borient=orbit_average bgamma=off braw_med=0.000e+00 bcorr_med=0.000e+00 bp_med=1.000e+00 status=ok
[2026-05-15 07:22:26] POINT shard=36 idx=5/8 eps_a=5.05263 eps_c=0.736842 dt=21235.80s event=1 spin=1 bin=1 min_fpp=-4.166108e-01 phi_min_fpp=0.0688 n_valid=47/51 n_invalid_phi=0 phi_feasible=[0,1] n_success=47 max_res=2.013e-05 mean_res=1.177e-06 mode=avgE e_lin=[-2.905e+01,0.000e+00] barrier=7.529e-03 bethe=none bmode=attractive borient=orbit_average bgamma=off braw_med=0.000e+00 bcorr_med=0.000e+00 bp_med=1.000e+00 status=ok
[2026-05-15 07:23:12] POINT shard=29 idx=5/8 eps_a=6.73684 eps_c=0.578947 dt=1280.91s event=1 spin=1 bin=1 min_fpp=-2.080996e-01 phi_min_fpp=0.0688 n_valid=51/51 n_invalid_phi=0 phi_feasible=[0,1] n_success=51 max_res=9.724e-07 mean_res=2.539e-07 mode=avgE e_lin=[-3.389e+01,0.000e+00] barrier=2.970e-03 bethe=none bmode=attractive borient=orbit_average bgamma=off braw_med=0.000e+00 bcorr_med=0.000e+00 bp_med=1.000e+00 status=ok
[2026-05-15 07:25:03] shard 16: 6/8 eps_a=5.474 eps_c=0.316 dt=1912.1s found=Y RSS=275476kB
[2026-05-15 07:25:03] POINT shard=16 idx=6/8 eps_a=5.47368 eps_c=0.315789 dt=1912.10s event=0 spin=0 bin=0 min_fpp=2.215056e-02 phi_min_fpp=0.0688 n_valid=51/51 n_invalid_phi=0 phi_feasible=[0,1] n_success=51 max_res=9.753e-07 mean_res=2.638e-07 mode=avgE e_lin=[-2.568e+01,0.000e+00] barrier=nan bethe=none bmode=attractive borient=orbit_average bgamma=off braw_med=0.000e+00 bcorr_med=0.000e+00 bp_med=1.000e+00 status=ok
[2026-05-15 07:40:11] shard 29: 6/8 eps_a=7.158 eps_c=0.579 dt=1018.9s found=Y RSS=275812kB
[2026-05-15 07:40:11] POINT shard=29 idx=6/8 eps_a=7.15789 eps_c=0.578947 dt=1018.86s event=1 spin=1 bin=1 min_fpp=-2.082304e-01 phi_min_fpp=0.0688 n_valid=51/51 n_invalid_phi=0 phi_feasible=[0,1] n_success=51 max_res=9.903e-07 mean_res=4.743e-07 mode=avgE e_lin=[-3.558e+01,0.000e+00] barrier=2.970e-03 bethe=none bmode=attractive borient=orbit_average bgamma=off braw_med=0.000e+00 bcorr_med=0.000e+00 bp_med=1.000e+00 status=ok
[2026-05-15 07:46:24] shard 14: 2/8 eps_a=5.474 eps_c=0.263 dt=2502.9s found=Y RSS=275748kB
[2026-05-15 07:46:24] POINT shard=14 idx=2/8 eps_a=5.47368 eps_c=0.263158 dt=2502.90s event=0 spin=0 bin=0 min_fpp=5.276515e-02 phi_min_fpp=0.0688 n_valid=51/51 n_invalid_phi=0 phi_feasible=[0,1] n_success=51 max_res=9.523e-07 mean_res=2.546e-07 mode=avgE e_lin=[-2.505e+01,0.000e+00] barrier=nan bethe=none bmode=attractive borient=orbit_average bgamma=off braw_med=0.000e+00 bcorr_med=0.000e+00 bp_med=1.000e+00 status=ok
[2026-05-15 07:49:37] shard 12: 1/8 eps_a=6.737 eps_c=0.211 dt=40049.3s found=Y RSS=274488kB
[2026-05-15 07:49:37] POINT shard=12 idx=1/8 eps_a=6.73684 eps_c=0.210526 dt=40049.29s event=0 spin=0 bin=0 min_fpp=8.650338e-02 phi_min_fpp=0.1472 n_valid=47/51 n_invalid_phi=0 phi_feasible=[0,1] n_success=47 max_res=3.035e-02 mean_res=9.402e-04 mode=avgE e_lin=[-2.947e+01,0.000e+00] barrier=nan bethe=none bmode=attractive borient=orbit_average bgamma=off braw_med=0.000e+00 bcorr_med=0.000e+00 bp_med=1.000e+00 status=ok
[2026-05-15 07:57:15] POINT shard=16 idx=7/8 eps_a=5.89474 eps_c=0.315789 dt=1932.06s event=0 spin=0 bin=0 min_fpp=2.215386e-02 phi_min_fpp=0.0688 n_valid=51/51 n_invalid_phi=0 phi_feasible=[0,1] n_success=51 max_res=9.626e-07 mean_res=2.045e-07 mode=avgE e_lin=[-2.737e+01,0.000e+00] barrier=nan bethe=none bmode=attractive borient=orbit_average bgamma=off braw_med=0.000e+00 bcorr_med=0.000e+00 bp_med=1.000e+00 status=ok
[2026-05-15 07:57:40] POINT shard=47 idx=3/8 eps_a=7.57895 eps_c=0.947368 dt=3901.90s event=1 spin=1 bin=1 min_fpp=-8.301674e-01 phi_min_fpp=0.0688 n_valid=51/51 n_invalid_phi=0 phi_feasible=[0,1] n_success=51 max_res=9.998e-07 mean_res=6.377e-07 mode=avgE e_lin=[-4.168e+01,0.000e+00] barrier=1.710e-02 bethe=none bmode=attractive borient=orbit_average bgamma=off braw_med=0.000e+00 bcorr_med=0.000e+00 bp_med=1.000e+00 status=ok
[2026-05-15 08:23:40] POINT shard=27 idx=3/8 eps_a=7.57895 eps_c=0.526316 dt=16510.24s event=1 spin=1 bin=1 min_fpp=-2.545866e-01 phi_min_fpp=0.0688 n_valid=44/51 n_invalid_phi=0 phi_feasible=[0,1] n_success=44 max_res=1.273e-06 mean_res=6.152e-07 mode=avgE e_lin=[-3.663e+01,0.000e+00] barrier=3.969e-03 bethe=none bmode=attractive borient=orbit_average bgamma=off braw_med=0.000e+00 bcorr_med=0.000e+00 bp_med=1.000e+00 status=ok
[2026-05-15 08:25:26] shard 7: 1/8 eps_a=6.737 eps_c=0.105 dt=42198.3s found=Y RSS=275064kB
[2026-05-15 08:25:26] POINT shard=7 idx=1/8 eps_a=6.73684 eps_c=0.105263 dt=42198.26s event=0 spin=0 bin=0 min_fpp=1.758707e-01 phi_min_fpp=0.3628 n_valid=35/51 n_invalid_phi=0 phi_feasible=[0,1] n_success=35 max_res=6.189e-02 mean_res=5.762e-03 mode=avgE e_lin=[-2.821e+01,0.000e+00] barrier=nan bethe=none bmode=attractive borient=orbit_average bgamma=off braw_med=0.000e+00 bcorr_med=0.000e+00 bp_med=1.000e+00 status=ok
[2026-05-15 08:26:32] POINT shard=14 idx=3/8 eps_a=5.89474 eps_c=0.263158 dt=2408.11s event=0 spin=0 bin=0 min_fpp=5.291695e-02 phi_min_fpp=0.0688 n_valid=51/51 n_invalid_phi=0 phi_feasible=[0,1] n_success=51 max_res=9.930e-07 mean_res=2.290e-07 mode=avgE e_lin=[-2.674e+01,0.000e+00] barrier=nan bethe=none bmode=attractive borient=orbit_average bgamma=off braw_med=0.000e+00 bcorr_med=0.000e+00 bp_med=1.000e+00 status=ok
[2026-05-15 08:33:52] shard 16: 8/8 eps_a=6.316 eps_c=0.316 dt=2197.1s found=Y RSS=275476kB
[2026-05-15 08:33:52] POINT shard=16 idx=8/8 eps_a=6.31579 eps_c=0.315789 dt=2197.12s event=0 spin=0 bin=0 min_fpp=2.187857e-02 phi_min_fpp=0.0688 n_valid=51/51 n_invalid_phi=0 phi_feasible=[0,1] n_success=51 max_res=8.428e-07 mean_res=1.695e-07 mode=avgE e_lin=[-2.905e+01,0.000e+00] barrier=nan bethe=none bmode=attractive borient=orbit_average bgamma=off braw_med=0.000e+00 bcorr_med=0.000e+00 bp_med=1.000e+00 status=ok
[2026-05-15 08:33:52] shard 16: saved /pool/hamza/000011_scan_selfconsistent_bethe/shards/shard_0016.npz with 0 points
[2026-05-15 08:37:06] shard 46: 1/8 eps_a=3.368 eps_c=0.947 dt=42899.4s found=Y RSS=276696kB
[2026-05-15 08:37:06] POINT shard=46 idx=1/8 eps_a=3.36842 eps_c=0.947368 dt=42899.35s event=1 spin=1 bin=1 min_fpp=-3.259273e-01 phi_min_fpp=0.2452 n_valid=42/51 n_invalid_phi=0 phi_feasible=[0,1] n_success=42 max_res=2.501e-02 mean_res=1.160e-03 mode=avgE e_lin=[-2.484e+01,0.000e+00] barrier=3.669e-03 bethe=none bmode=attractive borient=orbit_average bgamma=off braw_med=0.000e+00 bcorr_med=0.000e+00 bp_med=1.000e+00 status=ok
[2026-05-15 08:55:15] shard 46: 2/8 eps_a=3.789 eps_c=0.947 dt=1088.5s found=Y RSS=276792kB
[2026-05-15 08:55:15] POINT shard=46 idx=2/8 eps_a=3.78947 eps_c=0.947368 dt=1088.50s event=1 spin=1 bin=1 min_fpp=-7.008329e-01 phi_min_fpp=0.0688 n_valid=51/51 n_invalid_phi=0 phi_feasible=[0,1] n_success=51 max_res=9.378e-07 mean_res=2.387e-07 mode=avgE e_lin=[-2.653e+01,0.000e+00] barrier=1.424e-02 bethe=none bmode=attractive borient=orbit_average bgamma=off braw_med=0.000e+00 bcorr_med=0.000e+00 bp_med=1.000e+00 status=ok
[2026-05-15 09:07:47] shard 14: 4/8 eps_a=6.316 eps_c=0.263 dt=2474.1s found=Y RSS=275748kB
[2026-05-15 09:07:47] POINT shard=14 idx=4/8 eps_a=6.31579 eps_c=0.263158 dt=2474.09s event=0 spin=0 bin=0 min_fpp=5.233855e-02 phi_min_fpp=0.0688 n_valid=51/51 n_invalid_phi=0 phi_feasible=[0,1] n_success=51 max_res=8.330e-07 mean_res=1.589e-07 mode=avgE e_lin=[-2.842e+01,0.000e+00] barrier=nan bethe=none bmode=attractive borient=orbit_average bgamma=off braw_med=0.000e+00 bcorr_med=0.000e+00 bp_med=1.000e+00 status=ok
[2026-05-15 09:26:12] POINT shard=46 idx=3/8 eps_a=4.21053 eps_c=0.947368 dt=1857.01s event=1 spin=1 bin=1 min_fpp=-6.993259e-01 phi_min_fpp=0.0688 n_valid=51/51 n_invalid_phi=0 phi_feasible=[0,1] n_success=51 max_res=9.929e-07 mean_res=2.801e-07 mode=avgE e_lin=[-2.821e+01,0.000e+00] barrier=1.423e-02 bethe=none bmode=attractive borient=orbit_average bgamma=off braw_med=0.000e+00 bcorr_med=0.000e+00 bp_med=1.000e+00 status=ok
[2026-05-15 09:41:34] shard 9: 1/8 eps_a=5.053 eps_c=0.158 dt=46766.3s found=Y RSS=275772kB
[2026-05-15 09:41:34] POINT shard=9 idx=1/8 eps_a=5.05263 eps_c=0.157895 dt=46766.35s event=0 spin=0 bin=0 min_fpp=1.788500e-01 phi_min_fpp=0.3824 n_valid=34/51 n_invalid_phi=0 phi_feasible=[0,1] n_success=34 max_res=5.951e-02 mean_res=4.334e-03 mode=avgE e_lin=[-2.211e+01,0.000e+00] barrier=nan bethe=none bmode=attractive borient=orbit_average bgamma=off braw_med=0.000e+00 bcorr_med=0.000e+00 bp_med=1.000e+00 status=ok
[2026-05-15 09:48:08] POINT shard=14 idx=5/8 eps_a=6.73684 eps_c=0.263158 dt=2421.12s event=0 spin=0 bin=0 min_fpp=5.242777e-02 phi_min_fpp=0.0688 n_valid=51/51 n_invalid_phi=0 phi_feasible=[0,1] n_success=51 max_res=9.086e-07 mean_res=1.733e-07 mode=avgE e_lin=[-3.011e+01,0.000e+00] barrier=nan bethe=none bmode=attractive borient=orbit_average bgamma=off braw_med=0.000e+00 bcorr_med=0.000e+00 bp_med=1.000e+00 status=ok
[2026-05-15 10:07:14] shard 14: 6/8 eps_a=7.158 eps_c=0.263 dt=1146.1s found=Y RSS=275748kB
[2026-05-15 10:07:14] POINT shard=14 idx=6/8 eps_a=7.15789 eps_c=0.263158 dt=1146.07s event=0 spin=0 bin=0 min_fpp=5.223313e-02 phi_min_fpp=0.0688 n_valid=51/51 n_invalid_phi=0 phi_feasible=[0,1] n_success=51 max_res=9.696e-07 mean_res=4.594e-07 mode=avgE e_lin=[-3.179e+01,0.000e+00] barrier=nan bethe=none bmode=attractive borient=orbit_average bgamma=off braw_med=0.000e+00 bcorr_med=0.000e+00 bp_med=1.000e+00 status=ok
[2026-05-15 10:38:09] shard 9: 2/8 eps_a=5.474 eps_c=0.158 dt=3395.1s found=Y RSS=275424kB
[2026-05-15 10:38:09] POINT shard=9 idx=2/8 eps_a=5.47368 eps_c=0.157895 dt=3395.06s event=0 spin=0 bin=0 min_fpp=1.043776e-01 phi_min_fpp=0.0884 n_valid=50/51 n_invalid_phi=0 phi_feasible=[0,1] n_success=50 max_res=1.408e-03 mean_res=2.787e-05 mode=avgE e_lin=[-2.379e+01,0.000e+00] barrier=nan bethe=none bmode=attractive borient=orbit_average bgamma=off braw_med=0.000e+00 bcorr_med=0.000e+00 bp_med=1.000e+00 status=ok
[2026-05-15 10:50:57] shard 36: 6/8 eps_a=5.474 eps_c=0.737 dt=12510.8s found=Y RSS=276240kB
[2026-05-15 10:50:57] POINT shard=36 idx=6/8 eps_a=5.47368 eps_c=0.736842 dt=12510.82s event=1 spin=1 bin=1 min_fpp=-4.055153e-01 phi_min_fpp=0.0688 n_valid=49/51 n_invalid_phi=0 phi_feasible=[0,1] n_success=49 max_res=8.218e-06 mean_res=5.382e-07 mode=avgE e_lin=[-3.074e+01,0.000e+00] barrier=7.505e-03 bethe=none bmode=attractive borient=orbit_average bgamma=off braw_med=0.000e+00 bcorr_med=0.000e+00 bp_med=1.000e+00 status=ok
[2026-05-15 11:00:30] shard 43: 8/8 eps_a=4.632 eps_c=0.895 dt=38309.3s found=Y RSS=275572kB
[2026-05-15 11:00:30] POINT shard=43 idx=8/8 eps_a=4.63158 eps_c=0.894737 dt=38309.34s event=1 spin=1 bin=1 min_fpp=-5.931623e-01 phi_min_fpp=0.0688 n_valid=42/51 n_invalid_phi=0 phi_feasible=[0,1] n_success=42 max_res=1.050e-04 mean_res=5.923e-06 mode=avgE e_lin=[-2.926e+01,0.000e+00] barrier=1.259e-02 bethe=none bmode=attractive borient=orbit_average bgamma=off braw_med=0.000e+00 bcorr_med=0.000e+00 bp_med=1.000e+00 status=ok
[2026-05-15 11:00:30] shard 43: saved /pool/hamza/000011_scan_selfconsistent_bethe/shards/shard_0043.npz with 8 points
[2026-05-15 11:00:45] POINT shard=9 idx=3/8 eps_a=5.89474 eps_c=0.157895 dt=1355.49s event=0 spin=0 bin=0 min_fpp=1.007093e-01 phi_min_fpp=0.0688 n_valid=51/51 n_invalid_phi=0 phi_feasible=[0,1] n_success=51 max_res=8.808e-07 mean_res=1.831e-07 mode=avgE e_lin=[-2.547e+01,0.000e+00] barrier=nan bethe=none bmode=attractive borient=orbit_average bgamma=off braw_med=0.000e+00 bcorr_med=0.000e+00 bp_med=1.000e+00 status=ok
[2026-05-15 11:17:44] shard 49: 2/8 eps_a=5.474 eps_c=1.000 dt=15037.8s found=Y RSS=275196kB
[2026-05-15 11:17:44] POINT shard=49 idx=2/8 eps_a=5.47368 eps_c=1 dt=15037.77s event=1 spin=1 bin=1 min_fpp=-7.694962e-01 phi_min_fpp=0.0688 n_valid=48/51 n_invalid_phi=0 phi_feasible=[0,1] n_success=48 max_res=1.809e-05 mean_res=6.547e-07 mode=avgE e_lin=[-3.389e+01,0.000e+00] barrier=1.585e-02 bethe=none bmode=attractive borient=orbit_average bgamma=off braw_med=0.000e+00 bcorr_med=0.000e+00 bp_med=1.000e+00 status=ok
[2026-05-15 11:21:01] shard 42: 1/8 eps_a=6.737 eps_c=0.842 dt=52733.3s found=Y RSS=275956kB
[2026-05-15 11:21:01] POINT shard=42 idx=1/8 eps_a=6.73684 eps_c=0.842105 dt=52733.29s event=1 spin=1 bin=1 min_fpp=-2.928868e-01 phi_min_fpp=0.2648 n_valid=40/51 n_invalid_phi=0 phi_feasible=[0,1] n_success=40 max_res=2.282e-01 mean_res=6.978e-03 mode=avgE e_lin=[-3.705e+01,0.000e+00] barrier=3.010e-03 bethe=none bmode=attractive borient=orbit_average bgamma=off braw_med=0.000e+00 bcorr_med=0.000e+00 bp_med=1.000e+00 status=ok
[2026-05-15 11:23:19] shard 9: 4/8 eps_a=6.316 eps_c=0.158 dt=1353.9s found=Y RSS=275424kB
[2026-05-15 11:23:19] POINT shard=9 idx=4/8 eps_a=6.31579 eps_c=0.157895 dt=1353.93s event=0 spin=0 bin=0 min_fpp=1.006165e-01 phi_min_fpp=0.0688 n_valid=51/51 n_invalid_phi=0 phi_feasible=[0,1] n_success=51 max_res=8.925e-07 mean_res=1.210e-07 mode=avgE e_lin=[-2.716e+01,0.000e+00] barrier=nan bethe=none bmode=attractive borient=orbit_average bgamma=off braw_med=0.000e+00 bcorr_med=0.000e+00 bp_med=1.000e+00 status=ok
[2026-05-15 11:34:35] POINT shard=29 idx=7/8 eps_a=7.57895 eps_c=0.578947 dt=14064.17s event=1 spin=1 bin=1 min_fpp=-2.084121e-01 phi_min_fpp=0.0688 n_valid=46/51 n_invalid_phi=0 phi_feasible=[0,1] n_success=46 max_res=1.332e-06 mean_res=7.055e-07 mode=avgE e_lin=[-3.726e+01,0.000e+00] barrier=4.698e-03 bethe=none bmode=attractive borient=orbit_average bgamma=off braw_med=0.000e+00 bcorr_med=0.000e+00 bp_med=1.000e+00 status=ok
[2026-05-15 11:42:29] POINT shard=9 idx=5/8 eps_a=6.73684 eps_c=0.157895 dt=1150.67s event=0 spin=0 bin=0 min_fpp=1.005788e-01 phi_min_fpp=0.0688 n_valid=51/51 n_invalid_phi=0 phi_feasible=[0,1] n_success=51 max_res=9.665e-07 mean_res=1.882e-07 mode=avgE e_lin=[-2.884e+01,0.000e+00] barrier=nan bethe=none bmode=attractive borient=orbit_average bgamma=off braw_med=0.000e+00 bcorr_med=0.000e+00 bp_med=1.000e+00 status=ok
[2026-05-15 12:25:41] shard 17: 4/8 eps_a=8.000 eps_c=0.316 dt=37209.8s found=Y RSS=275640kB
[2026-05-15 12:25:41] POINT shard=17 idx=4/8 eps_a=8 eps_c=0.315789 dt=37209.77s event=0 spin=0 bin=0 min_fpp=5.596145e-02 phi_min_fpp=0.3236 n_valid=36/51 n_invalid_phi=0 phi_feasible=[0,1] n_success=36 max_res=9.610e-03 mean_res=2.875e-04 mode=avgE e_lin=[-3.579e+01,0.000e+00] barrier=nan bethe=none bmode=attractive borient=orbit_average bgamma=off braw_med=0.000e+00 bcorr_med=0.000e+00 bp_med=1.000e+00 status=ok
[2026-05-15 12:26:36] shard 27: 4/8 eps_a=8.000 eps_c=0.526 dt=14576.2s found=Y RSS=274732kB
[2026-05-15 12:26:36] POINT shard=27 idx=4/8 eps_a=8 eps_c=0.526316 dt=14576.22s event=1 spin=1 bin=1 min_fpp=-2.009699e-01 phi_min_fpp=0.1276 n_valid=45/51 n_invalid_phi=0 phi_feasible=[0,1] n_success=45 max_res=1.129e-04 mean_res=2.749e-06 mode=avgE e_lin=[-3.832e+01,0.000e+00] barrier=2.420e-03 bethe=none bmode=attractive borient=orbit_average bgamma=off braw_med=0.000e+00 bcorr_med=0.000e+00 bp_med=1.000e+00 status=ok
[2026-05-15 12:28:22] POINT shard=27 idx=5/8 eps_a=0 eps_c=0.578947 dt=105.76s event=0 spin=0 bin=0 min_fpp=9.536226e-01 phi_min_fpp=0.4216 n_valid=51/51 n_invalid_phi=0 phi_feasible=[0,1] n_success=51 max_res=9.840e-07 mean_res=2.924e-07 mode=avgE e_lin=[-6.947e+00,0.000e+00] barrier=nan bethe=none bmode=attractive borient=orbit_average bgamma=off braw_med=0.000e+00 bcorr_med=0.000e+00 bp_med=1.000e+00 status=ok
[2026-05-15 12:28:27] POINT shard=17 idx=5/8 eps_a=0 eps_c=0.368421 dt=166.03s event=0 spin=0 bin=0 min_fpp=1.533834e+00 phi_min_fpp=0.402 n_valid=51/51 n_invalid_phi=0 phi_feasible=[0,1] n_success=51 max_res=9.882e-07 mean_res=2.834e-07 mode=avgE e_lin=[-4.421e+00,0.000e+00] barrier=nan bethe=none bmode=attractive borient=orbit_average bgamma=off braw_med=0.000e+00 bcorr_med=0.000e+00 bp_med=1.000e+00 status=ok
[2026-05-15 12:29:17] shard 29: 8/8 eps_a=8.000 eps_c=0.579 dt=3281.9s found=Y RSS=275812kB
[2026-05-15 12:29:17] POINT shard=29 idx=8/8 eps_a=8 eps_c=0.578947 dt=3281.90s event=1 spin=1 bin=1 min_fpp=-2.297520e-01 phi_min_fpp=0.0688 n_valid=51/51 n_invalid_phi=0 phi_feasible=[0,1] n_success=51 max_res=9.874e-07 mean_res=6.568e-07 mode=avgE e_lin=[-3.895e+01,0.000e+00] barrier=3.376e-03 bethe=none bmode=attractive borient=orbit_average bgamma=off braw_med=0.000e+00 bcorr_med=0.000e+00 bp_med=1.000e+00 status=ok
[2026-05-15 12:29:17] shard 29: saved /pool/hamza/000011_scan_selfconsistent_bethe/shards/shard_0029.npz with 8 points
[2026-05-15 12:30:07] shard 27: 6/8 eps_a=0.421 eps_c=0.579 dt=105.3s found=Y RSS=274732kB
[2026-05-15 12:30:07] POINT shard=27 idx=6/8 eps_a=0.421053 eps_c=0.578947 dt=105.26s event=0 spin=0 bin=0 min_fpp=8.157074e-01 phi_min_fpp=0.4216 n_valid=51/51 n_invalid_phi=0 phi_feasible=[0,1] n_success=51 max_res=9.627e-07 mean_res=2.726e-07 mode=avgE e_lin=[-8.632e+00,0.000e+00] barrier=nan bethe=none bmode=attractive borient=orbit_average bgamma=off braw_med=0.000e+00 bcorr_med=0.000e+00 bp_med=1.000e+00 status=ok
[2026-05-15 12:30:17] shard 17: 6/8 eps_a=0.421 eps_c=0.368 dt=109.4s found=Y RSS=275640kB
[2026-05-15 12:30:17] POINT shard=17 idx=6/8 eps_a=0.421053 eps_c=0.368421 dt=109.39s event=0 spin=0 bin=0 min_fpp=1.393072e+00 phi_min_fpp=0.402 n_valid=51/51 n_invalid_phi=0 phi_feasible=[0,1] n_success=51 max_res=9.977e-07 mean_res=2.717e-07 mode=avgE e_lin=[-6.105e+00,0.000e+00] barrier=nan bethe=none bmode=attractive borient=orbit_average bgamma=off braw_med=0.000e+00 bcorr_med=0.000e+00 bp_med=1.000e+00 status=ok
[2026-05-15 12:32:06] POINT shard=17 idx=7/8 eps_a=0.842105 eps_c=0.368421 dt=108.89s event=0 spin=0 bin=0 min_fpp=1.227006e+00 phi_min_fpp=0.402 n_valid=51/51 n_invalid_phi=0 phi_feasible=[0,1] n_success=51 max_res=8.710e-07 mean_res=2.993e-07 mode=avgE e_lin=[-7.789e+00,0.000e+00] barrier=nan bethe=none bmode=attractive borient=orbit_average bgamma=off braw_med=0.000e+00 bcorr_med=0.000e+00 bp_med=1.000e+00 status=ok
[2026-05-15 12:32:46] POINT shard=27 idx=7/8 eps_a=0.842105 eps_c=0.578947 dt=158.54s event=0 spin=0 bin=0 min_fpp=6.583732e-01 phi_min_fpp=0.4216 n_valid=51/51 n_invalid_phi=0 phi_feasible=[0,1] n_success=51 max_res=9.948e-07 mean_res=2.425e-07 mode=avgE e_lin=[-1.032e+01,0.000e+00] barrier=nan bethe=none bmode=attractive borient=orbit_average bgamma=off braw_med=0.000e+00 bcorr_med=0.000e+00 bp_med=1.000e+00 status=ok
[2026-05-15 12:33:55] shard 17: 8/8 eps_a=1.263 eps_c=0.368 dt=109.3s found=Y RSS=275640kB
[2026-05-15 12:33:55] POINT shard=17 idx=8/8 eps_a=1.26316 eps_c=0.368421 dt=109.33s event=0 spin=0 bin=0 min_fpp=1.032438e+00 phi_min_fpp=0.4216 n_valid=51/51 n_invalid_phi=0 phi_feasible=[0,1] n_success=51 max_res=9.193e-07 mean_res=2.985e-07 mode=avgE e_lin=[-9.474e+00,0.000e+00] barrier=nan bethe=none bmode=attractive borient=orbit_average bgamma=off braw_med=0.000e+00 bcorr_med=0.000e+00 bp_med=1.000e+00 status=ok
[2026-05-15 12:33:55] shard 17: saved /pool/hamza/000011_scan_selfconsistent_bethe/shards/shard_0017.npz with 0 points
[2026-05-15 12:34:31] shard 27: 8/8 eps_a=1.263 eps_c=0.579 dt=105.3s found=Y RSS=274732kB
[2026-05-15 12:34:31] POINT shard=27 idx=8/8 eps_a=1.26316 eps_c=0.578947 dt=105.35s event=0 spin=0 bin=0 min_fpp=4.869112e-01 phi_min_fpp=0.4216 n_valid=51/51 n_invalid_phi=0 phi_feasible=[0,1] n_success=51 max_res=9.729e-07 mean_res=3.050e-07 mode=avgE e_lin=[-1.200e+01,0.000e+00] barrier=nan bethe=none bmode=attractive borient=orbit_average bgamma=off braw_med=0.000e+00 bcorr_med=0.000e+00 bp_med=1.000e+00 status=ok
[2026-05-15 12:34:31] shard 27: saved /pool/hamza/000011_scan_selfconsistent_bethe/shards/shard_0027.npz with 4 points
[2026-05-15 12:36:51] POINT shard=36 idx=7/8 eps_a=5.89474 eps_c=0.736842 dt=6353.84s event=1 spin=1 bin=1 min_fpp=-4.115336e-01 phi_min_fpp=0.0688 n_valid=50/51 n_invalid_phi=0 phi_feasible=[0,1] n_success=50 max_res=2.715e-06 mean_res=2.631e-07 mode=avgE e_lin=[-3.242e+01,0.000e+00] barrier=7.521e-03 bethe=none bmode=attractive borient=orbit_average bgamma=off braw_med=0.000e+00 bcorr_med=0.000e+00 bp_med=1.000e+00 status=ok
[2026-05-15 12:40:11] shard 48: 8/8 eps_a=4.632 eps_c=1.000 dt=39369.9s found=Y RSS=276576kB
[2026-05-15 12:40:11] POINT shard=48 idx=8/8 eps_a=4.63158 eps_c=1 dt=39369.92s event=1 spin=1 bin=1 min_fpp=-9.634972e-01 phi_min_fpp=0.0688 n_valid=42/51 n_invalid_phi=0 phi_feasible=[0,1] n_success=42 max_res=2.955e-04 mean_res=9.715e-06 mode=avgE e_lin=[-3.053e+01,0.000e+00] barrier=1.558e-02 bethe=none bmode=attractive borient=orbit_average bgamma=off braw_med=0.000e+00 bcorr_med=0.000e+00 bp_med=1.000e+00 status=ok
[2026-05-15 12:40:11] shard 48: saved /pool/hamza/000011_scan_selfconsistent_bethe/shards/shard_0048.npz with 8 points
[2026-05-15 12:44:24] shard 24: 6/8 eps_a=7.158 eps_c=0.474 dt=34468.1s found=Y RSS=275340kB
[2026-05-15 12:44:24] POINT shard=24 idx=6/8 eps_a=7.15789 eps_c=0.473684 dt=34468.14s event=1 spin=1 bin=1 min_fpp=-1.000159e-01 phi_min_fpp=0.0688 n_valid=41/51 n_invalid_phi=0 phi_feasible=[0,1] n_success=41 max_res=1.238e-06 mean_res=5.861e-07 mode=avgE e_lin=[-3.432e+01,0.000e+00] barrier=9.067e-04 bethe=none bmode=attractive borient=orbit_average bgamma=off braw_med=0.000e+00 bcorr_med=0.000e+00 bp_med=1.000e+00 status=ok
[2026-05-15 12:54:15] shard 44: 6/8 eps_a=7.158 eps_c=0.895 dt=21853.9s found=Y RSS=276520kB
[2026-05-15 12:54:15] POINT shard=44 idx=6/8 eps_a=7.15789 eps_c=0.894737 dt=21853.94s event=1 spin=1 bin=1 min_fpp=-6.352226e-01 phi_min_fpp=0.0688 n_valid=44/51 n_invalid_phi=0 phi_feasible=[0,1] n_success=44 max_res=6.256e-06 mean_res=7.800e-07 mode=avgE e_lin=[-3.937e+01,0.000e+00] barrier=1.265e-02 bethe=none bmode=attractive borient=orbit_average bgamma=off braw_med=0.000e+00 bcorr_med=0.000e+00 bp_med=1.000e+00 status=ok
[2026-05-15 13:41:36] POINT shard=49 idx=3/8 eps_a=5.89474 eps_c=1 dt=8631.47s event=1 spin=1 bin=1 min_fpp=-7.692340e-01 phi_min_fpp=0.0688 n_valid=49/51 n_invalid_phi=0 phi_feasible=[0,1] n_success=49 max_res=2.479e-06 mean_res=3.573e-07 mode=avgE e_lin=[-3.558e+01,0.000e+00] barrier=1.581e-02 bethe=none bmode=attractive borient=orbit_average bgamma=off braw_med=0.000e+00 bcorr_med=0.000e+00 bp_med=1.000e+00 status=ok
[2026-05-15 13:41:37] shard 9: 6/8 eps_a=7.158 eps_c=0.158 dt=7147.1s found=Y RSS=275424kB
[2026-05-15 13:41:37] POINT shard=9 idx=6/8 eps_a=7.15789 eps_c=0.157895 dt=7147.11s event=0 spin=0 bin=0 min_fpp=9.824840e-02 phi_min_fpp=0.0884 n_valid=49/51 n_invalid_phi=0 phi_feasible=[0,1] n_success=49 max_res=8.739e-06 mean_res=5.523e-07 mode=avgE e_lin=[-3.053e+01,0.000e+00] barrier=nan bethe=none bmode=attractive borient=orbit_average bgamma=off braw_med=0.000e+00 bcorr_med=0.000e+00 bp_med=1.000e+00 status=ok
[2026-05-15 13:44:55] POINT shard=44 idx=7/8 eps_a=7.57895 eps_c=0.894737 dt=3040.60s event=1 spin=1 bin=1 min_fpp=-6.242623e-01 phi_min_fpp=0.0688 n_valid=51/51 n_invalid_phi=0 phi_feasible=[0,1] n_success=51 max_res=9.919e-07 mean_res=5.921e-07 mode=avgE e_lin=[-4.105e+01,0.000e+00] barrier=1.258e-02 bethe=none bmode=attractive borient=orbit_average bgamma=off braw_med=0.000e+00 bcorr_med=0.000e+00 bp_med=1.000e+00 status=ok
[2026-05-15 13:54:49] shard 37: 1/8 eps_a=6.737 eps_c=0.737 dt=61961.3s found=Y RSS=275772kB
[2026-05-15 13:54:49] POINT shard=37 idx=1/8 eps_a=6.73684 eps_c=0.736842 dt=61961.29s event=1 spin=1 bin=1 min_fpp=-1.849265e+00 phi_min_fpp=0.0884 n_valid=38/51 n_invalid_phi=0 phi_feasible=[0,1] n_success=38 max_res=3.610e-05 mean_res=2.569e-06 mode=avgE e_lin=[-3.579e+01,0.000e+00] barrier=9.179e-03 bethe=none bmode=attractive borient=orbit_average bgamma=off braw_med=0.000e+00 bcorr_med=0.000e+00 bp_med=1.000e+00 status=ok
[2026-05-15 14:12:49] shard 36: 8/8 eps_a=6.316 eps_c=0.737 dt=5757.0s found=Y RSS=276240kB
[2026-05-15 14:12:49] POINT shard=36 idx=8/8 eps_a=6.31579 eps_c=0.736842 dt=5757.04s event=1 spin=1 bin=1 min_fpp=-4.114819e-01 phi_min_fpp=0.0688 n_valid=50/51 n_invalid_phi=0 phi_feasible=[0,1] n_success=50 max_res=5.641e-06 mean_res=3.709e-07 mode=avgE e_lin=[-3.411e+01,0.000e+00] barrier=7.519e-03 bethe=none bmode=attractive borient=orbit_average bgamma=off braw_med=0.000e+00 bcorr_med=0.000e+00 bp_med=1.000e+00 status=ok
[2026-05-15 14:12:49] shard 36: saved /pool/hamza/000011_scan_selfconsistent_bethe/shards/shard_0036.npz with 8 points
[2026-05-15 14:57:58] shard 2: 1/8 eps_a=6.737 eps_c=0.000 dt=65750.0s found=Y RSS=275724kB
[2026-05-15 14:57:58] POINT shard=2 idx=1/8 eps_a=6.73684 eps_c=0 dt=65750.01s event=0 spin=0 bin=0 min_fpp=2.361236e-01 phi_min_fpp=0.4216 n_valid=32/51 n_invalid_phi=0 phi_feasible=[0,1] n_success=32 max_res=3.272e-02 mean_res=7.322e-03 mode=avgE e_lin=[-2.695e+01,0.000e+00] barrier=nan bethe=none bmode=attractive borient=orbit_average bgamma=off braw_med=0.000e+00 bcorr_med=0.000e+00 bp_med=1.000e+00 status=ok
[2026-05-15 15:26:29] shard 2: 2/8 eps_a=7.158 eps_c=0.000 dt=1710.8s found=Y RSS=275804kB
[2026-05-15 15:26:29] POINT shard=2 idx=2/8 eps_a=7.15789 eps_c=0 dt=1710.75s event=0 spin=0 bin=0 min_fpp=1.472876e-01 phi_min_fpp=0.0688 n_valid=51/51 n_invalid_phi=0 phi_feasible=[0,1] n_success=51 max_res=9.652e-07 mean_res=3.491e-07 mode=avgE e_lin=[-2.863e+01,0.000e+00] barrier=nan bethe=none bmode=attractive borient=orbit_average bgamma=off braw_med=0.000e+00 bcorr_med=0.000e+00 bp_med=1.000e+00 status=ok
[2026-05-15 15:39:30] POINT shard=14 idx=7/8 eps_a=7.57895 eps_c=0.263158 dt=19935.47s event=0 spin=0 bin=0 min_fpp=2.006835e-02 phi_min_fpp=0.108 n_valid=47/51 n_invalid_phi=0 phi_feasible=[0,1] n_success=47 max_res=9.002e-05 mean_res=4.516e-06 mode=avgE e_lin=[-3.347e+01,0.000e+00] barrier=nan bethe=none bmode=attractive borient=orbit_average bgamma=off braw_med=0.000e+00 bcorr_med=0.000e+00 bp_med=1.000e+00 status=ok
[2026-05-15 15:56:43] POINT shard=2 idx=3/8 eps_a=7.57895 eps_c=0 dt=1814.67s event=0 spin=0 bin=0 min_fpp=1.469556e-01 phi_min_fpp=0.0688 n_valid=51/51 n_invalid_phi=0 phi_feasible=[0,1] n_success=51 max_res=9.532e-07 mean_res=2.423e-07 mode=avgE e_lin=[-3.032e+01,0.000e+00] barrier=nan bethe=none bmode=attractive borient=orbit_average bgamma=off braw_med=0.000e+00 bcorr_med=0.000e+00 bp_med=1.000e+00 status=ok
[2026-05-15 16:36:22] shard 34: 1/8 eps_a=5.053 eps_c=0.684 dt=71653.7s found=Y RSS=275232kB
[2026-05-15 16:36:22] POINT shard=34 idx=1/8 eps_a=5.05263 eps_c=0.684211 dt=71653.73s event=1 spin=1 bin=1 min_fpp=-5.878907e-02 phi_min_fpp=0.3824 n_valid=34/51 n_invalid_phi=0 phi_feasible=[0,1] n_success=34 max_res=1.790e-01 mean_res=1.739e-02 mode=avgE e_lin=[-2.842e+01,0.000e+00] barrier=1.162e-04 bethe=none bmode=attractive borient=orbit_average bgamma=off braw_med=0.000e+00 bcorr_med=0.000e+00 bp_med=1.000e+00 status=ok
[2026-05-15 17:16:09] POINT shard=9 idx=7/8 eps_a=7.57895 eps_c=0.157895 dt=12872.84s event=0 spin=0 bin=0 min_fpp=9.228492e-02 phi_min_fpp=0.0688 n_valid=46/51 n_invalid_phi=0 phi_feasible=[0,1] n_success=46 max_res=1.689e-03 mean_res=6.626e-05 mode=avgE e_lin=[-3.221e+01,0.000e+00] barrier=nan bethe=none bmode=attractive borient=orbit_average bgamma=off braw_med=0.000e+00 bcorr_med=0.000e+00 bp_med=1.000e+00 status=ok
[2026-05-15 17:16:18] shard 32: 1/8 eps_a=6.737 eps_c=0.632 dt=74050.2s found=Y RSS=275112kB
[2026-05-15 17:16:18] POINT shard=32 idx=1/8 eps_a=6.73684 eps_c=0.631579 dt=74050.17s event=1 spin=1 bin=1 min_fpp=-1.791220e+00 phi_min_fpp=0.0884 n_valid=34/51 n_invalid_phi=0 phi_feasible=[0,1] n_success=34 max_res=3.969e-06 mean_res=9.173e-07 mode=avgE e_lin=[-3.453e+01,0.000e+00] barrier=6.184e-03 bethe=none bmode=attractive borient=orbit_average bgamma=off braw_med=0.000e+00 bcorr_med=0.000e+00 bp_med=1.000e+00 status=ok
[2026-05-15 17:50:23] shard 39: 2/8 eps_a=5.474 eps_c=0.789 dt=44607.6s found=Y RSS=275568kB
[2026-05-15 17:50:23] POINT shard=39 idx=2/8 eps_a=5.47368 eps_c=0.789474 dt=44607.60s event=1 spin=1 bin=1 min_fpp=-1.405937e-01 phi_min_fpp=0.3432 n_valid=37/51 n_invalid_phi=0 phi_feasible=[0,1] n_success=37 max_res=3.163e-04 mean_res=1.737e-05 mode=avgE e_lin=[-3.137e+01,0.000e+00] barrier=6.550e-04 bethe=none bmode=attractive borient=orbit_average bgamma=off braw_med=0.000e+00 bcorr_med=0.000e+00 bp_med=1.000e+00 status=ok
[2026-05-15 17:50:59] shard 7: 2/8 eps_a=7.158 eps_c=0.105 dt=33932.9s found=Y RSS=274748kB
[2026-05-15 17:50:59] POINT shard=7 idx=2/8 eps_a=7.15789 eps_c=0.105263 dt=33932.86s event=0 spin=0 bin=0 min_fpp=1.054949e-01 phi_min_fpp=0.0688 n_valid=35/51 n_invalid_phi=0 phi_feasible=[0,1] n_success=35 max_res=1.640e-06 mean_res=7.392e-07 mode=avgE e_lin=[-2.989e+01,0.000e+00] barrier=nan bethe=none bmode=attractive borient=orbit_average bgamma=off braw_med=0.000e+00 bcorr_med=0.000e+00 bp_med=1.000e+00 status=ok
[2026-05-15 17:52:02] shard 44: 8/8 eps_a=8.000 eps_c=0.895 dt=14826.3s found=Y RSS=276520kB
[2026-05-15 17:52:02] POINT shard=44 idx=8/8 eps_a=8 eps_c=0.894737 dt=14826.26s event=1 spin=1 bin=1 min_fpp=-7.517199e-01 phi_min_fpp=0.0688 n_valid=47/51 n_invalid_phi=0 phi_feasible=[0,1] n_success=47 max_res=8.465e-05 mean_res=3.276e-06 mode=avgE e_lin=[-4.274e+01,0.000e+00] barrier=1.561e-02 bethe=none bmode=attractive borient=orbit_average bgamma=off braw_med=0.000e+00 bcorr_med=0.000e+00 bp_med=1.000e+00 status=ok
[2026-05-15 17:52:02] shard 44: saved /pool/hamza/000011_scan_selfconsistent_bethe/shards/shard_0044.npz with 8 points
[2026-05-15 18:32:06] shard 42: 2/8 eps_a=7.158 eps_c=0.842 dt=25864.8s found=Y RSS=275468kB
[2026-05-15 18:32:06] POINT shard=42 idx=2/8 eps_a=7.15789 eps_c=0.842105 dt=25864.82s event=1 spin=1 bin=1 min_fpp=-6.258125e-01 phi_min_fpp=0.0884 n_valid=42/51 n_invalid_phi=0 phi_feasible=[0,1] n_success=42 max_res=2.246e-05 mean_res=1.290e-06 mode=avgE e_lin=[-3.874e+01,0.000e+00] barrier=1.223e-02 bethe=none bmode=attractive borient=orbit_average bgamma=off braw_med=0.000e+00 bcorr_med=0.000e+00 bp_med=1.000e+00 status=ok
[2026-05-15 19:32:36] shard 22: 2/8 eps_a=7.158 eps_c=0.421 dt=55312.3s found=Y RSS=274932kB
[2026-05-15 19:32:36] POINT shard=22 idx=2/8 eps_a=7.15789 eps_c=0.421053 dt=55312.27s event=1 spin=1 bin=1 min_fpp=-1.211113e-01 phi_min_fpp=0.0688 n_valid=32/51 n_invalid_phi=0 phi_feasible=[0,1] n_success=32 max_res=2.100e-06 mean_res=8.773e-07 mode=avgE e_lin=[-3.368e+01,0.000e+00] barrier=1.452e-03 bethe=none bmode=attractive borient=orbit_average bgamma=off braw_med=0.000e+00 bcorr_med=0.000e+00 bp_med=1.000e+00 status=ok
[2026-05-15 19:38:22] shard 46: 4/8 eps_a=4.632 eps_c=0.947 dt=36729.8s found=Y RSS=276792kB
[2026-05-15 19:38:22] POINT shard=46 idx=4/8 eps_a=4.63158 eps_c=0.947368 dt=36729.81s event=1 spin=1 bin=1 min_fpp=-7.156706e-01 phi_min_fpp=0.0688 n_valid=42/51 n_invalid_phi=0 phi_feasible=[0,1] n_success=42 max_res=6.888e-04 mean_res=2.350e-05 mode=avgE e_lin=[-2.989e+01,0.000e+00] barrier=1.402e-02 bethe=none bmode=attractive borient=orbit_average bgamma=off braw_med=0.000e+00 bcorr_med=0.000e+00 bp_med=1.000e+00 status=ok
[2026-05-15 19:49:31] shard 41: 1/8 eps_a=3.368 eps_c=0.842 dt=83243.7s found=Y RSS=275268kB
[2026-05-15 19:49:31] POINT shard=41 idx=1/8 eps_a=3.36842 eps_c=0.842105 dt=83243.70s event=0 spin=0 bin=0 min_fpp=7.736709e-03 phi_min_fpp=0.5588 n_valid=25/51 n_invalid_phi=0 phi_feasible=[0,1] n_success=25 max_res=2.092e-02 mean_res=3.572e-03 mode=avgE e_lin=[-2.358e+01,0.000e+00] barrier=nan bethe=none bmode=attractive borient=orbit_average bgamma=off braw_med=0.000e+00 bcorr_med=0.000e+00 bp_med=1.000e+00 status=ok
[2026-05-15 19:55:29] POINT shard=39 idx=3/8 eps_a=5.89474 eps_c=0.789474 dt=7505.65s event=1 spin=1 bin=1 min_fpp=-4.805635e-01 phi_min_fpp=0.0688 n_valid=49/51 n_invalid_phi=0 phi_feasible=[0,1] n_success=49 max_res=1.267e-05 mean_res=5.410e-07 mode=avgE e_lin=[-3.305e+01,0.000e+00] barrier=9.198e-03 bethe=none bmode=attractive borient=orbit_average bgamma=off braw_med=0.000e+00 bcorr_med=0.000e+00 bp_med=1.000e+00 status=ok
[2026-05-15 20:14:07] shard 41: 2/8 eps_a=3.789 eps_c=0.842 dt=1475.3s found=Y RSS=275268kB
[2026-05-15 20:14:07] POINT shard=41 idx=2/8 eps_a=3.78947 eps_c=0.842105 dt=1475.31s event=1 spin=1 bin=1 min_fpp=-6.934522e-01 phi_min_fpp=0.0688 n_valid=51/51 n_invalid_phi=0 phi_feasible=[0,1] n_success=51 max_res=9.891e-07 mean_res=2.278e-07 mode=avgE e_lin=[-2.526e+01,0.000e+00] barrier=1.407e-02 bethe=none bmode=attractive borient=orbit_average bgamma=off braw_med=0.000e+00 bcorr_med=0.000e+00 bp_med=1.000e+00 status=ok
[2026-05-15 20:28:38] POINT shard=46 idx=5/8 eps_a=5.05263 eps_c=0.947368 dt=3015.55s event=1 spin=1 bin=1 min_fpp=-6.980696e-01 phi_min_fpp=0.0688 n_valid=51/51 n_invalid_phi=0 phi_feasible=[0,1] n_success=51 max_res=9.859e-07 mean_res=3.259e-07 mode=avgE e_lin=[-3.158e+01,0.000e+00] barrier=1.422e-02 bethe=none bmode=attractive borient=orbit_average bgamma=off braw_med=0.000e+00 bcorr_med=0.000e+00 bp_med=1.000e+00 status=ok
[2026-05-15 20:39:47] POINT shard=41 idx=3/8 eps_a=4.21053 eps_c=0.842105 dt=1539.79s event=1 spin=1 bin=1 min_fpp=-6.916214e-01 phi_min_fpp=0.0688 n_valid=51/51 n_invalid_phi=0 phi_feasible=[0,1] n_success=51 max_res=9.611e-07 mean_res=3.198e-07 mode=avgE e_lin=[-2.695e+01,0.000e+00] barrier=1.404e-02 bethe=none bmode=attractive borient=orbit_average bgamma=off braw_med=0.000e+00 bcorr_med=0.000e+00 bp_med=1.000e+00 status=ok
[2026-05-15 21:03:01] shard 39: 4/8 eps_a=6.316 eps_c=0.789 dt=4052.0s found=Y RSS=275568kB
[2026-05-15 21:03:01] POINT shard=39 idx=4/8 eps_a=6.31579 eps_c=0.789474 dt=4052.03s event=1 spin=1 bin=1 min_fpp=-4.769730e-01 phi_min_fpp=0.0688 n_valid=50/51 n_invalid_phi=0 phi_feasible=[0,1] n_success=50 max_res=1.790e-06 mean_res=1.730e-07 mode=avgE e_lin=[-3.474e+01,0.000e+00] barrier=9.211e-03 bethe=none bmode=attractive borient=orbit_average bgamma=off braw_med=0.000e+00 bcorr_med=0.000e+00 bp_med=1.000e+00 status=ok
[2026-05-15 21:22:14] POINT shard=39 idx=5/8 eps_a=6.73684 eps_c=0.789474 dt=1152.95s event=1 spin=1 bin=1 min_fpp=-4.768528e-01 phi_min_fpp=0.0688 n_valid=51/51 n_invalid_phi=0 phi_feasible=[0,1] n_success=51 max_res=9.301e-07 mean_res=2.803e-07 mode=avgE e_lin=[-3.642e+01,0.000e+00] barrier=9.218e-03 bethe=none bmode=attractive borient=orbit_average bgamma=off braw_med=0.000e+00 bcorr_med=0.000e+00 bp_med=1.000e+00 status=ok
[2026-05-15 21:22:34] POINT shard=7 idx=3/8 eps_a=7.57895 eps_c=0.105263 dt=12694.74s event=0 spin=0 bin=0 min_fpp=1.157140e-01 phi_min_fpp=0.1276 n_valid=46/51 n_invalid_phi=0 phi_feasible=[0,1] n_success=46 max_res=3.200e-06 mean_res=5.695e-07 mode=avgE e_lin=[-3.158e+01,0.000e+00] barrier=nan bethe=none bmode=attractive borient=orbit_average bgamma=off braw_med=0.000e+00 bcorr_med=0.000e+00 bp_med=1.000e+00 status=ok
[2026-05-15 21:32:22] shard 39: 6/8 eps_a=7.158 eps_c=0.789 dt=607.9s found=Y RSS=275568kB
[2026-05-15 21:32:22] POINT shard=39 idx=6/8 eps_a=7.15789 eps_c=0.789474 dt=607.91s event=1 spin=1 bin=1 min_fpp=-4.768063e-01 phi_min_fpp=0.0688 n_valid=51/51 n_invalid_phi=0 phi_feasible=[0,1] n_success=51 max_res=9.941e-07 mean_res=3.102e-07 mode=avgE e_lin=[-3.811e+01,0.000e+00] barrier=9.217e-03 bethe=none bmode=attractive borient=orbit_average bgamma=off braw_med=0.000e+00 bcorr_med=0.000e+00 bp_med=1.000e+00 status=ok
[2026-05-15 21:34:03] shard 37: 2/8 eps_a=7.158 eps_c=0.737 dt=27554.1s found=Y RSS=275752kB
[2026-05-15 21:34:03] POINT shard=37 idx=2/8 eps_a=7.15789 eps_c=0.736842 dt=27554.13s event=1 spin=1 bin=1 min_fpp=-3.076018e-01 phi_min_fpp=0.206 n_valid=41/51 n_invalid_phi=0 phi_feasible=[0,1] n_success=41 max_res=4.186e-06 mean_res=7.541e-07 mode=avgE e_lin=[-3.747e+01,0.000e+00] barrier=3.690e-03 bethe=none bmode=attractive borient=orbit_average bgamma=off braw_med=0.000e+00 bcorr_med=0.000e+00 bp_med=1.000e+00 status=ok
[2026-05-15 21:58:58] shard 46: 6/8 eps_a=5.474 eps_c=0.947 dt=5419.6s found=Y RSS=276792kB
[2026-05-15 21:58:58] POINT shard=46 idx=6/8 eps_a=5.47368 eps_c=0.947368 dt=5419.63s event=1 spin=1 bin=1 min_fpp=-6.975539e-01 phi_min_fpp=0.0688 n_valid=50/51 n_invalid_phi=0 phi_feasible=[0,1] n_success=50 max_res=2.283e-06 mean_res=2.417e-07 mode=avgE e_lin=[-3.326e+01,0.000e+00] barrier=1.423e-02 bethe=none bmode=attractive borient=orbit_average bgamma=off braw_med=0.000e+00 bcorr_med=0.000e+00 bp_med=1.000e+00 status=ok
[2026-05-15 22:00:17] shard 34: 2/8 eps_a=5.474 eps_c=0.684 dt=19435.1s found=Y RSS=274884kB
[2026-05-15 22:00:17] POINT shard=34 idx=2/8 eps_a=5.47368 eps_c=0.684211 dt=19435.09s event=1 spin=1 bin=1 min_fpp=-3.112568e-01 phi_min_fpp=0.0688 n_valid=46/51 n_invalid_phi=0 phi_feasible=[0,1] n_success=46 max_res=1.620e-05 mean_res=8.535e-07 mode=avgE e_lin=[-3.011e+01,0.000e+00] barrier=5.871e-03 bethe=none bmode=attractive borient=orbit_average bgamma=off braw_med=0.000e+00 bcorr_med=0.000e+00 bp_med=1.000e+00 status=ok
[2026-05-15 22:14:46] POINT shard=24 idx=7/8 eps_a=7.57895 eps_c=0.473684 dt=34221.40s event=1 spin=1 bin=0 min_fpp=-6.464242e-02 phi_min_fpp=0.1668 n_valid=38/51 n_invalid_phi=0 phi_feasible=[0,1] n_success=38 max_res=2.282e-06 mean_res=7.640e-07 mode=avgE e_lin=[-3.600e+01,0.000e+00] barrier=nan bethe=none bmode=attractive borient=orbit_average bgamma=off braw_med=0.000e+00 bcorr_med=0.000e+00 bp_med=1.000e+00 status=ok
[2026-05-15 23:12:28] shard 14: 8/8 eps_a=8.000 eps_c=0.263 dt=27178.1s found=Y RSS=275752kB
[2026-05-15 23:12:28] POINT shard=14 idx=8/8 eps_a=8 eps_c=0.263158 dt=27178.12s event=0 spin=0 bin=0 min_fpp=1.013426e-02 phi_min_fpp=0.0688 n_valid=43/51 n_invalid_phi=0 phi_feasible=[0,1] n_success=43 max_res=1.276e-06 mean_res=6.635e-07 mode=avgE e_lin=[-3.516e+01,0.000e+00] barrier=nan bethe=none bmode=attractive borient=orbit_average bgamma=off braw_med=0.000e+00 bcorr_med=0.000e+00 bp_med=1.000e+00 status=ok
[2026-05-15 23:12:28] shard 14: saved /pool/hamza/000011_scan_selfconsistent_bethe/shards/shard_0014.npz with 0 points
[2026-05-15 23:41:10] POINT shard=37 idx=3/8 eps_a=7.57895 eps_c=0.736842 dt=7626.25s event=1 spin=1 bin=1 min_fpp=-4.972317e-01 phi_min_fpp=0.0884 n_valid=49/51 n_invalid_phi=0 phi_feasible=[0,1] n_success=49 max_res=6.044e-06 mean_res=7.582e-07 mode=avgE e_lin=[-3.916e+01,0.000e+00] barrier=9.279e-03 bethe=none bmode=attractive borient=orbit_average bgamma=off braw_med=0.000e+00 bcorr_med=0.000e+00 bp_med=1.000e+00 status=ok
[2026-05-15 23:51:50] POINT shard=42 idx=3/8 eps_a=7.57895 eps_c=0.842105 dt=19184.04s event=1 spin=1 bin=1 min_fpp=-1.207291e+00 phi_min_fpp=0.1472 n_valid=46/51 n_invalid_phi=0 phi_feasible=[0,1] n_success=46 max_res=3.250e-06 mean_res=8.992e-07 mode=avgE e_lin=[-4.042e+01,0.000e+00] barrier=9.212e-03 bethe=none bmode=attractive borient=orbit_average bgamma=off braw_med=0.000e+00 bcorr_med=0.000e+00 bp_med=1.000e+00 status=ok
[2026-05-15 23:57:31] shard 31: 1/8 eps_a=3.368 eps_c=0.632 dt=98124.2s found=Y RSS=276172kB
[2026-05-15 23:57:31] POINT shard=31 idx=1/8 eps_a=3.36842 eps_c=0.631579 dt=98124.17s event=1 spin=1 bin=0 min_fpp=-1.674165e-01 phi_min_fpp=0.8528 n_valid=10/51 n_invalid_phi=0 phi_feasible=[0,1] n_success=10 max_res=2.004e-02 mean_res=7.833e-03 mode=avgE e_lin=[-2.105e+01,0.000e+00] barrier=nan bethe=none bmode=attractive borient=orbit_average bgamma=off braw_med=0.000e+00 bcorr_med=0.000e+00 bp_med=1.000e+00 status=ok
[2026-05-16 00:12:38] POINT shard=46 idx=7/8 eps_a=5.89474 eps_c=0.947368 dt=8020.70s event=1 spin=1 bin=1 min_fpp=-6.972633e-01 phi_min_fpp=0.0688 n_valid=49/51 n_invalid_phi=0 phi_feasible=[0,1] n_success=49 max_res=1.131e-06 mean_res=3.054e-07 mode=avgE e_lin=[-3.495e+01,0.000e+00] barrier=1.425e-02 bethe=none bmode=attractive borient=orbit_average bgamma=off braw_med=0.000e+00 bcorr_med=0.000e+00 bp_med=1.000e+00 status=ok
[2026-05-16 00:27:50] shard 49: 4/8 eps_a=6.316 eps_c=1.000 dt=38774.8s found=Y RSS=275200kB
[2026-05-16 00:27:50] POINT shard=49 idx=4/8 eps_a=6.31579 eps_c=1 dt=38774.82s event=1 spin=1 bin=1 min_fpp=-7.688513e-01 phi_min_fpp=0.0688 n_valid=36/51 n_invalid_phi=0 phi_feasible=[0,1] n_success=36 max_res=2.307e-05 mean_res=1.224e-06 mode=avgE e_lin=[-3.726e+01,0.000e+00] barrier=1.597e-02 bethe=none bmode=attractive borient=orbit_average bgamma=off braw_med=0.000e+00 bcorr_med=0.000e+00 bp_med=1.000e+00 status=ok
[2026-05-16 00:31:17] shard 24: 8/8 eps_a=8.000 eps_c=0.474 dt=8191.3s found=Y RSS=275348kB
[2026-05-16 00:31:17] POINT shard=24 idx=8/8 eps_a=8 eps_c=0.473684 dt=8191.33s event=1 spin=1 bin=1 min_fpp=-1.789837e-01 phi_min_fpp=0.0884 n_valid=49/51 n_invalid_phi=0 phi_feasible=[0,1] n_success=49 max_res=3.655e-06 mean_res=4.683e-07 mode=avgE e_lin=[-3.768e+01,0.000e+00] barrier=2.164e-03 bethe=none bmode=attractive borient=orbit_average bgamma=off braw_med=0.000e+00 bcorr_med=0.000e+00 bp_med=1.000e+00 status=ok
[2026-05-16 00:31:17] shard 24: saved /pool/hamza/000011_scan_selfconsistent_bethe/shards/shard_0024.npz with 8 points
[2026-05-16 00:37:05] shard 41: 4/8 eps_a=4.632 eps_c=0.842 dt=14238.2s found=Y RSS=275268kB
[2026-05-16 00:37:05] POINT shard=41 idx=4/8 eps_a=4.63158 eps_c=0.842105 dt=14238.15s event=1 spin=1 bin=1 min_fpp=-6.618015e-01 phi_min_fpp=0.0688 n_valid=47/51 n_invalid_phi=0 phi_feasible=[0,1] n_success=47 max_res=8.860e-05 mean_res=3.424e-06 mode=avgE e_lin=[-2.863e+01,0.000e+00] barrier=1.399e-02 bethe=none bmode=attractive borient=orbit_average bgamma=off braw_med=0.000e+00 bcorr_med=0.000e+00 bp_med=1.000e+00 status=ok
[2026-05-16 00:40:58] shard 31: 2/8 eps_a=3.789 eps_c=0.632 dt=2606.6s found=Y RSS=275836kB
[2026-05-16 00:40:58] POINT shard=31 idx=2/8 eps_a=3.78947 eps_c=0.631579 dt=2606.60s event=1 spin=1 bin=1 min_fpp=-2.499703e-01 phi_min_fpp=0.0884 n_valid=50/51 n_invalid_phi=0 phi_feasible=[0,1] n_success=50 max_res=2.795e-04 mean_res=5.750e-06 mode=avgE e_lin=[-2.274e+01,0.000e+00] barrier=3.709e-03 bethe=none bmode=attractive borient=orbit_average bgamma=off braw_med=0.000e+00 bcorr_med=0.000e+00 bp_med=1.000e+00 status=ok
[2026-05-16 01:18:48] POINT shard=41 idx=5/8 eps_a=5.05263 eps_c=0.842105 dt=2503.18s event=1 spin=1 bin=1 min_fpp=-6.893987e-01 phi_min_fpp=0.0688 n_valid=51/51 n_invalid_phi=0 phi_feasible=[0,1] n_success=51 max_res=9.876e-07 mean_res=1.572e-07 mode=avgE e_lin=[-3.032e+01,0.000e+00] barrier=1.402e-02 bethe=none bmode=attractive borient=orbit_average bgamma=off braw_med=0.000e+00 bcorr_med=0.000e+00 bp_med=1.000e+00 status=ok
[2026-05-16 01:26:35] shard 2: 4/8 eps_a=8.000 eps_c=0.000 dt=34191.2s found=Y RSS=275808kB
[2026-05-16 01:26:35] POINT shard=2 idx=4/8 eps_a=8 eps_c=0 dt=34191.22s event=0 spin=0 bin=0 min_fpp=1.469218e-01 phi_min_fpp=0.0688 n_valid=38/51 n_invalid_phi=0 phi_feasible=[0,1] n_success=38 max_res=1.534e-06 mean_res=8.552e-07 mode=avgE e_lin=[-3.200e+01,0.000e+00] barrier=nan bethe=none bmode=attractive borient=orbit_average bgamma=off braw_med=0.000e+00 bcorr_med=0.000e+00 bp_med=1.000e+00 status=ok
[2026-05-16 01:28:46] POINT shard=2 idx=5/8 eps_a=0 eps_c=0.0526316 dt=131.56s event=0 spin=0 bin=0 min_fpp=2.378960e+00 phi_min_fpp=0.3432 n_valid=51/51 n_invalid_phi=0 phi_feasible=[0,1] n_success=51 max_res=9.920e-07 mean_res=3.146e-07 mode=avgE e_lin=[-6.316e-01,0.000e+00] barrier=nan bethe=none bmode=attractive borient=orbit_average bgamma=off braw_med=0.000e+00 bcorr_med=0.000e+00 bp_med=1.000e+00 status=ok
[2026-05-16 01:30:58] shard 2: 6/8 eps_a=0.421 eps_c=0.053 dt=131.9s found=Y RSS=275808kB
[2026-05-16 01:30:58] POINT shard=2 idx=6/8 eps_a=0.421053 eps_c=0.0526316 dt=131.86s event=0 spin=0 bin=0 min_fpp=2.246155e+00 phi_min_fpp=0.3628 n_valid=51/51 n_invalid_phi=0 phi_feasible=[0,1] n_success=51 max_res=8.915e-07 mean_res=3.160e-07 mode=avgE e_lin=[-2.316e+00,0.000e+00] barrier=nan bethe=none bmode=attractive borient=orbit_average bgamma=off braw_med=0.000e+00 bcorr_med=0.000e+00 bp_med=1.000e+00 status=ok
[2026-05-16 01:31:20] POINT shard=31 idx=3/8 eps_a=4.21053 eps_c=0.631579 dt=3021.48s event=1 spin=1 bin=1 min_fpp=-2.505363e-01 phi_min_fpp=0.0884 n_valid=50/51 n_invalid_phi=0 phi_feasible=[0,1] n_success=50 max_res=2.757e-04 mean_res=5.638e-06 mode=avgE e_lin=[-2.442e+01,0.000e+00] barrier=3.724e-03 bethe=none bmode=attractive borient=orbit_average bgamma=off braw_med=0.000e+00 bcorr_med=0.000e+00 bp_med=1.000e+00 status=ok
[2026-05-16 01:33:11] POINT shard=2 idx=7/8 eps_a=0.842105 eps_c=0.0526316 dt=132.15s event=0 spin=0 bin=0 min_fpp=2.085099e+00 phi_min_fpp=0.3628 n_valid=51/51 n_invalid_phi=0 phi_feasible=[0,1] n_success=51 max_res=9.131e-07 mean_res=3.174e-07 mode=avgE e_lin=[-4.000e+00,0.000e+00] barrier=nan bethe=none bmode=attractive borient=orbit_average bgamma=off braw_med=0.000e+00 bcorr_med=0.000e+00 bp_med=1.000e+00 status=ok
[2026-05-16 01:35:23] shard 2: 8/8 eps_a=1.263 eps_c=0.053 dt=132.5s found=Y RSS=275808kB
[2026-05-16 01:35:23] POINT shard=2 idx=8/8 eps_a=1.26316 eps_c=0.0526316 dt=132.51s event=0 spin=0 bin=0 min_fpp=1.897923e+00 phi_min_fpp=0.3628 n_valid=51/51 n_invalid_phi=0 phi_feasible=[0,1] n_success=51 max_res=9.675e-07 mean_res=3.847e-07 mode=avgE e_lin=[-5.684e+00,0.000e+00] barrier=nan bethe=none bmode=attractive borient=orbit_average bgamma=off braw_med=0.000e+00 bcorr_med=0.000e+00 bp_med=1.000e+00 status=ok
[2026-05-16 01:35:23] shard 2: saved /pool/hamza/000011_scan_selfconsistent_bethe/shards/shard_0002.npz with 0 points
[2026-05-16 01:39:08] POINT shard=34 idx=3/8 eps_a=5.89474 eps_c=0.684211 dt=13130.72s event=1 spin=1 bin=1 min_fpp=-3.438054e-01 phi_min_fpp=0.0688 n_valid=48/51 n_invalid_phi=0 phi_feasible=[0,1] n_success=48 max_res=4.115e-05 mean_res=1.144e-06 mode=avgE e_lin=[-3.179e+01,0.000e+00] barrier=5.897e-03 bethe=none bmode=attractive borient=orbit_average bgamma=off braw_med=0.000e+00 bcorr_med=0.000e+00 bp_med=1.000e+00 status=ok
[2026-05-16 01:43:51] shard 41: 6/8 eps_a=5.474 eps_c=0.842 dt=1503.1s found=Y RSS=275268kB
[2026-05-16 01:43:51] POINT shard=41 idx=6/8 eps_a=5.47368 eps_c=0.842105 dt=1503.06s event=1 spin=1 bin=1 min_fpp=-6.888723e-01 phi_min_fpp=0.0688 n_valid=51/51 n_invalid_phi=0 phi_feasible=[0,1] n_success=51 max_res=6.917e-07 mean_res=1.448e-07 mode=avgE e_lin=[-3.200e+01,0.000e+00] barrier=1.401e-02 bethe=none bmode=attractive borient=orbit_average bgamma=off braw_med=0.000e+00 bcorr_med=0.000e+00 bp_med=1.000e+00 status=ok
[2026-05-16 01:47:19] shard 31: 4/8 eps_a=4.632 eps_c=0.632 dt=959.5s found=Y RSS=275836kB
[2026-05-16 01:47:19] POINT shard=31 idx=4/8 eps_a=4.63158 eps_c=0.631579 dt=959.51s event=1 spin=1 bin=1 min_fpp=-2.698328e-01 phi_min_fpp=0.0688 n_valid=51/51 n_invalid_phi=0 phi_feasible=[0,1] n_success=51 max_res=9.665e-07 mean_res=2.629e-07 mode=avgE e_lin=[-2.611e+01,0.000e+00] barrier=4.351e-03 bethe=none bmode=attractive borient=orbit_average bgamma=off braw_med=0.000e+00 bcorr_med=0.000e+00 bp_med=1.000e+00 status=ok
[2026-05-16 02:05:56] POINT shard=31 idx=5/8 eps_a=5.05263 eps_c=0.631579 dt=1116.37s event=1 spin=1 bin=1 min_fpp=-2.697859e-01 phi_min_fpp=0.0688 n_valid=51/51 n_invalid_phi=0 phi_feasible=[0,1] n_success=51 max_res=9.824e-07 mean_res=2.914e-07 mode=avgE e_lin=[-2.779e+01,0.000e+00] barrier=4.354e-03 bethe=none bmode=attractive borient=orbit_average bgamma=off braw_med=0.000e+00 bcorr_med=0.000e+00 bp_med=1.000e+00 status=ok
[2026-05-16 02:06:50] shard 34: 4/8 eps_a=6.316 eps_c=0.684 dt=1661.8s found=Y RSS=274884kB
[2026-05-16 02:06:50] POINT shard=34 idx=4/8 eps_a=6.31579 eps_c=0.684211 dt=1661.78s event=1 spin=1 bin=1 min_fpp=-3.361737e-01 phi_min_fpp=0.0688 n_valid=51/51 n_invalid_phi=0 phi_feasible=[0,1] n_success=51 max_res=8.963e-07 mean_res=2.004e-07 mode=avgE e_lin=[-3.347e+01,0.000e+00] barrier=5.895e-03 bethe=none bmode=attractive borient=orbit_average bgamma=off braw_med=0.000e+00 bcorr_med=0.000e+00 bp_med=1.000e+00 status=ok
[2026-05-16 02:27:19] POINT shard=34 idx=5/8 eps_a=6.73684 eps_c=0.684211 dt=1229.07s event=1 spin=1 bin=1 min_fpp=-3.355371e-01 phi_min_fpp=0.0688 n_valid=51/51 n_invalid_phi=0 phi_feasible=[0,1] n_success=51 max_res=8.649e-07 mean_res=2.478e-07 mode=avgE e_lin=[-3.516e+01,0.000e+00] barrier=5.893e-03 bethe=none bmode=attractive borient=orbit_average bgamma=off braw_med=0.000e+00 bcorr_med=0.000e+00 bp_med=1.000e+00 status=ok
[2026-05-16 02:40:26] shard 34: 6/8 eps_a=7.158 eps_c=0.684 dt=787.0s found=Y RSS=274884kB
[2026-05-16 02:40:26] POINT shard=34 idx=6/8 eps_a=7.15789 eps_c=0.684211 dt=786.99s event=1 spin=1 bin=1 min_fpp=-3.354102e-01 phi_min_fpp=0.0688 n_valid=51/51 n_invalid_phi=0 phi_feasible=[0,1] n_success=51 max_res=8.888e-07 mean_res=3.250e-07 mode=avgE e_lin=[-3.684e+01,0.000e+00] barrier=5.892e-03 bethe=none bmode=attractive borient=orbit_average bgamma=off braw_med=0.000e+00 bcorr_med=0.000e+00 bp_med=1.000e+00 status=ok
[2026-05-16 02:47:14] shard 31: 6/8 eps_a=5.474 eps_c=0.632 dt=2478.6s found=Y RSS=275836kB
[2026-05-16 02:47:14] POINT shard=31 idx=6/8 eps_a=5.47368 eps_c=0.631579 dt=2478.56s event=1 spin=1 bin=1 min_fpp=-2.697475e-01 phi_min_fpp=0.0688 n_valid=51/51 n_invalid_phi=0 phi_feasible=[0,1] n_success=51 max_res=9.961e-07 mean_res=2.796e-07 mode=avgE e_lin=[-2.947e+01,0.000e+00] barrier=4.353e-03 bethe=none bmode=attractive borient=orbit_average bgamma=off braw_med=0.000e+00 bcorr_med=0.000e+00 bp_med=1.000e+00 status=ok
[2026-05-16 02:50:21] POINT shard=41 idx=7/8 eps_a=5.89474 eps_c=0.842105 dt=3989.42s event=1 spin=1 bin=1 min_fpp=-6.257938e-01 phi_min_fpp=0.0884 n_valid=50/51 n_invalid_phi=0 phi_feasible=[0,1] n_success=50 max_res=1.243e-06 mean_res=2.661e-07 mode=avgE e_lin=[-3.368e+01,0.000e+00] barrier=1.224e-02 bethe=none bmode=attractive borient=orbit_average bgamma=off braw_med=0.000e+00 bcorr_med=0.000e+00 bp_med=1.000e+00 status=ok
[2026-05-16 02:53:17] POINT shard=34 idx=7/8 eps_a=7.57895 eps_c=0.684211 dt=771.30s event=1 spin=1 bin=1 min_fpp=-3.356469e-01 phi_min_fpp=0.0688 n_valid=51/51 n_invalid_phi=0 phi_feasible=[0,1] n_success=51 max_res=9.474e-07 mean_res=3.325e-07 mode=avgE e_lin=[-3.853e+01,0.000e+00] barrier=5.892e-03 bethe=none bmode=attractive borient=orbit_average bgamma=off braw_med=0.000e+00 bcorr_med=0.000e+00 bp_med=1.000e+00 status=ok
[2026-05-16 03:04:09] shard 34: 8/8 eps_a=8.000 eps_c=0.684 dt=651.9s found=Y RSS=274884kB
[2026-05-16 03:04:09] POINT shard=34 idx=8/8 eps_a=8 eps_c=0.684211 dt=651.86s event=1 spin=1 bin=1 min_fpp=-3.356331e-01 phi_min_fpp=0.0688 n_valid=51/51 n_invalid_phi=0 phi_feasible=[0,1] n_success=51 max_res=9.852e-07 mean_res=3.268e-07 mode=avgE e_lin=[-4.021e+01,0.000e+00] barrier=5.892e-03 bethe=none bmode=attractive borient=orbit_average bgamma=off braw_med=0.000e+00 bcorr_med=0.000e+00 bp_med=1.000e+00 status=ok
[2026-05-16 03:04:09] shard 34: saved /pool/hamza/000011_scan_selfconsistent_bethe/shards/shard_0034.npz with 8 points
[2026-05-16 03:11:43] POINT shard=31 idx=7/8 eps_a=5.89474 eps_c=0.631579 dt=1468.46s event=1 spin=1 bin=1 min_fpp=-2.699784e-01 phi_min_fpp=0.0688 n_valid=51/51 n_invalid_phi=0 phi_feasible=[0,1] n_success=51 max_res=9.997e-07 mean_res=2.315e-07 mode=avgE e_lin=[-3.116e+01,0.000e+00] barrier=4.354e-03 bethe=none bmode=attractive borient=orbit_average bgamma=off braw_med=0.000e+00 bcorr_med=0.000e+00 bp_med=1.000e+00 status=ok
[2026-05-16 03:43:32] POINT shard=39 idx=7/8 eps_a=7.57895 eps_c=0.789474 dt=22269.51s event=1 spin=1 bin=1 min_fpp=-4.385299e-01 phi_min_fpp=0.0884 n_valid=43/51 n_invalid_phi=0 phi_feasible=[0,1] n_success=43 max_res=3.870e-06 mean_res=8.150e-07 mode=avgE e_lin=[-3.979e+01,0.000e+00] barrier=8.060e-03 bethe=none bmode=attractive borient=orbit_average bgamma=off braw_med=0.000e+00 bcorr_med=0.000e+00 bp_med=1.000e+00 status=ok
[2026-05-16 04:00:36] shard 13: 6/8 eps_a=3.789 eps_c=0.263 dt=106547.3s found=Y RSS=274880kB
[2026-05-16 04:00:36] POINT shard=13 idx=6/8 eps_a=3.78947 eps_c=0.263158 dt=106547.27s event=0 spin=0 bin=0 min_fpp=nan phi_min_fpp=nan n_valid=1/51 n_invalid_phi=0 phi_feasible=[0,1] n_success=1 max_res=1.056e-01 mean_res=3.389e-02 mode=avgE e_lin=[-1.832e+01,0.000e+00] barrier=nan bethe=none bmode=attractive borient=orbit_average bgamma=off braw_med=0.000e+00 bcorr_med=0.000e+00 bp_med=1.000e+00 status=too_few_valid_phi
[2026-05-16 04:17:12] shard 46: 8/8 eps_a=6.316 eps_c=0.947 dt=14673.2s found=Y RSS=276792kB
[2026-05-16 04:17:12] POINT shard=46 idx=8/8 eps_a=6.31579 eps_c=0.947368 dt=14673.21s event=1 spin=1 bin=1 min_fpp=-6.972486e-01 phi_min_fpp=0.0688 n_valid=47/51 n_invalid_phi=0 phi_feasible=[0,1] n_success=47 max_res=2.695e-05 mean_res=9.795e-07 mode=avgE e_lin=[-3.663e+01,0.000e+00] barrier=1.421e-02 bethe=none bmode=attractive borient=orbit_average bgamma=off braw_med=0.000e+00 bcorr_med=0.000e+00 bp_med=1.000e+00 status=ok
[2026-05-16 04:17:12] shard 46: saved /pool/hamza/000011_scan_selfconsistent_bethe/shards/shard_0046.npz with 8 points
[2026-05-16 04:32:59] shard 12: 2/8 eps_a=7.158 eps_c=0.211 dt=74601.9s found=Y RSS=274576kB
[2026-05-16 04:32:59] POINT shard=12 idx=2/8 eps_a=7.15789 eps_c=0.210526 dt=74601.86s event=0 spin=0 bin=0 min_fpp=4.671307e-02 phi_min_fpp=0.0688 n_valid=26/51 n_invalid_phi=0 phi_feasible=[0,1] n_success=26 max_res=3.328e-06 mean_res=1.314e-06 mode=avgE e_lin=[-3.116e+01,0.000e+00] barrier=nan bethe=none bmode=attractive borient=orbit_average bgamma=off braw_med=0.000e+00 bcorr_med=0.000e+00 bp_med=1.000e+00 status=ok
[2026-05-16 04:34:31] shard 37: 4/8 eps_a=8.000 eps_c=0.737 dt=17601.0s found=Y RSS=275752kB
[2026-05-16 04:34:31] POINT shard=37 idx=4/8 eps_a=8 eps_c=0.736842 dt=17601.00s event=1 spin=1 bin=1 min_fpp=-4.177148e-01 phi_min_fpp=0.1276 n_valid=45/51 n_invalid_phi=0 phi_feasible=[0,1] n_success=45 max_res=3.844e-05 mean_res=1.333e-06 mode=avgE e_lin=[-4.084e+01,0.000e+00] barrier=6.975e-03 bethe=none bmode=attractive borient=orbit_average bgamma=off braw_med=0.000e+00 bcorr_med=0.000e+00 bp_med=1.000e+00 status=ok
[2026-05-16 04:36:21] POINT shard=37 idx=5/8 eps_a=0 eps_c=0.789474 dt=110.43s event=0 spin=0 bin=0 min_fpp=4.139847e-01 phi_min_fpp=0.4216 n_valid=51/51 n_invalid_phi=0 phi_feasible=[0,1] n_success=51 max_res=9.776e-07 mean_res=3.555e-07 mode=avgE e_lin=[-9.474e+00,0.000e+00] barrier=nan bethe=none bmode=attractive borient=orbit_average bgamma=off braw_med=0.000e+00 bcorr_med=0.000e+00 bp_med=1.000e+00 status=ok
[2026-05-16 04:38:12] shard 37: 6/8 eps_a=0.421 eps_c=0.789 dt=110.9s found=Y RSS=275752kB
[2026-05-16 04:38:12] POINT shard=37 idx=6/8 eps_a=0.421053 eps_c=0.789474 dt=110.87s event=0 spin=0 bin=0 min_fpp=2.976850e-01 phi_min_fpp=0.402 n_valid=51/51 n_invalid_phi=0 phi_feasible=[0,1] n_success=51 max_res=9.711e-07 mean_res=3.119e-07 mode=avgE e_lin=[-1.116e+01,0.000e+00] barrier=nan bethe=none bmode=attractive borient=orbit_average bgamma=off braw_med=0.000e+00 bcorr_med=0.000e+00 bp_med=1.000e+00 status=ok
[2026-05-16 04:41:13] POINT shard=37 idx=7/8 eps_a=0.842105 eps_c=0.789474 dt=181.00s event=0 spin=0 bin=0 min_fpp=1.716063e-01 phi_min_fpp=0.3824 n_valid=51/51 n_invalid_phi=0 phi_feasible=[0,1] n_success=51 max_res=9.820e-07 mean_res=3.194e-07 mode=avgE e_lin=[-1.284e+01,0.000e+00] barrier=nan bethe=none bmode=attractive borient=orbit_average bgamma=off braw_med=0.000e+00 bcorr_med=0.000e+00 bp_med=1.000e+00 status=ok
[2026-05-16 04:44:56] shard 37: 8/8 eps_a=1.263 eps_c=0.789 dt=223.0s found=Y RSS=275752kB
[2026-05-16 04:44:56] POINT shard=37 idx=8/8 eps_a=1.26316 eps_c=0.789474 dt=223.00s event=0 spin=0 bin=0 min_fpp=3.877377e-02 phi_min_fpp=0.3432 n_valid=51/51 n_invalid_phi=0 phi_feasible=[0,1] n_success=51 max_res=9.314e-07 mean_res=3.623e-07 mode=avgE e_lin=[-1.453e+01,0.000e+00] barrier=nan bethe=none bmode=attractive borient=orbit_average bgamma=off braw_med=0.000e+00 bcorr_med=0.000e+00 bp_med=1.000e+00 status=ok
[2026-05-16 04:44:56] shard 37: saved /pool/hamza/000011_scan_selfconsistent_bethe/shards/shard_0037.npz with 4 points
[2026-05-16 04:56:14] shard 7: 4/8 eps_a=8.000 eps_c=0.105 dt=27220.5s found=Y RSS=274752kB
[2026-05-16 04:56:14] POINT shard=7 idx=4/8 eps_a=8 eps_c=0.105263 dt=27220.53s event=0 spin=0 bin=0 min_fpp=1.076134e-01 phi_min_fpp=0.0884 n_valid=39/51 n_invalid_phi=0 phi_feasible=[0,1] n_success=39 max_res=1.179e-06 mean_res=7.219e-07 mode=avgE e_lin=[-3.326e+01,0.000e+00] barrier=nan bethe=none bmode=attractive borient=orbit_average bgamma=off braw_med=0.000e+00 bcorr_med=0.000e+00 bp_med=1.000e+00 status=ok
[2026-05-16 04:58:08] POINT shard=7 idx=5/8 eps_a=0 eps_c=0.157895 dt=113.70s event=0 spin=0 bin=0 min_fpp=2.099554e+00 phi_min_fpp=0.3628 n_valid=51/51 n_invalid_phi=0 phi_feasible=[0,1] n_success=51 max_res=9.243e-07 mean_res=3.447e-07 mode=avgE e_lin=[-1.895e+00,0.000e+00] barrier=nan bethe=none bmode=attractive borient=orbit_average bgamma=off braw_med=0.000e+00 bcorr_med=0.000e+00 bp_med=1.000e+00 status=ok
[2026-05-16 05:00:02] shard 7: 6/8 eps_a=0.421 eps_c=0.158 dt=113.7s found=Y RSS=274752kB
[2026-05-16 05:00:02] POINT shard=7 idx=6/8 eps_a=0.421053 eps_c=0.157895 dt=113.74s event=0 spin=0 bin=0 min_fpp=1.965281e+00 phi_min_fpp=0.3628 n_valid=51/51 n_invalid_phi=0 phi_feasible=[0,1] n_success=51 max_res=9.242e-07 mean_res=2.523e-07 mode=avgE e_lin=[-3.579e+00,0.000e+00] barrier=nan bethe=none bmode=attractive borient=orbit_average bgamma=off braw_med=0.000e+00 bcorr_med=0.000e+00 bp_med=1.000e+00 status=ok
[2026-05-16 05:01:56] POINT shard=7 idx=7/8 eps_a=0.842105 eps_c=0.157895 dt=113.85s event=0 spin=0 bin=0 min_fpp=1.803775e+00 phi_min_fpp=0.3824 n_valid=51/51 n_invalid_phi=0 phi_feasible=[0,1] n_success=51 max_res=9.429e-07 mean_res=3.306e-07 mode=avgE e_lin=[-5.263e+00,0.000e+00] barrier=nan bethe=none bmode=attractive borient=orbit_average bgamma=off braw_med=0.000e+00 bcorr_med=0.000e+00 bp_med=1.000e+00 status=ok
[2026-05-16 05:03:37] shard 7: 8/8 eps_a=1.263 eps_c=0.158 dt=101.5s found=Y RSS=274752kB
[2026-05-16 05:03:37] POINT shard=7 idx=8/8 eps_a=1.26316 eps_c=0.157895 dt=101.47s event=0 spin=0 bin=0 min_fpp=1.612220e+00 phi_min_fpp=0.3824 n_valid=51/51 n_invalid_phi=0 phi_feasible=[0,1] n_success=51 max_res=9.895e-07 mean_res=3.916e-07 mode=avgE e_lin=[-6.947e+00,0.000e+00] barrier=nan bethe=none bmode=attractive borient=orbit_average bgamma=off braw_med=0.000e+00 bcorr_med=0.000e+00 bp_med=1.000e+00 status=ok
[2026-05-16 05:03:37] shard 7: saved /pool/hamza/000011_scan_selfconsistent_bethe/shards/shard_0007.npz with 0 points
[2026-05-16 05:07:23] shard 4: 1/8 eps_a=5.053 eps_c=0.053 dt=116715.9s found=Y RSS=274788kB
[2026-05-16 05:07:23] POINT shard=4 idx=1/8 eps_a=5.05263 eps_c=0.0526316 dt=116715.87s event=0 spin=0 bin=0 min_fpp=4.143131e-01 phi_min_fpp=0.6764 n_valid=18/51 n_invalid_phi=0 phi_feasible=[0,1] n_success=18 max_res=2.049e-01 mean_res=3.926e-02 mode=avgE e_lin=[-2.084e+01,0.000e+00] barrier=nan bethe=none bmode=attractive borient=orbit_average bgamma=off braw_med=0.000e+00 bcorr_med=0.000e+00 bp_med=1.000e+00 status=ok
[2026-05-16 05:28:43] shard 4: 2/8 eps_a=5.474 eps_c=0.053 dt=1279.7s found=Y RSS=274884kB
[2026-05-16 05:28:43] POINT shard=4 idx=2/8 eps_a=5.47368 eps_c=0.0526316 dt=1279.66s event=0 spin=0 bin=0 min_fpp=1.355677e-01 phi_min_fpp=0.0688 n_valid=51/51 n_invalid_phi=0 phi_feasible=[0,1] n_success=51 max_res=9.677e-07 mean_res=2.756e-07 mode=avgE e_lin=[-2.253e+01,0.000e+00] barrier=nan bethe=none bmode=attractive borient=orbit_average bgamma=off braw_med=0.000e+00 bcorr_med=0.000e+00 bp_med=1.000e+00 status=ok
[2026-05-16 05:54:05] POINT shard=4 idx=3/8 eps_a=5.89474 eps_c=0.0526316 dt=1521.72s event=0 spin=0 bin=0 min_fpp=1.351653e-01 phi_min_fpp=0.0688 n_valid=51/51 n_invalid_phi=0 phi_feasible=[0,1] n_success=51 max_res=9.470e-07 mean_res=2.277e-07 mode=avgE e_lin=[-2.421e+01,0.000e+00] barrier=nan bethe=none bmode=attractive borient=orbit_average bgamma=off braw_med=0.000e+00 bcorr_med=0.000e+00 bp_med=1.000e+00 status=ok
[2026-05-16 06:21:29] shard 4: 4/8 eps_a=6.316 eps_c=0.053 dt=1644.0s found=Y RSS=274884kB
[2026-05-16 06:21:29] POINT shard=4 idx=4/8 eps_a=6.31579 eps_c=0.0526316 dt=1644.03s event=0 spin=0 bin=0 min_fpp=1.345515e-01 phi_min_fpp=0.0688 n_valid=51/51 n_invalid_phi=0 phi_feasible=[0,1] n_success=51 max_res=9.403e-07 mean_res=1.954e-07 mode=avgE e_lin=[-2.589e+01,0.000e+00] barrier=nan bethe=none bmode=attractive borient=orbit_average bgamma=off braw_med=0.000e+00 bcorr_med=0.000e+00 bp_med=1.000e+00 status=ok
[2026-05-16 08:00:15] shard 32: 2/8 eps_a=7.158 eps_c=0.632 dt=53036.8s found=Y RSS=275184kB
[2026-05-16 08:00:15] POINT shard=32 idx=2/8 eps_a=7.15789 eps_c=0.631579 dt=53036.79s event=1 spin=1 bin=1 min_fpp=-4.161031e-01 phi_min_fpp=0.0688 n_valid=31/51 n_invalid_phi=0 phi_feasible=[0,1] n_success=31 max_res=4.355e-06 mean_res=1.247e-06 mode=avgE e_lin=[-3.621e+01,0.000e+00] barrier=6.884e-03 bethe=none bmode=attractive borient=orbit_average bgamma=off braw_med=0.000e+00 bcorr_med=0.000e+00 bp_med=1.000e+00 status=ok
[2026-05-16 08:28:46] shard 42: 4/8 eps_a=8.000 eps_c=0.842 dt=31015.3s found=Y RSS=275468kB
[2026-05-16 08:28:46] POINT shard=42 idx=4/8 eps_a=8 eps_c=0.842105 dt=31015.33s event=1 spin=1 bin=1 min_fpp=-5.712107e-01 phi_min_fpp=0.0688 n_valid=42/51 n_invalid_phi=0 phi_feasible=[0,1] n_success=42 max_res=1.811e-04 mean_res=4.357e-06 mode=avgE e_lin=[-4.211e+01,0.000e+00] barrier=1.133e-02 bethe=none bmode=attractive borient=orbit_average bgamma=off braw_med=0.000e+00 bcorr_med=0.000e+00 bp_med=1.000e+00 status=ok
[2026-05-16 08:31:29] POINT shard=42 idx=5/8 eps_a=0 eps_c=0.894737 dt=163.49s event=0 spin=0 bin=0 min_fpp=1.813292e-01 phi_min_fpp=0.3824 n_valid=51/51 n_invalid_phi=0 phi_feasible=[0,1] n_success=51 max_res=8.851e-07 mean_res=3.295e-07 mode=avgE e_lin=[-1.074e+01,0.000e+00] barrier=nan bethe=none bmode=attractive borient=orbit_average bgamma=off braw_med=0.000e+00 bcorr_med=0.000e+00 bp_med=1.000e+00 status=ok
[2026-05-16 08:35:08] shard 42: 6/8 eps_a=0.421 eps_c=0.895 dt=218.4s found=Y RSS=275468kB
[2026-05-16 08:35:08] POINT shard=42 idx=6/8 eps_a=0.421053 eps_c=0.894737 dt=218.45s event=0 spin=0 bin=0 min_fpp=7.621476e-02 phi_min_fpp=0.3628 n_valid=51/51 n_invalid_phi=0 phi_feasible=[0,1] n_success=51 max_res=9.982e-07 mean_res=3.015e-07 mode=avgE e_lin=[-1.242e+01,0.000e+00] barrier=nan bethe=none bmode=attractive borient=orbit_average bgamma=off braw_med=0.000e+00 bcorr_med=0.000e+00 bp_med=1.000e+00 status=ok
[2026-05-16 08:37:38] POINT shard=42 idx=7/8 eps_a=0.842105 eps_c=0.894737 dt=150.12s event=1 spin=1 bin=1 min_fpp=-4.147342e-02 phi_min_fpp=0.3236 n_valid=51/51 n_invalid_phi=0 phi_feasible=[0,1] n_success=51 max_res=9.536e-07 mean_res=3.591e-07 mode=avgE e_lin=[-1.411e+01,0.000e+00] barrier=4.471e-04 bethe=none bmode=attractive borient=orbit_average bgamma=off braw_med=0.000e+00 bcorr_med=0.000e+00 bp_med=1.000e+00 status=ok
[2026-05-16 08:41:31] shard 42: 8/8 eps_a=1.263 eps_c=0.895 dt=233.3s found=Y RSS=275468kB
[2026-05-16 08:41:31] POINT shard=42 idx=8/8 eps_a=1.26316 eps_c=0.894737 dt=233.32s event=1 spin=1 bin=1 min_fpp=-1.729624e-01 phi_min_fpp=0.2648 n_valid=51/51 n_invalid_phi=0 phi_feasible=[0,1] n_success=51 max_res=9.421e-07 mean_res=3.323e-07 mode=avgE e_lin=[-1.579e+01,0.000e+00] barrier=4.098e-03 bethe=none bmode=attractive borient=orbit_average bgamma=off braw_med=0.000e+00 bcorr_med=0.000e+00 bp_med=1.000e+00 status=ok
[2026-05-16 08:41:31] shard 42: saved /pool/hamza/000011_scan_selfconsistent_bethe/shards/shard_0042.npz with 6 points
[2026-05-16 08:58:56] shard 41: 8/8 eps_a=6.316 eps_c=0.842 dt=22115.6s found=Y RSS=275276kB
[2026-05-16 08:58:56] POINT shard=41 idx=8/8 eps_a=6.31579 eps_c=0.842105 dt=22115.60s event=1 spin=1 bin=1 min_fpp=-6.955227e-01 phi_min_fpp=0.0688 n_valid=41/51 n_invalid_phi=0 phi_feasible=[0,1] n_success=41 max_res=5.700e-06 mean_res=7.773e-07 mode=avgE e_lin=[-3.537e+01,0.000e+00] barrier=1.366e-02 bethe=none bmode=attractive borient=orbit_average bgamma=off braw_med=0.000e+00 bcorr_med=0.000e+00 bp_med=1.000e+00 status=ok
[2026-05-16 08:58:56] shard 41: saved /pool/hamza/000011_scan_selfconsistent_bethe/shards/shard_0041.npz with 7 points
[2026-05-16 09:11:10] shard 39: 8/8 eps_a=8.000 eps_c=0.789 dt=19657.9s found=Y RSS=275572kB
[2026-05-16 09:11:10] POINT shard=39 idx=8/8 eps_a=8 eps_c=0.789474 dt=19657.93s event=1 spin=1 bin=1 min_fpp=-5.793651e-01 phi_min_fpp=0.108 n_valid=44/51 n_invalid_phi=0 phi_feasible=[0,1] n_success=44 max_res=1.481e-05 mean_res=8.343e-07 mode=avgE e_lin=[-4.147e+01,0.000e+00] barrier=9.451e-03 bethe=none bmode=attractive borient=orbit_average bgamma=off braw_med=0.000e+00 bcorr_med=0.000e+00 bp_med=1.000e+00 status=ok
[2026-05-16 09:11:10] shard 39: saved /pool/hamza/000011_scan_selfconsistent_bethe/shards/shard_0039.npz with 8 points
[2026-05-16 09:38:45] POINT shard=22 idx=3/8 eps_a=7.57895 eps_c=0.421053 dt=50768.99s event=1 spin=1 bin=1 min_fpp=-1.260934e+00 phi_min_fpp=0.1472 n_valid=29/51 n_invalid_phi=0 phi_feasible=[0,1] n_success=29 max_res=2.362e-05 mean_res=1.658e-06 mode=avgE e_lin=[-3.537e+01,0.000e+00] barrier=5.455e-04 bethe=none bmode=attractive borient=orbit_average bgamma=off braw_med=0.000e+00 bcorr_med=0.000e+00 bp_med=1.000e+00 status=ok
[2026-05-16 09:44:17] POINT shard=4 idx=5/8 eps_a=6.73684 eps_c=0.0526316 dt=12167.45s event=0 spin=0 bin=0 min_fpp=1.316092e-01 phi_min_fpp=0.0688 n_valid=47/51 n_invalid_phi=0 phi_feasible=[0,1] n_success=47 max_res=1.765e-05 mean_res=9.014e-07 mode=avgE e_lin=[-2.758e+01,0.000e+00] barrier=nan bethe=none bmode=attractive borient=orbit_average bgamma=off braw_med=0.000e+00 bcorr_med=0.000e+00 bp_med=1.000e+00 status=ok
[2026-05-16 10:22:42] shard 4: 6/8 eps_a=7.158 eps_c=0.053 dt=2305.0s found=Y RSS=274884kB
[2026-05-16 10:22:42] POINT shard=4 idx=6/8 eps_a=7.15789 eps_c=0.0526316 dt=2305.00s event=0 spin=0 bin=0 min_fpp=1.280351e-01 phi_min_fpp=0.0688 n_valid=51/51 n_invalid_phi=0 phi_feasible=[0,1] n_success=51 max_res=8.638e-07 mean_res=1.753e-07 mode=avgE e_lin=[-2.926e+01,0.000e+00] barrier=nan bethe=none bmode=attractive borient=orbit_average bgamma=off braw_med=0.000e+00 bcorr_med=0.000e+00 bp_med=1.000e+00 status=ok
[2026-05-16 10:30:32] POINT shard=6 idx=3/8 eps_a=4.21053 eps_c=0.105263 dt=130100.85s event=1 spin=1 bin=0 min_fpp=-1.506897e-01 phi_min_fpp=0.8332 n_valid=11/51 n_invalid_phi=0 phi_feasible=[0,1] n_success=11 max_res=8.830e-02 mean_res=3.258e-02 mode=avgE e_lin=[-1.811e+01,0.000e+00] barrier=nan bethe=none bmode=attractive borient=orbit_average bgamma=off braw_med=0.000e+00 bcorr_med=0.000e+00 bp_med=1.000e+00 status=ok
[2026-05-16 11:13:26] POINT shard=4 idx=7/8 eps_a=7.57895 eps_c=0.0526316 dt=3044.06s event=0 spin=0 bin=0 min_fpp=1.278812e-01 phi_min_fpp=0.0688 n_valid=51/51 n_invalid_phi=0 phi_feasible=[0,1] n_success=51 max_res=9.326e-07 mean_res=4.408e-07 mode=avgE e_lin=[-3.095e+01,0.000e+00] barrier=nan bethe=none bmode=attractive borient=orbit_average bgamma=off braw_med=0.000e+00 bcorr_med=0.000e+00 bp_med=1.000e+00 status=ok
[2026-05-16 11:34:26] shard 6: 4/8 eps_a=4.632 eps_c=0.105 dt=3834.2s found=Y RSS=275000kB
[2026-05-16 11:34:26] POINT shard=6 idx=4/8 eps_a=4.63158 eps_c=0.105263 dt=3834.18s event=0 spin=0 bin=0 min_fpp=1.257490e-01 phi_min_fpp=0.0884 n_valid=50/51 n_invalid_phi=0 phi_feasible=[0,1] n_success=50 max_res=5.694e-05 mean_res=1.327e-06 mode=avgE e_lin=[-1.979e+01,0.000e+00] barrier=nan bethe=none bmode=attractive borient=orbit_average bgamma=off braw_med=0.000e+00 bcorr_med=0.000e+00 bp_med=1.000e+00 status=ok
[2026-05-16 11:50:36] shard 9: 8/8 eps_a=8.000 eps_c=0.158 dt=66867.0s found=Y RSS=275428kB
[2026-05-16 11:50:36] POINT shard=9 idx=8/8 eps_a=8 eps_c=0.157895 dt=66866.99s event=1 spin=1 bin=0 min_fpp=-2.139345e+00 phi_min_fpp=0.0688 n_valid=18/51 n_invalid_phi=0 phi_feasible=[0,1] n_success=18 max_res=1.693e-04 mean_res=2.205e-05 mode=avgE e_lin=[-3.389e+01,0.000e+00] barrier=nan bethe=none bmode=attractive borient=orbit_average bgamma=off braw_med=0.000e+00 bcorr_med=0.000e+00 bp_med=1.000e+00 status=ok
[2026-05-16 11:50:37] shard 9: saved /pool/hamza/000011_scan_selfconsistent_bethe/shards/shard_0009.npz with 1 points
[2026-05-16 12:30:56] POINT shard=6 idx=5/8 eps_a=5.05263 eps_c=0.105263 dt=3389.60s event=0 spin=0 bin=0 min_fpp=1.238605e-01 phi_min_fpp=0.0884 n_valid=50/51 n_invalid_phi=0 phi_feasible=[0,1] n_success=50 max_res=3.810e-05 mean_res=9.663e-07 mode=avgE e_lin=[-2.147e+01,0.000e+00] barrier=nan bethe=none bmode=attractive borient=orbit_average bgamma=off braw_med=0.000e+00 bcorr_med=0.000e+00 bp_med=1.000e+00 status=ok
[2026-05-16 13:05:26] POINT shard=49 idx=5/8 eps_a=6.73684 eps_c=1 dt=45455.21s event=1 spin=1 bin=1 min_fpp=-2.344446e+00 phi_min_fpp=0.4412 n_valid=30/51 n_invalid_phi=0 phi_feasible=[0,1] n_success=30 max_res=2.382e-05 mean_res=2.027e-06 mode=avgE e_lin=[-3.895e+01,0.000e+00] barrier=1.413e-02 bethe=none bmode=attractive borient=orbit_average bgamma=off braw_med=0.000e+00 bcorr_med=0.000e+00 bp_med=1.000e+00 status=ok
[2026-05-16 13:26:02] shard 47: 4/8 eps_a=8.000 eps_c=0.947 dt=106101.9s found=Y RSS=275684kB
[2026-05-16 13:26:02] POINT shard=47 idx=4/8 eps_a=8 eps_c=0.947368 dt=106101.92s event=1 spin=1 bin=0 min_fpp=-7.596453e-01 phi_min_fpp=0.0688 n_valid=14/51 n_invalid_phi=0 phi_feasible=[0,1] n_success=14 max_res=2.431e-01 mean_res=3.527e-02 mode=avgE e_lin=[-4.337e+01,0.000e+00] barrier=nan bethe=none bmode=attractive borient=orbit_average bgamma=off braw_med=0.000e+00 bcorr_med=0.000e+00 bp_med=1.000e+00 status=ok
[2026-05-16 13:29:21] POINT shard=47 idx=5/8 eps_a=0 eps_c=1 dt=198.47s event=1 spin=1 bin=1 min_fpp=-3.366464e-02 phi_min_fpp=0.3236 n_valid=51/51 n_invalid_phi=0 phi_feasible=[0,1] n_success=51 max_res=9.363e-07 mean_res=3.457e-07 mode=avgE e_lin=[-1.200e+01,0.000e+00] barrier=3.587e-04 bethe=none bmode=attractive borient=orbit_average bgamma=off braw_med=0.000e+00 bcorr_med=0.000e+00 bp_med=1.000e+00 status=ok
[2026-05-16 13:30:43] shard 6: 6/8 eps_a=5.474 eps_c=0.105 dt=3586.7s found=Y RSS=275000kB
[2026-05-16 13:30:43] POINT shard=6 idx=6/8 eps_a=5.47368 eps_c=0.105263 dt=3586.72s event=0 spin=0 bin=0 min_fpp=1.228973e-01 phi_min_fpp=0.0884 n_valid=50/51 n_invalid_phi=0 phi_feasible=[0,1] n_success=50 max_res=4.380e-05 mean_res=1.104e-06 mode=avgE e_lin=[-2.316e+01,0.000e+00] barrier=nan bethe=none bmode=attractive borient=orbit_average bgamma=off braw_med=0.000e+00 bcorr_med=0.000e+00 bp_med=1.000e+00 status=ok
[2026-05-16 13:33:59] shard 47: 6/8 eps_a=0.421 eps_c=1.000 dt=278.5s found=Y RSS=275688kB
[2026-05-16 13:33:59] POINT shard=47 idx=6/8 eps_a=0.421053 eps_c=1 dt=278.52s event=1 spin=1 bin=1 min_fpp=-1.385214e-01 phi_min_fpp=0.2844 n_valid=51/51 n_invalid_phi=0 phi_feasible=[0,1] n_success=51 max_res=9.605e-07 mean_res=3.439e-07 mode=avgE e_lin=[-1.368e+01,0.000e+00] barrier=2.823e-03 bethe=none bmode=attractive borient=orbit_average bgamma=off braw_med=0.000e+00 bcorr_med=0.000e+00 bp_med=1.000e+00 status=ok
[2026-05-16 13:34:03] POINT shard=32 idx=3/8 eps_a=7.57895 eps_c=0.631579 dt=20028.34s event=1 spin=1 bin=1 min_fpp=-2.852213e-01 phi_min_fpp=0.1472 n_valid=42/51 n_invalid_phi=0 phi_feasible=[0,1] n_success=42 max_res=3.511e-06 mean_res=8.996e-07 mode=avgE e_lin=[-3.789e+01,0.000e+00] barrier=3.949e-03 bethe=none bmode=attractive borient=orbit_average bgamma=off braw_med=0.000e+00 bcorr_med=0.000e+00 bp_med=1.000e+00 status=ok
[2026-05-16 13:37:18] POINT shard=47 idx=7/8 eps_a=0.842105 eps_c=1 dt=199.09s event=1 spin=1 bin=1 min_fpp=-2.648772e-01 phi_min_fpp=0.2452 n_valid=51/51 n_invalid_phi=0 phi_feasible=[0,1] n_success=51 max_res=9.810e-07 mean_res=2.686e-07 mode=avgE e_lin=[-1.537e+01,0.000e+00] barrier=7.293e-03 bethe=none bmode=attractive borient=orbit_average bgamma=off braw_med=0.000e+00 bcorr_med=0.000e+00 bp_med=1.000e+00 status=ok
[2026-05-16 13:41:04] shard 47: 8/8 eps_a=1.263 eps_c=1.000 dt=226.0s found=Y RSS=275688kB
[2026-05-16 13:41:04] POINT shard=47 idx=8/8 eps_a=1.26316 eps_c=1 dt=226.05s event=1 spin=1 bin=1 min_fpp=-4.609510e-01 phi_min_fpp=0.0884 n_valid=51/51 n_invalid_phi=0 phi_feasible=[0,1] n_success=51 max_res=8.752e-07 mean_res=2.895e-07 mode=avgE e_lin=[-1.705e+01,0.000e+00] barrier=1.138e-02 bethe=none bmode=attractive borient=orbit_average bgamma=off braw_med=0.000e+00 bcorr_med=0.000e+00 bp_med=1.000e+00 status=ok
[2026-05-16 13:41:05] shard 47: saved /pool/hamza/000011_scan_selfconsistent_bethe/shards/shard_0047.npz with 8 points
[2026-05-16 13:47:58] POINT shard=13 idx=7/8 eps_a=4.21053 eps_c=0.263158 dt=35242.39s event=0 spin=0 bin=0 min_fpp=1.117201e-01 phi_min_fpp=0.3824 n_valid=34/51 n_invalid_phi=0 phi_feasible=[0,1] n_success=34 max_res=5.599e-02 mean_res=6.911e-03 mode=avgE e_lin=[-2.000e+01,0.000e+00] barrier=nan bethe=none bmode=attractive borient=orbit_average bgamma=off braw_med=0.000e+00 bcorr_med=0.000e+00 bp_med=1.000e+00 status=ok
[2026-05-16 13:55:56] POINT shard=6 idx=7/8 eps_a=5.89474 eps_c=0.105263 dt=1513.40s event=0 spin=0 bin=0 min_fpp=1.194028e-01 phi_min_fpp=0.0688 n_valid=51/51 n_invalid_phi=0 phi_feasible=[0,1] n_success=51 max_res=9.714e-07 mean_res=2.396e-07 mode=avgE e_lin=[-2.484e+01,0.000e+00] barrier=nan bethe=none bmode=attractive borient=orbit_average bgamma=off braw_med=0.000e+00 bcorr_med=0.000e+00 bp_med=1.000e+00 status=ok
[2026-05-16 14:19:32] shard 6: 8/8 eps_a=6.316 eps_c=0.105 dt=1415.6s found=Y RSS=275000kB
[2026-05-16 14:19:32] POINT shard=6 idx=8/8 eps_a=6.31579 eps_c=0.105263 dt=1415.56s event=0 spin=0 bin=0 min_fpp=1.191309e-01 phi_min_fpp=0.0688 n_valid=51/51 n_invalid_phi=0 phi_feasible=[0,1] n_success=51 max_res=9.974e-07 mean_res=2.120e-07 mode=avgE e_lin=[-2.653e+01,0.000e+00] barrier=nan bethe=none bmode=attractive borient=orbit_average bgamma=off braw_med=0.000e+00 bcorr_med=0.000e+00 bp_med=1.000e+00 status=ok
[2026-05-16 14:19:32] shard 6: saved /pool/hamza/000011_scan_selfconsistent_bethe/shards/shard_0006.npz with 1 points
[2026-05-16 15:07:25] shard 13: 8/8 eps_a=4.632 eps_c=0.263 dt=4766.6s found=Y RSS=274888kB
[2026-05-16 15:07:25] POINT shard=13 idx=8/8 eps_a=4.63158 eps_c=0.263158 dt=4766.57s event=0 spin=0 bin=0 min_fpp=2.148852e-02 phi_min_fpp=0.108 n_valid=49/51 n_invalid_phi=0 phi_feasible=[0,1] n_success=49 max_res=6.656e-05 mean_res=1.578e-06 mode=avgE e_lin=[-2.168e+01,0.000e+00] barrier=nan bethe=none bmode=attractive borient=orbit_average bgamma=off braw_med=0.000e+00 bcorr_med=0.000e+00 bp_med=1.000e+00 status=ok
[2026-05-16 15:07:25] shard 13: saved /pool/hamza/000011_scan_selfconsistent_bethe/shards/shard_0013.npz with 0 points
[2026-05-16 15:46:20] shard 49: 6/8 eps_a=7.158 eps_c=1.000 dt=9653.9s found=Y RSS=275204kB
[2026-05-16 15:46:20] POINT shard=49 idx=6/8 eps_a=7.15789 eps_c=1 dt=9653.85s event=1 spin=1 bin=1 min_fpp=-7.682350e-01 phi_min_fpp=0.0688 n_valid=47/51 n_invalid_phi=0 phi_feasible=[0,1] n_success=47 max_res=1.920e-06 mean_res=6.041e-07 mode=avgE e_lin=[-4.063e+01,0.000e+00] barrier=1.545e-02 bethe=none bmode=attractive borient=orbit_average bgamma=off braw_med=0.000e+00 bcorr_med=0.000e+00 bp_med=1.000e+00 status=ok
[2026-05-16 16:33:19] POINT shard=49 idx=7/8 eps_a=7.57895 eps_c=1 dt=2819.49s event=1 spin=1 bin=1 min_fpp=-7.691172e-01 phi_min_fpp=0.0688 n_valid=51/51 n_invalid_phi=0 phi_feasible=[0,1] n_success=51 max_res=9.592e-07 mean_res=4.683e-07 mode=avgE e_lin=[-4.232e+01,0.000e+00] barrier=1.576e-02 bethe=none bmode=attractive borient=orbit_average bgamma=off braw_med=0.000e+00 bcorr_med=0.000e+00 bp_med=1.000e+00 status=ok
[2026-05-16 16:52:27] shard 49: 8/8 eps_a=8.000 eps_c=1.000 dt=1147.8s found=Y RSS=275204kB
[2026-05-16 16:52:27] POINT shard=49 idx=8/8 eps_a=8 eps_c=1 dt=1147.84s event=1 spin=1 bin=1 min_fpp=-7.686436e-01 phi_min_fpp=0.0688 n_valid=51/51 n_invalid_phi=0 phi_feasible=[0,1] n_success=51 max_res=9.857e-07 mean_res=3.878e-07 mode=avgE e_lin=[-4.400e+01,0.000e+00] barrier=1.577e-02 bethe=none bmode=attractive borient=orbit_average bgamma=off braw_med=0.000e+00 bcorr_med=0.000e+00 bp_med=1.000e+00 status=ok
[2026-05-16 16:52:27] shard 49: saved /pool/hamza/000011_scan_selfconsistent_bethe/shards/shard_0049.npz with 8 points
[2026-05-16 18:26:11] shard 4: 8/8 eps_a=8.000 eps_c=0.053 dt=25965.0s found=Y RSS=274888kB
[2026-05-16 18:26:11] POINT shard=4 idx=8/8 eps_a=8 eps_c=0.0526316 dt=25965.03s event=0 spin=0 bin=0 min_fpp=1.265170e-01 phi_min_fpp=0.0688 n_valid=41/51 n_invalid_phi=0 phi_feasible=[0,1] n_success=41 max_res=1.347e-05 mean_res=9.670e-07 mode=avgE e_lin=[-3.263e+01,0.000e+00] barrier=nan bethe=none bmode=attractive borient=orbit_average bgamma=off braw_med=0.000e+00 bcorr_med=0.000e+00 bp_med=1.000e+00 status=ok
[2026-05-16 18:26:11] shard 4: saved /pool/hamza/000011_scan_selfconsistent_bethe/shards/shard_0004.npz with 0 points
[2026-05-16 18:56:49] POINT shard=12 idx=3/8 eps_a=7.57895 eps_c=0.210526 dt=51830.26s event=1 spin=1 bin=0 min_fpp=-1.770817e+00 phi_min_fpp=0.108 n_valid=26/51 n_invalid_phi=0 phi_feasible=[0,1] n_success=26 max_res=4.645e-06 mean_res=1.456e-06 mode=avgE e_lin=[-3.284e+01,0.000e+00] barrier=nan bethe=none bmode=attractive borient=orbit_average bgamma=off braw_med=0.000e+00 bcorr_med=0.000e+00 bp_med=1.000e+00 status=ok
[2026-05-16 20:43:20] shard 22: 4/8 eps_a=8.000 eps_c=0.421 dt=39875.4s found=Y RSS=274936kB
[2026-05-16 20:43:20] POINT shard=22 idx=4/8 eps_a=8 eps_c=0.421053 dt=39875.37s event=1 spin=1 bin=0 min_fpp=-3.392640e-02 phi_min_fpp=0.2648 n_valid=32/51 n_invalid_phi=0 phi_feasible=[0,1] n_success=32 max_res=6.488e-06 mean_res=1.467e-06 mode=avgE e_lin=[-3.705e+01,0.000e+00] barrier=nan bethe=none bmode=attractive borient=orbit_average bgamma=off braw_med=0.000e+00 bcorr_med=0.000e+00 bp_med=1.000e+00 status=ok
[2026-05-16 20:45:00] POINT shard=22 idx=5/8 eps_a=0 eps_c=0.473684 dt=100.33s event=0 spin=0 bin=0 min_fpp=1.243637e+00 phi_min_fpp=0.402 n_valid=51/51 n_invalid_phi=0 phi_feasible=[0,1] n_success=51 max_res=9.989e-07 mean_res=3.509e-07 mode=avgE e_lin=[-5.684e+00,0.000e+00] barrier=nan bethe=none bmode=attractive borient=orbit_average bgamma=off braw_med=0.000e+00 bcorr_med=0.000e+00 bp_med=1.000e+00 status=ok
[2026-05-16 20:46:41] shard 22: 6/8 eps_a=0.421 eps_c=0.474 dt=100.4s found=Y RSS=274936kB
[2026-05-16 20:46:41] POINT shard=22 idx=6/8 eps_a=0.421053 eps_c=0.473684 dt=100.38s event=0 spin=0 bin=0 min_fpp=1.102592e+00 phi_min_fpp=0.4216 n_valid=51/51 n_invalid_phi=0 phi_feasible=[0,1] n_success=51 max_res=9.825e-07 mean_res=3.025e-07 mode=avgE e_lin=[-7.368e+00,0.000e+00] barrier=nan bethe=none bmode=attractive borient=orbit_average bgamma=off braw_med=0.000e+00 bcorr_med=0.000e+00 bp_med=1.000e+00 status=ok
[2026-05-16 20:48:22] POINT shard=22 idx=7/8 eps_a=0.842105 eps_c=0.473684 dt=100.65s event=0 spin=0 bin=0 min_fpp=9.371159e-01 phi_min_fpp=0.4216 n_valid=51/51 n_invalid_phi=0 phi_feasible=[0,1] n_success=51 max_res=9.842e-07 mean_res=3.078e-07 mode=avgE e_lin=[-9.053e+00,0.000e+00] barrier=nan bethe=none bmode=attractive borient=orbit_average bgamma=off braw_med=0.000e+00 bcorr_med=0.000e+00 bp_med=1.000e+00 status=ok
[2026-05-16 20:50:03] shard 22: 8/8 eps_a=1.263 eps_c=0.474 dt=101.0s found=Y RSS=274936kB
[2026-05-16 20:50:03] POINT shard=22 idx=8/8 eps_a=1.26316 eps_c=0.473684 dt=101.04s event=0 spin=0 bin=0 min_fpp=7.497093e-01 phi_min_fpp=0.4216 n_valid=51/51 n_invalid_phi=0 phi_feasible=[0,1] n_success=51 max_res=9.374e-07 mean_res=3.154e-07 mode=avgE e_lin=[-1.074e+01,0.000e+00] barrier=nan bethe=none bmode=attractive borient=orbit_average bgamma=off braw_med=0.000e+00 bcorr_med=0.000e+00 bp_med=1.000e+00 status=ok
[2026-05-16 20:50:03] shard 22: saved /pool/hamza/000011_scan_selfconsistent_bethe/shards/shard_0022.npz with 4 points
[2026-05-16 21:08:31] shard 32: 4/8 eps_a=8.000 eps_c=0.632 dt=27267.6s found=Y RSS=275188kB
[2026-05-16 21:08:31] POINT shard=32 idx=4/8 eps_a=8 eps_c=0.631579 dt=27267.64s event=1 spin=1 bin=1 min_fpp=-3.087786e-01 phi_min_fpp=0.1276 n_valid=40/51 n_invalid_phi=0 phi_feasible=[0,1] n_success=40 max_res=9.799e-02 mean_res=5.768e-03 mode=avgE e_lin=[-3.958e+01,0.000e+00] barrier=4.631e-03 bethe=none bmode=attractive borient=orbit_average bgamma=off braw_med=0.000e+00 bcorr_med=0.000e+00 bp_med=1.000e+00 status=ok
[2026-05-16 21:10:09] POINT shard=32 idx=5/8 eps_a=0 eps_c=0.684211 dt=98.10s event=0 spin=0 bin=0 min_fpp=6.736923e-01 phi_min_fpp=0.4216 n_valid=51/51 n_invalid_phi=0 phi_feasible=[0,1] n_success=51 max_res=9.427e-07 mean_res=2.880e-07 mode=avgE e_lin=[-8.211e+00,0.000e+00] barrier=nan bethe=none bmode=attractive borient=orbit_average bgamma=off braw_med=0.000e+00 bcorr_med=0.000e+00 bp_med=1.000e+00 status=ok
[2026-05-16 21:11:47] shard 32: 6/8 eps_a=0.421 eps_c=0.684 dt=98.3s found=Y RSS=275188kB
[2026-05-16 21:11:47] POINT shard=32 idx=6/8 eps_a=0.421053 eps_c=0.684211 dt=98.26s event=0 spin=0 bin=0 min_fpp=5.440588e-01 phi_min_fpp=0.4216 n_valid=51/51 n_invalid_phi=0 phi_feasible=[0,1] n_success=51 max_res=9.019e-07 mean_res=2.657e-07 mode=avgE e_lin=[-9.895e+00,0.000e+00] barrier=nan bethe=none bmode=attractive borient=orbit_average bgamma=off braw_med=0.000e+00 bcorr_med=0.000e+00 bp_med=1.000e+00 status=ok
[2026-05-16 21:13:26] POINT shard=32 idx=7/8 eps_a=0.842105 eps_c=0.684211 dt=98.23s event=0 spin=0 bin=0 min_fpp=4.015521e-01 phi_min_fpp=0.4216 n_valid=51/51 n_invalid_phi=0 phi_feasible=[0,1] n_success=51 max_res=9.374e-07 mean_res=4.068e-07 mode=avgE e_lin=[-1.158e+01,0.000e+00] barrier=nan bethe=none bmode=attractive borient=orbit_average bgamma=off braw_med=0.000e+00 bcorr_med=0.000e+00 bp_med=1.000e+00 status=ok
[2026-05-16 21:15:05] shard 32: 8/8 eps_a=1.263 eps_c=0.684 dt=99.1s found=Y RSS=275188kB
[2026-05-16 21:15:05] POINT shard=32 idx=8/8 eps_a=1.26316 eps_c=0.684211 dt=99.07s event=0 spin=0 bin=0 min_fpp=2.519709e-01 phi_min_fpp=0.3824 n_valid=51/51 n_invalid_phi=0 phi_feasible=[0,1] n_success=51 max_res=8.835e-07 mean_res=3.454e-07 mode=avgE e_lin=[-1.326e+01,0.000e+00] barrier=nan bethe=none bmode=attractive borient=orbit_average bgamma=off braw_med=0.000e+00 bcorr_med=0.000e+00 bp_med=1.000e+00 status=ok
[2026-05-16 21:15:05] shard 32: saved /pool/hamza/000011_scan_selfconsistent_bethe/shards/shard_0032.npz with 4 points
[2026-05-16 21:54:54] shard 31: 8/8 eps_a=6.316 eps_c=0.632 dt=67390.7s found=Y RSS=275836kB
[2026-05-16 21:54:54] POINT shard=31 idx=8/8 eps_a=6.31579 eps_c=0.631579 dt=67390.74s event=1 spin=1 bin=1 min_fpp=-2.792598e-01 phi_min_fpp=0.0688 n_valid=16/51 n_invalid_phi=0 phi_feasible=[0,1] n_success=16 max_res=9.169e-06 mean_res=2.689e-06 mode=avgE e_lin=[-3.284e+01,0.000e+00] barrier=4.201e-03 bethe=none bmode=attractive borient=orbit_average bgamma=off braw_med=0.000e+00 bcorr_med=0.000e+00 bp_med=1.000e+00 status=ok
[2026-05-16 21:54:54] shard 31: saved /pool/hamza/000011_scan_selfconsistent_bethe/shards/shard_0031.npz with 8 points
[2026-05-16 22:56:17] shard 12: 4/8 eps_a=8.000 eps_c=0.211 dt=14367.3s found=Y RSS=274584kB
[2026-05-16 22:56:17] POINT shard=12 idx=4/8 eps_a=8 eps_c=0.210526 dt=14367.30s event=0 spin=0 bin=0 min_fpp=6.834891e-02 phi_min_fpp=0.1668 n_valid=45/51 n_invalid_phi=0 phi_feasible=[0,1] n_success=45 max_res=4.809e-06 mean_res=6.797e-07 mode=avgE e_lin=[-3.453e+01,0.000e+00] barrier=nan bethe=none bmode=attractive borient=orbit_average bgamma=off braw_med=0.000e+00 bcorr_med=0.000e+00 bp_med=1.000e+00 status=ok
[2026-05-16 22:58:00] POINT shard=12 idx=5/8 eps_a=0 eps_c=0.263158 dt=103.30s event=0 spin=0 bin=0 min_fpp=1.818716e+00 phi_min_fpp=0.3824 n_valid=51/51 n_invalid_phi=0 phi_feasible=[0,1] n_success=51 max_res=9.679e-07 mean_res=2.966e-07 mode=avgE e_lin=[-3.158e+00,0.000e+00] barrier=nan bethe=none bmode=attractive borient=orbit_average bgamma=off braw_med=0.000e+00 bcorr_med=0.000e+00 bp_med=1.000e+00 status=ok
[2026-05-16 22:59:44] shard 12: 6/8 eps_a=0.421 eps_c=0.263 dt=103.5s found=Y RSS=274584kB
[2026-05-16 22:59:44] POINT shard=12 idx=6/8 eps_a=0.421053 eps_c=0.263158 dt=103.48s event=0 spin=0 bin=0 min_fpp=1.681171e+00 phi_min_fpp=0.3824 n_valid=51/51 n_invalid_phi=0 phi_feasible=[0,1] n_success=51 max_res=9.939e-07 mean_res=3.036e-07 mode=avgE e_lin=[-4.842e+00,0.000e+00] barrier=nan bethe=none bmode=attractive borient=orbit_average bgamma=off braw_med=0.000e+00 bcorr_med=0.000e+00 bp_med=1.000e+00 status=ok
[2026-05-16 23:01:16] POINT shard=12 idx=7/8 eps_a=0.842105 eps_c=0.263158 dt=91.80s event=0 spin=0 bin=0 min_fpp=1.518033e+00 phi_min_fpp=0.402 n_valid=51/51 n_invalid_phi=0 phi_feasible=[0,1] n_success=51 max_res=9.908e-07 mean_res=3.288e-07 mode=avgE e_lin=[-6.526e+00,0.000e+00] barrier=nan bethe=none bmode=attractive borient=orbit_average bgamma=off braw_med=0.000e+00 bcorr_med=0.000e+00 bp_med=1.000e+00 status=ok
[2026-05-16 23:02:48] shard 12: 8/8 eps_a=1.263 eps_c=0.263 dt=92.1s found=Y RSS=274584kB
[2026-05-16 23:02:48] POINT shard=12 idx=8/8 eps_a=1.26316 eps_c=0.263158 dt=92.14s event=0 spin=0 bin=0 min_fpp=1.322543e+00 phi_min_fpp=0.402 n_valid=51/51 n_invalid_phi=0 phi_feasible=[0,1] n_success=51 max_res=9.522e-07 mean_res=3.694e-07 mode=avgE e_lin=[-8.211e+00,0.000e+00] barrier=nan bethe=none bmode=attractive borient=orbit_average bgamma=off braw_med=0.000e+00 bcorr_med=0.000e+00 bp_med=1.000e+00 status=ok
[2026-05-16 23:02:48] shard 12: saved /pool/hamza/000011_scan_selfconsistent_bethe/shards/shard_0012.npz with 1 points
[cleanup] removing local mmap caches...
[node200] cleaned up local mmap cache
[merge] assemble final scan
merged shard files = 50
points.shape = (145, 2)
n_spinodal = 145
n_binodal = 131
n_diagnostics = 304
saved = /pool/hamza/000011_scan_selfconsistent_bethe/000011_selfconsistent_stateassoc_spinodal_scan.npz
DONE: /pool/hamza/000011_scan_selfconsistent_bethe/000011_selfconsistent_stateassoc_spinodal_scan.npz
