==================================================
job id         : 11490
partition      : volta-cpu
nodelist       : node[202-203]
nodes          : 2
ntasks         : 100
submit dir     : /pool/hamza/threed/cube_minimal_workflows
script         : /pool/hamza/threed/cube_minimal_workflows/cube_spinodal_scan_representative_assoc_full.py
case tag       : 111000
patches file   : /pool/hamza/threed/cube_minimal_workflows/111000_patches.npy
cache path     : /pool/hamza/threed/cube_minimal_workflows/cache/111000_cache_streaming_representative_dir
mmap dir       : /pool/hamza/111000_scan_selfconsistent_bethe/cache_mmap_representative
shard dir      : /pool/hamza/111000_scan_selfconsistent_bethe/shards
final npz      : /pool/hamza/111000_scan_selfconsistent_bethe/111000_selfconsistent_stateassoc_spinodal_scan.npz
grid           : 20 x 20
phis           : 51
closure        : representative baseline + optional post-solve Bethe diagnostic correction
linear term    : avgE
registry mode  : boltzmann
association mode: oriented_directed_face_state
factor         : 6.0
boundary quotient: 0
fallback Newton : 0
bethe correction : none
bethe strength   : 0.0
bethe contact factor: 1.0
bethe compat mode: attractive
bethe orientation: orbit_average
bethe threshold  : 1e-8
bethe max iter   : 500
bethe tol        : 1e-8
bethe sc max iter: 20
bethe sc tol     : 1e-5
bethe sc damping : 0.5
==================================================
[prepare] unpacking cache into mmap format (with bond_hist)...
[prepare-mmap] already prepared: /pool/hamza/111000_scan_selfconsistent_bethe/cache_mmap_representative
[stage] copying mmap cache to local disk on each node...
'/pool/hamza/111000_scan_selfconsistent_bethe/cache_mmap_representative/bond_hist.npy' -> '/tmp/11490_mmap_cache_representative_bethe/bond_hist.npy'
'/pool/hamza/111000_scan_selfconsistent_bethe/cache_mmap_representative/boundary_orbit_mult.npy' -> '/tmp/11490_mmap_cache_representative_bethe/boundary_orbit_mult.npy'
'/pool/hamza/111000_scan_selfconsistent_bethe/cache_mmap_representative/boundary_state_face_ids.npy' -> '/tmp/11490_mmap_cache_representative_bethe/boundary_state_face_ids.npy'
'/pool/hamza/111000_scan_selfconsistent_bethe/cache_mmap_representative/boundary_state_group_ptr.npy' -> '/tmp/11490_mmap_cache_representative_bethe/boundary_state_group_ptr.npy'
'/pool/hamza/111000_scan_selfconsistent_bethe/cache_mmap_representative/cfg.npy' -> '/tmp/11490_mmap_cache_representative_bethe/cfg.npy'
'/pool/hamza/111000_scan_selfconsistent_bethe/cache_mmap_representative/group_keys.npy' -> '/tmp/11490_mmap_cache_representative_bethe/group_keys.npy'
'/pool/hamza/111000_scan_selfconsistent_bethe/cache_mmap_representative/group_orbit_mult.npy' -> '/tmp/11490_mmap_cache_representative_bethe/group_orbit_mult.npy'
'/pool/hamza/111000_scan_selfconsistent_bethe/cache_mmap_representative/group_ptr.npy' -> '/tmp/11490_mmap_cache_representative_bethe/group_ptr.npy'
'/pool/hamza/111000_scan_selfconsistent_bethe/cache_mmap_representative/m_patch.npy' -> '/tmp/11490_mmap_cache_representative_bethe/m_patch.npy'
'/pool/hamza/111000_scan_selfconsistent_bethe/cache_mmap_representative/patch_group_ptr.npy' -> '/tmp/11490_mmap_cache_representative_bethe/patch_group_ptr.npy'
'/pool/hamza/111000_scan_selfconsistent_bethe/cache_mmap_representative/patch_to_small.npy' -> '/tmp/11490_mmap_cache_representative_bethe/patch_to_small.npy'
'/pool/hamza/111000_scan_selfconsistent_bethe/cache_mmap_representative/patch_to_species.npy' -> '/tmp/11490_mmap_cache_representative_bethe/patch_to_species.npy'
'/pool/hamza/111000_scan_selfconsistent_bethe/cache_mmap_representative/species_counts.npy' -> '/tmp/11490_mmap_cache_representative_bethe/species_counts.npy'
'/pool/hamza/111000_scan_selfconsistent_bethe/cache_mmap_representative/meta.npz' -> '/tmp/11490_mmap_cache_representative_bethe/meta.npz'
'/pool/hamza/111000_scan_selfconsistent_bethe/cache_mmap_representative/.ready' -> '/tmp/11490_mmap_cache_representative_bethe/.ready'
[node202] copied mmap cache to /tmp/11490_mmap_cache_representative_bethe (23G)
'/pool/hamza/111000_scan_selfconsistent_bethe/cache_mmap_representative/bond_hist.npy' -> '/tmp/11490_mmap_cache_representative_bethe/bond_hist.npy'
'/pool/hamza/111000_scan_selfconsistent_bethe/cache_mmap_representative/boundary_orbit_mult.npy' -> '/tmp/11490_mmap_cache_representative_bethe/boundary_orbit_mult.npy'
'/pool/hamza/111000_scan_selfconsistent_bethe/cache_mmap_representative/boundary_state_face_ids.npy' -> '/tmp/11490_mmap_cache_representative_bethe/boundary_state_face_ids.npy'
'/pool/hamza/111000_scan_selfconsistent_bethe/cache_mmap_representative/boundary_state_group_ptr.npy' -> '/tmp/11490_mmap_cache_representative_bethe/boundary_state_group_ptr.npy'
'/pool/hamza/111000_scan_selfconsistent_bethe/cache_mmap_representative/cfg.npy' -> '/tmp/11490_mmap_cache_representative_bethe/cfg.npy'
'/pool/hamza/111000_scan_selfconsistent_bethe/cache_mmap_representative/group_keys.npy' -> '/tmp/11490_mmap_cache_representative_bethe/group_keys.npy'
'/pool/hamza/111000_scan_selfconsistent_bethe/cache_mmap_representative/group_orbit_mult.npy' -> '/tmp/11490_mmap_cache_representative_bethe/group_orbit_mult.npy'
'/pool/hamza/111000_scan_selfconsistent_bethe/cache_mmap_representative/group_ptr.npy' -> '/tmp/11490_mmap_cache_representative_bethe/group_ptr.npy'
'/pool/hamza/111000_scan_selfconsistent_bethe/cache_mmap_representative/m_patch.npy' -> '/tmp/11490_mmap_cache_representative_bethe/m_patch.npy'
'/pool/hamza/111000_scan_selfconsistent_bethe/cache_mmap_representative/patch_group_ptr.npy' -> '/tmp/11490_mmap_cache_representative_bethe/patch_group_ptr.npy'
'/pool/hamza/111000_scan_selfconsistent_bethe/cache_mmap_representative/patch_to_small.npy' -> '/tmp/11490_mmap_cache_representative_bethe/patch_to_small.npy'
'/pool/hamza/111000_scan_selfconsistent_bethe/cache_mmap_representative/patch_to_species.npy' -> '/tmp/11490_mmap_cache_representative_bethe/patch_to_species.npy'
'/pool/hamza/111000_scan_selfconsistent_bethe/cache_mmap_representative/species_counts.npy' -> '/tmp/11490_mmap_cache_representative_bethe/species_counts.npy'
'/pool/hamza/111000_scan_selfconsistent_bethe/cache_mmap_representative/meta.npz' -> '/tmp/11490_mmap_cache_representative_bethe/meta.npz'
'/pool/hamza/111000_scan_selfconsistent_bethe/cache_mmap_representative/.ready' -> '/tmp/11490_mmap_cache_representative_bethe/.ready'
[node203] copied mmap cache to /tmp/11490_mmap_cache_representative_bethe (23G)
[stage] run shards
[2026-05-18 14:43:33] loading mmap cache from /tmp/11490_mmap_cache_representative_bethe
[2026-05-18 14:43:33] workspace allocated: n_groups=241129, n_ft=81, factor=6.0, linear_term_mode=avgE, registry_mode=boltzmann, association_mode=oriented_directed_face_state, use_boundary_quotient=False, cfg_includes_full_orbit=True, boundary_orbit_mult[min,max,mean]=(1.0, 24.0, 23.907539118065433), boundary_patch_mode=canonical_representative_undirected_face_patterns, boundary_sparse_entries=1353905, patches_per_group_mean=5.61485760733881, m_patch_sum[min,max]=(6.0,6.0)
[2026-05-18 14:43:33] RSS after setup: VmRSS:	  140948 kB
[2026-05-18 14:43:33] shard 16/100: range=[64, 68) count=4
[2026-05-18 14:43:33] loading mmap cache from /tmp/11490_mmap_cache_representative_bethe
[2026-05-18 14:43:33] loading mmap cache from /tmp/11490_mmap_cache_representative_bethe
[2026-05-18 14:43:33] workspace allocated: n_groups=241129, n_ft=81, factor=6.0, linear_term_mode=avgE, registry_mode=boltzmann, association_mode=oriented_directed_face_state, use_boundary_quotient=False, cfg_includes_full_orbit=True, boundary_orbit_mult[min,max,mean]=(1.0, 24.0, 23.907539118065433), boundary_patch_mode=canonical_representative_undirected_face_patterns, boundary_sparse_entries=1353905, patches_per_group_mean=5.61485760733881, m_patch_sum[min,max]=(6.0,6.0)
[2026-05-18 14:43:33] RSS after setup: VmRSS:	  141468 kB
[2026-05-18 14:43:33] shard 20/100: range=[80, 84) count=4
[2026-05-18 14:43:33] workspace allocated: n_groups=241129, n_ft=81, factor=6.0, linear_term_mode=avgE, registry_mode=boltzmann, association_mode=oriented_directed_face_state, use_boundary_quotient=False, cfg_includes_full_orbit=True, boundary_orbit_mult[min,max,mean]=(1.0, 24.0, 23.907539118065433), boundary_patch_mode=canonical_representative_undirected_face_patterns, boundary_sparse_entries=1353905, patches_per_group_mean=5.61485760733881, m_patch_sum[min,max]=(6.0,6.0)
[2026-05-18 14:43:33] RSS after setup: VmRSS:	  143380 kB
[2026-05-18 14:43:33] shard 28/100: range=[112, 116) count=4
[2026-05-18 14:43:33] loading mmap cache from /tmp/11490_mmap_cache_representative_bethe
[2026-05-18 14:43:33] loading mmap cache from /tmp/11490_mmap_cache_representative_bethe
[2026-05-18 14:43:33] workspace allocated: n_groups=241129, n_ft=81, factor=6.0, linear_term_mode=avgE, registry_mode=boltzmann, association_mode=oriented_directed_face_state, use_boundary_quotient=False, cfg_includes_full_orbit=True, boundary_orbit_mult[min,max,mean]=(1.0, 24.0, 23.907539118065433), boundary_patch_mode=canonical_representative_undirected_face_patterns, boundary_sparse_entries=1353905, patches_per_group_mean=5.61485760733881, m_patch_sum[min,max]=(6.0,6.0)
[2026-05-18 14:43:33] RSS after setup: VmRSS:	  142820 kB
[2026-05-18 14:43:33] shard 12/100: range=[48, 52) count=4
[2026-05-18 14:43:33] workspace allocated: n_groups=241129, n_ft=81, factor=6.0, linear_term_mode=avgE, registry_mode=boltzmann, association_mode=oriented_directed_face_state, use_boundary_quotient=False, cfg_includes_full_orbit=True, boundary_orbit_mult[min,max,mean]=(1.0, 24.0, 23.907539118065433), boundary_patch_mode=canonical_representative_undirected_face_patterns, boundary_sparse_entries=1353905, patches_per_group_mean=5.61485760733881, m_patch_sum[min,max]=(6.0,6.0)
[2026-05-18 14:43:33] RSS after setup: VmRSS:	  142748 kB
[2026-05-18 14:43:33] shard 9/100: range=[36, 40) count=4
[2026-05-18 14:43:33] loading mmap cache from /tmp/11490_mmap_cache_representative_bethe
[2026-05-18 14:43:33] loading mmap cache from /tmp/11490_mmap_cache_representative_bethe
[2026-05-18 14:43:33] loading mmap cache from /tmp/11490_mmap_cache_representative_bethe
[2026-05-18 14:43:33] workspace allocated: n_groups=241129, n_ft=81, factor=6.0, linear_term_mode=avgE, registry_mode=boltzmann, association_mode=oriented_directed_face_state, use_boundary_quotient=False, cfg_includes_full_orbit=True, boundary_orbit_mult[min,max,mean]=(1.0, 24.0, 23.907539118065433), boundary_patch_mode=canonical_representative_undirected_face_patterns, boundary_sparse_entries=1353905, patches_per_group_mean=5.61485760733881, m_patch_sum[min,max]=(6.0,6.0)
[2026-05-18 14:43:33] RSS after setup: VmRSS:	  144024 kB
[2026-05-18 14:43:33] shard 36/100: range=[144, 148) count=4
[2026-05-18 14:43:33] workspace allocated: n_groups=241129, n_ft=81, factor=6.0, linear_term_mode=avgE, registry_mode=boltzmann, association_mode=oriented_directed_face_state, use_boundary_quotient=False, cfg_includes_full_orbit=True, boundary_orbit_mult[min,max,mean]=(1.0, 24.0, 23.907539118065433), boundary_patch_mode=canonical_representative_undirected_face_patterns, boundary_sparse_entries=1353905, patches_per_group_mean=5.61485760733881, m_patch_sum[min,max]=(6.0,6.0)
[2026-05-18 14:43:33] RSS after setup: VmRSS:	  143388 kB
[2026-05-18 14:43:33] shard 10/100: range=[40, 44) count=4
[2026-05-18 14:43:33] workspace allocated: n_groups=241129, n_ft=81, factor=6.0, linear_term_mode=avgE, registry_mode=boltzmann, association_mode=oriented_directed_face_state, use_boundary_quotient=False, cfg_includes_full_orbit=True, boundary_orbit_mult[min,max,mean]=(1.0, 24.0, 23.907539118065433), boundary_patch_mode=canonical_representative_undirected_face_patterns, boundary_sparse_entries=1353905, patches_per_group_mean=5.61485760733881, m_patch_sum[min,max]=(6.0,6.0)
[2026-05-18 14:43:33] RSS after setup: VmRSS:	  141472 kB
[2026-05-18 14:43:33] shard 18/100: range=[72, 76) count=4
[2026-05-18 14:43:33] loading mmap cache from /tmp/11490_mmap_cache_representative_bethe
[2026-05-18 14:43:33] loading mmap cache from /tmp/11490_mmap_cache_representative_bethe
[2026-05-18 14:43:33] loading mmap cache from /tmp/11490_mmap_cache_representative_bethe
[2026-05-18 14:43:33] loading mmap cache from /tmp/11490_mmap_cache_representative_bethe
[2026-05-18 14:43:33] workspace allocated: n_groups=241129, n_ft=81, factor=6.0, linear_term_mode=avgE, registry_mode=boltzmann, association_mode=oriented_directed_face_state, use_boundary_quotient=False, cfg_includes_full_orbit=True, boundary_orbit_mult[min,max,mean]=(1.0, 24.0, 23.907539118065433), boundary_patch_mode=canonical_representative_undirected_face_patterns, boundary_sparse_entries=1353905, patches_per_group_mean=5.61485760733881, m_patch_sum[min,max]=(6.0,6.0)
[2026-05-18 14:43:33] RSS after setup: VmRSS:	  143396 kB
[2026-05-18 14:43:33] shard 30/100: range=[120, 124) count=4
[2026-05-18 14:43:33] workspace allocated: n_groups=241129, n_ft=81, factor=6.0, linear_term_mode=avgE, registry_mode=boltzmann, association_mode=oriented_directed_face_state, use_boundary_quotient=False, cfg_includes_full_orbit=True, boundary_orbit_mult[min,max,mean]=(1.0, 24.0, 23.907539118065433), boundary_patch_mode=canonical_representative_undirected_face_patterns, boundary_sparse_entries=1353905, patches_per_group_mean=5.61485760733881, m_patch_sum[min,max]=(6.0,6.0)
[2026-05-18 14:43:33] RSS after setup: VmRSS:	  142740 kB
[2026-05-18 14:43:33] shard 47/100: range=[188, 192) count=4
[2026-05-18 14:43:33] workspace allocated: n_groups=241129, n_ft=81, factor=6.0, linear_term_mode=avgE, registry_mode=boltzmann, association_mode=oriented_directed_face_state, use_boundary_quotient=False, cfg_includes_full_orbit=True, boundary_orbit_mult[min,max,mean]=(1.0, 24.0, 23.907539118065433), boundary_patch_mode=canonical_representative_undirected_face_patterns, boundary_sparse_entries=1353905, patches_per_group_mean=5.61485760733881, m_patch_sum[min,max]=(6.0,6.0)
[2026-05-18 14:43:33] RSS after setup: VmRSS:	  143384 kB
[2026-05-18 14:43:33] shard 14/100: range=[56, 60) count=4
[2026-05-18 14:43:33] workspace allocated: n_groups=241129, n_ft=81, factor=6.0, linear_term_mode=avgE, registry_mode=boltzmann, association_mode=oriented_directed_face_state, use_boundary_quotient=False, cfg_includes_full_orbit=True, boundary_orbit_mult[min,max,mean]=(1.0, 24.0, 23.907539118065433), boundary_patch_mode=canonical_representative_undirected_face_patterns, boundary_sparse_entries=1353905, patches_per_group_mean=5.61485760733881, m_patch_sum[min,max]=(6.0,6.0)
[2026-05-18 14:43:33] RSS after setup: VmRSS:	  141468 kB
[2026-05-18 14:43:33] shard 43/100: range=[172, 176) count=4
[2026-05-18 14:43:33] loading mmap cache from /tmp/11490_mmap_cache_representative_bethe
[2026-05-18 14:43:33] loading mmap cache from /tmp/11490_mmap_cache_representative_bethe
[2026-05-18 14:43:33] workspace allocated: n_groups=241129, n_ft=81, factor=6.0, linear_term_mode=avgE, registry_mode=boltzmann, association_mode=oriented_directed_face_state, use_boundary_quotient=False, cfg_includes_full_orbit=True, boundary_orbit_mult[min,max,mean]=(1.0, 24.0, 23.907539118065433), boundary_patch_mode=canonical_representative_undirected_face_patterns, boundary_sparse_entries=1353905, patches_per_group_mean=5.61485760733881, m_patch_sum[min,max]=(6.0,6.0)
[2026-05-18 14:43:33] RSS after setup: VmRSS:	  142748 kB
[2026-05-18 14:43:33] shard 6/100: range=[24, 28) count=4
[2026-05-18 14:43:33] loading mmap cache from /tmp/11490_mmap_cache_representative_bethe
[2026-05-18 14:43:33] loading mmap cache from /tmp/11490_mmap_cache_representative_bethe
[2026-05-18 14:43:33] loading mmap cache from /tmp/11490_mmap_cache_representative_bethe
[2026-05-18 14:43:33] workspace allocated: n_groups=241129, n_ft=81, factor=6.0, linear_term_mode=avgE, registry_mode=boltzmann, association_mode=oriented_directed_face_state, use_boundary_quotient=False, cfg_includes_full_orbit=True, boundary_orbit_mult[min,max,mean]=(1.0, 24.0, 23.907539118065433), boundary_patch_mode=canonical_representative_undirected_face_patterns, boundary_sparse_entries=1353905, patches_per_group_mean=5.61485760733881, m_patch_sum[min,max]=(6.0,6.0)
[2026-05-18 14:43:33] RSS after setup: VmRSS:	  142736 kB
[2026-05-18 14:43:33] shard 8/100: range=[32, 36) count=4
[2026-05-18 14:43:33] workspace allocated: n_groups=241129, n_ft=81, factor=6.0, linear_term_mode=avgE, registry_mode=boltzmann, association_mode=oriented_directed_face_state, use_boundary_quotient=False, cfg_includes_full_orbit=True, boundary_orbit_mult[min,max,mean]=(1.0, 24.0, 23.907539118065433), boundary_patch_mode=canonical_representative_undirected_face_patterns, boundary_sparse_entries=1353905, patches_per_group_mean=5.61485760733881, m_patch_sum[min,max]=(6.0,6.0)
[2026-05-18 14:43:33] RSS after setup: VmRSS:	  143384 kB
[2026-05-18 14:43:33] shard 27/100: range=[108, 112) count=4
[2026-05-18 14:43:33] workspace allocated: n_groups=241129, n_ft=81, factor=6.0, linear_term_mode=avgE, registry_mode=boltzmann, association_mode=oriented_directed_face_state, use_boundary_quotient=False, cfg_includes_full_orbit=True, boundary_orbit_mult[min,max,mean]=(1.0, 24.0, 23.907539118065433), boundary_patch_mode=canonical_representative_undirected_face_patterns, boundary_sparse_entries=1353905, patches_per_group_mean=5.61485760733881, m_patch_sum[min,max]=(6.0,6.0)
[2026-05-18 14:43:33] RSS after setup: VmRSS:	  142740 kB
[2026-05-18 14:43:33] shard 41/100: range=[164, 168) count=4
[2026-05-18 14:43:33] loading mmap cache from /tmp/11490_mmap_cache_representative_bethe
[2026-05-18 14:43:33] loading mmap cache from /tmp/11490_mmap_cache_representative_bethe
[2026-05-18 14:43:33] loading mmap cache from /tmp/11490_mmap_cache_representative_bethe
[2026-05-18 14:43:33] workspace allocated: n_groups=241129, n_ft=81, factor=6.0, linear_term_mode=avgE, registry_mode=boltzmann, association_mode=oriented_directed_face_state, use_boundary_quotient=False, cfg_includes_full_orbit=True, boundary_orbit_mult[min,max,mean]=(1.0, 24.0, 23.907539118065433), boundary_patch_mode=canonical_representative_undirected_face_patterns, boundary_sparse_entries=1353905, patches_per_group_mean=5.61485760733881, m_patch_sum[min,max]=(6.0,6.0)
[2026-05-18 14:43:33] RSS after setup: VmRSS:	  143380 kB
[2026-05-18 14:43:33] shard 31/100: range=[124, 128) count=4
[2026-05-18 14:43:33] loading mmap cache from /tmp/11490_mmap_cache_representative_bethe
[2026-05-18 14:43:33] loading mmap cache from /tmp/11490_mmap_cache_representative_bethe
[2026-05-18 14:43:33] loading mmap cache from /tmp/11490_mmap_cache_representative_bethe
[2026-05-18 14:43:33] workspace allocated: n_groups=241129, n_ft=81, factor=6.0, linear_term_mode=avgE, registry_mode=boltzmann, association_mode=oriented_directed_face_state, use_boundary_quotient=False, cfg_includes_full_orbit=True, boundary_orbit_mult[min,max,mean]=(1.0, 24.0, 23.907539118065433), boundary_patch_mode=canonical_representative_undirected_face_patterns, boundary_sparse_entries=1353905, patches_per_group_mean=5.61485760733881, m_patch_sum[min,max]=(6.0,6.0)
[2026-05-18 14:43:33] RSS after setup: VmRSS:	  143388 kB
[2026-05-18 14:43:33] loading mmap cache from /tmp/11490_mmap_cache_representative_bethe
[2026-05-18 14:43:33] shard 34/100: range=[136, 140) count=4
[2026-05-18 14:43:33] loading mmap cache from /tmp/11490_mmap_cache_representative_bethe
[2026-05-18 14:43:33] loading mmap cache from /tmp/11490_mmap_cache_representative_bethe
[2026-05-18 14:43:33] loading mmap cache from /tmp/11490_mmap_cache_representative_bethe
[2026-05-18 14:43:33] workspace allocated: n_groups=241129, n_ft=81, factor=6.0, linear_term_mode=avgE, registry_mode=boltzmann, association_mode=oriented_directed_face_state, use_boundary_quotient=False, cfg_includes_full_orbit=True, boundary_orbit_mult[min,max,mean]=(1.0, 24.0, 23.907539118065433), boundary_patch_mode=canonical_representative_undirected_face_patterns, boundary_sparse_entries=1353905, patches_per_group_mean=5.61485760733881, m_patch_sum[min,max]=(6.0,6.0)
[2026-05-18 14:43:33] RSS after setup: VmRSS:	  142748 kB
[2026-05-18 14:43:33] shard 11/100: range=[44, 48) count=4
[2026-05-18 14:43:33] loading mmap cache from /tmp/11490_mmap_cache_representative_bethe
[2026-05-18 14:43:33] workspace allocated: n_groups=241129, n_ft=81, factor=6.0, linear_term_mode=avgE, registry_mode=boltzmann, association_mode=oriented_directed_face_state, use_boundary_quotient=False, cfg_includes_full_orbit=True, boundary_orbit_mult[min,max,mean]=(1.0, 24.0, 23.907539118065433), boundary_patch_mode=canonical_representative_undirected_face_patterns, boundary_sparse_entries=1353905, patches_per_group_mean=5.61485760733881, m_patch_sum[min,max]=(6.0,6.0)
[2026-05-18 14:43:33] RSS after setup: VmRSS:	  142740 kB
[2026-05-18 14:43:33] shard 25/100: range=[100, 104) count=4
[2026-05-18 14:43:33] workspace allocated: n_groups=241129, n_ft=81, factor=6.0, linear_term_mode=avgE, registry_mode=boltzmann, association_mode=oriented_directed_face_state, use_boundary_quotient=False, cfg_includes_full_orbit=True, boundary_orbit_mult[min,max,mean]=(1.0, 24.0, 23.907539118065433), boundary_patch_mode=canonical_representative_undirected_face_patterns, boundary_sparse_entries=1353905, patches_per_group_mean=5.61485760733881, m_patch_sum[min,max]=(6.0,6.0)
[2026-05-18 14:43:33] loading mmap cache from /tmp/11490_mmap_cache_representative_bethe
[2026-05-18 14:43:33] RSS after setup: VmRSS:	  142740 kB
[2026-05-18 14:43:33] shard 3/100: range=[12, 16) count=4
[2026-05-18 14:43:33] workspace allocated: n_groups=241129, n_ft=81, factor=6.0, linear_term_mode=avgE, registry_mode=boltzmann, association_mode=oriented_directed_face_state, use_boundary_quotient=False, cfg_includes_full_orbit=True, boundary_orbit_mult[min,max,mean]=(1.0, 24.0, 23.907539118065433), boundary_patch_mode=canonical_representative_undirected_face_patterns, boundary_sparse_entries=1353905, patches_per_group_mean=5.61485760733881, m_patch_sum[min,max]=(6.0,6.0)
[2026-05-18 14:43:33] RSS after setup: VmRSS:	  140820 kB
[2026-05-18 14:43:33] shard 48/100: range=[192, 196) count=4
[2026-05-18 14:43:33] loading mmap cache from /tmp/11490_mmap_cache_representative_bethe
[2026-05-18 14:43:33] workspace allocated: n_groups=241129, n_ft=81, factor=6.0, linear_term_mode=avgE, registry_mode=boltzmann, association_mode=oriented_directed_face_state, use_boundary_quotient=False, cfg_includes_full_orbit=True, boundary_orbit_mult[min,max,mean]=(1.0, 24.0, 23.907539118065433), boundary_patch_mode=canonical_representative_undirected_face_patterns, boundary_sparse_entries=1353905, patches_per_group_mean=5.61485760733881, m_patch_sum[min,max]=(6.0,6.0)
[2026-05-18 14:43:33] RSS after setup: VmRSS:	  143384 kB
[2026-05-18 14:43:33] shard 5/100: range=[20, 24) count=4
[2026-05-18 14:43:33] loading mmap cache from /tmp/11490_mmap_cache_representative_bethe
[2026-05-18 14:43:33] workspace allocated: n_groups=241129, n_ft=81, factor=6.0, linear_term_mode=avgE, registry_mode=boltzmann, association_mode=oriented_directed_face_state, use_boundary_quotient=False, cfg_includes_full_orbit=True, boundary_orbit_mult[min,max,mean]=(1.0, 24.0, 23.907539118065433), boundary_patch_mode=canonical_representative_undirected_face_patterns, boundary_sparse_entries=1353905, patches_per_group_mean=5.61485760733881, m_patch_sum[min,max]=(6.0,6.0)
[2026-05-18 14:43:33] RSS after setup: VmRSS:	  141460 kB
[2026-05-18 14:43:33] shard 42/100: range=[168, 172) count=4
[2026-05-18 14:43:33] loading mmap cache from /tmp/11490_mmap_cache_representative_bethe
[2026-05-18 14:43:33] workspace allocated: n_groups=241129, n_ft=81, factor=6.0, linear_term_mode=avgE, registry_mode=boltzmann, association_mode=oriented_directed_face_state, use_boundary_quotient=False, cfg_includes_full_orbit=True, boundary_orbit_mult[min,max,mean]=(1.0, 24.0, 23.907539118065433), boundary_patch_mode=canonical_representative_undirected_face_patterns, boundary_sparse_entries=1353905, patches_per_group_mean=5.61485760733881, m_patch_sum[min,max]=(6.0,6.0)
[2026-05-18 14:43:33] RSS after setup: VmRSS:	  143384 kB
[2026-05-18 14:43:33] shard 17/100: range=[68, 72) count=4
[2026-05-18 14:43:33] loading mmap cache from /tmp/11490_mmap_cache_representative_bethe
[2026-05-18 14:43:33] workspace allocated: n_groups=241129, n_ft=81, factor=6.0, linear_term_mode=avgE, registry_mode=boltzmann, association_mode=oriented_directed_face_state, use_boundary_quotient=False, cfg_includes_full_orbit=True, boundary_orbit_mult[min,max,mean]=(1.0, 24.0, 23.907539118065433), boundary_patch_mode=canonical_representative_undirected_face_patterns, boundary_sparse_entries=1353905, patches_per_group_mean=5.61485760733881, m_patch_sum[min,max]=(6.0,6.0)
[2026-05-18 14:43:33] RSS after setup: VmRSS:	  142096 kB
[2026-05-18 14:43:33] workspace allocated: n_groups=241129, n_ft=81, factor=6.0, linear_term_mode=avgE, registry_mode=boltzmann, association_mode=oriented_directed_face_state, use_boundary_quotient=False, cfg_includes_full_orbit=True, boundary_orbit_mult[min,max,mean]=(1.0, 24.0, 23.907539118065433), boundary_patch_mode=canonical_representative_undirected_face_patterns, boundary_sparse_entries=1353905, patches_per_group_mean=5.61485760733881, m_patch_sum[min,max]=(6.0,6.0)
[2026-05-18 14:43:33] RSS after setup: VmRSS:	  142104 kB
[2026-05-18 14:43:33] shard 33/100: range=[132, 136) count=4
[2026-05-18 14:43:33] shard 32/100: range=[128, 132) count=4
[2026-05-18 14:43:33] loading mmap cache from /tmp/11490_mmap_cache_representative_bethe
[2026-05-18 14:43:33] loading mmap cache from /tmp/11490_mmap_cache_representative_bethe
[2026-05-18 14:43:33] loading mmap cache from /tmp/11490_mmap_cache_representative_bethe
[2026-05-18 14:43:33] loading mmap cache from /tmp/11490_mmap_cache_representative_bethe
[2026-05-18 14:43:33] loading mmap cache from /tmp/11490_mmap_cache_representative_bethe
[2026-05-18 14:43:33] loading mmap cache from /tmp/11490_mmap_cache_representative_bethe
[2026-05-18 14:43:33] workspace allocated: n_groups=241129, n_ft=81, factor=6.0, linear_term_mode=avgE, registry_mode=boltzmann, association_mode=oriented_directed_face_state, use_boundary_quotient=False, cfg_includes_full_orbit=True, boundary_orbit_mult[min,max,mean]=(1.0, 24.0, 23.907539118065433), boundary_patch_mode=canonical_representative_undirected_face_patterns, boundary_sparse_entries=1353905, patches_per_group_mean=5.61485760733881, m_patch_sum[min,max]=(6.0,6.0)
[2026-05-18 14:43:33] loading mmap cache from /tmp/11490_mmap_cache_representative_bethe
[2026-05-18 14:43:33] RSS after setup: VmRSS:	  142752 kB
[2026-05-18 14:43:33] shard 15/100: range=[60, 64) count=4
[2026-05-18 14:43:33] loading mmap cache from /tmp/11490_mmap_cache_representative_bethe
[2026-05-18 14:43:33] workspace allocated: n_groups=241129, n_ft=81, factor=6.0, linear_term_mode=avgE, registry_mode=boltzmann, association_mode=oriented_directed_face_state, use_boundary_quotient=False, cfg_includes_full_orbit=True, boundary_orbit_mult[min,max,mean]=(1.0, 24.0, 23.907539118065433), boundary_patch_mode=canonical_representative_undirected_face_patterns, boundary_sparse_entries=1353905, patches_per_group_mean=5.61485760733881, m_patch_sum[min,max]=(6.0,6.0)
[2026-05-18 14:43:33] workspace allocated: n_groups=241129, n_ft=81, factor=6.0, linear_term_mode=avgE, registry_mode=boltzmann, association_mode=oriented_directed_face_state, use_boundary_quotient=False, cfg_includes_full_orbit=True, boundary_orbit_mult[min,max,mean]=(1.0, 24.0, 23.907539118065433), boundary_patch_mode=canonical_representative_undirected_face_patterns, boundary_sparse_entries=1353905, patches_per_group_mean=5.61485760733881, m_patch_sum[min,max]=(6.0,6.0)
[2026-05-18 14:43:33] RSS after setup: VmRSS:	  142736 kB
[2026-05-18 14:43:33] RSS after setup: VmRSS:	  143380 kB
[2026-05-18 14:43:33] loading mmap cache from /tmp/11490_mmap_cache_representative_bethe
[2026-05-18 14:43:33] shard 23/100: range=[92, 96) count=4
[2026-05-18 14:43:33] loading mmap cache from /tmp/11490_mmap_cache_representative_bethe
[2026-05-18 14:43:33] loading mmap cache from /tmp/11490_mmap_cache_representative_bethe
[2026-05-18 14:43:33] loading mmap cache from /tmp/11490_mmap_cache_representative_bethe
[2026-05-18 14:43:33] shard 22/100: range=[88, 92) count=4
[2026-05-18 14:43:33] loading mmap cache from /tmp/11490_mmap_cache_representative_bethe
[2026-05-18 14:43:33] loading mmap cache from /tmp/11490_mmap_cache_representative_bethe
[2026-05-18 14:43:33] workspace allocated: n_groups=241129, n_ft=81, factor=6.0, linear_term_mode=avgE, registry_mode=boltzmann, association_mode=oriented_directed_face_state, use_boundary_quotient=False, cfg_includes_full_orbit=True, boundary_orbit_mult[min,max,mean]=(1.0, 24.0, 23.907539118065433), boundary_patch_mode=canonical_representative_undirected_face_patterns, boundary_sparse_entries=1353905, patches_per_group_mean=5.61485760733881, m_patch_sum[min,max]=(6.0,6.0)
[2026-05-18 14:43:33] RSS after setup: VmRSS:	  142748 kB
[2026-05-18 14:43:33] shard 19/100: range=[76, 80) count=4
[2026-05-18 14:43:33] loading mmap cache from /tmp/11490_mmap_cache_representative_bethe
[2026-05-18 14:43:33] loading mmap cache from /tmp/11490_mmap_cache_representative_bethe
[2026-05-18 14:43:33] loading mmap cache from /tmp/11490_mmap_cache_representative_bethe
[2026-05-18 14:43:34] workspace allocated: n_groups=241129, n_ft=81, factor=6.0, linear_term_mode=avgE, registry_mode=boltzmann, association_mode=oriented_directed_face_state, use_boundary_quotient=False, cfg_includes_full_orbit=True, boundary_orbit_mult[min,max,mean]=(1.0, 24.0, 23.907539118065433), boundary_patch_mode=canonical_representative_undirected_face_patterns, boundary_sparse_entries=1353905, patches_per_group_mean=5.61485760733881, m_patch_sum[min,max]=(6.0,6.0)
[2026-05-18 14:43:34] RSS after setup: VmRSS:	  144024 kB
[2026-05-18 14:43:34] shard 1/100: range=[4, 8) count=4
[2026-05-18 14:43:34] workspace allocated: n_groups=241129, n_ft=81, factor=6.0, linear_term_mode=avgE, registry_mode=boltzmann, association_mode=oriented_directed_face_state, use_boundary_quotient=False, cfg_includes_full_orbit=True, boundary_orbit_mult[min,max,mean]=(1.0, 24.0, 23.907539118065433), boundary_patch_mode=canonical_representative_undirected_face_patterns, boundary_sparse_entries=1353905, patches_per_group_mean=5.61485760733881, m_patch_sum[min,max]=(6.0,6.0)
[2026-05-18 14:43:34] RSS after setup: VmRSS:	  142744 kB
[2026-05-18 14:43:34] shard 13/100: range=[52, 56) count=4
[2026-05-18 14:43:34] workspace allocated: n_groups=241129, n_ft=81, factor=6.0, linear_term_mode=avgE, registry_mode=boltzmann, association_mode=oriented_directed_face_state, use_boundary_quotient=False, cfg_includes_full_orbit=True, boundary_orbit_mult[min,max,mean]=(1.0, 24.0, 23.907539118065433), boundary_patch_mode=canonical_representative_undirected_face_patterns, boundary_sparse_entries=1353905, patches_per_group_mean=5.61485760733881, m_patch_sum[min,max]=(6.0,6.0)
[2026-05-18 14:43:34] RSS after setup: VmRSS:	  143396 kB
[2026-05-18 14:43:34] shard 7/100: range=[28, 32) count=4
[2026-05-18 14:43:34] workspace allocated: n_groups=241129, n_ft=81, factor=6.0, linear_term_mode=avgE, registry_mode=boltzmann, association_mode=oriented_directed_face_state, use_boundary_quotient=False, cfg_includes_full_orbit=True, boundary_orbit_mult[min,max,mean]=(1.0, 24.0, 23.907539118065433), boundary_patch_mode=canonical_representative_undirected_face_patterns, boundary_sparse_entries=1353905, patches_per_group_mean=5.61485760733881, m_patch_sum[min,max]=(6.0,6.0)
[2026-05-18 14:43:34] RSS after setup: VmRSS:	  141468 kB
[2026-05-18 14:43:34] shard 21/100: range=[84, 88) count=4
[2026-05-18 14:43:34] workspace allocated: n_groups=241129, n_ft=81, factor=6.0, linear_term_mode=avgE, registry_mode=boltzmann, association_mode=oriented_directed_face_state, use_boundary_quotient=False, cfg_includes_full_orbit=True, boundary_orbit_mult[min,max,mean]=(1.0, 24.0, 23.907539118065433), boundary_patch_mode=canonical_representative_undirected_face_patterns, boundary_sparse_entries=1353905, patches_per_group_mean=5.61485760733881, m_patch_sum[min,max]=(6.0,6.0)
[2026-05-18 14:43:34] RSS after setup: VmRSS:	  142752 kB
[2026-05-18 14:43:34] shard 29/100: range=[116, 120) count=4
[2026-05-18 14:43:34] workspace allocated: n_groups=241129, n_ft=81, factor=6.0, linear_term_mode=avgE, registry_mode=boltzmann, association_mode=oriented_directed_face_state, use_boundary_quotient=False, cfg_includes_full_orbit=True, boundary_orbit_mult[min,max,mean]=(1.0, 24.0, 23.907539118065433), boundary_patch_mode=canonical_representative_undirected_face_patterns, boundary_sparse_entries=1353905, patches_per_group_mean=5.61485760733881, m_patch_sum[min,max]=(6.0,6.0)
[2026-05-18 14:43:34] RSS after setup: VmRSS:	  142736 kB
[2026-05-18 14:43:34] shard 44/100: range=[176, 180) count=4
[2026-05-18 14:43:34] workspace allocated: n_groups=241129, n_ft=81, factor=6.0, linear_term_mode=avgE, registry_mode=boltzmann, association_mode=oriented_directed_face_state, use_boundary_quotient=False, cfg_includes_full_orbit=True, boundary_orbit_mult[min,max,mean]=(1.0, 24.0, 23.907539118065433), boundary_patch_mode=canonical_representative_undirected_face_patterns, boundary_sparse_entries=1353905, patches_per_group_mean=5.61485760733881, m_patch_sum[min,max]=(6.0,6.0)
[2026-05-18 14:43:34] RSS after setup: VmRSS:	  143396 kB
[2026-05-18 14:43:34] shard 39/100: range=[156, 160) count=4
[2026-05-18 14:43:34] workspace allocated: n_groups=241129, n_ft=81, factor=6.0, linear_term_mode=avgE, registry_mode=boltzmann, association_mode=oriented_directed_face_state, use_boundary_quotient=False, cfg_includes_full_orbit=True, boundary_orbit_mult[min,max,mean]=(1.0, 24.0, 23.907539118065433), boundary_patch_mode=canonical_representative_undirected_face_patterns, boundary_sparse_entries=1353905, patches_per_group_mean=5.61485760733881, m_patch_sum[min,max]=(6.0,6.0)
[2026-05-18 14:43:34] workspace allocated: n_groups=241129, n_ft=81, factor=6.0, linear_term_mode=avgE, registry_mode=boltzmann, association_mode=oriented_directed_face_state, use_boundary_quotient=False, cfg_includes_full_orbit=True, boundary_orbit_mult[min,max,mean]=(1.0, 24.0, 23.907539118065433), boundary_patch_mode=canonical_representative_undirected_face_patterns, boundary_sparse_entries=1353905, patches_per_group_mean=5.61485760733881, m_patch_sum[min,max]=(6.0,6.0)
[2026-05-18 14:43:34] RSS after setup: VmRSS:	  144020 kB
[2026-05-18 14:43:34] workspace allocated: n_groups=241129, n_ft=81, factor=6.0, linear_term_mode=avgE, registry_mode=boltzmann, association_mode=oriented_directed_face_state, use_boundary_quotient=False, cfg_includes_full_orbit=True, boundary_orbit_mult[min,max,mean]=(1.0, 24.0, 23.907539118065433), boundary_patch_mode=canonical_representative_undirected_face_patterns, boundary_sparse_entries=1353905, patches_per_group_mean=5.61485760733881, m_patch_sum[min,max]=(6.0,6.0)
[2026-05-18 14:43:34] RSS after setup: VmRSS:	  142736 kB
[2026-05-18 14:43:34] shard 38/100: range=[152, 156) count=4
[2026-05-18 14:43:34] RSS after setup: VmRSS:	  143388 kB
[2026-05-18 14:43:34] shard 45/100: range=[180, 184) count=4
[2026-05-18 14:43:34] workspace allocated: n_groups=241129, n_ft=81, factor=6.0, linear_term_mode=avgE, registry_mode=boltzmann, association_mode=oriented_directed_face_state, use_boundary_quotient=False, cfg_includes_full_orbit=True, boundary_orbit_mult[min,max,mean]=(1.0, 24.0, 23.907539118065433), boundary_patch_mode=canonical_representative_undirected_face_patterns, boundary_sparse_entries=1353905, patches_per_group_mean=5.61485760733881, m_patch_sum[min,max]=(6.0,6.0)
[2026-05-18 14:43:34] workspace allocated: n_groups=241129, n_ft=81, factor=6.0, linear_term_mode=avgE, registry_mode=boltzmann, association_mode=oriented_directed_face_state, use_boundary_quotient=False, cfg_includes_full_orbit=True, boundary_orbit_mult[min,max,mean]=(1.0, 24.0, 23.907539118065433), boundary_patch_mode=canonical_representative_undirected_face_patterns, boundary_sparse_entries=1353905, patches_per_group_mean=5.61485760733881, m_patch_sum[min,max]=(6.0,6.0)
[2026-05-18 14:43:34] RSS after setup: VmRSS:	  142744 kB
[2026-05-18 14:43:34] RSS after setup: VmRSS:	  144016 kB
[2026-05-18 14:43:34] shard 2/100: range=[8, 12) count=4
[2026-05-18 14:43:34] shard 40/100: range=[160, 164) count=4
[2026-05-18 14:43:34] shard 0/100: range=[0, 4) count=4
[2026-05-18 14:43:34] workspace allocated: n_groups=241129, n_ft=81, factor=6.0, linear_term_mode=avgE, registry_mode=boltzmann, association_mode=oriented_directed_face_state, use_boundary_quotient=False, cfg_includes_full_orbit=True, boundary_orbit_mult[min,max,mean]=(1.0, 24.0, 23.907539118065433), boundary_patch_mode=canonical_representative_undirected_face_patterns, boundary_sparse_entries=1353905, patches_per_group_mean=5.61485760733881, m_patch_sum[min,max]=(6.0,6.0)
[2026-05-18 14:43:34] RSS after setup: VmRSS:	  142736 kB
[2026-05-18 14:43:34] shard 4/100: range=[16, 20) count=4
[2026-05-18 14:43:34] workspace allocated: n_groups=241129, n_ft=81, factor=6.0, linear_term_mode=avgE, registry_mode=boltzmann, association_mode=oriented_directed_face_state, use_boundary_quotient=False, cfg_includes_full_orbit=True, boundary_orbit_mult[min,max,mean]=(1.0, 24.0, 23.907539118065433), boundary_patch_mode=canonical_representative_undirected_face_patterns, boundary_sparse_entries=1353905, patches_per_group_mean=5.61485760733881, m_patch_sum[min,max]=(6.0,6.0)
[2026-05-18 14:43:34] RSS after setup: VmRSS:	  140828 kB
[2026-05-18 14:43:34] workspace allocated: n_groups=241129, n_ft=81, factor=6.0, linear_term_mode=avgE, registry_mode=boltzmann, association_mode=oriented_directed_face_state, use_boundary_quotient=False, cfg_includes_full_orbit=True, boundary_orbit_mult[min,max,mean]=(1.0, 24.0, 23.907539118065433), boundary_patch_mode=canonical_representative_undirected_face_patterns, boundary_sparse_entries=1353905, patches_per_group_mean=5.61485760733881, m_patch_sum[min,max]=(6.0,6.0)
[2026-05-18 14:43:34] shard 49/100: range=[196, 200) count=4
[2026-05-18 14:43:34] RSS after setup: VmRSS:	  143384 kB
[2026-05-18 14:43:34] shard 26/100: range=[104, 108) count=4
[2026-05-18 14:43:34] workspace allocated: n_groups=241129, n_ft=81, factor=6.0, linear_term_mode=avgE, registry_mode=boltzmann, association_mode=oriented_directed_face_state, use_boundary_quotient=False, cfg_includes_full_orbit=True, boundary_orbit_mult[min,max,mean]=(1.0, 24.0, 23.907539118065433), boundary_patch_mode=canonical_representative_undirected_face_patterns, boundary_sparse_entries=1353905, patches_per_group_mean=5.61485760733881, m_patch_sum[min,max]=(6.0,6.0)
[2026-05-18 14:43:34] RSS after setup: VmRSS:	  143380 kB
[2026-05-18 14:43:34] shard 24/100: range=[96, 100) count=4
[2026-05-18 14:43:34] workspace allocated: n_groups=241129, n_ft=81, factor=6.0, linear_term_mode=avgE, registry_mode=boltzmann, association_mode=oriented_directed_face_state, use_boundary_quotient=False, cfg_includes_full_orbit=True, boundary_orbit_mult[min,max,mean]=(1.0, 24.0, 23.907539118065433), boundary_patch_mode=canonical_representative_undirected_face_patterns, boundary_sparse_entries=1353905, patches_per_group_mean=5.61485760733881, m_patch_sum[min,max]=(6.0,6.0)
[2026-05-18 14:43:34] RSS after setup: VmRSS:	  142760 kB
[2026-05-18 14:43:34] shard 35/100: range=[140, 144) count=4
[2026-05-18 14:43:34] workspace allocated: n_groups=241129, n_ft=81, factor=6.0, linear_term_mode=avgE, registry_mode=boltzmann, association_mode=oriented_directed_face_state, use_boundary_quotient=False, cfg_includes_full_orbit=True, boundary_orbit_mult[min,max,mean]=(1.0, 24.0, 23.907539118065433), boundary_patch_mode=canonical_representative_undirected_face_patterns, boundary_sparse_entries=1353905, patches_per_group_mean=5.61485760733881, m_patch_sum[min,max]=(6.0,6.0)
[2026-05-18 14:43:34] RSS after setup: VmRSS:	  143384 kB
[2026-05-18 14:43:34] shard 37/100: range=[148, 152) count=4
[2026-05-18 14:43:34] workspace allocated: n_groups=241129, n_ft=81, factor=6.0, linear_term_mode=avgE, registry_mode=boltzmann, association_mode=oriented_directed_face_state, use_boundary_quotient=False, cfg_includes_full_orbit=True, boundary_orbit_mult[min,max,mean]=(1.0, 24.0, 23.907539118065433), boundary_patch_mode=canonical_representative_undirected_face_patterns, boundary_sparse_entries=1353905, patches_per_group_mean=5.61485760733881, m_patch_sum[min,max]=(6.0,6.0)
[2026-05-18 14:43:34] RSS after setup: VmRSS:	  142748 kB
[2026-05-18 14:43:34] shard 46/100: range=[184, 188) count=4
[2026-05-18 14:41:55] loading mmap cache from /tmp/11490_mmap_cache_representative_bethe
[2026-05-18 14:41:55] workspace allocated: n_groups=241129, n_ft=81, factor=6.0, linear_term_mode=avgE, registry_mode=boltzmann, association_mode=oriented_directed_face_state, use_boundary_quotient=False, cfg_includes_full_orbit=True, boundary_orbit_mult[min,max,mean]=(1.0, 24.0, 23.907539118065433), boundary_patch_mode=canonical_representative_undirected_face_patterns, boundary_sparse_entries=1353905, patches_per_group_mean=5.61485760733881, m_patch_sum[min,max]=(6.0,6.0)
[2026-05-18 14:41:55] RSS after setup: VmRSS:	  144664 kB
[2026-05-18 14:41:55] shard 83/100: range=[332, 336) count=4
[2026-05-18 14:41:55] loading mmap cache from /tmp/11490_mmap_cache_representative_bethe
[2026-05-18 14:41:55] workspace allocated: n_groups=241129, n_ft=81, factor=6.0, linear_term_mode=avgE, registry_mode=boltzmann, association_mode=oriented_directed_face_state, use_boundary_quotient=False, cfg_includes_full_orbit=True, boundary_orbit_mult[min,max,mean]=(1.0, 24.0, 23.907539118065433), boundary_patch_mode=canonical_representative_undirected_face_patterns, boundary_sparse_entries=1353905, patches_per_group_mean=5.61485760733881, m_patch_sum[min,max]=(6.0,6.0)
[2026-05-18 14:41:55] RSS after setup: VmRSS:	  144028 kB
[2026-05-18 14:41:55] shard 95/100: range=[380, 384) count=4
[2026-05-18 14:41:55] loading mmap cache from /tmp/11490_mmap_cache_representative_bethe
[2026-05-18 14:41:55] workspace allocated: n_groups=241129, n_ft=81, factor=6.0, linear_term_mode=avgE, registry_mode=boltzmann, association_mode=oriented_directed_face_state, use_boundary_quotient=False, cfg_includes_full_orbit=True, boundary_orbit_mult[min,max,mean]=(1.0, 24.0, 23.907539118065433), boundary_patch_mode=canonical_representative_undirected_face_patterns, boundary_sparse_entries=1353905, patches_per_group_mean=5.61485760733881, m_patch_sum[min,max]=(6.0,6.0)
[2026-05-18 14:41:55] RSS after setup: VmRSS:	  144656 kB
[2026-05-18 14:41:55] shard 53/100: range=[212, 216) count=4
[2026-05-18 14:41:55] loading mmap cache from /tmp/11490_mmap_cache_representative_bethe
[2026-05-18 14:41:55] loading mmap cache from /tmp/11490_mmap_cache_representative_bethe
[2026-05-18 14:41:55] loading mmap cache from /tmp/11490_mmap_cache_representative_bethe
[2026-05-18 14:41:55] loading mmap cache from /tmp/11490_mmap_cache_representative_bethe
[2026-05-18 14:41:55] workspace allocated: n_groups=241129, n_ft=81, factor=6.0, linear_term_mode=avgE, registry_mode=boltzmann, association_mode=oriented_directed_face_state, use_boundary_quotient=False, cfg_includes_full_orbit=True, boundary_orbit_mult[min,max,mean]=(1.0, 24.0, 23.907539118065433), boundary_patch_mode=canonical_representative_undirected_face_patterns, boundary_sparse_entries=1353905, patches_per_group_mean=5.61485760733881, m_patch_sum[min,max]=(6.0,6.0)
[2026-05-18 14:41:55] RSS after setup: VmRSS:	  144656 kB
[2026-05-18 14:41:55] shard 57/100: range=[228, 232) count=4
[2026-05-18 14:41:55] workspace allocated: n_groups=241129, n_ft=81, factor=6.0, linear_term_mode=avgE, registry_mode=boltzmann, association_mode=oriented_directed_face_state, use_boundary_quotient=False, cfg_includes_full_orbit=True, boundary_orbit_mult[min,max,mean]=(1.0, 24.0, 23.907539118065433), boundary_patch_mode=canonical_representative_undirected_face_patterns, boundary_sparse_entries=1353905, patches_per_group_mean=5.61485760733881, m_patch_sum[min,max]=(6.0,6.0)
[2026-05-18 14:41:55] RSS after setup: VmRSS:	  144660 kB
[2026-05-18 14:41:55] shard 59/100: range=[236, 240) count=4
[2026-05-18 14:41:55] workspace allocated: n_groups=241129, n_ft=81, factor=6.0, linear_term_mode=avgE, registry_mode=boltzmann, association_mode=oriented_directed_face_state, use_boundary_quotient=False, cfg_includes_full_orbit=True, boundary_orbit_mult[min,max,mean]=(1.0, 24.0, 23.907539118065433), boundary_patch_mode=canonical_representative_undirected_face_patterns, boundary_sparse_entries=1353905, patches_per_group_mean=5.61485760733881, m_patch_sum[min,max]=(6.0,6.0)
[2026-05-18 14:41:55] RSS after setup: VmRSS:	  145952 kB
[2026-05-18 14:41:55] shard 84/100: range=[336, 340) count=4
[2026-05-18 14:41:55] workspace allocated: n_groups=241129, n_ft=81, factor=6.0, linear_term_mode=avgE, registry_mode=boltzmann, association_mode=oriented_directed_face_state, use_boundary_quotient=False, cfg_includes_full_orbit=True, boundary_orbit_mult[min,max,mean]=(1.0, 24.0, 23.907539118065433), boundary_patch_mode=canonical_representative_undirected_face_patterns, boundary_sparse_entries=1353905, patches_per_group_mean=5.61485760733881, m_patch_sum[min,max]=(6.0,6.0)
[2026-05-18 14:41:55] RSS after setup: VmRSS:	  145316 kB
[2026-05-18 14:41:55] shard 82/100: range=[328, 332) count=4
[2026-05-18 14:41:55] loading mmap cache from /tmp/11490_mmap_cache_representative_bethe
[2026-05-18 14:41:55] loading mmap cache from /tmp/11490_mmap_cache_representative_bethe
[2026-05-18 14:41:55] workspace allocated: n_groups=241129, n_ft=81, factor=6.0, linear_term_mode=avgE, registry_mode=boltzmann, association_mode=oriented_directed_face_state, use_boundary_quotient=False, cfg_includes_full_orbit=True, boundary_orbit_mult[min,max,mean]=(1.0, 24.0, 23.907539118065433), boundary_patch_mode=canonical_representative_undirected_face_patterns, boundary_sparse_entries=1353905, patches_per_group_mean=5.61485760733881, m_patch_sum[min,max]=(6.0,6.0)
[2026-05-18 14:41:55] RSS after setup: VmRSS:	  145300 kB
[2026-05-18 14:41:55] shard 75/100: range=[300, 304) count=4
[2026-05-18 14:41:55] workspace allocated: n_groups=241129, n_ft=81, factor=6.0, linear_term_mode=avgE, registry_mode=boltzmann, association_mode=oriented_directed_face_state, use_boundary_quotient=False, cfg_includes_full_orbit=True, boundary_orbit_mult[min,max,mean]=(1.0, 24.0, 23.907539118065433), boundary_patch_mode=canonical_representative_undirected_face_patterns, boundary_sparse_entries=1353905, patches_per_group_mean=5.61485760733881, m_patch_sum[min,max]=(6.0,6.0)
[2026-05-18 14:41:55] RSS after setup: VmRSS:	  143380 kB
[2026-05-18 14:41:55] shard 66/100: range=[264, 268) count=4
[2026-05-18 14:41:55] loading mmap cache from /tmp/11490_mmap_cache_representative_bethe
[2026-05-18 14:41:55] loading mmap cache from /tmp/11490_mmap_cache_representative_bethe
[2026-05-18 14:41:55] loading mmap cache from /tmp/11490_mmap_cache_representative_bethe
[2026-05-18 14:41:55] loading mmap cache from /tmp/11490_mmap_cache_representative_bethe
[2026-05-18 14:41:55] loading mmap cache from /tmp/11490_mmap_cache_representative_bethe
[2026-05-18 14:41:55] loading mmap cache from /tmp/11490_mmap_cache_representative_bethe
[2026-05-18 14:41:55] loading mmap cache from /tmp/11490_mmap_cache_representative_bethe
[2026-05-18 14:41:55] workspace allocated: n_groups=241129, n_ft=81, factor=6.0, linear_term_mode=avgE, registry_mode=boltzmann, association_mode=oriented_directed_face_state, use_boundary_quotient=False, cfg_includes_full_orbit=True, boundary_orbit_mult[min,max,mean]=(1.0, 24.0, 23.907539118065433), boundary_patch_mode=canonical_representative_undirected_face_patterns, boundary_sparse_entries=1353905, patches_per_group_mean=5.61485760733881, m_patch_sum[min,max]=(6.0,6.0)
[2026-05-18 14:41:55] loading mmap cache from /tmp/11490_mmap_cache_representative_bethe
[2026-05-18 14:41:55] RSS after setup: VmRSS:	  144672 kB
[2026-05-18 14:41:55] shard 85/100: range=[340, 344) count=4
[2026-05-18 14:41:55] workspace allocated: n_groups=241129, n_ft=81, factor=6.0, linear_term_mode=avgE, registry_mode=boltzmann, association_mode=oriented_directed_face_state, use_boundary_quotient=False, cfg_includes_full_orbit=True, boundary_orbit_mult[min,max,mean]=(1.0, 24.0, 23.907539118065433), boundary_patch_mode=canonical_representative_undirected_face_patterns, boundary_sparse_entries=1353905, patches_per_group_mean=5.61485760733881, m_patch_sum[min,max]=(6.0,6.0)
[2026-05-18 14:41:55] RSS after setup: VmRSS:	  144020 kB
[2026-05-18 14:41:55] shard 67/100: range=[268, 272) count=4
[2026-05-18 14:41:55] workspace allocated: n_groups=241129, n_ft=81, factor=6.0, linear_term_mode=avgE, registry_mode=boltzmann, association_mode=oriented_directed_face_state, use_boundary_quotient=False, cfg_includes_full_orbit=True, boundary_orbit_mult[min,max,mean]=(1.0, 24.0, 23.907539118065433), boundary_patch_mode=canonical_representative_undirected_face_patterns, boundary_sparse_entries=1353905, patches_per_group_mean=5.61485760733881, m_patch_sum[min,max]=(6.0,6.0)
[2026-05-18 14:41:55] RSS after setup: VmRSS:	  144668 kB
[2026-05-18 14:41:55] workspace allocated: n_groups=241129, n_ft=81, factor=6.0, linear_term_mode=avgE, registry_mode=boltzmann, association_mode=oriented_directed_face_state, use_boundary_quotient=False, cfg_includes_full_orbit=True, boundary_orbit_mult[min,max,mean]=(1.0, 24.0, 23.907539118065433), boundary_patch_mode=canonical_representative_undirected_face_patterns, boundary_sparse_entries=1353905, patches_per_group_mean=5.61485760733881, m_patch_sum[min,max]=(6.0,6.0)
[2026-05-18 14:41:55] RSS after setup: VmRSS:	  144664 kB
[2026-05-18 14:41:55] shard 55/100: range=[220, 224) count=4
[2026-05-18 14:41:55] shard 63/100: range=[252, 256) count=4
[2026-05-18 14:41:55] workspace allocated: n_groups=241129, n_ft=81, factor=6.0, linear_term_mode=avgE, registry_mode=boltzmann, association_mode=oriented_directed_face_state, use_boundary_quotient=False, cfg_includes_full_orbit=True, boundary_orbit_mult[min,max,mean]=(1.0, 24.0, 23.907539118065433), boundary_patch_mode=canonical_representative_undirected_face_patterns, boundary_sparse_entries=1353905, patches_per_group_mean=5.61485760733881, m_patch_sum[min,max]=(6.0,6.0)
[2026-05-18 14:41:55] RSS after setup: VmRSS:	  145304 kB
[2026-05-18 14:41:55] shard 65/100: range=[260, 264) count=4
[2026-05-18 14:41:55] loading mmap cache from /tmp/11490_mmap_cache_representative_bethe
[2026-05-18 14:41:55] loading mmap cache from /tmp/11490_mmap_cache_representative_bethe
[2026-05-18 14:41:55] workspace allocated: n_groups=241129, n_ft=81, factor=6.0, linear_term_mode=avgE, registry_mode=boltzmann, association_mode=oriented_directed_face_state, use_boundary_quotient=False, cfg_includes_full_orbit=True, boundary_orbit_mult[min,max,mean]=(1.0, 24.0, 23.907539118065433), boundary_patch_mode=canonical_representative_undirected_face_patterns, boundary_sparse_entries=1353905, patches_per_group_mean=5.61485760733881, m_patch_sum[min,max]=(6.0,6.0)
[2026-05-18 14:41:55] loading mmap cache from /tmp/11490_mmap_cache_representative_bethe
[2026-05-18 14:41:55] RSS after setup: VmRSS:	  145304 kB
[2026-05-18 14:41:55] shard 96/100: range=[384, 388) count=4
[2026-05-18 14:41:55] loading mmap cache from /tmp/11490_mmap_cache_representative_bethe
[2026-05-18 14:41:55] workspace allocated: n_groups=241129, n_ft=81, factor=6.0, linear_term_mode=avgE, registry_mode=boltzmann, association_mode=oriented_directed_face_state, use_boundary_quotient=False, cfg_includes_full_orbit=True, boundary_orbit_mult[min,max,mean]=(1.0, 24.0, 23.907539118065433), boundary_patch_mode=canonical_representative_undirected_face_patterns, boundary_sparse_entries=1353905, patches_per_group_mean=5.61485760733881, m_patch_sum[min,max]=(6.0,6.0)
[2026-05-18 14:41:55] RSS after setup: VmRSS:	  145300 kB
[2026-05-18 14:41:55] shard 74/100: range=[296, 300) count=4
[2026-05-18 14:41:55] loading mmap cache from /tmp/11490_mmap_cache_representative_bethe
[2026-05-18 14:41:55] loading mmap cache from /tmp/11490_mmap_cache_representative_bethe
[2026-05-18 14:41:55] loading mmap cache from /tmp/11490_mmap_cache_representative_bethe
[2026-05-18 14:41:55] loading mmap cache from /tmp/11490_mmap_cache_representative_bethe
[2026-05-18 14:41:55] loading mmap cache from /tmp/11490_mmap_cache_representative_bethe
[2026-05-18 14:41:55] loading mmap cache from /tmp/11490_mmap_cache_representative_bethe
[2026-05-18 14:41:55] workspace allocated: n_groups=241129, n_ft=81, factor=6.0, linear_term_mode=avgE, registry_mode=boltzmann, association_mode=oriented_directed_face_state, use_boundary_quotient=False, cfg_includes_full_orbit=True, boundary_orbit_mult[min,max,mean]=(1.0, 24.0, 23.907539118065433), boundary_patch_mode=canonical_representative_undirected_face_patterns, boundary_sparse_entries=1353905, patches_per_group_mean=5.61485760733881, m_patch_sum[min,max]=(6.0,6.0)
[2026-05-18 14:41:55] RSS after setup: VmRSS:	  145308 kB
[2026-05-18 14:41:55] shard 76/100: range=[304, 308) count=4
[2026-05-18 14:41:55] loading mmap cache from /tmp/11490_mmap_cache_representative_bethe
[2026-05-18 14:41:55] loading mmap cache from /tmp/11490_mmap_cache_representative_bethe
[2026-05-18 14:41:55] loading mmap cache from /tmp/11490_mmap_cache_representative_bethe
[2026-05-18 14:41:55] workspace allocated: n_groups=241129, n_ft=81, factor=6.0, linear_term_mode=avgE, registry_mode=boltzmann, association_mode=oriented_directed_face_state, use_boundary_quotient=False, cfg_includes_full_orbit=True, boundary_orbit_mult[min,max,mean]=(1.0, 24.0, 23.907539118065433), boundary_patch_mode=canonical_representative_undirected_face_patterns, boundary_sparse_entries=1353905, patches_per_group_mean=5.61485760733881, m_patch_sum[min,max]=(6.0,6.0)
[2026-05-18 14:41:55] workspace allocated: n_groups=241129, n_ft=81, factor=6.0, linear_term_mode=avgE, registry_mode=boltzmann, association_mode=oriented_directed_face_state, use_boundary_quotient=False, cfg_includes_full_orbit=True, boundary_orbit_mult[min,max,mean]=(1.0, 24.0, 23.907539118065433), boundary_patch_mode=canonical_representative_undirected_face_patterns, boundary_sparse_entries=1353905, patches_per_group_mean=5.61485760733881, m_patch_sum[min,max]=(6.0,6.0)
[2026-05-18 14:41:55] RSS after setup: VmRSS:	  143384 kB
[2026-05-18 14:41:55] RSS after setup: VmRSS:	  144016 kB
[2026-05-18 14:41:55] loading mmap cache from /tmp/11490_mmap_cache_representative_bethe
[2026-05-18 14:41:55] shard 81/100: range=[324, 328) count=4
[2026-05-18 14:41:55] shard 61/100: range=[244, 248) count=4
[2026-05-18 14:41:55] workspace allocated: n_groups=241129, n_ft=81, factor=6.0, linear_term_mode=avgE, registry_mode=boltzmann, association_mode=oriented_directed_face_state, use_boundary_quotient=False, cfg_includes_full_orbit=True, boundary_orbit_mult[min,max,mean]=(1.0, 24.0, 23.907539118065433), boundary_patch_mode=canonical_representative_undirected_face_patterns, boundary_sparse_entries=1353905, patches_per_group_mean=5.61485760733881, m_patch_sum[min,max]=(6.0,6.0)
[2026-05-18 14:41:55] RSS after setup: VmRSS:	  144028 kB
[2026-05-18 14:41:55] shard 94/100: range=[376, 380) count=4
[2026-05-18 14:41:55] loading mmap cache from /tmp/11490_mmap_cache_representative_bethe
[2026-05-18 14:41:55] loading mmap cache from /tmp/11490_mmap_cache_representative_bethe
[2026-05-18 14:41:55] workspace allocated: n_groups=241129, n_ft=81, factor=6.0, linear_term_mode=avgE, registry_mode=boltzmann, association_mode=oriented_directed_face_state, use_boundary_quotient=False, cfg_includes_full_orbit=True, boundary_orbit_mult[min,max,mean]=(1.0, 24.0, 23.907539118065433), boundary_patch_mode=canonical_representative_undirected_face_patterns, boundary_sparse_entries=1353905, patches_per_group_mean=5.61485760733881, m_patch_sum[min,max]=(6.0,6.0)
[2026-05-18 14:41:55] RSS after setup: VmRSS:	  144656 kB
[2026-05-18 14:41:55] shard 99/100: range=[396, 400) count=4
[2026-05-18 14:41:55] workspace allocated: n_groups=241129, n_ft=81, factor=6.0, linear_term_mode=avgE, registry_mode=boltzmann, association_mode=oriented_directed_face_state, use_boundary_quotient=False, cfg_includes_full_orbit=True, boundary_orbit_mult[min,max,mean]=(1.0, 24.0, 23.907539118065433), boundary_patch_mode=canonical_representative_undirected_face_patterns, boundary_sparse_entries=1353905, patches_per_group_mean=5.61485760733881, m_patch_sum[min,max]=(6.0,6.0)
[2026-05-18 14:41:55] RSS after setup: VmRSS:	  143392 kB
[2026-05-18 14:41:55] shard 91/100: range=[364, 368) count=4
[2026-05-18 14:41:55] workspace allocated: n_groups=241129, n_ft=81, factor=6.0, linear_term_mode=avgE, registry_mode=boltzmann, association_mode=oriented_directed_face_state, use_boundary_quotient=False, cfg_includes_full_orbit=True, boundary_orbit_mult[min,max,mean]=(1.0, 24.0, 23.907539118065433), boundary_patch_mode=canonical_representative_undirected_face_patterns, boundary_sparse_entries=1353905, patches_per_group_mean=5.61485760733881, m_patch_sum[min,max]=(6.0,6.0)
[2026-05-18 14:41:55] RSS after setup: VmRSS:	  144664 kB
[2026-05-18 14:41:55] shard 69/100: range=[276, 280) count=4
[2026-05-18 14:41:55] loading mmap cache from /tmp/11490_mmap_cache_representative_bethe
[2026-05-18 14:41:55] workspace allocated: n_groups=241129, n_ft=81, factor=6.0, linear_term_mode=avgE, registry_mode=boltzmann, association_mode=oriented_directed_face_state, use_boundary_quotient=False, cfg_includes_full_orbit=True, boundary_orbit_mult[min,max,mean]=(1.0, 24.0, 23.907539118065433), boundary_patch_mode=canonical_representative_undirected_face_patterns, boundary_sparse_entries=1353905, patches_per_group_mean=5.61485760733881, m_patch_sum[min,max]=(6.0,6.0)
[2026-05-18 14:41:55] workspace allocated: n_groups=241129, n_ft=81, factor=6.0, linear_term_mode=avgE, registry_mode=boltzmann, association_mode=oriented_directed_face_state, use_boundary_quotient=False, cfg_includes_full_orbit=True, boundary_orbit_mult[min,max,mean]=(1.0, 24.0, 23.907539118065433), boundary_patch_mode=canonical_representative_undirected_face_patterns, boundary_sparse_entries=1353905, patches_per_group_mean=5.61485760733881, m_patch_sum[min,max]=(6.0,6.0)
[2026-05-18 14:41:55] RSS after setup: VmRSS:	  144024 kB
[2026-05-18 14:41:55] RSS after setup: VmRSS:	  145308 kB
[2026-05-18 14:41:55] shard 86/100: range=[344, 348) count=4
[2026-05-18 14:41:55] shard 87/100: range=[348, 352) count=4
[2026-05-18 14:41:55] loading mmap cache from /tmp/11490_mmap_cache_representative_bethe
[2026-05-18 14:41:55] workspace allocated: n_groups=241129, n_ft=81, factor=6.0, linear_term_mode=avgE, registry_mode=boltzmann, association_mode=oriented_directed_face_state, use_boundary_quotient=False, cfg_includes_full_orbit=True, boundary_orbit_mult[min,max,mean]=(1.0, 24.0, 23.907539118065433), boundary_patch_mode=canonical_representative_undirected_face_patterns, boundary_sparse_entries=1353905, patches_per_group_mean=5.61485760733881, m_patch_sum[min,max]=(6.0,6.0)
[2026-05-18 14:41:55] RSS after setup: VmRSS:	  144664 kB
[2026-05-18 14:41:55] workspace allocated: n_groups=241129, n_ft=81, factor=6.0, linear_term_mode=avgE, registry_mode=boltzmann, association_mode=oriented_directed_face_state, use_boundary_quotient=False, cfg_includes_full_orbit=True, boundary_orbit_mult[min,max,mean]=(1.0, 24.0, 23.907539118065433), boundary_patch_mode=canonical_representative_undirected_face_patterns, boundary_sparse_entries=1353905, patches_per_group_mean=5.61485760733881, m_patch_sum[min,max]=(6.0,6.0)
[2026-05-18 14:41:55] shard 78/100: range=[312, 316) count=4
[2026-05-18 14:41:55] RSS after setup: VmRSS:	  144672 kB
[2026-05-18 14:41:55] loading mmap cache from /tmp/11490_mmap_cache_representative_bethe
[2026-05-18 14:41:55] shard 71/100: range=[284, 288) count=4
[2026-05-18 14:41:55] loading mmap cache from /tmp/11490_mmap_cache_representative_bethe
[2026-05-18 14:41:55] loading mmap cache from /tmp/11490_mmap_cache_representative_bethe
[2026-05-18 14:41:55] loading mmap cache from /tmp/11490_mmap_cache_representative_bethe
[2026-05-18 14:41:55] loading mmap cache from /tmp/11490_mmap_cache_representative_bethe
[2026-05-18 14:41:55] loading mmap cache from /tmp/11490_mmap_cache_representative_bethe
[2026-05-18 14:41:55] loading mmap cache from /tmp/11490_mmap_cache_representative_bethe
[2026-05-18 14:41:55] loading mmap cache from /tmp/11490_mmap_cache_representative_bethe
[2026-05-18 14:41:55] loading mmap cache from /tmp/11490_mmap_cache_representative_bethe
[2026-05-18 14:41:55] loading mmap cache from /tmp/11490_mmap_cache_representative_bethe
[2026-05-18 14:41:55] loading mmap cache from /tmp/11490_mmap_cache_representative_bethe
[2026-05-18 14:41:55] loading mmap cache from /tmp/11490_mmap_cache_representative_bethe
[2026-05-18 14:41:55] loading mmap cache from /tmp/11490_mmap_cache_representative_bethe
[2026-05-18 14:41:55] workspace allocated: n_groups=241129, n_ft=81, factor=6.0, linear_term_mode=avgE, registry_mode=boltzmann, association_mode=oriented_directed_face_state, use_boundary_quotient=False, cfg_includes_full_orbit=True, boundary_orbit_mult[min,max,mean]=(1.0, 24.0, 23.907539118065433), boundary_patch_mode=canonical_representative_undirected_face_patterns, boundary_sparse_entries=1353905, patches_per_group_mean=5.61485760733881, m_patch_sum[min,max]=(6.0,6.0)
[2026-05-18 14:41:55] RSS after setup: VmRSS:	  144016 kB
[2026-05-18 14:41:55] shard 51/100: range=[204, 208) count=4
[2026-05-18 14:41:55] loading mmap cache from /tmp/11490_mmap_cache_representative_bethe
[2026-05-18 14:41:55] workspace allocated: n_groups=241129, n_ft=81, factor=6.0, linear_term_mode=avgE, registry_mode=boltzmann, association_mode=oriented_directed_face_state, use_boundary_quotient=False, cfg_includes_full_orbit=True, boundary_orbit_mult[min,max,mean]=(1.0, 24.0, 23.907539118065433), boundary_patch_mode=canonical_representative_undirected_face_patterns, boundary_sparse_entries=1353905, patches_per_group_mean=5.61485760733881, m_patch_sum[min,max]=(6.0,6.0)
[2026-05-18 14:41:55] RSS after setup: VmRSS:	  144024 kB
[2026-05-18 14:41:55] shard 54/100: range=[216, 220) count=4
[2026-05-18 14:41:55] loading mmap cache from /tmp/11490_mmap_cache_representative_bethe
[2026-05-18 14:41:55] workspace allocated: n_groups=241129, n_ft=81, factor=6.0, linear_term_mode=avgE, registry_mode=boltzmann, association_mode=oriented_directed_face_state, use_boundary_quotient=False, cfg_includes_full_orbit=True, boundary_orbit_mult[min,max,mean]=(1.0, 24.0, 23.907539118065433), boundary_patch_mode=canonical_representative_undirected_face_patterns, boundary_sparse_entries=1353905, patches_per_group_mean=5.61485760733881, m_patch_sum[min,max]=(6.0,6.0)
[2026-05-18 14:41:55] RSS after setup: VmRSS:	  144660 kB
[2026-05-18 14:41:55] shard 52/100: range=[208, 212) count=4
[2026-05-18 14:41:55] workspace allocated: n_groups=241129, n_ft=81, factor=6.0, linear_term_mode=avgE, registry_mode=boltzmann, association_mode=oriented_directed_face_state, use_boundary_quotient=False, cfg_includes_full_orbit=True, boundary_orbit_mult[min,max,mean]=(1.0, 24.0, 23.907539118065433), boundary_patch_mode=canonical_representative_undirected_face_patterns, boundary_sparse_entries=1353905, patches_per_group_mean=5.61485760733881, m_patch_sum[min,max]=(6.0,6.0)
[2026-05-18 14:41:56] workspace allocated: n_groups=241129, n_ft=81, factor=6.0, linear_term_mode=avgE, registry_mode=boltzmann, association_mode=oriented_directed_face_state, use_boundary_quotient=False, cfg_includes_full_orbit=True, boundary_orbit_mult[min,max,mean]=(1.0, 24.0, 23.907539118065433), boundary_patch_mode=canonical_representative_undirected_face_patterns, boundary_sparse_entries=1353905, patches_per_group_mean=5.61485760733881, m_patch_sum[min,max]=(6.0,6.0)
[2026-05-18 14:41:56] RSS after setup: VmRSS:	  145300 kB
[2026-05-18 14:41:56] RSS after setup: VmRSS:	  145936 kB
[2026-05-18 14:41:56] shard 89/100: range=[356, 360) count=4
[2026-05-18 14:41:56] shard 93/100: range=[372, 376) count=4
[2026-05-18 14:41:56] workspace allocated: n_groups=241129, n_ft=81, factor=6.0, linear_term_mode=avgE, registry_mode=boltzmann, association_mode=oriented_directed_face_state, use_boundary_quotient=False, cfg_includes_full_orbit=True, boundary_orbit_mult[min,max,mean]=(1.0, 24.0, 23.907539118065433), boundary_patch_mode=canonical_representative_undirected_face_patterns, boundary_sparse_entries=1353905, patches_per_group_mean=5.61485760733881, m_patch_sum[min,max]=(6.0,6.0)
[2026-05-18 14:41:56] RSS after setup: VmRSS:	  145940 kB
[2026-05-18 14:41:56] shard 92/100: range=[368, 372) count=4
[2026-05-18 14:41:56] workspace allocated: n_groups=241129, n_ft=81, factor=6.0, linear_term_mode=avgE, registry_mode=boltzmann, association_mode=oriented_directed_face_state, use_boundary_quotient=False, cfg_includes_full_orbit=True, boundary_orbit_mult[min,max,mean]=(1.0, 24.0, 23.907539118065433), boundary_patch_mode=canonical_representative_undirected_face_patterns, boundary_sparse_entries=1353905, patches_per_group_mean=5.61485760733881, m_patch_sum[min,max]=(6.0,6.0)
[2026-05-18 14:41:56] RSS after setup: VmRSS:	  144668 kB
[2026-05-18 14:41:56] shard 58/100: range=[232, 236) count=4
[2026-05-18 14:41:56] workspace allocated: n_groups=241129, n_ft=81, factor=6.0, linear_term_mode=avgE, registry_mode=boltzmann, association_mode=oriented_directed_face_state, use_boundary_quotient=False, cfg_includes_full_orbit=True, boundary_orbit_mult[min,max,mean]=(1.0, 24.0, 23.907539118065433), boundary_patch_mode=canonical_representative_undirected_face_patterns, boundary_sparse_entries=1353905, patches_per_group_mean=5.61485760733881, m_patch_sum[min,max]=(6.0,6.0)
[2026-05-18 14:41:56] RSS after setup: VmRSS:	  145312 kB
[2026-05-18 14:41:56] shard 97/100: range=[388, 392) count=4
[2026-05-18 14:41:56] workspace allocated: n_groups=241129, n_ft=81, factor=6.0, linear_term_mode=avgE, registry_mode=boltzmann, association_mode=oriented_directed_face_state, use_boundary_quotient=False, cfg_includes_full_orbit=True, boundary_orbit_mult[min,max,mean]=(1.0, 24.0, 23.907539118065433), boundary_patch_mode=canonical_representative_undirected_face_patterns, boundary_sparse_entries=1353905, patches_per_group_mean=5.61485760733881, m_patch_sum[min,max]=(6.0,6.0)
[2026-05-18 14:41:56] workspace allocated: n_groups=241129, n_ft=81, factor=6.0, linear_term_mode=avgE, registry_mode=boltzmann, association_mode=oriented_directed_face_state, use_boundary_quotient=False, cfg_includes_full_orbit=True, boundary_orbit_mult[min,max,mean]=(1.0, 24.0, 23.907539118065433), boundary_patch_mode=canonical_representative_undirected_face_patterns, boundary_sparse_entries=1353905, patches_per_group_mean=5.61485760733881, m_patch_sum[min,max]=(6.0,6.0)
[2026-05-18 14:41:56] RSS after setup: VmRSS:	  142748 kB
[2026-05-18 14:41:56] RSS after setup: VmRSS:	  144028 kB
[2026-05-18 14:41:56] shard 73/100: range=[292, 296) count=4
[2026-05-18 14:41:56] shard 72/100: range=[288, 292) count=4
[2026-05-18 14:41:56] workspace allocated: n_groups=241129, n_ft=81, factor=6.0, linear_term_mode=avgE, registry_mode=boltzmann, association_mode=oriented_directed_face_state, use_boundary_quotient=False, cfg_includes_full_orbit=True, boundary_orbit_mult[min,max,mean]=(1.0, 24.0, 23.907539118065433), boundary_patch_mode=canonical_representative_undirected_face_patterns, boundary_sparse_entries=1353905, patches_per_group_mean=5.61485760733881, m_patch_sum[min,max]=(6.0,6.0)
[2026-05-18 14:41:56] workspace allocated: n_groups=241129, n_ft=81, factor=6.0, linear_term_mode=avgE, registry_mode=boltzmann, association_mode=oriented_directed_face_state, use_boundary_quotient=False, cfg_includes_full_orbit=True, boundary_orbit_mult[min,max,mean]=(1.0, 24.0, 23.907539118065433), boundary_patch_mode=canonical_representative_undirected_face_patterns, boundary_sparse_entries=1353905, patches_per_group_mean=5.61485760733881, m_patch_sum[min,max]=(6.0,6.0)
[2026-05-18 14:41:56] RSS after setup: VmRSS:	  145304 kB
[2026-05-18 14:41:56] RSS after setup: VmRSS:	  145304 kB
[2026-05-18 14:41:56] shard 64/100: range=[256, 260) count=4
[2026-05-18 14:41:56] shard 62/100: range=[248, 252) count=4
[2026-05-18 14:41:56] workspace allocated: n_groups=241129, n_ft=81, factor=6.0, linear_term_mode=avgE, registry_mode=boltzmann, association_mode=oriented_directed_face_state, use_boundary_quotient=False, cfg_includes_full_orbit=True, boundary_orbit_mult[min,max,mean]=(1.0, 24.0, 23.907539118065433), boundary_patch_mode=canonical_representative_undirected_face_patterns, boundary_sparse_entries=1353905, patches_per_group_mean=5.61485760733881, m_patch_sum[min,max]=(6.0,6.0)
[2026-05-18 14:41:56] workspace allocated: n_groups=241129, n_ft=81, factor=6.0, linear_term_mode=avgE, registry_mode=boltzmann, association_mode=oriented_directed_face_state, use_boundary_quotient=False, cfg_includes_full_orbit=True, boundary_orbit_mult[min,max,mean]=(1.0, 24.0, 23.907539118065433), boundary_patch_mode=canonical_representative_undirected_face_patterns, boundary_sparse_entries=1353905, patches_per_group_mean=5.61485760733881, m_patch_sum[min,max]=(6.0,6.0)
[2026-05-18 14:41:56] RSS after setup: VmRSS:	  145940 kB
[2026-05-18 14:41:56] RSS after setup: VmRSS:	  144016 kB
[2026-05-18 14:41:56] workspace allocated: n_groups=241129, n_ft=81, factor=6.0, linear_term_mode=avgE, registry_mode=boltzmann, association_mode=oriented_directed_face_state, use_boundary_quotient=False, cfg_includes_full_orbit=True, boundary_orbit_mult[min,max,mean]=(1.0, 24.0, 23.907539118065433), boundary_patch_mode=canonical_representative_undirected_face_patterns, boundary_sparse_entries=1353905, patches_per_group_mean=5.61485760733881, m_patch_sum[min,max]=(6.0,6.0)
[2026-05-18 14:41:56] workspace allocated: n_groups=241129, n_ft=81, factor=6.0, linear_term_mode=avgE, registry_mode=boltzmann, association_mode=oriented_directed_face_state, use_boundary_quotient=False, cfg_includes_full_orbit=True, boundary_orbit_mult[min,max,mean]=(1.0, 24.0, 23.907539118065433), boundary_patch_mode=canonical_representative_undirected_face_patterns, boundary_sparse_entries=1353905, patches_per_group_mean=5.61485760733881, m_patch_sum[min,max]=(6.0,6.0)
[2026-05-18 14:41:56] shard 60/100: range=[240, 244) count=4
[2026-05-18 14:41:56] RSS after setup: VmRSS:	  145320 kB
[2026-05-18 14:41:56] shard 90/100: range=[360, 364) count=4
[2026-05-18 14:41:56] workspace allocated: n_groups=241129, n_ft=81, factor=6.0, linear_term_mode=avgE, registry_mode=boltzmann, association_mode=oriented_directed_face_state, use_boundary_quotient=False, cfg_includes_full_orbit=True, boundary_orbit_mult[min,max,mean]=(1.0, 24.0, 23.907539118065433), boundary_patch_mode=canonical_representative_undirected_face_patterns, boundary_sparse_entries=1353905, patches_per_group_mean=5.61485760733881, m_patch_sum[min,max]=(6.0,6.0)
[2026-05-18 14:41:56] shard 88/100: range=[352, 356) count=4
[2026-05-18 14:41:56] RSS after setup: VmRSS:	  144660 kB
[2026-05-18 14:41:56] workspace allocated: n_groups=241129, n_ft=81, factor=6.0, linear_term_mode=avgE, registry_mode=boltzmann, association_mode=oriented_directed_face_state, use_boundary_quotient=False, cfg_includes_full_orbit=True, boundary_orbit_mult[min,max,mean]=(1.0, 24.0, 23.907539118065433), boundary_patch_mode=canonical_representative_undirected_face_patterns, boundary_sparse_entries=1353905, patches_per_group_mean=5.61485760733881, m_patch_sum[min,max]=(6.0,6.0)
[2026-05-18 14:41:56] RSS after setup: VmRSS:	  142744 kB
[2026-05-18 14:41:56] RSS after setup: VmRSS:	  144028 kB
[2026-05-18 14:41:56] shard 70/100: range=[280, 284) count=4
[2026-05-18 14:41:56] workspace allocated: n_groups=241129, n_ft=81, factor=6.0, linear_term_mode=avgE, registry_mode=boltzmann, association_mode=oriented_directed_face_state, use_boundary_quotient=False, cfg_includes_full_orbit=True, boundary_orbit_mult[min,max,mean]=(1.0, 24.0, 23.907539118065433), boundary_patch_mode=canonical_representative_undirected_face_patterns, boundary_sparse_entries=1353905, patches_per_group_mean=5.61485760733881, m_patch_sum[min,max]=(6.0,6.0)
[2026-05-18 14:41:56] workspace allocated: n_groups=241129, n_ft=81, factor=6.0, linear_term_mode=avgE, registry_mode=boltzmann, association_mode=oriented_directed_face_state, use_boundary_quotient=False, cfg_includes_full_orbit=True, boundary_orbit_mult[min,max,mean]=(1.0, 24.0, 23.907539118065433), boundary_patch_mode=canonical_representative_undirected_face_patterns, boundary_sparse_entries=1353905, patches_per_group_mean=5.61485760733881, m_patch_sum[min,max]=(6.0,6.0)
[2026-05-18 14:41:56] shard 50/100: range=[200, 204) count=4
[2026-05-18 14:41:56] shard 56/100: range=[224, 228) count=4
[2026-05-18 14:41:56] workspace allocated: n_groups=241129, n_ft=81, factor=6.0, linear_term_mode=avgE, registry_mode=boltzmann, association_mode=oriented_directed_face_state, use_boundary_quotient=False, cfg_includes_full_orbit=True, boundary_orbit_mult[min,max,mean]=(1.0, 24.0, 23.907539118065433), boundary_patch_mode=canonical_representative_undirected_face_patterns, boundary_sparse_entries=1353905, patches_per_group_mean=5.61485760733881, m_patch_sum[min,max]=(6.0,6.0)
[2026-05-18 14:41:56] RSS after setup: VmRSS:	  145296 kB
[2026-05-18 14:41:56] RSS after setup: VmRSS:	  142744 kB
[2026-05-18 14:41:56] RSS after setup: VmRSS:	  142752 kB
[2026-05-18 14:41:56] shard 80/100: range=[320, 324) count=4
[2026-05-18 14:41:56] shard 79/100: range=[316, 320) count=4
[2026-05-18 14:41:56] shard 98/100: range=[392, 396) count=4
[2026-05-18 14:41:56] workspace allocated: n_groups=241129, n_ft=81, factor=6.0, linear_term_mode=avgE, registry_mode=boltzmann, association_mode=oriented_directed_face_state, use_boundary_quotient=False, cfg_includes_full_orbit=True, boundary_orbit_mult[min,max,mean]=(1.0, 24.0, 23.907539118065433), boundary_patch_mode=canonical_representative_undirected_face_patterns, boundary_sparse_entries=1353905, patches_per_group_mean=5.61485760733881, m_patch_sum[min,max]=(6.0,6.0)
[2026-05-18 14:41:56] RSS after setup: VmRSS:	  145308 kB
[2026-05-18 14:41:56] workspace allocated: n_groups=241129, n_ft=81, factor=6.0, linear_term_mode=avgE, registry_mode=boltzmann, association_mode=oriented_directed_face_state, use_boundary_quotient=False, cfg_includes_full_orbit=True, boundary_orbit_mult[min,max,mean]=(1.0, 24.0, 23.907539118065433), boundary_patch_mode=canonical_representative_undirected_face_patterns, boundary_sparse_entries=1353905, patches_per_group_mean=5.61485760733881, m_patch_sum[min,max]=(6.0,6.0)
[2026-05-18 14:41:56] shard 77/100: range=[308, 312) count=4
[2026-05-18 14:41:56] RSS after setup: VmRSS:	  142740 kB
[2026-05-18 14:41:56] shard 68/100: range=[272, 276) count=4
[2026-05-18 16:30:37] shard 5: 1/4 eps_a=0.000 eps_c=0.053 dt=6422.0s found=Y RSS=212644kB
[2026-05-18 16:30:37] POINT shard=5 idx=1/4 eps_a=0 eps_c=0.0526316 dt=6421.97s event=0 spin=0 bin=0 min_fpp=2.301855e+00 phi_min_fpp=0.3432 n_valid=46/51 n_invalid_phi=0 phi_feasible=[0,1] n_success=46 max_res=9.800e-02 mean_res=5.614e-03 mode=avgE e_lin=[-6.316e-01,0.000e+00] barrier=nan bethe=none bmode=attractive borient=orbit_average bgamma=off braw_med=0.000e+00 bcorr_med=0.000e+00 bp_med=1.000e+00 status=ok
[2026-05-18 16:32:08] shard 7: 1/4 eps_a=1.684 eps_c=0.053 dt=6512.7s found=Y RSS=212468kB
[2026-05-18 16:32:08] POINT shard=7 idx=1/4 eps_a=1.68421 eps_c=0.0526316 dt=6512.67s event=0 spin=0 bin=0 min_fpp=1.007705e+00 phi_min_fpp=0.3824 n_valid=46/51 n_invalid_phi=0 phi_feasible=[0,1] n_success=46 max_res=9.800e-02 mean_res=5.535e-03 mode=avgE e_lin=[-1.225e+01,0.000e+00] barrier=nan bethe=none bmode=attractive borient=orbit_average bgamma=off braw_med=0.000e+00 bcorr_med=0.000e+00 bp_med=1.000e+00 status=ok
[2026-05-18 16:32:12] shard 17: 1/4 eps_a=1.684 eps_c=0.158 dt=6517.4s found=Y RSS=212872kB
[2026-05-18 16:32:12] POINT shard=17 idx=1/4 eps_a=1.68421 eps_c=0.157895 dt=6517.44s event=0 spin=0 bin=0 min_fpp=7.743798e-01 phi_min_fpp=0.3824 n_valid=46/51 n_invalid_phi=0 phi_feasible=[0,1] n_success=46 max_res=9.800e-02 mean_res=5.524e-03 mode=avgE e_lin=[-1.351e+01,0.000e+00] barrier=nan bethe=none bmode=attractive borient=orbit_average bgamma=off braw_med=0.000e+00 bcorr_med=0.000e+00 bp_med=1.000e+00 status=ok
[2026-05-18 16:32:47] shard 15: 1/4 eps_a=0.000 eps_c=0.158 dt=6552.3s found=Y RSS=210976kB
[2026-05-18 16:32:47] POINT shard=15 idx=1/4 eps_a=0 eps_c=0.157895 dt=6552.30s event=0 spin=0 bin=0 min_fpp=2.037002e+00 phi_min_fpp=0.3628 n_valid=46/51 n_invalid_phi=0 phi_feasible=[0,1] n_success=46 max_res=9.800e-02 mean_res=5.605e-03 mode=avgE e_lin=[-1.895e+00,0.000e+00] barrier=nan bethe=none bmode=attractive borient=orbit_average bgamma=off braw_med=0.000e+00 bcorr_med=0.000e+00 bp_med=1.000e+00 status=ok
[2026-05-18 16:33:24] shard 1: 1/4 eps_a=0.842 eps_c=0.000 dt=6589.0s found=Y RSS=210540kB
[2026-05-18 16:33:24] POINT shard=1 idx=1/4 eps_a=0.842105 eps_c=0 dt=6589.05s event=0 spin=0 bin=0 min_fpp=1.809916e+00 phi_min_fpp=0.3628 n_valid=46/51 n_invalid_phi=0 phi_feasible=[0,1] n_success=46 max_res=9.800e-02 mean_res=5.590e-03 mode=avgE e_lin=[-5.416e+00,0.000e+00] barrier=nan bethe=none bmode=attractive borient=orbit_average bgamma=off braw_med=0.000e+00 bcorr_med=0.000e+00 bp_med=1.000e+00 status=ok
[2026-05-18 16:34:19] shard 11: 1/4 eps_a=0.842 eps_c=0.105 dt=6644.3s found=Y RSS=210584kB
[2026-05-18 16:34:19] POINT shard=11 idx=1/4 eps_a=0.842105 eps_c=0.105263 dt=6644.29s event=0 spin=0 bin=0 min_fpp=1.549452e+00 phi_min_fpp=0.3824 n_valid=46/51 n_invalid_phi=0 phi_feasible=[0,1] n_success=46 max_res=9.800e-02 mean_res=5.580e-03 mode=avgE e_lin=[-6.680e+00,0.000e+00] barrier=nan bethe=none bmode=attractive borient=orbit_average bgamma=off braw_med=0.000e+00 bcorr_med=0.000e+00 bp_med=1.000e+00 status=ok
[2026-05-18 16:35:16] shard 13: 1/4 eps_a=2.526 eps_c=0.105 dt=6699.6s found=Y RSS=209384kB
[2026-05-18 16:35:16] POINT shard=13 idx=1/4 eps_a=2.52632 eps_c=0.105263 dt=6699.62s event=0 spin=0 bin=0 min_fpp=3.809087e-01 phi_min_fpp=0.3432 n_valid=46/51 n_invalid_phi=0 phi_feasible=[0,1] n_success=46 max_res=1.960e-02 mean_res=1.052e-03 mode=avgE e_lin=[-1.980e+01,0.000e+00] barrier=nan bethe=none bmode=attractive borient=orbit_average bgamma=off braw_med=0.000e+00 bcorr_med=0.000e+00 bp_med=1.000e+00 status=ok
[2026-05-18 17:03:17] shard 19: 1/4 eps_a=3.368 eps_c=0.158 dt=8382.5s found=Y RSS=210720kB
[2026-05-18 17:03:17] POINT shard=19 idx=1/4 eps_a=3.36842 eps_c=0.157895 dt=8382.54s event=1 spin=1 bin=1 min_fpp=-7.064716e-02 phi_min_fpp=0.108 n_valid=43/51 n_invalid_phi=0 phi_feasible=[0,1] n_success=43 max_res=1.960e-02 mean_res=1.601e-03 mode=avgE e_lin=[-2.768e+01,0.000e+00] barrier=5.868e-04 bethe=none bmode=attractive borient=orbit_average bgamma=off braw_med=0.000e+00 bcorr_med=0.000e+00 bp_med=1.000e+00 status=ok
[2026-05-18 17:06:29] shard 9: 1/4 eps_a=3.368 eps_c=0.053 dt=8574.2s found=Y RSS=211676kB
[2026-05-18 17:06:29] POINT shard=9 idx=1/4 eps_a=3.36842 eps_c=0.0526316 dt=8574.22s event=0 spin=0 bin=0 min_fpp=8.781387e-02 phi_min_fpp=0.206 n_valid=43/51 n_invalid_phi=0 phi_feasible=[0,1] n_success=43 max_res=1.960e-02 mean_res=8.223e-04 mode=avgE e_lin=[-2.641e+01,0.000e+00] barrier=nan bethe=none bmode=attractive borient=orbit_average bgamma=off braw_med=0.000e+00 bcorr_med=0.000e+00 bp_med=1.000e+00 status=ok
[2026-05-18 17:19:23] shard 3: 1/4 eps_a=2.526 eps_c=0.000 dt=9348.4s found=Y RSS=211500kB
[2026-05-18 17:19:23] POINT shard=3 idx=1/4 eps_a=2.52632 eps_c=0 dt=9348.41s event=0 spin=0 bin=0 min_fpp=5.576269e-01 phi_min_fpp=0.3432 n_valid=43/51 n_invalid_phi=0 phi_feasible=[0,1] n_success=43 max_res=9.800e-02 mean_res=6.110e-03 mode=avgE e_lin=[-1.854e+01,0.000e+00] barrier=nan bethe=none bmode=attractive borient=orbit_average bgamma=off braw_med=0.000e+00 bcorr_med=0.000e+00 bp_med=1.000e+00 status=ok
[2026-05-18 17:38:46] shard 13: 2/4 eps_a=2.737 eps_c=0.105 dt=3807.9s found=Y RSS=208676kB
[2026-05-18 17:38:46] POINT shard=13 idx=2/4 eps_a=2.73684 eps_c=0.105263 dt=3807.94s event=0 spin=0 bin=0 min_fpp=2.800469e-01 phi_min_fpp=0.304 n_valid=48/51 n_invalid_phi=0 phi_feasible=[0,1] n_success=48 max_res=7.799e-03 mean_res=2.769e-04 mode=avgE e_lin=[-2.160e+01,0.000e+00] barrier=nan bethe=none bmode=attractive borient=orbit_average bgamma=off braw_med=0.000e+00 bcorr_med=0.000e+00 bp_med=1.000e+00 status=ok
[2026-05-18 17:57:59] shard 18: 1/4 eps_a=2.526 eps_c=0.158 dt=11663.4s found=Y RSS=210744kB
[2026-05-18 17:57:59] POINT shard=18 idx=1/4 eps_a=2.52632 eps_c=0.157895 dt=11663.39s event=0 spin=0 bin=0 min_fpp=2.925841e-01 phi_min_fpp=0.3236 n_valid=49/51 n_invalid_phi=0 phi_feasible=[0,1] n_success=49 max_res=8.923e-03 mean_res=1.753e-04 mode=avgE e_lin=[-2.043e+01,0.000e+00] barrier=nan bethe=none bmode=attractive borient=orbit_average bgamma=off braw_med=0.000e+00 bcorr_med=0.000e+00 bp_med=1.000e+00 status=ok
[2026-05-18 18:04:04] shard 23: 1/4 eps_a=2.526 eps_c=0.211 dt=12028.1s found=Y RSS=211024kB
[2026-05-18 18:04:04] POINT shard=23 idx=1/4 eps_a=2.52632 eps_c=0.210526 dt=12028.13s event=0 spin=0 bin=0 min_fpp=2.093621e-01 phi_min_fpp=0.304 n_valid=49/51 n_invalid_phi=0 phi_feasible=[0,1] n_success=49 max_res=2.224e-04 mean_res=5.322e-06 mode=avgE e_lin=[-2.106e+01,0.000e+00] barrier=nan bethe=none bmode=attractive borient=orbit_average bgamma=off braw_med=0.000e+00 bcorr_med=0.000e+00 bp_med=1.000e+00 status=ok
[2026-05-18 18:11:41] shard 5: 2/4 eps_a=0.211 eps_c=0.053 dt=6062.9s found=Y RSS=210564kB
[2026-05-18 18:11:41] POINT shard=5 idx=2/4 eps_a=0.210526 eps_c=0.0526316 dt=6062.93s event=0 spin=0 bin=0 min_fpp=2.163568e+00 phi_min_fpp=0.3432 n_valid=46/51 n_invalid_phi=0 phi_feasible=[0,1] n_success=46 max_res=9.800e-02 mean_res=5.610e-03 mode=avgE e_lin=[-1.917e+00,0.000e+00] barrier=nan bethe=none bmode=attractive borient=orbit_average bgamma=off braw_med=0.000e+00 bcorr_med=0.000e+00 bp_med=1.000e+00 status=ok
[2026-05-18 18:14:12] shard 7: 2/4 eps_a=1.895 eps_c=0.053 dt=6122.7s found=Y RSS=215184kB
[2026-05-18 18:14:12] POINT shard=7 idx=2/4 eps_a=1.89474 eps_c=0.0526316 dt=6122.70s event=0 spin=0 bin=0 min_fpp=8.552033e-01 phi_min_fpp=0.3824 n_valid=46/51 n_invalid_phi=0 phi_feasible=[0,1] n_success=46 max_res=9.800e-02 mean_res=5.520e-03 mode=avgE e_lin=[-1.392e+01,0.000e+00] barrier=nan bethe=none bmode=attractive borient=orbit_average bgamma=off braw_med=0.000e+00 bcorr_med=0.000e+00 bp_med=1.000e+00 status=ok
[2026-05-18 18:15:49] shard 11: 2/4 eps_a=1.053 eps_c=0.105 dt=6086.9s found=Y RSS=211148kB
[2026-05-18 18:15:49] POINT shard=11 idx=2/4 eps_a=1.05263 eps_c=0.105263 dt=6086.92s event=0 spin=0 bin=0 min_fpp=1.379374e+00 phi_min_fpp=0.3824 n_valid=46/51 n_invalid_phi=0 phi_feasible=[0,1] n_success=46 max_res=9.800e-02 mean_res=5.571e-03 mode=avgE e_lin=[-8.154e+00,0.000e+00] barrier=nan bethe=none bmode=attractive borient=orbit_average bgamma=off braw_med=0.000e+00 bcorr_med=0.000e+00 bp_med=1.000e+00 status=ok
[2026-05-18 18:18:40] shard 15: 2/4 eps_a=0.211 eps_c=0.158 dt=6348.9s found=Y RSS=215152kB
[2026-05-18 18:18:40] POINT shard=15 idx=2/4 eps_a=0.210526 eps_c=0.157895 dt=6348.91s event=0 spin=0 bin=0 min_fpp=1.896295e+00 phi_min_fpp=0.3628 n_valid=46/51 n_invalid_phi=0 phi_feasible=[0,1] n_success=46 max_res=9.800e-02 mean_res=5.601e-03 mode=avgE e_lin=[-3.180e+00,0.000e+00] barrier=nan bethe=none bmode=attractive borient=orbit_average bgamma=off braw_med=0.000e+00 bcorr_med=0.000e+00 bp_med=1.000e+00 status=ok
[2026-05-18 18:21:26] shard 1: 2/4 eps_a=1.053 eps_c=0.000 dt=6477.6s found=Y RSS=210584kB
[2026-05-18 18:21:26] POINT shard=1 idx=2/4 eps_a=1.05263 eps_c=0 dt=6477.62s event=0 spin=0 bin=0 min_fpp=1.637244e+00 phi_min_fpp=0.3628 n_valid=46/51 n_invalid_phi=0 phi_feasible=[0,1] n_success=46 max_res=9.800e-02 mean_res=5.581e-03 mode=avgE e_lin=[-6.891e+00,0.000e+00] barrier=nan bethe=none bmode=attractive borient=orbit_average bgamma=off braw_med=0.000e+00 bcorr_med=0.000e+00 bp_med=1.000e+00 status=ok
[2026-05-18 18:29:03] shard 33: 1/4 eps_a=2.526 eps_c=0.316 dt=13526.4s found=Y RSS=209868kB
[2026-05-18 18:29:03] POINT shard=33 idx=1/4 eps_a=2.52632 eps_c=0.315789 dt=13526.42s event=0 spin=0 bin=0 min_fpp=3.869223e-02 phi_min_fpp=0.2648 n_valid=48/51 n_invalid_phi=0 phi_feasible=[0,1] n_success=48 max_res=1.960e-02 mean_res=4.186e-04 mode=avgE e_lin=[-2.233e+01,0.000e+00] barrier=nan bethe=none bmode=attractive borient=orbit_average bgamma=off braw_med=0.000e+00 bcorr_med=0.000e+00 bp_med=1.000e+00 status=ok
[2026-05-18 18:41:00] shard 17: 2/4 eps_a=1.895 eps_c=0.158 dt=7726.2s found=Y RSS=211620kB
[2026-05-18 18:41:00] POINT shard=17 idx=2/4 eps_a=1.89474 eps_c=0.157895 dt=7726.22s event=0 spin=0 bin=0 min_fpp=6.352303e-01 phi_min_fpp=0.3824 n_valid=45/51 n_invalid_phi=0 phi_feasible=[0,1] n_success=45 max_res=9.800e-02 mean_res=5.614e-03 mode=avgE e_lin=[-1.519e+01,0.000e+00] barrier=nan bethe=none bmode=attractive borient=orbit_average bgamma=off braw_med=0.000e+00 bcorr_med=0.000e+00 bp_med=1.000e+00 status=ok
[2026-05-18 18:48:14] shard 51: 1/4 eps_a=0.842 eps_c=0.526 dt=14775.7s found=Y RSS=24115844kB
[2026-05-18 18:48:14] POINT shard=51 idx=1/4 eps_a=0.842105 eps_c=0.526316 dt=14775.72s event=0 spin=0 bin=0 min_fpp=5.034812e-01 phi_min_fpp=0.402 n_valid=46/51 n_invalid_phi=0 phi_feasible=[0,1] n_success=46 max_res=9.800e-02 mean_res=5.538e-03 mode=avgE e_lin=[-1.173e+01,0.000e+00] barrier=nan bethe=none bmode=attractive borient=orbit_average bgamma=off braw_med=0.000e+00 bcorr_med=0.000e+00 bp_med=1.000e+00 status=ok
[2026-05-18 18:59:42] shard 3: 2/4 eps_a=2.737 eps_c=0.000 dt=6016.6s found=Y RSS=212236kB
[2026-05-18 18:59:42] POINT shard=3 idx=2/4 eps_a=2.73684 eps_c=0 dt=6016.56s event=0 spin=0 bin=0 min_fpp=4.472013e-01 phi_min_fpp=0.3432 n_valid=47/51 n_invalid_phi=0 phi_feasible=[0,1] n_success=47 max_res=1.960e-02 mean_res=7.569e-04 mode=avgE e_lin=[-2.033e+01,0.000e+00] barrier=nan bethe=none bmode=attractive borient=orbit_average bgamma=off braw_med=0.000e+00 bcorr_med=0.000e+00 bp_med=1.000e+00 status=ok
[2026-05-18 19:01:07] shard 55: 1/4 eps_a=0.000 eps_c=0.579 dt=15549.7s found=Y RSS=24117996kB
[2026-05-18 19:01:07] POINT shard=55 idx=1/4 eps_a=0 eps_c=0.578947 dt=15549.72s event=0 spin=0 bin=0 min_fpp=9.356840e-01 phi_min_fpp=0.4216 n_valid=46/51 n_invalid_phi=0 phi_feasible=[0,1] n_success=46 max_res=9.800e-02 mean_res=5.563e-03 mode=avgE e_lin=[-6.947e+00,0.000e+00] barrier=nan bethe=none bmode=attractive borient=orbit_average bgamma=off braw_med=0.000e+00 bcorr_med=0.000e+00 bp_med=1.000e+00 status=ok
[2026-05-18 19:13:49] shard 31: 1/4 eps_a=0.842 eps_c=0.316 dt=16214.1s found=Y RSS=211604kB
[2026-05-18 19:13:49] POINT shard=31 idx=1/4 eps_a=0.842105 eps_c=0.315789 dt=16214.14s event=0 spin=0 bin=0 min_fpp=1.016333e+00 phi_min_fpp=0.402 n_valid=46/51 n_invalid_phi=0 phi_feasible=[0,1] n_success=46 max_res=9.800e-02 mean_res=5.558e-03 mode=avgE e_lin=[-9.206e+00,0.000e+00] barrier=nan bethe=none bmode=attractive borient=orbit_average bgamma=off braw_med=0.000e+00 bcorr_med=0.000e+00 bp_med=1.000e+00 status=ok
[2026-05-18 19:18:17] shard 38: 1/4 eps_a=2.526 eps_c=0.368 dt=16480.7s found=Y RSS=206408kB
[2026-05-18 19:18:17] POINT shard=38 idx=1/4 eps_a=2.52632 eps_c=0.368421 dt=16480.75s event=1 spin=1 bin=1 min_fpp=-5.442614e-02 phi_min_fpp=0.206 n_valid=47/51 n_invalid_phi=0 phi_feasible=[0,1] n_success=47 max_res=1.960e-02 mean_res=3.967e-04 mode=avgE e_lin=[-2.296e+01,0.000e+00] barrier=5.923e-04 bethe=none bmode=attractive borient=orbit_average bgamma=off braw_med=0.000e+00 bcorr_med=0.000e+00 bp_med=1.000e+00 status=ok
[2026-05-18 19:17:10] shard 63: 1/4 eps_a=2.526 eps_c=0.632 dt=16512.9s found=Y RSS=24115092kB
[2026-05-18 19:17:10] POINT shard=63 idx=1/4 eps_a=2.52632 eps_c=0.631579 dt=16512.85s event=1 spin=1 bin=1 min_fpp=-5.784793e-01 phi_min_fpp=0.0884 n_valid=44/51 n_invalid_phi=0 phi_feasible=[0,1] n_success=44 max_res=1.960e-02 mean_res=2.316e-03 mode=avgE e_lin=[-2.612e+01,0.000e+00] barrier=9.847e-03 bethe=none bmode=attractive borient=orbit_average bgamma=off braw_med=0.000e+00 bcorr_med=0.000e+00 bp_med=1.000e+00 status=ok
[2026-05-18 19:20:08] shard 12: 1/4 eps_a=1.684 eps_c=0.105 dt=16592.5s found=Y RSS=210824kB
[2026-05-18 19:20:08] POINT shard=12 idx=1/4 eps_a=1.68421 eps_c=0.105263 dt=16592.53s event=0 spin=0 bin=0 min_fpp=8.902975e-01 phi_min_fpp=0.3824 n_valid=46/51 n_invalid_phi=0 phi_feasible=[0,1] n_success=46 max_res=9.800e-02 mean_res=5.530e-03 mode=avgE e_lin=[-1.288e+01,0.000e+00] barrier=nan bethe=none bmode=attractive borient=orbit_average bgamma=off braw_med=0.000e+00 bcorr_med=0.000e+00 bp_med=1.000e+00 status=ok
[2026-05-18 19:20:45] shard 13: 3/4 eps_a=2.947 eps_c=0.105 dt=6117.0s found=Y RSS=213296kB
[2026-05-18 19:20:45] POINT shard=13 idx=3/4 eps_a=2.94737 eps_c=0.105263 dt=6117.03s event=0 spin=0 bin=0 min_fpp=1.893159e-01 phi_min_fpp=0.2844 n_valid=47/51 n_invalid_phi=0 phi_feasible=[0,1] n_success=47 max_res=1.960e-02 mean_res=7.742e-04 mode=avgE e_lin=[-2.341e+01,0.000e+00] barrier=nan bethe=none bmode=attractive borient=orbit_average bgamma=off braw_med=0.000e+00 bcorr_med=0.000e+00 bp_med=1.000e+00 status=ok
[2026-05-18 19:20:31] shard 61: 1/4 eps_a=0.842 eps_c=0.632 dt=16714.7s found=Y RSS=24120532kB
[2026-05-18 19:20:31] POINT shard=61 idx=1/4 eps_a=0.842105 eps_c=0.631579 dt=16714.66s event=0 spin=0 bin=0 min_fpp=2.742045e-01 phi_min_fpp=0.3824 n_valid=45/51 n_invalid_phi=0 phi_feasible=[0,1] n_success=45 max_res=9.800e-02 mean_res=5.529e-03 mode=avgE e_lin=[-1.300e+01,0.000e+00] barrier=nan bethe=none bmode=attractive borient=orbit_average bgamma=off braw_med=0.000e+00 bcorr_med=0.000e+00 bp_med=1.000e+00 status=ok
[2026-05-18 19:23:39] shard 9: 2/4 eps_a=3.579 eps_c=0.053 dt=8228.3s found=Y RSS=210940kB
[2026-05-18 19:23:39] POINT shard=9 idx=2/4 eps_a=3.57895 eps_c=0.0526316 dt=8228.28s event=1 spin=1 bin=0 min_fpp=-1.201528e-03 phi_min_fpp=0.108 n_valid=43/51 n_invalid_phi=0 phi_feasible=[0,1] n_success=43 max_res=1.960e-02 mean_res=4.581e-04 mode=avgE e_lin=[-2.823e+01,0.000e+00] barrier=nan bethe=none bmode=attractive borient=orbit_average bgamma=off braw_med=0.000e+00 bcorr_med=0.000e+00 bp_med=1.000e+00 status=ok
[2026-05-18 19:28:15] shard 8: 1/4 eps_a=2.526 eps_c=0.053 dt=17077.4s found=Y RSS=213152kB
[2026-05-18 19:28:15] POINT shard=8 idx=1/4 eps_a=2.52632 eps_c=0.0526316 dt=17077.38s event=0 spin=0 bin=0 min_fpp=4.705772e-01 phi_min_fpp=0.3628 n_valid=46/51 n_invalid_phi=0 phi_feasible=[0,1] n_success=46 max_res=1.608e-02 mean_res=3.316e-04 mode=avgE e_lin=[-1.917e+01,0.000e+00] barrier=nan bethe=none bmode=attractive borient=orbit_average bgamma=off braw_med=0.000e+00 bcorr_med=0.000e+00 bp_med=1.000e+00 status=ok
[2026-05-18 19:31:21] shard 41: 1/4 eps_a=0.842 eps_c=0.421 dt=17264.3s found=Y RSS=214228kB
[2026-05-18 19:31:21] POINT shard=41 idx=1/4 eps_a=0.842105 eps_c=0.421053 dt=17264.30s event=0 spin=0 bin=0 min_fpp=7.535170e-01 phi_min_fpp=0.4216 n_valid=46/51 n_invalid_phi=0 phi_feasible=[0,1] n_success=46 max_res=9.800e-02 mean_res=5.550e-03 mode=avgE e_lin=[-1.047e+01,0.000e+00] barrier=nan bethe=none bmode=attractive borient=orbit_average bgamma=off braw_med=0.000e+00 bcorr_med=0.000e+00 bp_med=1.000e+00 status=ok
[2026-05-18 19:37:08] shard 22: 1/4 eps_a=1.684 eps_c=0.211 dt=17612.3s found=Y RSS=213412kB
[2026-05-18 19:37:08] POINT shard=22 idx=1/4 eps_a=1.68421 eps_c=0.210526 dt=17612.29s event=0 spin=0 bin=0 min_fpp=6.607593e-01 phi_min_fpp=0.3824 n_valid=46/51 n_invalid_phi=0 phi_feasible=[0,1] n_success=46 max_res=9.800e-02 mean_res=5.519e-03 mode=avgE e_lin=[-1.415e+01,0.000e+00] barrier=nan bethe=none bmode=attractive borient=orbit_average bgamma=off braw_med=0.000e+00 bcorr_med=0.000e+00 bp_med=1.000e+00 status=ok
[2026-05-18 19:42:29] shard 2: 1/4 eps_a=1.684 eps_c=0.000 dt=17933.0s found=Y RSS=208156kB
[2026-05-18 19:42:29] POINT shard=2 idx=1/4 eps_a=1.68421 eps_c=0 dt=17933.02s event=0 spin=0 bin=0 min_fpp=1.126150e+00 phi_min_fpp=0.3824 n_valid=46/51 n_invalid_phi=0 phi_feasible=[0,1] n_success=46 max_res=9.800e-02 mean_res=5.540e-03 mode=avgE e_lin=[-1.162e+01,0.000e+00] barrier=nan bethe=none bmode=attractive borient=orbit_average bgamma=off braw_med=0.000e+00 bcorr_med=0.000e+00 bp_med=1.000e+00 status=ok
[2026-05-18 19:42:35] shard 45: 1/4 eps_a=0.000 eps_c=0.474 dt=17938.9s found=Y RSS=211840kB
[2026-05-18 19:42:35] POINT shard=45 idx=1/4 eps_a=0 eps_c=0.473684 dt=17938.92s event=0 spin=0 bin=0 min_fpp=1.214934e+00 phi_min_fpp=0.402 n_valid=46/51 n_invalid_phi=0 phi_feasible=[0,1] n_success=46 max_res=9.800e-02 mean_res=5.574e-03 mode=avgE e_lin=[-5.684e+00,0.000e+00] barrier=nan bethe=none bmode=attractive borient=orbit_average bgamma=off braw_med=0.000e+00 bcorr_med=0.000e+00 bp_med=1.000e+00 status=ok
[2026-05-18 19:44:25] shard 26: 1/4 eps_a=0.842 eps_c=0.263 dt=18049.3s found=Y RSS=211464kB
[2026-05-18 19:44:25] POINT shard=26 idx=1/4 eps_a=0.842105 eps_c=0.263158 dt=18049.26s event=0 spin=0 bin=0 min_fpp=1.150044e+00 phi_min_fpp=0.402 n_valid=46/51 n_invalid_phi=0 phi_feasible=[0,1] n_success=46 max_res=9.800e-02 mean_res=5.564e-03 mode=avgE e_lin=[-8.574e+00,0.000e+00] barrier=nan bethe=none bmode=attractive borient=orbit_average bgamma=off braw_med=0.000e+00 bcorr_med=0.000e+00 bp_med=1.000e+00 status=ok
[2026-05-18 19:45:58] shard 16: 1/4 eps_a=0.842 eps_c=0.158 dt=18143.0s found=Y RSS=206576kB
[2026-05-18 19:45:58] POINT shard=16 idx=1/4 eps_a=0.842105 eps_c=0.157895 dt=18142.96s event=0 spin=0 bin=0 min_fpp=1.416960e+00 phi_min_fpp=0.3824 n_valid=46/51 n_invalid_phi=0 phi_feasible=[0,1] n_success=46 max_res=9.800e-02 mean_res=5.575e-03 mode=avgE e_lin=[-7.311e+00,0.000e+00] barrier=nan bethe=none bmode=attractive borient=orbit_average bgamma=off braw_med=0.000e+00 bcorr_med=0.000e+00 bp_med=1.000e+00 status=ok
[2026-05-18 19:46:21] shard 36: 1/4 eps_a=0.842 eps_c=0.368 dt=18165.3s found=Y RSS=210968kB
[2026-05-18 19:46:21] POINT shard=36 idx=1/4 eps_a=0.842105 eps_c=0.368421 dt=18165.27s event=0 spin=0 bin=0 min_fpp=8.840165e-01 phi_min_fpp=0.402 n_valid=46/51 n_invalid_phi=0 phi_feasible=[0,1] n_success=46 max_res=9.800e-02 mean_res=5.552e-03 mode=avgE e_lin=[-9.837e+00,0.000e+00] barrier=nan bethe=none bmode=attractive borient=orbit_average bgamma=off braw_med=0.000e+00 bcorr_med=0.000e+00 bp_med=1.000e+00 status=ok
[2026-05-18 19:47:58] shard 21: 1/4 eps_a=0.842 eps_c=0.211 dt=18261.3s found=Y RSS=208532kB
[2026-05-18 19:47:58] POINT shard=21 idx=1/4 eps_a=0.842105 eps_c=0.210526 dt=18261.28s event=0 spin=0 bin=0 min_fpp=1.284756e+00 phi_min_fpp=0.3824 n_valid=46/51 n_invalid_phi=0 phi_feasible=[0,1] n_success=46 max_res=9.800e-02 mean_res=5.569e-03 mode=avgE e_lin=[-7.943e+00,0.000e+00] barrier=nan bethe=none bmode=attractive borient=orbit_average bgamma=off braw_med=0.000e+00 bcorr_med=0.000e+00 bp_med=1.000e+00 status=ok
[2026-05-18 19:48:17] shard 20: 1/4 eps_a=0.000 eps_c=0.211 dt=18280.2s found=Y RSS=211036kB
[2026-05-18 19:48:17] POINT shard=20 idx=1/4 eps_a=0 eps_c=0.210526 dt=18280.24s event=0 spin=0 bin=0 min_fpp=1.902509e+00 phi_min_fpp=0.3628 n_valid=46/51 n_invalid_phi=0 phi_feasible=[0,1] n_success=46 max_res=9.800e-02 mean_res=5.600e-03 mode=avgE e_lin=[-2.526e+00,0.000e+00] barrier=nan bethe=none bmode=attractive borient=orbit_average bgamma=off braw_med=0.000e+00 bcorr_med=0.000e+00 bp_med=1.000e+00 status=ok
[2026-05-18 19:50:18] shard 10: 1/4 eps_a=0.000 eps_c=0.105 dt=18400.1s found=Y RSS=211608kB
[2026-05-18 19:50:18] POINT shard=10 idx=1/4 eps_a=0 eps_c=0.105263 dt=18400.14s event=0 spin=0 bin=0 min_fpp=2.170410e+00 phi_min_fpp=0.3432 n_valid=46/51 n_invalid_phi=0 phi_feasible=[0,1] n_success=46 max_res=9.800e-02 mean_res=5.609e-03 mode=avgE e_lin=[-1.263e+00,0.000e+00] barrier=nan bethe=none bmode=attractive borient=orbit_average bgamma=off braw_med=0.000e+00 bcorr_med=0.000e+00 bp_med=1.000e+00 status=ok
[2026-05-18 19:57:59] shard 35: 1/4 eps_a=0.000 eps_c=0.368 dt=18862.3s found=Y RSS=208164kB
[2026-05-18 19:57:59] POINT shard=35 idx=1/4 eps_a=0 eps_c=0.368421 dt=18862.26s event=0 spin=0 bin=0 min_fpp=1.493963e+00 phi_min_fpp=0.3824 n_valid=46/51 n_invalid_phi=0 phi_feasible=[0,1] n_success=46 max_res=9.800e-02 mean_res=5.585e-03 mode=avgE e_lin=[-4.421e+00,0.000e+00] barrier=nan bethe=none bmode=attractive borient=orbit_average bgamma=off braw_med=0.000e+00 bcorr_med=0.000e+00 bp_med=1.000e+00 status=ok
[2026-05-18 19:59:04] shard 5: 3/4 eps_a=0.421 eps_c=0.053 dt=6440.3s found=Y RSS=210612kB
[2026-05-18 19:59:04] POINT shard=5 idx=3/4 eps_a=0.421053 eps_c=0.0526316 dt=6440.26s event=0 spin=0 bin=0 min_fpp=2.011019e+00 phi_min_fpp=0.3628 n_valid=46/51 n_invalid_phi=0 phi_feasible=[0,1] n_success=46 max_res=9.800e-02 mean_res=5.604e-03 mode=avgE e_lin=[-3.247e+00,0.000e+00] barrier=nan bethe=none bmode=attractive borient=orbit_average bgamma=off braw_med=0.000e+00 bcorr_med=0.000e+00 bp_med=1.000e+00 status=ok
[2026-05-18 19:59:20] shard 11: 3/4 eps_a=1.263 eps_c=0.105 dt=6208.7s found=Y RSS=208464kB
[2026-05-18 19:59:20] POINT shard=11 idx=3/4 eps_a=1.26316 eps_c=0.105263 dt=6208.68s event=0 spin=0 bin=0 min_fpp=1.210895e+00 phi_min_fpp=0.3824 n_valid=46/51 n_invalid_phi=0 phi_feasible=[0,1] n_success=46 max_res=9.800e-02 mean_res=5.558e-03 mode=avgE e_lin=[-9.679e+00,0.000e+00] barrier=nan bethe=none bmode=attractive borient=orbit_average bgamma=off braw_med=0.000e+00 bcorr_med=0.000e+00 bp_med=1.000e+00 status=ok
[2026-05-18 20:00:44] shard 15: 3/4 eps_a=0.421 eps_c=0.158 dt=6120.8s found=Y RSS=211756kB
[2026-05-18 20:00:44] POINT shard=15 idx=3/4 eps_a=0.421053 eps_c=0.157895 dt=6120.77s event=0 spin=0 bin=0 min_fpp=1.745227e+00 phi_min_fpp=0.3628 n_valid=46/51 n_invalid_phi=0 phi_feasible=[0,1] n_success=46 max_res=9.800e-02 mean_res=5.594e-03 mode=avgE e_lin=[-4.510e+00,0.000e+00] barrier=nan bethe=none bmode=attractive borient=orbit_average bgamma=off braw_med=0.000e+00 bcorr_med=0.000e+00 bp_med=1.000e+00 status=ok
[2026-05-18 20:02:51] shard 19: 2/4 eps_a=3.579 eps_c=0.158 dt=10770.8s found=Y RSS=212560kB
[2026-05-18 20:02:51] POINT shard=19 idx=2/4 eps_a=3.57895 eps_c=0.157895 dt=10770.77s event=1 spin=1 bin=1 min_fpp=-1.674013e-01 phi_min_fpp=0.0688 n_valid=41/51 n_invalid_phi=0 phi_feasible=[0,1] n_success=41 max_res=1.960e-02 mean_res=1.894e-03 mode=avgE e_lin=[-2.949e+01,0.000e+00] barrier=1.476e-03 bethe=none bmode=attractive borient=orbit_average bgamma=off braw_med=0.000e+00 bcorr_med=0.000e+00 bp_med=1.000e+00 status=ok
[2026-05-18 20:03:30] shard 25: 1/4 eps_a=0.000 eps_c=0.263 dt=19192.8s found=Y RSS=210508kB
[2026-05-18 20:03:30] POINT shard=25 idx=1/4 eps_a=0 eps_c=0.263158 dt=19192.78s event=0 spin=0 bin=0 min_fpp=1.768704e+00 phi_min_fpp=0.3628 n_valid=46/51 n_invalid_phi=0 phi_feasible=[0,1] n_success=46 max_res=9.800e-02 mean_res=5.595e-03 mode=avgE e_lin=[-3.158e+00,0.000e+00] barrier=nan bethe=none bmode=attractive borient=orbit_average bgamma=off braw_med=0.000e+00 bcorr_med=0.000e+00 bp_med=1.000e+00 status=ok
[2026-05-18 20:08:14] shard 1: 3/4 eps_a=1.263 eps_c=0.000 dt=6405.3s found=Y RSS=211004kB
[2026-05-18 20:08:14] POINT shard=1 idx=3/4 eps_a=1.26316 eps_c=0 dt=6405.26s event=0 spin=0 bin=0 min_fpp=1.464386e+00 phi_min_fpp=0.3824 n_valid=46/51 n_invalid_phi=0 phi_feasible=[0,1] n_success=46 max_res=9.800e-02 mean_res=5.568e-03 mode=avgE e_lin=[-8.416e+00,0.000e+00] barrier=nan bethe=none bmode=attractive borient=orbit_average bgamma=off braw_med=0.000e+00 bcorr_med=0.000e+00 bp_med=1.000e+00 status=ok
[2026-05-18 20:19:38] shard 43: 1/4 eps_a=2.526 eps_c=0.421 dt=20162.7s found=Y RSS=211388kB
[2026-05-18 20:19:38] POINT shard=43 idx=1/4 eps_a=2.52632 eps_c=0.421053 dt=20162.67s event=1 spin=1 bin=1 min_fpp=-1.520184e-01 phi_min_fpp=0.1472 n_valid=45/51 n_invalid_phi=0 phi_feasible=[0,1] n_success=45 max_res=1.960e-02 mean_res=1.284e-03 mode=avgE e_lin=[-2.359e+01,0.000e+00] barrier=2.453e-03 bethe=none bmode=attractive borient=orbit_average bgamma=off braw_med=0.000e+00 bcorr_med=0.000e+00 bp_med=1.000e+00 status=ok
[2026-05-18 20:22:50] shard 3: 3/4 eps_a=2.947 eps_c=0.000 dt=4986.3s found=Y RSS=215580kB
[2026-05-18 20:22:50] POINT shard=3 idx=3/4 eps_a=2.94737 eps_c=0 dt=4986.25s event=0 spin=0 bin=0 min_fpp=3.455511e-01 phi_min_fpp=0.3236 n_valid=48/51 n_invalid_phi=0 phi_feasible=[0,1] n_success=48 max_res=1.960e-02 mean_res=8.310e-04 mode=avgE e_lin=[-2.215e+01,0.000e+00] barrier=nan bethe=none bmode=attractive borient=orbit_average bgamma=off braw_med=0.000e+00 bcorr_med=0.000e+00 bp_med=1.000e+00 status=ok
[2026-05-18 20:23:07] shard 47: 1/4 eps_a=1.684 eps_c=0.474 dt=20370.7s found=Y RSS=210864kB
[2026-05-18 20:23:07] POINT shard=47 idx=1/4 eps_a=1.68421 eps_c=0.473684 dt=20370.74s event=0 spin=0 bin=0 min_fpp=1.424989e-01 phi_min_fpp=0.3236 n_valid=44/51 n_invalid_phi=0 phi_feasible=[0,1] n_success=44 max_res=9.800e-02 mean_res=5.986e-03 mode=avgE e_lin=[-1.730e+01,0.000e+00] barrier=nan bethe=none bmode=attractive borient=orbit_average bgamma=off braw_med=0.000e+00 bcorr_med=0.000e+00 bp_med=1.000e+00 status=ok
[2026-05-18 20:24:08] shard 65: 1/4 eps_a=0.000 eps_c=0.684 dt=20531.1s found=Y RSS=24120612kB
[2026-05-18 20:24:08] POINT shard=65 idx=1/4 eps_a=0 eps_c=0.684211 dt=20531.06s event=0 spin=0 bin=0 min_fpp=6.637396e-01 phi_min_fpp=0.4216 n_valid=46/51 n_invalid_phi=0 phi_feasible=[0,1] n_success=46 max_res=9.800e-02 mean_res=5.555e-03 mode=avgE e_lin=[-8.211e+00,0.000e+00] barrier=nan bethe=none bmode=attractive borient=orbit_average bgamma=off braw_med=0.000e+00 bcorr_med=0.000e+00 bp_med=1.000e+00 status=ok
[2026-05-18 20:29:06] shard 7: 3/4 eps_a=2.105 eps_c=0.053 dt=8091.5s found=Y RSS=211976kB
[2026-05-18 20:29:06] POINT shard=7 idx=3/4 eps_a=2.10526 eps_c=0.0526316 dt=8091.51s event=0 spin=0 bin=0 min_fpp=7.113964e-01 phi_min_fpp=0.3628 n_valid=43/51 n_invalid_phi=0 phi_feasible=[0,1] n_success=43 max_res=9.800e-02 mean_res=5.952e-03 mode=avgE e_lin=[-1.564e+01,0.000e+00] barrier=nan bethe=none bmode=attractive borient=orbit_average bgamma=off braw_med=0.000e+00 bcorr_med=0.000e+00 bp_med=1.000e+00 status=ok
[2026-05-18 20:31:48] shard 42: 1/4 eps_a=1.684 eps_c=0.421 dt=20891.7s found=Y RSS=208560kB
[2026-05-18 20:31:48] POINT shard=42 idx=1/4 eps_a=1.68421 eps_c=0.421053 dt=20891.74s event=0 spin=0 bin=0 min_fpp=2.397292e-01 phi_min_fpp=0.3432 n_valid=44/51 n_invalid_phi=0 phi_feasible=[0,1] n_success=44 max_res=9.800e-02 mean_res=5.880e-03 mode=avgE e_lin=[-1.667e+01,0.000e+00] barrier=nan bethe=none bmode=attractive borient=orbit_average bgamma=off braw_med=0.000e+00 bcorr_med=0.000e+00 bp_med=1.000e+00 status=ok
[2026-05-18 20:41:46] shard 37: 1/4 eps_a=1.684 eps_c=0.368 dt=21489.9s found=Y RSS=213280kB
[2026-05-18 20:41:46] POINT shard=37 idx=1/4 eps_a=1.68421 eps_c=0.368421 dt=21489.90s event=0 spin=0 bin=0 min_fpp=3.402340e-01 phi_min_fpp=0.3628 n_valid=45/51 n_invalid_phi=0 phi_feasible=[0,1] n_success=45 max_res=9.800e-02 mean_res=5.885e-03 mode=avgE e_lin=[-1.604e+01,0.000e+00] barrier=nan bethe=none bmode=attractive borient=orbit_average bgamma=off braw_med=0.000e+00 bcorr_med=0.000e+00 bp_med=1.000e+00 status=ok
[2026-05-18 20:52:35] shard 13: 4/4 eps_a=3.158 eps_c=0.105 dt=5508.5s found=Y RSS=212116kB
[2026-05-18 20:52:35] POINT shard=13 idx=4/4 eps_a=3.15789 eps_c=0.105263 dt=5508.51s event=0 spin=0 bin=0 min_fpp=1.034118e-01 phi_min_fpp=0.2452 n_valid=46/51 n_invalid_phi=0 phi_feasible=[0,1] n_success=46 max_res=1.960e-02 mean_res=7.152e-04 mode=avgE e_lin=[-2.523e+01,0.000e+00] barrier=nan bethe=none bmode=attractive borient=orbit_average bgamma=off braw_med=0.000e+00 bcorr_med=0.000e+00 bp_med=1.000e+00 status=ok
[2026-05-18 20:52:35] shard 13: saved /pool/hamza/111000_scan_selfconsistent_bethe/shards/shard_0013.npz with 0 points
[2026-05-18 20:57:03] shard 39: 1/4 eps_a=3.368 eps_c=0.368 dt=22406.3s found=Y RSS=209228kB
[2026-05-18 20:57:03] POINT shard=39 idx=1/4 eps_a=3.36842 eps_c=0.368421 dt=22406.33s event=1 spin=1 bin=1 min_fpp=-4.389259e-01 phi_min_fpp=0.0688 n_valid=44/51 n_invalid_phi=0 phi_feasible=[0,1] n_success=44 max_res=1.960e-02 mean_res=1.080e-03 mode=avgE e_lin=[-3.020e+01,0.000e+00] barrier=6.247e-03 bethe=none bmode=attractive borient=orbit_average bgamma=off braw_med=0.000e+00 bcorr_med=0.000e+00 bp_med=1.000e+00 status=ok
[2026-05-18 20:57:42] shard 17: 3/4 eps_a=2.105 eps_c=0.158 dt=8200.5s found=Y RSS=214016kB
[2026-05-18 20:57:42] POINT shard=17 idx=3/4 eps_a=2.10526 eps_c=0.157895 dt=8200.52s event=0 spin=0 bin=0 min_fpp=5.086693e-01 phi_min_fpp=0.3628 n_valid=44/51 n_invalid_phi=0 phi_feasible=[0,1] n_success=44 max_res=9.800e-02 mean_res=6.123e-03 mode=avgE e_lin=[-1.690e+01,0.000e+00] barrier=nan bethe=none bmode=attractive borient=orbit_average bgamma=off braw_med=0.000e+00 bcorr_med=0.000e+00 bp_med=1.000e+00 status=ok
[2026-05-18 20:56:57] shard 90: 1/4 eps_a=0.000 eps_c=0.947 dt=22499.0s found=Y RSS=24117652kB
[2026-05-18 20:56:57] POINT shard=90 idx=1/4 eps_a=0 eps_c=0.947368 dt=22498.95s event=0 spin=0 bin=0 min_fpp=7.398587e-02 phi_min_fpp=0.3432 n_valid=45/51 n_invalid_phi=0 phi_feasible=[0,1] n_success=45 max_res=9.800e-02 mean_res=5.777e-03 mode=avgE e_lin=[-1.137e+01,0.000e+00] barrier=nan bethe=none bmode=attractive borient=orbit_average bgamma=off braw_med=0.000e+00 bcorr_med=0.000e+00 bp_med=1.000e+00 status=ok
[2026-05-18 20:58:57] shard 55: 2/4 eps_a=0.211 eps_c=0.579 dt=7068.3s found=Y RSS=24115288kB
[2026-05-18 20:58:57] POINT shard=55 idx=2/4 eps_a=0.210526 eps_c=0.578947 dt=7068.29s event=0 spin=0 bin=0 min_fpp=7.933496e-01 phi_min_fpp=0.4216 n_valid=45/51 n_invalid_phi=0 phi_feasible=[0,1] n_success=45 max_res=9.800e-02 mean_res=5.560e-03 mode=avgE e_lin=[-8.233e+00,0.000e+00] barrier=nan bethe=none bmode=attractive borient=orbit_average bgamma=off braw_med=0.000e+00 bcorr_med=0.000e+00 bp_med=1.000e+00 status=ok
[2026-05-18 21:01:17] shard 51: 2/4 eps_a=1.053 eps_c=0.526 dt=7981.7s found=Y RSS=24118352kB
[2026-05-18 21:01:17] POINT shard=51 idx=2/4 eps_a=1.05263 eps_c=0.526316 dt=7981.71s event=0 spin=0 bin=0 min_fpp=3.743848e-01 phi_min_fpp=0.402 n_valid=45/51 n_invalid_phi=0 phi_feasible=[0,1] n_success=45 max_res=9.800e-02 mean_res=5.588e-03 mode=avgE e_lin=[-1.321e+01,0.000e+00] barrier=nan bethe=none bmode=attractive borient=orbit_average bgamma=off braw_med=0.000e+00 bcorr_med=0.000e+00 bp_med=1.000e+00 status=ok
[2026-05-18 21:02:33] shard 66: 1/4 eps_a=0.842 eps_c=0.684 dt=22835.5s found=Y RSS=24116692kB
[2026-05-18 21:02:33] POINT shard=66 idx=1/4 eps_a=0.842105 eps_c=0.684211 dt=22835.50s event=0 spin=0 bin=0 min_fpp=1.672757e-01 phi_min_fpp=0.3628 n_valid=46/51 n_invalid_phi=0 phi_feasible=[0,1] n_success=46 max_res=9.800e-02 mean_res=5.518e-03 mode=avgE e_lin=[-1.363e+01,0.000e+00] barrier=nan bethe=none bmode=attractive borient=orbit_average bgamma=off braw_med=0.000e+00 bcorr_med=0.000e+00 bp_med=1.000e+00 status=ok
[2026-05-18 21:02:55] shard 80: 1/4 eps_a=0.000 eps_c=0.842 dt=22856.6s found=Y RSS=24113388kB
[2026-05-18 21:02:55] POINT shard=80 idx=1/4 eps_a=0 eps_c=0.842105 dt=22856.58s event=0 spin=0 bin=0 min_fpp=2.934054e-01 phi_min_fpp=0.402 n_valid=46/51 n_invalid_phi=0 phi_feasible=[0,1] n_success=46 max_res=9.800e-02 mean_res=5.536e-03 mode=avgE e_lin=[-1.011e+01,0.000e+00] barrier=nan bethe=none bmode=attractive borient=orbit_average bgamma=off braw_med=0.000e+00 bcorr_med=0.000e+00 bp_med=1.000e+00 status=ok
[2026-05-18 21:06:05] shard 40: 1/4 eps_a=0.000 eps_c=0.421 dt=22948.5s found=Y RSS=215524kB
[2026-05-18 21:06:05] POINT shard=40 idx=1/4 eps_a=0 eps_c=0.421053 dt=22948.48s event=0 spin=0 bin=0 min_fpp=1.355189e+00 phi_min_fpp=0.402 n_valid=46/51 n_invalid_phi=0 phi_feasible=[0,1] n_success=46 max_res=9.800e-02 mean_res=5.580e-03 mode=avgE e_lin=[-5.053e+00,0.000e+00] barrier=nan bethe=none bmode=attractive borient=orbit_average bgamma=off braw_med=0.000e+00 bcorr_med=0.000e+00 bp_med=1.000e+00 status=ok
[2026-05-18 21:06:31] shard 70: 1/4 eps_a=0.000 eps_c=0.737 dt=23073.3s found=Y RSS=24117904kB
[2026-05-18 21:06:31] POINT shard=70 idx=1/4 eps_a=0 eps_c=0.736842 dt=23073.34s event=0 spin=0 bin=0 min_fpp=5.342292e-01 phi_min_fpp=0.4216 n_valid=46/51 n_invalid_phi=0 phi_feasible=[0,1] n_success=46 max_res=9.800e-02 mean_res=5.548e-03 mode=avgE e_lin=[-8.842e+00,0.000e+00] barrier=nan bethe=none bmode=attractive borient=orbit_average bgamma=off braw_med=0.000e+00 bcorr_med=0.000e+00 bp_med=1.000e+00 status=ok
[2026-05-18 21:09:49] shard 9: 3/4 eps_a=3.789 eps_c=0.053 dt=6367.7s found=Y RSS=209260kB
[2026-05-18 21:09:49] POINT shard=9 idx=3/4 eps_a=3.78947 eps_c=0.0526316 dt=6367.74s event=1 spin=1 bin=1 min_fpp=-7.848937e-02 phi_min_fpp=0.0688 n_valid=45/51 n_invalid_phi=0 phi_feasible=[0,1] n_success=45 max_res=1.960e-02 mean_res=1.566e-03 mode=avgE e_lin=[-3.004e+01,0.000e+00] barrier=4.860e-04 bethe=none bmode=attractive borient=orbit_average bgamma=off braw_med=0.000e+00 bcorr_med=0.000e+00 bp_med=1.000e+00 status=ok
[2026-05-18 21:10:06] shard 56: 1/4 eps_a=0.842 eps_c=0.579 dt=23287.6s found=Y RSS=24114412kB
[2026-05-18 21:10:06] POINT shard=56 idx=1/4 eps_a=0.842105 eps_c=0.578947 dt=23287.64s event=0 spin=0 bin=0 min_fpp=3.858044e-01 phi_min_fpp=0.402 n_valid=46/51 n_invalid_phi=0 phi_feasible=[0,1] n_success=46 max_res=9.800e-02 mean_res=5.531e-03 mode=avgE e_lin=[-1.236e+01,0.000e+00] barrier=nan bethe=none bmode=attractive borient=orbit_average bgamma=off braw_med=0.000e+00 bcorr_med=0.000e+00 bp_med=1.000e+00 status=ok
[2026-05-18 21:10:16] shard 82: 1/4 eps_a=1.684 eps_c=0.842 dt=23298.7s found=Y RSS=24115340kB
[2026-05-18 21:10:16] POINT shard=82 idx=1/4 eps_a=1.68421 eps_c=0.842105 dt=23298.67s event=1 spin=1 bin=1 min_fpp=-7.385694e-01 phi_min_fpp=0.0688 n_valid=46/51 n_invalid_phi=0 phi_feasible=[0,1] n_success=46 max_res=1.960e-02 mean_res=1.538e-03 mode=avgE e_lin=[-2.172e+01,0.000e+00] barrier=1.432e-02 bethe=none bmode=attractive borient=orbit_average bgamma=off braw_med=0.000e+00 bcorr_med=0.000e+00 bp_med=1.000e+00 status=ok
[2026-05-18 21:14:42] shard 32: 1/4 eps_a=1.684 eps_c=0.316 dt=23465.3s found=Y RSS=210928kB
[2026-05-18 21:14:42] POINT shard=32 idx=1/4 eps_a=1.68421 eps_c=0.315789 dt=23465.31s event=0 spin=0 bin=0 min_fpp=4.420029e-01 phi_min_fpp=0.3824 n_valid=44/51 n_invalid_phi=0 phi_feasible=[0,1] n_success=44 max_res=9.800e-02 mean_res=6.275e-03 mode=avgE e_lin=[-1.541e+01,0.000e+00] barrier=nan bethe=none bmode=attractive borient=orbit_average bgamma=off braw_med=0.000e+00 bcorr_med=0.000e+00 bp_med=1.000e+00 status=ok
[2026-05-18 21:13:41] shard 72: 1/4 eps_a=1.684 eps_c=0.737 dt=23503.0s found=Y RSS=24118768kB
[2026-05-18 21:13:41] POINT shard=72 idx=1/4 eps_a=1.68421 eps_c=0.736842 dt=23503.01s event=1 spin=1 bin=1 min_fpp=-4.282464e-01 phi_min_fpp=0.0688 n_valid=46/51 n_invalid_phi=0 phi_feasible=[0,1] n_success=46 max_res=1.960e-02 mean_res=1.466e-03 mode=avgE e_lin=[-2.046e+01,0.000e+00] barrier=9.051e-03 bethe=none bmode=attractive borient=orbit_average bgamma=off braw_med=0.000e+00 bcorr_med=0.000e+00 bp_med=1.000e+00 status=ok
[2026-05-18 21:14:25] shard 75: 1/4 eps_a=0.000 eps_c=0.789 dt=23548.5s found=Y RSS=24115048kB
[2026-05-18 21:14:25] POINT shard=75 idx=1/4 eps_a=0 eps_c=0.789474 dt=23548.52s event=0 spin=0 bin=0 min_fpp=4.110469e-01 phi_min_fpp=0.4216 n_valid=46/51 n_invalid_phi=0 phi_feasible=[0,1] n_success=46 max_res=9.800e-02 mean_res=5.542e-03 mode=avgE e_lin=[-9.474e+00,0.000e+00] barrier=nan bethe=none bmode=attractive borient=orbit_average bgamma=off braw_med=0.000e+00 bcorr_med=0.000e+00 bp_med=1.000e+00 status=ok
[2026-05-18 21:31:36] shard 95: 1/4 eps_a=0.000 eps_c=1.000 dt=24578.7s found=Y RSS=24119392kB
[2026-05-18 21:31:36] POINT shard=95 idx=1/4 eps_a=0 eps_c=1 dt=24578.73s event=1 spin=1 bin=1 min_fpp=-3.149455e-02 phi_min_fpp=0.3236 n_valid=45/51 n_invalid_phi=0 phi_feasible=[0,1] n_success=45 max_res=9.800e-02 mean_res=5.523e-03 mode=avgE e_lin=[-1.200e+01,0.000e+00] barrier=2.877e-04 bethe=none bmode=attractive borient=orbit_average bgamma=off braw_med=0.000e+00 bcorr_med=0.000e+00 bp_med=1.000e+00 status=ok
[2026-05-18 21:39:22] shard 28: 1/4 eps_a=2.526 eps_c=0.263 dt=24947.1s found=Y RSS=214856kB
[2026-05-18 21:39:22] POINT shard=28 idx=1/4 eps_a=2.52632 eps_c=0.263158 dt=24947.06s event=0 spin=0 bin=0 min_fpp=1.252135e-01 phi_min_fpp=0.2844 n_valid=48/51 n_invalid_phi=0 phi_feasible=[0,1] n_success=48 max_res=2.498e-04 mean_res=9.650e-06 mode=avgE e_lin=[-2.169e+01,0.000e+00] barrier=nan bethe=none bmode=attractive borient=orbit_average bgamma=off braw_med=0.000e+00 bcorr_med=0.000e+00 bp_med=1.000e+00 status=ok
[2026-05-18 21:39:38] shard 11: 4/4 eps_a=1.474 eps_c=0.105 dt=6015.7s found=Y RSS=211100kB
[2026-05-18 21:39:38] POINT shard=11 idx=4/4 eps_a=1.47368 eps_c=0.105263 dt=6015.66s event=0 spin=0 bin=0 min_fpp=1.046849e+00 phi_min_fpp=0.3824 n_valid=46/51 n_invalid_phi=0 phi_feasible=[0,1] n_success=46 max_res=9.800e-02 mean_res=5.544e-03 mode=avgE e_lin=[-1.126e+01,0.000e+00] barrier=nan bethe=none bmode=attractive borient=orbit_average bgamma=off braw_med=0.000e+00 bcorr_med=0.000e+00 bp_med=1.000e+00 status=ok
[2026-05-18 21:39:38] shard 11: saved /pool/hamza/111000_scan_selfconsistent_bethe/shards/shard_0011.npz with 0 points
[2026-05-18 21:39:52] shard 5: 4/4 eps_a=0.632 eps_c=0.053 dt=6046.3s found=Y RSS=212840kB
[2026-05-18 21:39:52] POINT shard=5 idx=4/4 eps_a=0.631579 eps_c=0.0526316 dt=6046.26s event=0 spin=0 bin=0 min_fpp=1.848460e+00 phi_min_fpp=0.3628 n_valid=46/51 n_invalid_phi=0 phi_feasible=[0,1] n_success=46 max_res=9.800e-02 mean_res=5.596e-03 mode=avgE e_lin=[-4.624e+00,0.000e+00] barrier=nan bethe=none bmode=attractive borient=orbit_average bgamma=off braw_med=0.000e+00 bcorr_med=0.000e+00 bp_med=1.000e+00 status=ok
[2026-05-18 21:39:52] shard 5: saved /pool/hamza/111000_scan_selfconsistent_bethe/shards/shard_0005.npz with 0 points
[2026-05-18 21:38:18] shard 61: 2/4 eps_a=1.053 eps_c=0.632 dt=8264.8s found=Y RSS=24117980kB
[2026-05-18 21:38:18] POINT shard=61 idx=2/4 eps_a=1.05263 eps_c=0.631579 dt=8264.85s event=0 spin=0 bin=0 min_fpp=1.606761e-01 phi_min_fpp=0.3628 n_valid=45/51 n_invalid_phi=0 phi_feasible=[0,1] n_success=45 max_res=9.800e-02 mean_res=5.521e-03 mode=avgE e_lin=[-1.447e+01,0.000e+00] barrier=nan bethe=none bmode=attractive borient=orbit_average bgamma=off braw_med=0.000e+00 bcorr_med=0.000e+00 bp_med=1.000e+00 status=ok
[2026-05-18 21:39:09] shard 87: 1/4 eps_a=1.684 eps_c=0.895 dt=25031.2s found=Y RSS=24115640kB
[2026-05-18 21:39:09] POINT shard=87 idx=1/4 eps_a=1.68421 eps_c=0.894737 dt=25031.17s event=1 spin=1 bin=1 min_fpp=-7.754137e-01 phi_min_fpp=0.0884 n_valid=44/51 n_invalid_phi=0 phi_feasible=[0,1] n_success=44 max_res=1.960e-02 mean_res=1.983e-03 mode=avgE e_lin=[-2.236e+01,0.000e+00] barrier=1.436e-02 bethe=none bmode=attractive borient=orbit_average bgamma=off braw_med=0.000e+00 bcorr_med=0.000e+00 bp_med=1.000e+00 status=ok
[2026-05-18 21:42:45] shard 15: 4/4 eps_a=0.632 eps_c=0.158 dt=6119.5s found=Y RSS=210876kB
[2026-05-18 21:42:45] POINT shard=15 idx=4/4 eps_a=0.631579 eps_c=0.157895 dt=6119.53s event=0 spin=0 bin=0 min_fpp=1.583339e+00 phi_min_fpp=0.3824 n_valid=46/51 n_invalid_phi=0 phi_feasible=[0,1] n_success=46 max_res=9.800e-02 mean_res=5.586e-03 mode=avgE e_lin=[-5.887e+00,0.000e+00] barrier=nan bethe=none bmode=attractive borient=orbit_average bgamma=off braw_med=0.000e+00 bcorr_med=0.000e+00 bp_med=1.000e+00 status=ok
[2026-05-18 21:42:45] shard 15: saved /pool/hamza/111000_scan_selfconsistent_bethe/shards/shard_0015.npz with 0 points
[2026-05-18 21:50:06] shard 1: 4/4 eps_a=1.474 eps_c=0.000 dt=6111.3s found=Y RSS=212512kB
[2026-05-18 21:50:06] POINT shard=1 idx=4/4 eps_a=1.47368 eps_c=0 dt=6111.28s event=0 spin=0 bin=0 min_fpp=1.292429e+00 phi_min_fpp=0.3824 n_valid=46/51 n_invalid_phi=0 phi_feasible=[0,1] n_success=46 max_res=9.800e-02 mean_res=5.555e-03 mode=avgE e_lin=[-9.993e+00,0.000e+00] barrier=nan bethe=none bmode=attractive borient=orbit_average bgamma=off braw_med=0.000e+00 bcorr_med=0.000e+00 bp_med=1.000e+00 status=ok
[2026-05-18 21:50:06] shard 1: saved /pool/hamza/111000_scan_selfconsistent_bethe/shards/shard_0001.npz with 0 points
[2026-05-18 21:50:38] shard 27: 1/4 eps_a=1.684 eps_c=0.263 dt=25623.4s found=Y RSS=211504kB
[2026-05-18 21:50:38] POINT shard=27 idx=1/4 eps_a=1.68421 eps_c=0.263158 dt=25623.41s event=0 spin=0 bin=0 min_fpp=5.499319e-01 phi_min_fpp=0.3824 n_valid=46/51 n_invalid_phi=0 phi_feasible=[0,1] n_success=46 max_res=9.800e-02 mean_res=5.513e-03 mode=avgE e_lin=[-1.478e+01,0.000e+00] barrier=nan bethe=none bmode=attractive borient=orbit_average bgamma=off braw_med=0.000e+00 bcorr_med=0.000e+00 bp_med=1.000e+00 status=ok
[2026-05-18 21:52:45] shard 85: 1/4 eps_a=0.000 eps_c=0.895 dt=25848.1s found=Y RSS=24118100kB
[2026-05-18 21:52:45] POINT shard=85 idx=1/4 eps_a=0 eps_c=0.894737 dt=25848.10s event=0 spin=0 bin=0 min_fpp=1.811295e-01 phi_min_fpp=0.3824 n_valid=45/51 n_invalid_phi=0 phi_feasible=[0,1] n_success=45 max_res=9.800e-02 mean_res=5.534e-03 mode=avgE e_lin=[-1.074e+01,0.000e+00] barrier=nan bethe=none bmode=attractive borient=orbit_average bgamma=off braw_med=0.000e+00 bcorr_med=0.000e+00 bp_med=1.000e+00 status=ok
[2026-05-18 21:54:58] shard 60: 1/4 eps_a=0.000 eps_c=0.632 dt=25979.8s found=Y RSS=24115632kB
[2026-05-18 21:54:58] POINT shard=60 idx=1/4 eps_a=0 eps_c=0.631579 dt=25979.80s event=0 spin=0 bin=0 min_fpp=7.978919e-01 phi_min_fpp=0.4216 n_valid=46/51 n_invalid_phi=0 phi_feasible=[0,1] n_success=46 max_res=9.800e-02 mean_res=5.557e-03 mode=avgE e_lin=[-7.579e+00,0.000e+00] barrier=nan bethe=none bmode=attractive borient=orbit_average bgamma=off braw_med=0.000e+00 bcorr_med=0.000e+00 bp_med=1.000e+00 status=ok
[2026-05-18 21:55:57] shard 77: 1/4 eps_a=1.684 eps_c=0.789 dt=26039.1s found=Y RSS=24115672kB
[2026-05-18 21:55:57] POINT shard=77 idx=1/4 eps_a=1.68421 eps_c=0.789474 dt=26039.13s event=1 spin=1 bin=1 min_fpp=-5.909377e-01 phi_min_fpp=0.0688 n_valid=45/51 n_invalid_phi=0 phi_feasible=[0,1] n_success=45 max_res=1.960e-02 mean_res=1.549e-03 mode=avgE e_lin=[-2.109e+01,0.000e+00] barrier=1.185e-02 bethe=none bmode=attractive borient=orbit_average bgamma=off braw_med=0.000e+00 bcorr_med=0.000e+00 bp_med=1.000e+00 status=ok
[2026-05-18 22:01:48] shard 71: 1/4 eps_a=0.842 eps_c=0.737 dt=26391.0s found=Y RSS=24116100kB
[2026-05-18 22:01:48] POINT shard=71 idx=1/4 eps_a=0.842105 eps_c=0.736842 dt=26390.96s event=0 spin=0 bin=0 min_fpp=6.357706e-02 phi_min_fpp=0.3432 n_valid=45/51 n_invalid_phi=0 phi_feasible=[0,1] n_success=45 max_res=9.800e-02 mean_res=5.517e-03 mode=avgE e_lin=[-1.426e+01,0.000e+00] barrier=nan bethe=none bmode=attractive borient=orbit_average bgamma=off braw_med=0.000e+00 bcorr_med=0.000e+00 bp_med=1.000e+00 status=ok
[2026-05-18 22:14:51] shard 3: 4/4 eps_a=3.158 eps_c=0.000 dt=6719.7s found=Y RSS=213884kB
[2026-05-18 22:14:51] POINT shard=3 idx=4/4 eps_a=3.15789 eps_c=0 dt=6719.71s event=0 spin=0 bin=0 min_fpp=2.480506e-01 phi_min_fpp=0.2844 n_valid=44/51 n_invalid_phi=0 phi_feasible=[0,1] n_success=44 max_res=1.960e-02 mean_res=1.356e-03 mode=avgE e_lin=[-2.396e+01,0.000e+00] barrier=nan bethe=none bmode=attractive borient=orbit_average bgamma=off braw_med=0.000e+00 bcorr_med=0.000e+00 bp_med=1.000e+00 status=ok
[2026-05-18 22:14:51] shard 3: saved /pool/hamza/111000_scan_selfconsistent_bethe/shards/shard_0003.npz with 0 points
[2026-05-18 22:20:22] shard 6: 1/4 eps_a=0.842 eps_c=0.053 dt=27407.4s found=Y RSS=213976kB
[2026-05-18 22:20:22] POINT shard=6 idx=1/4 eps_a=0.842105 eps_c=0.0526316 dt=27407.37s event=0 spin=0 bin=0 min_fpp=1.680873e+00 phi_min_fpp=0.3628 n_valid=46/51 n_invalid_phi=0 phi_feasible=[0,1] n_success=46 max_res=9.800e-02 mean_res=5.585e-03 mode=avgE e_lin=[-6.048e+00,0.000e+00] barrier=nan bethe=none bmode=attractive borient=orbit_average bgamma=off braw_med=0.000e+00 bcorr_med=0.000e+00 bp_med=1.000e+00 status=ok
[2026-05-18 22:30:54] shard 18: 2/4 eps_a=2.737 eps_c=0.158 dt=16373.7s found=Y RSS=212360kB
[2026-05-18 22:30:54] POINT shard=18 idx=2/4 eps_a=2.73684 eps_c=0.157895 dt=16373.68s event=0 spin=0 bin=0 min_fpp=2.002568e-01 phi_min_fpp=0.2844 n_valid=47/51 n_invalid_phi=0 phi_feasible=[0,1] n_success=47 max_res=8.307e-04 mean_res=3.495e-05 mode=avgE e_lin=[-2.223e+01,0.000e+00] barrier=nan bethe=none bmode=attractive borient=orbit_average bgamma=off braw_med=0.000e+00 bcorr_med=0.000e+00 bp_med=1.000e+00 status=ok
[2026-05-18 22:31:32] shard 19: 3/4 eps_a=3.789 eps_c=0.158 dt=8919.1s found=Y RSS=215580kB
[2026-05-18 22:31:32] POINT shard=19 idx=3/4 eps_a=3.78947 eps_c=0.157895 dt=8919.06s event=1 spin=1 bin=1 min_fpp=-1.957408e-01 phi_min_fpp=0.108 n_valid=41/51 n_invalid_phi=0 phi_feasible=[0,1] n_success=41 max_res=4.394e-02 mean_res=2.904e-03 mode=avgE e_lin=[-3.130e+01,0.000e+00] barrier=1.479e-03 bethe=none bmode=attractive borient=orbit_average bgamma=off braw_med=0.000e+00 bcorr_med=0.000e+00 bp_med=1.000e+00 status=ok
[2026-05-18 22:32:09] shard 7: 4/4 eps_a=2.316 eps_c=0.053 dt=7381.1s found=Y RSS=217012kB
[2026-05-18 22:32:09] POINT shard=7 idx=4/4 eps_a=2.31579 eps_c=0.0526316 dt=7381.15s event=0 spin=0 bin=0 min_fpp=5.836880e-01 phi_min_fpp=0.3628 n_valid=44/51 n_invalid_phi=0 phi_feasible=[0,1] n_success=44 max_res=9.800e-02 mean_res=6.257e-03 mode=avgE e_lin=[-1.739e+01,0.000e+00] barrier=nan bethe=none bmode=attractive borient=orbit_average bgamma=off braw_med=0.000e+00 bcorr_med=0.000e+00 bp_med=1.000e+00 status=ok
[2026-05-18 22:32:09] shard 7: saved /pool/hamza/111000_scan_selfconsistent_bethe/shards/shard_0007.npz with 0 points
[2026-05-18 22:35:37] shard 0: 1/4 eps_a=0.000 eps_c=0.000 dt=28321.4s found=Y RSS=212988kB
[2026-05-18 22:35:37] POINT shard=0 idx=1/4 eps_a=0 eps_c=0 dt=28321.37s event=0 spin=0 bin=0 min_fpp=2.434641e+00 phi_min_fpp=0.3432 n_valid=46/51 n_invalid_phi=0 phi_feasible=[0,1] n_success=46 max_res=9.800e-02 mean_res=5.618e-03 mode=avgE e_lin=[0.000e+00,0.000e+00] barrier=nan bethe=none bmode=attractive borient=orbit_average bgamma=off braw_med=0.000e+00 bcorr_med=0.000e+00 bp_med=1.000e+00 status=ok
[2026-05-18 22:42:50] shard 65: 2/4 eps_a=0.211 eps_c=0.684 dt=8320.4s found=Y RSS=24122152kB
[2026-05-18 22:42:50] POINT shard=65 idx=2/4 eps_a=0.210526 eps_c=0.684211 dt=8320.43s event=0 spin=0 bin=0 min_fpp=5.307761e-01 phi_min_fpp=0.4216 n_valid=45/51 n_invalid_phi=0 phi_feasible=[0,1] n_success=45 max_res=9.800e-02 mean_res=5.556e-03 mode=avgE e_lin=[-9.496e+00,0.000e+00] barrier=nan bethe=none bmode=attractive borient=orbit_average bgamma=off braw_med=0.000e+00 bcorr_med=0.000e+00 bp_med=1.000e+00 status=ok
[2026-05-18 22:43:34] shard 55: 3/4 eps_a=0.421 eps_c=0.579 dt=6276.3s found=Y RSS=24115692kB
[2026-05-18 22:43:34] POINT shard=55 idx=3/4 eps_a=0.421053 eps_c=0.578947 dt=6276.35s event=0 spin=0 bin=0 min_fpp=6.528961e-01 phi_min_fpp=0.4216 n_valid=46/51 n_invalid_phi=0 phi_feasible=[0,1] n_success=46 max_res=9.800e-02 mean_res=5.552e-03 mode=avgE e_lin=[-9.563e+00,0.000e+00] barrier=nan bethe=none bmode=attractive borient=orbit_average bgamma=off braw_med=0.000e+00 bcorr_med=0.000e+00 bp_med=1.000e+00 status=ok
[2026-05-18 22:45:14] shard 50: 1/4 eps_a=0.000 eps_c=0.526 dt=28996.5s found=Y RSS=24118816kB
[2026-05-18 22:45:14] POINT shard=50 idx=1/4 eps_a=0 eps_c=0.526316 dt=28996.46s event=0 spin=0 bin=0 min_fpp=1.075524e+00 phi_min_fpp=0.402 n_valid=46/51 n_invalid_phi=0 phi_feasible=[0,1] n_success=46 max_res=9.800e-02 mean_res=5.569e-03 mode=avgE e_lin=[-6.316e+00,0.000e+00] barrier=nan bethe=none bmode=attractive borient=orbit_average bgamma=off braw_med=0.000e+00 bcorr_med=0.000e+00 bp_med=1.000e+00 status=ok
[2026-05-18 22:45:29] shard 51: 3/4 eps_a=1.263 eps_c=0.526 dt=6250.4s found=Y RSS=24119380kB
[2026-05-18 22:45:29] POINT shard=51 idx=3/4 eps_a=1.26316 eps_c=0.526316 dt=6250.40s event=0 spin=0 bin=0 min_fpp=2.580811e-01 phi_min_fpp=0.3824 n_valid=46/51 n_invalid_phi=0 phi_feasible=[0,1] n_success=46 max_res=9.800e-02 mean_res=5.512e-03 mode=avgE e_lin=[-1.473e+01,0.000e+00] barrier=nan bethe=none bmode=attractive borient=orbit_average bgamma=off braw_med=0.000e+00 bcorr_med=0.000e+00 bp_med=1.000e+00 status=ok
[2026-05-18 22:48:31] shard 33: 2/4 eps_a=2.737 eps_c=0.316 dt=15566.0s found=Y RSS=214276kB
[2026-05-18 22:48:31] POINT shard=33 idx=2/4 eps_a=2.73684 eps_c=0.315789 dt=15566.02s event=1 spin=1 bin=1 min_fpp=-5.099879e-02 phi_min_fpp=0.206 n_valid=48/51 n_invalid_phi=0 phi_feasible=[0,1] n_success=48 max_res=1.960e-02 mean_res=7.383e-04 mode=avgE e_lin=[-2.412e+01,0.000e+00] barrier=5.849e-04 bethe=none bmode=attractive borient=orbit_average bgamma=off braw_med=0.000e+00 bcorr_med=0.000e+00 bp_med=1.000e+00 status=ok
[2026-05-18 22:57:55] shard 46: 1/4 eps_a=0.842 eps_c=0.474 dt=29659.1s found=Y RSS=212952kB
[2026-05-18 22:57:55] POINT shard=46 idx=1/4 eps_a=0.842105 eps_c=0.473684 dt=29659.07s event=0 spin=0 bin=0 min_fpp=6.262425e-01 phi_min_fpp=0.4216 n_valid=46/51 n_invalid_phi=0 phi_feasible=[0,1] n_success=46 max_res=9.800e-02 mean_res=5.544e-03 mode=avgE e_lin=[-1.110e+01,0.000e+00] barrier=nan bethe=none bmode=attractive borient=orbit_average bgamma=off braw_med=0.000e+00 bcorr_med=0.000e+00 bp_med=1.000e+00 status=ok
[2026-05-18 23:18:06] shard 8: 2/4 eps_a=2.737 eps_c=0.053 dt=13789.1s found=Y RSS=208560kB
[2026-05-18 23:18:06] POINT shard=8 idx=2/4 eps_a=2.73684 eps_c=0.0526316 dt=13789.11s event=0 spin=0 bin=0 min_fpp=3.613875e-01 phi_min_fpp=0.3236 n_valid=48/51 n_invalid_phi=0 phi_feasible=[0,1] n_success=48 max_res=1.273e-02 mean_res=2.633e-04 mode=avgE e_lin=[-2.097e+01,0.000e+00] barrier=nan bethe=none bmode=attractive borient=orbit_average bgamma=off braw_med=0.000e+00 bcorr_med=0.000e+00 bp_med=1.000e+00 status=ok
[2026-05-18 23:27:33] shard 92: 1/4 eps_a=1.684 eps_c=0.947 dt=31535.4s found=Y RSS=24118992kB
[2026-05-18 23:27:33] POINT shard=92 idx=1/4 eps_a=1.68421 eps_c=0.947368 dt=31535.38s event=1 spin=1 bin=1 min_fpp=-9.554921e-01 phi_min_fpp=0.0688 n_valid=45/51 n_invalid_phi=0 phi_feasible=[0,1] n_success=45 max_res=1.960e-02 mean_res=1.581e-03 mode=avgE e_lin=[-2.299e+01,0.000e+00] barrier=1.831e-02 bethe=none bmode=attractive borient=orbit_average bgamma=off braw_med=0.000e+00 bcorr_med=0.000e+00 bp_med=1.000e+00 status=ok
[2026-05-18 23:42:47] shard 31: 2/4 eps_a=1.053 eps_c=0.316 dt=16135.4s found=Y RSS=214936kB
[2026-05-18 23:42:47] POINT shard=31 idx=2/4 eps_a=1.05263 eps_c=0.315789 dt=16135.45s event=0 spin=0 bin=0 min_fpp=8.591735e-01 phi_min_fpp=0.402 n_valid=46/51 n_invalid_phi=0 phi_feasible=[0,1] n_success=46 max_res=9.800e-02 mean_res=5.549e-03 mode=avgE e_lin=[-1.068e+01,0.000e+00] barrier=nan bethe=none bmode=attractive borient=orbit_average bgamma=off braw_med=0.000e+00 bcorr_med=0.000e+00 bp_med=1.000e+00 status=ok
[2026-05-18 23:57:20] shard 9: 4/4 eps_a=4.000 eps_c=0.053 dt=10050.8s found=Y RSS=216280kB
[2026-05-18 23:57:20] POINT shard=9 idx=4/4 eps_a=4 eps_c=0.0526316 dt=10050.81s event=1 spin=1 bin=1 min_fpp=-1.169704e-01 phi_min_fpp=0.108 n_valid=39/51 n_invalid_phi=0 phi_feasible=[0,1] n_success=39 max_res=1.960e-02 mean_res=2.240e-03 mode=avgE e_lin=[-3.183e+01,0.000e+00] barrier=5.998e-04 bethe=none bmode=attractive borient=orbit_average bgamma=off braw_med=0.000e+00 bcorr_med=0.000e+00 bp_med=1.000e+00 status=ok
[2026-05-18 23:57:21] shard 9: saved /pool/hamza/111000_scan_selfconsistent_bethe/shards/shard_0009.npz with 3 points
[2026-05-18 23:56:24] shard 76: 1/4 eps_a=0.842 eps_c=0.789 dt=33266.5s found=Y RSS=24119296kB
[2026-05-18 23:56:24] POINT shard=76 idx=1/4 eps_a=0.842105 eps_c=0.789474 dt=33266.51s event=1 spin=1 bin=1 min_fpp=-4.211911e-02 phi_min_fpp=0.2844 n_valid=42/51 n_invalid_phi=0 phi_feasible=[0,1] n_success=42 max_res=9.800e-02 mean_res=5.922e-03 mode=avgE e_lin=[-1.489e+01,0.000e+00] barrier=4.564e-04 bethe=none bmode=attractive borient=orbit_average bgamma=off braw_med=0.000e+00 bcorr_med=0.000e+00 bp_med=1.000e+00 status=ok
[2026-05-19 00:01:11] shard 61: 3/4 eps_a=1.263 eps_c=0.632 dt=8571.2s found=Y RSS=24120616kB
[2026-05-19 00:01:11] POINT shard=61 idx=3/4 eps_a=1.26316 eps_c=0.631579 dt=8571.23s event=0 spin=0 bin=0 min_fpp=5.464168e-02 phi_min_fpp=0.3236 n_valid=44/51 n_invalid_phi=0 phi_feasible=[0,1] n_success=44 max_res=9.800e-02 mean_res=5.500e-03 mode=avgE e_lin=[-1.600e+01,0.000e+00] barrier=nan bethe=none bmode=attractive borient=orbit_average bgamma=off braw_med=0.000e+00 bcorr_med=0.000e+00 bp_med=1.000e+00 status=ok
[2026-05-19 00:16:31] shard 48: 1/4 eps_a=2.526 eps_c=0.474 dt=34376.0s found=Y RSS=213480kB
[2026-05-19 00:16:31] POINT shard=48 idx=1/4 eps_a=2.52632 eps_c=0.473684 dt=34376.03s event=1 spin=1 bin=1 min_fpp=-2.796640e-01 phi_min_fpp=0.0688 n_valid=47/51 n_invalid_phi=0 phi_feasible=[0,1] n_success=47 max_res=1.960e-02 mean_res=8.439e-04 mode=avgE e_lin=[-2.422e+01,0.000e+00] barrier=4.636e-03 bethe=none bmode=attractive borient=orbit_average bgamma=off braw_med=0.000e+00 bcorr_med=0.000e+00 bp_med=1.000e+00 status=ok
[2026-05-19 00:24:02] shard 17: 4/4 eps_a=2.316 eps_c=0.158 dt=12378.4s found=Y RSS=214684kB
[2026-05-19 00:24:02] POINT shard=17 idx=4/4 eps_a=2.31579 eps_c=0.157895 dt=12378.35s event=0 spin=0 bin=0 min_fpp=3.807883e-01 phi_min_fpp=0.304 n_valid=35/51 n_invalid_phi=0 phi_feasible=[0,1] n_success=35 max_res=9.800e-02 mean_res=8.486e-03 mode=avgE e_lin=[-1.865e+01,0.000e+00] barrier=nan bethe=none bmode=attractive borient=orbit_average bgamma=off braw_med=0.000e+00 bcorr_med=0.000e+00 bp_med=1.000e+00 status=ok
[2026-05-19 00:24:02] shard 17: saved /pool/hamza/111000_scan_selfconsistent_bethe/shards/shard_0017.npz with 0 points
[2026-05-19 00:22:49] shard 57: 1/4 eps_a=1.684 eps_c=0.579 dt=34852.3s found=Y RSS=24121324kB
[2026-05-19 00:22:49] POINT shard=57 idx=1/4 eps_a=1.68421 eps_c=0.578947 dt=34852.33s event=0 spin=0 bin=0 min_fpp=3.399416e-01 phi_min_fpp=0.6176 n_valid=19/51 n_invalid_phi=0 phi_feasible=[0,1] n_success=19 max_res=2.024e-01 mean_res=3.888e-02 mode=avgE e_lin=[-1.857e+01,0.000e+00] barrier=nan bethe=none bmode=attractive borient=orbit_average bgamma=off braw_med=0.000e+00 bcorr_med=0.000e+00 bp_med=1.000e+00 status=ok
[2026-05-19 00:24:34] shard 23: 2/4 eps_a=2.737 eps_c=0.211 dt=22827.4s found=Y RSS=216588kB
[2026-05-19 00:24:34] POINT shard=23 idx=2/4 eps_a=2.73684 eps_c=0.210526 dt=22827.41s event=0 spin=0 bin=0 min_fpp=1.176122e-01 phi_min_fpp=0.2844 n_valid=49/51 n_invalid_phi=0 phi_feasible=[0,1] n_success=49 max_res=9.203e-03 mean_res=2.184e-04 mode=avgE e_lin=[-2.286e+01,0.000e+00] barrier=nan bethe=none bmode=attractive borient=orbit_average bgamma=off braw_med=0.000e+00 bcorr_med=0.000e+00 bp_med=1.000e+00 status=ok
[2026-05-19 00:29:01] shard 26: 2/4 eps_a=1.053 eps_c=0.263 dt=17073.9s found=Y RSS=209168kB
[2026-05-19 00:29:01] POINT shard=26 idx=2/4 eps_a=1.05263 eps_c=0.263158 dt=17073.89s event=0 spin=0 bin=0 min_fpp=9.883417e-01 phi_min_fpp=0.402 n_valid=46/51 n_invalid_phi=0 phi_feasible=[0,1] n_success=46 max_res=9.800e-02 mean_res=5.555e-03 mode=avgE e_lin=[-1.005e+01,0.000e+00] barrier=nan bethe=none bmode=attractive borient=orbit_average bgamma=off braw_med=0.000e+00 bcorr_med=0.000e+00 bp_med=1.000e+00 status=ok
[2026-05-19 00:29:06] shard 38: 2/4 eps_a=2.737 eps_c=0.368 dt=18647.0s found=Y RSS=210372kB
[2026-05-19 00:29:06] POINT shard=38 idx=2/4 eps_a=2.73684 eps_c=0.368421 dt=18646.98s event=1 spin=1 bin=1 min_fpp=-1.548227e-01 phi_min_fpp=0.1276 n_valid=46/51 n_invalid_phi=0 phi_feasible=[0,1] n_success=46 max_res=1.960e-02 mean_res=6.339e-04 mode=avgE e_lin=[-2.476e+01,0.000e+00] barrier=2.263e-03 bethe=none bmode=attractive borient=orbit_average bgamma=off braw_med=0.000e+00 bcorr_med=0.000e+00 bp_med=1.000e+00 status=ok
[2026-05-19 00:31:37] shard 65: 3/4 eps_a=0.421 eps_c=0.684 dt=6524.8s found=Y RSS=24121732kB
[2026-05-19 00:31:37] POINT shard=65 idx=3/4 eps_a=0.421053 eps_c=0.684211 dt=6524.78s event=0 spin=0 bin=0 min_fpp=4.028423e-01 phi_min_fpp=0.402 n_valid=45/51 n_invalid_phi=0 phi_feasible=[0,1] n_success=45 max_res=9.800e-02 mean_res=5.576e-03 mode=avgE e_lin=[-1.083e+01,0.000e+00] barrier=nan bethe=none bmode=attractive borient=orbit_average bgamma=off braw_med=0.000e+00 bcorr_med=0.000e+00 bp_med=1.000e+00 status=ok
[2026-05-19 00:35:11] shard 45: 2/4 eps_a=0.211 eps_c=0.474 dt=17553.2s found=Y RSS=211804kB
[2026-05-19 00:35:11] POINT shard=45 idx=2/4 eps_a=0.210526 eps_c=0.473684 dt=17553.22s event=0 spin=0 bin=0 min_fpp=1.071375e+00 phi_min_fpp=0.402 n_valid=46/51 n_invalid_phi=0 phi_feasible=[0,1] n_success=46 max_res=9.800e-02 mean_res=5.571e-03 mode=avgE e_lin=[-6.970e+00,0.000e+00] barrier=nan bethe=none bmode=attractive borient=orbit_average bgamma=off braw_med=0.000e+00 bcorr_med=0.000e+00 bp_med=1.000e+00 status=ok
[2026-05-19 00:43:46] shard 2: 2/4 eps_a=1.895 eps_c=0.000 dt=18075.1s found=Y RSS=209908kB
[2026-05-19 00:43:46] POINT shard=2 idx=2/4 eps_a=1.89474 eps_c=0 dt=18075.05s event=0 spin=0 bin=0 min_fpp=9.680687e-01 phi_min_fpp=0.3824 n_valid=46/51 n_invalid_phi=0 phi_feasible=[0,1] n_success=46 max_res=9.800e-02 mean_res=5.525e-03 mode=avgE e_lin=[-1.329e+01,0.000e+00] barrier=nan bethe=none bmode=attractive borient=orbit_average bgamma=off braw_med=0.000e+00 bcorr_med=0.000e+00 bp_med=1.000e+00 status=ok
[2026-05-19 00:45:30] shard 19: 4/4 eps_a=4.000 eps_c=0.158 dt=8037.2s found=Y RSS=218268kB
[2026-05-19 00:45:30] POINT shard=19 idx=4/4 eps_a=4 eps_c=0.157895 dt=8037.16s event=1 spin=1 bin=1 min_fpp=-1.649453e-01 phi_min_fpp=0.1668 n_valid=40/51 n_invalid_phi=0 phi_feasible=[0,1] n_success=40 max_res=1.960e-02 mean_res=1.139e-03 mode=avgE e_lin=[-3.310e+01,0.000e+00] barrier=9.594e-04 bethe=none bmode=attractive borient=orbit_average bgamma=off braw_med=0.000e+00 bcorr_med=0.000e+00 bp_med=1.000e+00 status=ok
[2026-05-19 00:45:30] shard 19: saved /pool/hamza/111000_scan_selfconsistent_bethe/shards/shard_0019.npz with 4 points
[2026-05-19 00:49:45] shard 55: 4/4 eps_a=0.632 eps_c=0.579 dt=7569.1s found=Y RSS=24118176kB
[2026-05-19 00:49:45] POINT shard=55 idx=4/4 eps_a=0.631579 eps_c=0.578947 dt=7569.08s event=0 spin=0 bin=0 min_fpp=5.157757e-01 phi_min_fpp=0.4216 n_valid=45/51 n_invalid_phi=0 phi_feasible=[0,1] n_success=45 max_res=9.800e-02 mean_res=5.570e-03 mode=avgE e_lin=[-1.094e+01,0.000e+00] barrier=nan bethe=none bmode=attractive borient=orbit_average bgamma=off braw_med=0.000e+00 bcorr_med=0.000e+00 bp_med=1.000e+00 status=ok
[2026-05-19 00:49:45] shard 55: saved /pool/hamza/111000_scan_selfconsistent_bethe/shards/shard_0055.npz with 0 points
[2026-05-19 00:52:16] shard 12: 2/4 eps_a=1.895 eps_c=0.105 dt=19925.4s found=Y RSS=213992kB
[2026-05-19 00:52:16] POINT shard=12 idx=2/4 eps_a=1.89474 eps_c=0.105263 dt=19925.40s event=0 spin=0 bin=0 min_fpp=7.440175e-01 phi_min_fpp=0.3824 n_valid=46/51 n_invalid_phi=0 phi_feasible=[0,1] n_success=46 max_res=9.800e-02 mean_res=5.514e-03 mode=avgE e_lin=[-1.456e+01,0.000e+00] barrier=nan bethe=none bmode=attractive borient=orbit_average bgamma=off braw_med=0.000e+00 bcorr_med=0.000e+00 bp_med=1.000e+00 status=ok
[2026-05-19 00:54:07] shard 81: 1/4 eps_a=0.842 eps_c=0.842 dt=36729.2s found=Y RSS=24119656kB
[2026-05-19 00:54:07] POINT shard=81 idx=1/4 eps_a=0.842105 eps_c=0.842105 dt=36729.18s event=1 spin=1 bin=1 min_fpp=-1.692637e-01 phi_min_fpp=0.1864 n_valid=41/51 n_invalid_phi=0 phi_feasible=[0,1] n_success=41 max_res=9.800e-02 mean_res=6.813e-03 mode=avgE e_lin=[-1.552e+01,0.000e+00] barrier=1.669e-03 bethe=none bmode=attractive borient=orbit_average bgamma=off braw_med=0.000e+00 bcorr_med=0.000e+00 bp_med=1.000e+00 status=ok
[2026-05-19 00:57:38] shard 16: 2/4 eps_a=1.053 eps_c=0.158 dt=18697.2s found=Y RSS=210532kB
[2026-05-19 00:57:38] POINT shard=16 idx=2/4 eps_a=1.05263 eps_c=0.157895 dt=18697.21s event=0 spin=0 bin=0 min_fpp=1.249738e+00 phi_min_fpp=0.3824 n_valid=46/51 n_invalid_phi=0 phi_feasible=[0,1] n_success=46 max_res=9.800e-02 mean_res=5.565e-03 mode=avgE e_lin=[-8.785e+00,0.000e+00] barrier=nan bethe=none bmode=attractive borient=orbit_average bgamma=off braw_med=0.000e+00 bcorr_med=0.000e+00 bp_med=1.000e+00 status=ok
[2026-05-19 00:58:04] shard 20: 2/4 eps_a=0.211 eps_c=0.211 dt=18585.7s found=Y RSS=209176kB
[2026-05-19 00:58:04] POINT shard=20 idx=2/4 eps_a=0.210526 eps_c=0.210526 dt=18585.67s event=0 spin=0 bin=0 min_fpp=1.762772e+00 phi_min_fpp=0.3628 n_valid=46/51 n_invalid_phi=0 phi_feasible=[0,1] n_success=46 max_res=9.800e-02 mean_res=5.596e-03 mode=avgE e_lin=[-3.812e+00,0.000e+00] barrier=nan bethe=none bmode=attractive borient=orbit_average bgamma=off braw_med=0.000e+00 bcorr_med=0.000e+00 bp_med=1.000e+00 status=ok
[2026-05-19 00:58:41] shard 10: 2/4 eps_a=0.211 eps_c=0.105 dt=18500.9s found=Y RSS=213944kB
[2026-05-19 00:58:41] POINT shard=10 idx=2/4 eps_a=0.210526 eps_c=0.105263 dt=18500.93s event=0 spin=0 bin=0 min_fpp=2.030457e+00 phi_min_fpp=0.3628 n_valid=46/51 n_invalid_phi=0 phi_feasible=[0,1] n_success=46 max_res=9.800e-02 mean_res=5.605e-03 mode=avgE e_lin=[-2.549e+00,0.000e+00] barrier=nan bethe=none bmode=attractive borient=orbit_average bgamma=off braw_med=0.000e+00 bcorr_med=0.000e+00 bp_med=1.000e+00 status=ok
[2026-05-19 01:00:13] shard 30: 1/4 eps_a=0.000 eps_c=0.316 dt=36998.0s found=Y RSS=214620kB
[2026-05-19 01:00:13] POINT shard=30 idx=1/4 eps_a=0 eps_c=0.315789 dt=36997.99s event=0 spin=0 bin=0 min_fpp=1.631299e+00 phi_min_fpp=0.3824 n_valid=46/51 n_invalid_phi=0 phi_feasible=[0,1] n_success=46 max_res=9.800e-02 mean_res=5.590e-03 mode=avgE e_lin=[-3.789e+00,0.000e+00] barrier=nan bethe=none bmode=attractive borient=orbit_average bgamma=off braw_med=0.000e+00 bcorr_med=0.000e+00 bp_med=1.000e+00 status=ok
[2026-05-19 01:00:27] shard 21: 2/4 eps_a=1.053 eps_c=0.211 dt=18745.8s found=Y RSS=211944kB
[2026-05-19 01:00:27] POINT shard=21 idx=2/4 eps_a=1.05263 eps_c=0.210526 dt=18745.81s event=0 spin=0 bin=0 min_fpp=1.119026e+00 phi_min_fpp=0.402 n_valid=46/51 n_invalid_phi=0 phi_feasible=[0,1] n_success=46 max_res=9.800e-02 mean_res=5.560e-03 mode=avgE e_lin=[-9.417e+00,0.000e+00] barrier=nan bethe=none bmode=attractive borient=orbit_average bgamma=off braw_med=0.000e+00 bcorr_med=0.000e+00 bp_med=1.000e+00 status=ok
[2026-05-19 01:01:23] shard 28: 2/4 eps_a=2.737 eps_c=0.263 dt=12118.8s found=Y RSS=213812kB
[2026-05-19 01:01:23] POINT shard=28 idx=2/4 eps_a=2.73684 eps_c=0.263158 dt=12118.82s event=0 spin=0 bin=0 min_fpp=3.683436e-02 phi_min_fpp=0.2648 n_valid=48/51 n_invalid_phi=0 phi_feasible=[0,1] n_success=48 max_res=2.343e-03 mean_res=7.267e-05 mode=avgE e_lin=[-2.349e+01,0.000e+00] barrier=nan bethe=none bmode=attractive borient=orbit_average bgamma=off braw_med=0.000e+00 bcorr_med=0.000e+00 bp_med=1.000e+00 status=ok
[2026-05-19 01:01:28] shard 22: 2/4 eps_a=1.895 eps_c=0.211 dt=19458.5s found=Y RSS=215136kB
[2026-05-19 01:01:28] POINT shard=22 idx=2/4 eps_a=1.89474 eps_c=0.210526 dt=19458.53s event=0 spin=0 bin=0 min_fpp=5.286169e-01 phi_min_fpp=0.3824 n_valid=44/51 n_invalid_phi=0 phi_feasible=[0,1] n_success=44 max_res=9.800e-02 mean_res=5.512e-03 mode=avgE e_lin=[-1.582e+01,0.000e+00] barrier=nan bethe=none bmode=attractive borient=orbit_average bgamma=off braw_med=0.000e+00 bcorr_med=0.000e+00 bp_med=1.000e+00 status=ok
[2026-05-19 01:02:35] shard 36: 2/4 eps_a=1.053 eps_c=0.368 dt=18971.2s found=Y RSS=212744kB
[2026-05-19 01:02:35] POINT shard=36 idx=2/4 eps_a=1.05263 eps_c=0.368421 dt=18971.15s event=0 spin=0 bin=0 min_fpp=7.311270e-01 phi_min_fpp=0.402 n_valid=45/51 n_invalid_phi=0 phi_feasible=[0,1] n_success=45 max_res=9.800e-02 mean_res=5.544e-03 mode=avgE e_lin=[-1.131e+01,0.000e+00] barrier=nan bethe=none bmode=attractive borient=orbit_average bgamma=off braw_med=0.000e+00 bcorr_med=0.000e+00 bp_med=1.000e+00 status=ok
[2026-05-19 01:05:32] shard 51: 4/4 eps_a=1.474 eps_c=0.526 dt=8401.7s found=Y RSS=24120264kB
[2026-05-19 01:05:32] POINT shard=51 idx=4/4 eps_a=1.47368 eps_c=0.526316 dt=8401.72s event=0 spin=0 bin=0 min_fpp=1.497837e-01 phi_min_fpp=0.3432 n_valid=44/51 n_invalid_phi=0 phi_feasible=[0,1] n_success=44 max_res=9.800e-02 mean_res=5.498e-03 mode=avgE e_lin=[-1.631e+01,0.000e+00] barrier=nan bethe=none bmode=attractive borient=orbit_average bgamma=off braw_med=0.000e+00 bcorr_med=0.000e+00 bp_med=1.000e+00 status=ok
[2026-05-19 01:05:32] shard 51: saved /pool/hamza/111000_scan_selfconsistent_bethe/shards/shard_0051.npz with 0 points
[2026-05-19 01:07:29] shard 35: 2/4 eps_a=0.211 eps_c=0.368 dt=18567.6s found=Y RSS=208416kB
[2026-05-19 01:07:29] POINT shard=35 idx=2/4 eps_a=0.210526 eps_c=0.368421 dt=18567.61s event=0 spin=0 bin=0 min_fpp=1.350272e+00 phi_min_fpp=0.402 n_valid=46/51 n_invalid_phi=0 phi_feasible=[0,1] n_success=46 max_res=9.800e-02 mean_res=5.581e-03 mode=avgE e_lin=[-5.706e+00,0.000e+00] barrier=nan bethe=none bmode=attractive borient=orbit_average bgamma=off braw_med=0.000e+00 bcorr_med=0.000e+00 bp_med=1.000e+00 status=ok
[2026-05-19 01:16:54] shard 25: 2/4 eps_a=0.211 eps_c=0.263 dt=18800.0s found=Y RSS=210496kB
[2026-05-19 01:16:54] POINT shard=25 idx=2/4 eps_a=0.210526 eps_c=0.263158 dt=18800.03s event=0 spin=0 bin=0 min_fpp=1.625688e+00 phi_min_fpp=0.3824 n_valid=46/51 n_invalid_phi=0 phi_feasible=[0,1] n_success=46 max_res=9.800e-02 mean_res=5.591e-03 mode=avgE e_lin=[-4.443e+00,0.000e+00] barrier=nan bethe=none bmode=attractive borient=orbit_average bgamma=off braw_med=0.000e+00 bcorr_med=0.000e+00 bp_med=1.000e+00 status=ok
[2026-05-19 01:21:04] shard 41: 2/4 eps_a=1.053 eps_c=0.421 dt=20981.4s found=Y RSS=215160kB
[2026-05-19 01:21:04] POINT shard=41 idx=2/4 eps_a=1.05263 eps_c=0.421053 dt=20981.38s event=0 spin=0 bin=0 min_fpp=6.086808e-01 phi_min_fpp=0.402 n_valid=45/51 n_invalid_phi=0 phi_feasible=[0,1] n_success=45 max_res=9.800e-02 mean_res=5.556e-03 mode=avgE e_lin=[-1.194e+01,0.000e+00] barrier=nan bethe=none bmode=attractive borient=orbit_average bgamma=off braw_med=0.000e+00 bcorr_med=0.000e+00 bp_med=1.000e+00 status=ok
[2026-05-19 02:03:09] shard 72: 2/4 eps_a=1.895 eps_c=0.737 dt=17366.1s found=Y RSS=24118936kB
[2026-05-19 02:03:09] POINT shard=72 idx=2/4 eps_a=1.89474 eps_c=0.736842 dt=17366.14s event=1 spin=1 bin=1 min_fpp=-5.817550e-01 phi_min_fpp=0.0688 n_valid=47/51 n_invalid_phi=0 phi_feasible=[0,1] n_success=47 max_res=1.960e-02 mean_res=1.452e-03 mode=avgE e_lin=[-2.213e+01,0.000e+00] barrier=1.124e-02 bethe=none bmode=attractive borient=orbit_average bgamma=off braw_med=0.000e+00 bcorr_med=0.000e+00 bp_med=1.000e+00 status=ok
[2026-05-19 02:12:40] shard 65: 4/4 eps_a=0.632 eps_c=0.684 dt=6061.8s found=Y RSS=24120260kB
[2026-05-19 02:12:40] POINT shard=65 idx=4/4 eps_a=0.631579 eps_c=0.684211 dt=6061.80s event=0 spin=0 bin=0 min_fpp=2.819544e-01 phi_min_fpp=0.402 n_valid=46/51 n_invalid_phi=0 phi_feasible=[0,1] n_success=46 max_res=9.800e-02 mean_res=5.530e-03 mode=avgE e_lin=[-1.220e+01,0.000e+00] barrier=nan bethe=none bmode=attractive borient=orbit_average bgamma=off braw_med=0.000e+00 bcorr_med=0.000e+00 bp_med=1.000e+00 status=ok
[2026-05-19 02:12:40] shard 65: saved /pool/hamza/111000_scan_selfconsistent_bethe/shards/shard_0065.npz with 0 points
[2026-05-19 02:16:17] shard 57: 2/4 eps_a=1.895 eps_c=0.579 dt=6807.5s found=Y RSS=24122936kB
[2026-05-19 02:16:17] POINT shard=57 idx=2/4 eps_a=1.89474 eps_c=0.578947 dt=6807.51s event=1 spin=1 bin=1 min_fpp=-1.538124e-01 phi_min_fpp=0.1864 n_valid=45/51 n_invalid_phi=0 phi_feasible=[0,1] n_success=45 max_res=1.960e-02 mean_res=9.299e-04 mode=avgE e_lin=[-2.024e+01,0.000e+00] barrier=2.689e-03 bethe=none bmode=attractive borient=orbit_average bgamma=off braw_med=0.000e+00 bcorr_med=0.000e+00 bp_med=1.000e+00 status=ok
[2026-05-19 02:21:31] shard 43: 2/4 eps_a=2.737 eps_c=0.421 dt=21711.0s found=Y RSS=213588kB
[2026-05-19 02:21:31] POINT shard=43 idx=2/4 eps_a=2.73684 eps_c=0.421053 dt=21710.96s event=1 spin=1 bin=1 min_fpp=-2.790795e-01 phi_min_fpp=0.0688 n_valid=45/51 n_invalid_phi=0 phi_feasible=[0,1] n_success=45 max_res=1.960e-02 mean_res=1.402e-03 mode=avgE e_lin=[-2.539e+01,0.000e+00] barrier=4.217e-03 bethe=none bmode=attractive borient=orbit_average bgamma=off braw_med=0.000e+00 bcorr_med=0.000e+00 bp_med=1.000e+00 status=ok
[2026-05-19 02:35:03] shard 18: 3/4 eps_a=2.947 eps_c=0.158 dt=14646.6s found=Y RSS=216448kB
[2026-05-19 02:35:03] POINT shard=18 idx=3/4 eps_a=2.94737 eps_c=0.157895 dt=14646.62s event=0 spin=0 bin=0 min_fpp=1.092015e-01 phi_min_fpp=0.2648 n_valid=47/51 n_invalid_phi=0 phi_feasible=[0,1] n_success=47 max_res=1.960e-02 mean_res=9.609e-04 mode=avgE e_lin=[-2.404e+01,0.000e+00] barrier=nan bethe=none bmode=attractive borient=orbit_average bgamma=off braw_med=0.000e+00 bcorr_med=0.000e+00 bp_med=1.000e+00 status=ok
[2026-05-19 02:35:08] shard 40: 2/4 eps_a=0.211 eps_c=0.421 dt=19741.3s found=Y RSS=211436kB
[2026-05-19 02:35:08] POINT shard=40 idx=2/4 eps_a=0.210526 eps_c=0.421053 dt=19741.29s event=0 spin=0 bin=0 min_fpp=1.210392e+00 phi_min_fpp=0.402 n_valid=46/51 n_invalid_phi=0 phi_feasible=[0,1] n_success=46 max_res=9.800e-02 mean_res=5.576e-03 mode=avgE e_lin=[-6.338e+00,0.000e+00] barrier=nan bethe=none bmode=attractive borient=orbit_average bgamma=off braw_med=0.000e+00 bcorr_med=0.000e+00 bp_med=1.000e+00 status=ok
[2026-05-19 02:41:46] shard 56: 2/4 eps_a=1.053 eps_c=0.579 dt=19897.4s found=Y RSS=24118188kB
[2026-05-19 02:41:46] POINT shard=56 idx=2/4 eps_a=1.05263 eps_c=0.578947 dt=19897.37s event=0 spin=0 bin=0 min_fpp=2.660182e-01 phi_min_fpp=0.3824 n_valid=46/51 n_invalid_phi=0 phi_feasible=[0,1] n_success=46 max_res=9.800e-02 mean_res=5.519e-03 mode=avgE e_lin=[-1.384e+01,0.000e+00] barrier=nan bethe=none bmode=attractive borient=orbit_average bgamma=off braw_med=0.000e+00 bcorr_med=0.000e+00 bp_med=1.000e+00 status=ok
[2026-05-19 02:44:07] shard 58: 1/4 eps_a=2.526 eps_c=0.579 dt=43330.1s found=Y RSS=24122844kB
[2026-05-19 02:44:07] POINT shard=58 idx=1/4 eps_a=2.52632 eps_c=0.578947 dt=43330.11s event=1 spin=1 bin=1 min_fpp=-4.893429e-01 phi_min_fpp=0.0884 n_valid=43/51 n_invalid_phi=0 phi_feasible=[0,1] n_success=43 max_res=1.960e-02 mean_res=2.320e-03 mode=avgE e_lin=[-2.548e+01,0.000e+00] barrier=7.913e-03 bethe=none bmode=attractive borient=orbit_average bgamma=off braw_med=0.000e+00 bcorr_med=0.000e+00 bp_med=1.000e+00 status=ok
[2026-05-19 02:55:35] shard 37: 2/4 eps_a=1.895 eps_c=0.368 dt=22426.8s found=Y RSS=215656kB
[2026-05-19 02:55:35] POINT shard=37 idx=2/4 eps_a=1.89474 eps_c=0.368421 dt=22426.77s event=0 spin=0 bin=0 min_fpp=2.315564e-01 phi_min_fpp=0.3432 n_valid=44/51 n_invalid_phi=0 phi_feasible=[0,1] n_success=44 max_res=9.800e-02 mean_res=6.171e-03 mode=avgE e_lin=[-1.771e+01,0.000e+00] barrier=nan bethe=none bmode=attractive borient=orbit_average bgamma=off braw_med=0.000e+00 bcorr_med=0.000e+00 bp_med=1.000e+00 status=ok
[2026-05-19 02:56:43] shard 80: 2/4 eps_a=0.211 eps_c=0.842 dt=21226.6s found=Y RSS=24114824kB
[2026-05-19 02:56:43] POINT shard=80 idx=2/4 eps_a=0.210526 eps_c=0.842105 dt=21226.65s event=0 spin=0 bin=0 min_fpp=1.799023e-01 phi_min_fpp=0.3824 n_valid=45/51 n_invalid_phi=0 phi_feasible=[0,1] n_success=45 max_res=9.800e-02 mean_res=5.548e-03 mode=avgE e_lin=[-1.139e+01,0.000e+00] barrier=nan bethe=none bmode=attractive borient=orbit_average bgamma=off braw_med=0.000e+00 bcorr_med=0.000e+00 bp_med=1.000e+00 status=ok
[2026-05-19 03:00:11] shard 90: 2/4 eps_a=0.211 eps_c=0.947 dt=21791.5s found=Y RSS=24118536kB
[2026-05-19 03:00:11] POINT shard=90 idx=2/4 eps_a=0.210526 eps_c=0.947368 dt=21791.55s event=1 spin=1 bin=1 min_fpp=-3.229859e-02 phi_min_fpp=0.3236 n_valid=45/51 n_invalid_phi=0 phi_feasible=[0,1] n_success=45 max_res=9.800e-02 mean_res=5.516e-03 mode=avgE e_lin=[-1.265e+01,0.000e+00] barrier=2.988e-04 bethe=none bmode=attractive borient=orbit_average bgamma=off braw_med=0.000e+00 bcorr_med=0.000e+00 bp_med=1.000e+00 status=ok
[2026-05-19 03:16:02] shard 70: 2/4 eps_a=0.211 eps_c=0.737 dt=22168.9s found=Y RSS=24121600kB
[2026-05-19 03:16:02] POINT shard=70 idx=2/4 eps_a=0.210526 eps_c=0.736842 dt=22168.87s event=0 spin=0 bin=0 min_fpp=4.092334e-01 phi_min_fpp=0.4216 n_valid=45/51 n_invalid_phi=0 phi_feasible=[0,1] n_success=45 max_res=9.800e-02 mean_res=5.570e-03 mode=avgE e_lin=[-1.013e+01,0.000e+00] barrier=nan bethe=none bmode=attractive borient=orbit_average bgamma=off braw_med=0.000e+00 bcorr_med=0.000e+00 bp_med=1.000e+00 status=ok
[2026-05-19 03:22:18] shard 60: 2/4 eps_a=0.211 eps_c=0.632 dt=19638.0s found=Y RSS=24124940kB
[2026-05-19 03:22:18] POINT shard=60 idx=2/4 eps_a=0.210526 eps_c=0.631579 dt=19638.04s event=0 spin=0 bin=0 min_fpp=6.607941e-01 phi_min_fpp=0.4216 n_valid=46/51 n_invalid_phi=0 phi_feasible=[0,1] n_success=46 max_res=9.800e-02 mean_res=5.554e-03 mode=avgE e_lin=[-8.864e+00,0.000e+00] barrier=nan bethe=none bmode=attractive borient=orbit_average bgamma=off braw_med=0.000e+00 bcorr_med=0.000e+00 bp_med=1.000e+00 status=ok
[2026-05-19 03:25:43] shard 8: 3/4 eps_a=2.947 eps_c=0.053 dt=14854.6s found=Y RSS=212176kB
[2026-05-19 03:25:43] POINT shard=8 idx=3/4 eps_a=2.94737 eps_c=0.0526316 dt=14854.65s event=0 spin=0 bin=0 min_fpp=2.654348e-01 phi_min_fpp=0.304 n_valid=47/51 n_invalid_phi=0 phi_feasible=[0,1] n_success=47 max_res=6.002e-03 mean_res=2.616e-04 mode=avgE e_lin=[-2.278e+01,0.000e+00] barrier=nan bethe=none bmode=attractive borient=orbit_average bgamma=off braw_med=0.000e+00 bcorr_med=0.000e+00 bp_med=1.000e+00 status=ok
[2026-05-19 03:25:51] shard 75: 2/4 eps_a=0.211 eps_c=0.789 dt=22283.5s found=Y RSS=24119184kB
[2026-05-19 03:25:51] POINT shard=75 idx=2/4 eps_a=0.210526 eps_c=0.789474 dt=22283.55s event=0 spin=0 bin=0 min_fpp=2.918415e-01 phi_min_fpp=0.402 n_valid=45/51 n_invalid_phi=0 phi_feasible=[0,1] n_success=45 max_res=9.800e-02 mean_res=5.569e-03 mode=avgE e_lin=[-1.076e+01,0.000e+00] barrier=nan bethe=none bmode=attractive borient=orbit_average bgamma=off braw_med=0.000e+00 bcorr_med=0.000e+00 bp_med=1.000e+00 status=ok
[2026-05-19 03:28:57] shard 61: 4/4 eps_a=1.474 eps_c=0.632 dt=12465.1s found=Y RSS=24123204kB
[2026-05-19 03:28:57] POINT shard=61 idx=4/4 eps_a=1.47368 eps_c=0.631579 dt=12465.13s event=1 spin=1 bin=1 min_fpp=-4.614819e-02 phi_min_fpp=0.2648 n_valid=37/51 n_invalid_phi=0 phi_feasible=[0,1] n_success=37 max_res=1.339e-01 mean_res=1.331e-02 mode=avgE e_lin=[-1.757e+01,0.000e+00] barrier=1.015e-04 bethe=none bmode=attractive borient=orbit_average bgamma=off braw_med=0.000e+00 bcorr_med=0.000e+00 bp_med=1.000e+00 status=ok
[2026-05-19 03:28:57] shard 61: saved /pool/hamza/111000_scan_selfconsistent_bethe/shards/shard_0061.npz with 1 points
[2026-05-19 03:30:14] shard 95: 2/4 eps_a=0.211 eps_c=1.000 dt=21517.0s found=Y RSS=24117944kB
[2026-05-19 03:30:14] POINT shard=95 idx=2/4 eps_a=0.210526 eps_c=1 dt=21517.01s event=1 spin=1 bin=1 min_fpp=-1.452114e-01 phi_min_fpp=0.2452 n_valid=45/51 n_invalid_phi=0 phi_feasible=[0,1] n_success=45 max_res=9.800e-02 mean_res=5.544e-03 mode=avgE e_lin=[-1.329e+01,0.000e+00] barrier=2.594e-03 bethe=none bmode=attractive borient=orbit_average bgamma=off braw_med=0.000e+00 bcorr_med=0.000e+00 bp_med=1.000e+00 status=ok
[2026-05-19 03:33:52] shard 77: 2/4 eps_a=1.895 eps_c=0.789 dt=20272.5s found=Y RSS=24121432kB
[2026-05-19 03:33:52] POINT shard=77 idx=2/4 eps_a=1.89474 eps_c=0.789474 dt=20272.47s event=1 spin=1 bin=1 min_fpp=-7.193930e-01 phi_min_fpp=0.0688 n_valid=46/51 n_invalid_phi=0 phi_feasible=[0,1] n_success=46 max_res=1.960e-02 mean_res=1.488e-03 mode=avgE e_lin=[-2.277e+01,0.000e+00] barrier=1.369e-02 bethe=none bmode=attractive borient=orbit_average bgamma=off braw_med=0.000e+00 bcorr_med=0.000e+00 bp_med=1.000e+00 status=ok
[2026-05-19 03:44:37] shard 6: 2/4 eps_a=1.053 eps_c=0.053 dt=19452.6s found=Y RSS=215168kB
[2026-05-19 03:44:37] POINT shard=6 idx=2/4 eps_a=1.05263 eps_c=0.0526316 dt=19452.55s event=0 spin=0 bin=0 min_fpp=1.509304e+00 phi_min_fpp=0.3824 n_valid=46/51 n_invalid_phi=0 phi_feasible=[0,1] n_success=46 max_res=9.800e-02 mean_res=5.576e-03 mode=avgE e_lin=[-7.522e+00,0.000e+00] barrier=nan bethe=none bmode=attractive borient=orbit_average bgamma=off braw_med=0.000e+00 bcorr_med=0.000e+00 bp_med=1.000e+00 status=ok
[2026-05-19 03:58:46] shard 0: 2/4 eps_a=0.211 eps_c=0.000 dt=19386.2s found=Y RSS=213032kB
[2026-05-19 03:58:46] POINT shard=0 idx=2/4 eps_a=0.210526 eps_c=0 dt=19386.18s event=0 spin=0 bin=0 min_fpp=2.294706e+00 phi_min_fpp=0.3432 n_valid=46/51 n_invalid_phi=0 phi_feasible=[0,1] n_success=46 max_res=9.800e-02 mean_res=5.614e-03 mode=avgE e_lin=[-1.285e+00,0.000e+00] barrier=nan bethe=none bmode=attractive borient=orbit_average bgamma=off braw_med=0.000e+00 bcorr_med=0.000e+00 bp_med=1.000e+00 status=ok
[2026-05-19 04:19:46] shard 85: 2/4 eps_a=0.211 eps_c=0.895 dt=23218.7s found=Y RSS=24120660kB
[2026-05-19 04:19:46] POINT shard=85 idx=2/4 eps_a=0.210526 eps_c=0.894737 dt=23218.70s event=0 spin=0 bin=0 min_fpp=7.381722e-02 phi_min_fpp=0.3432 n_valid=45/51 n_invalid_phi=0 phi_feasible=[0,1] n_success=45 max_res=9.800e-02 mean_res=5.742e-03 mode=avgE e_lin=[-1.202e+01,0.000e+00] barrier=nan bethe=none bmode=attractive borient=orbit_average bgamma=off braw_med=0.000e+00 bcorr_med=0.000e+00 bp_med=1.000e+00 status=ok
[2026-05-19 04:27:40] shard 46: 2/4 eps_a=1.053 eps_c=0.474 dt=19783.4s found=Y RSS=214500kB
[2026-05-19 04:27:40] POINT shard=46 idx=2/4 eps_a=1.05263 eps_c=0.473684 dt=19783.41s event=0 spin=0 bin=0 min_fpp=4.892095e-01 phi_min_fpp=0.402 n_valid=46/51 n_invalid_phi=0 phi_feasible=[0,1] n_success=46 max_res=9.800e-02 mean_res=5.532e-03 mode=avgE e_lin=[-1.257e+01,0.000e+00] barrier=nan bethe=none bmode=attractive borient=orbit_average bgamma=off braw_med=0.000e+00 bcorr_med=0.000e+00 bp_med=1.000e+00 status=ok
[2026-05-19 04:31:59] shard 32: 2/4 eps_a=1.895 eps_c=0.316 dt=26235.1s found=Y RSS=216740kB
[2026-05-19 04:31:59] POINT shard=32 idx=2/4 eps_a=1.89474 eps_c=0.315789 dt=26235.09s event=0 spin=0 bin=0 min_fpp=3.281303e-01 phi_min_fpp=0.3628 n_valid=44/51 n_invalid_phi=0 phi_feasible=[0,1] n_success=44 max_res=9.800e-02 mean_res=5.888e-03 mode=avgE e_lin=[-1.708e+01,0.000e+00] barrier=nan bethe=none bmode=attractive borient=orbit_average bgamma=off braw_med=0.000e+00 bcorr_med=0.000e+00 bp_med=1.000e+00 status=ok
[2026-05-19 04:43:34] shard 67: 1/4 eps_a=1.684 eps_c=0.684 dt=50498.1s found=Y RSS=24120628kB
[2026-05-19 04:43:34] POINT shard=67 idx=1/4 eps_a=1.68421 eps_c=0.684211 dt=50498.05s event=0 spin=0 bin=0 min_fpp=nan phi_min_fpp=nan n_valid=1/51 n_invalid_phi=0 phi_feasible=[0,1] n_success=1 max_res=4.730e-01 mean_res=8.360e-02 mode=avgE e_lin=[-1.983e+01,0.000e+00] barrier=nan bethe=none bmode=attractive borient=orbit_average bgamma=off braw_med=0.000e+00 bcorr_med=0.000e+00 bp_med=1.000e+00 status=too_few_valid_phi
[2026-05-19 04:47:34] shard 27: 2/4 eps_a=1.895 eps_c=0.263 dt=25013.3s found=Y RSS=210116kB
[2026-05-19 04:47:34] POINT shard=27 idx=2/4 eps_a=1.89474 eps_c=0.263158 dt=25013.25s event=0 spin=0 bin=0 min_fpp=4.272906e-01 phi_min_fpp=0.3628 n_valid=44/51 n_invalid_phi=0 phi_feasible=[0,1] n_success=44 max_res=9.800e-02 mean_res=5.599e-03 mode=avgE e_lin=[-1.645e+01,0.000e+00] barrier=nan bethe=none bmode=attractive borient=orbit_average bgamma=off braw_med=0.000e+00 bcorr_med=0.000e+00 bp_med=1.000e+00 status=ok
[2026-05-19 04:48:11] shard 66: 2/4 eps_a=1.053 eps_c=0.684 dt=27936.3s found=Y RSS=24119012kB
[2026-05-19 04:48:11] POINT shard=66 idx=2/4 eps_a=1.05263 eps_c=0.684211 dt=27936.33s event=0 spin=0 bin=0 min_fpp=5.750308e-02 phi_min_fpp=0.3236 n_valid=43/51 n_invalid_phi=0 phi_feasible=[0,1] n_success=43 max_res=9.800e-02 mean_res=5.561e-03 mode=avgE e_lin=[-1.510e+01,0.000e+00] barrier=nan bethe=none bmode=attractive borient=orbit_average bgamma=off braw_med=0.000e+00 bcorr_med=0.000e+00 bp_med=1.000e+00 status=ok
[2026-05-19 04:53:04] shard 33: 3/4 eps_a=2.947 eps_c=0.316 dt=21870.7s found=Y RSS=217584kB
[2026-05-19 04:53:04] POINT shard=33 idx=3/4 eps_a=2.94737 eps_c=0.315789 dt=21870.67s event=1 spin=1 bin=1 min_fpp=-1.606408e-01 phi_min_fpp=0.0884 n_valid=45/51 n_invalid_phi=0 phi_feasible=[0,1] n_success=45 max_res=1.960e-02 mean_res=1.541e-03 mode=avgE e_lin=[-2.594e+01,0.000e+00] barrier=2.059e-03 bethe=none bmode=attractive borient=orbit_average bgamma=off braw_med=0.000e+00 bcorr_med=0.000e+00 bp_med=1.000e+00 status=ok
[2026-05-19 04:59:34] shard 28: 3/4 eps_a=2.947 eps_c=0.263 dt=14289.0s found=Y RSS=214612kB
[2026-05-19 04:59:34] POINT shard=28 idx=3/4 eps_a=2.94737 eps_c=0.263158 dt=14289.03s event=1 spin=1 bin=1 min_fpp=-5.753805e-02 phi_min_fpp=0.1668 n_valid=47/51 n_invalid_phi=0 phi_feasible=[0,1] n_success=47 max_res=1.960e-02 mean_res=7.751e-04 mode=avgE e_lin=[-2.530e+01,0.000e+00] barrier=6.202e-04 bethe=none bmode=attractive borient=orbit_average bgamma=off braw_med=0.000e+00 bcorr_med=0.000e+00 bp_med=1.000e+00 status=ok
[2026-05-19 05:06:37] shard 50: 2/4 eps_a=0.211 eps_c=0.526 dt=22881.0s found=Y RSS=24124308kB
[2026-05-19 05:06:37] POINT shard=50 idx=2/4 eps_a=0.210526 eps_c=0.526316 dt=22880.97s event=0 spin=0 bin=0 min_fpp=9.318179e-01 phi_min_fpp=0.4216 n_valid=46/51 n_invalid_phi=0 phi_feasible=[0,1] n_success=46 max_res=9.800e-02 mean_res=5.565e-03 mode=avgE e_lin=[-7.601e+00,0.000e+00] barrier=nan bethe=none bmode=attractive borient=orbit_average bgamma=off braw_med=0.000e+00 bcorr_med=0.000e+00 bp_med=1.000e+00 status=ok
[2026-05-19 05:14:58] shard 31: 3/4 eps_a=1.263 eps_c=0.316 dt=19928.9s found=Y RSS=215588kB
[2026-05-19 05:14:58] POINT shard=31 idx=3/4 eps_a=1.26316 eps_c=0.315789 dt=19928.85s event=0 spin=0 bin=0 min_fpp=7.092601e-01 phi_min_fpp=0.402 n_valid=46/51 n_invalid_phi=0 phi_feasible=[0,1] n_success=46 max_res=9.800e-02 mean_res=5.536e-03 mode=avgE e_lin=[-1.221e+01,0.000e+00] barrier=nan bethe=none bmode=attractive borient=orbit_average bgamma=off braw_med=0.000e+00 bcorr_med=0.000e+00 bp_med=1.000e+00 status=ok
[2026-05-19 05:17:31] shard 23: 3/4 eps_a=2.947 eps_c=0.211 dt=17574.1s found=Y RSS=218080kB
[2026-05-19 05:17:31] POINT shard=23 idx=3/4 eps_a=2.94737 eps_c=0.210526 dt=17574.07s event=0 spin=0 bin=0 min_fpp=3.275398e-02 phi_min_fpp=0.2256 n_valid=47/51 n_invalid_phi=0 phi_feasible=[0,1] n_success=47 max_res=1.960e-02 mean_res=7.706e-04 mode=avgE e_lin=[-2.467e+01,0.000e+00] barrier=nan bethe=none bmode=attractive borient=orbit_average bgamma=off braw_med=0.000e+00 bcorr_med=0.000e+00 bp_med=1.000e+00 status=ok
[2026-05-19 05:16:57] shard 59: 1/4 eps_a=3.368 eps_c=0.579 dt=52500.9s found=Y RSS=24123580kB
[2026-05-19 05:16:57] POINT shard=59 idx=1/4 eps_a=3.36842 eps_c=0.578947 dt=52500.93s event=0 spin=0 bin=0 min_fpp=nan phi_min_fpp=nan n_valid=0/51 n_invalid_phi=0 phi_feasible=[0,1] n_success=0 max_res=6.826e-01 mean_res=4.053e-01 mode=avgE e_lin=[-3.273e+01,0.000e+00] barrier=nan bethe=none bmode=attractive borient=orbit_average bgamma=off braw_med=0.000e+00 bcorr_med=0.000e+00 bp_med=1.000e+00 status=too_few_valid_phi
[2026-05-19 05:21:10] shard 69: 1/4 eps_a=3.368 eps_c=0.684 dt=52753.9s found=Y RSS=24120832kB
[2026-05-19 05:21:10] POINT shard=69 idx=1/4 eps_a=3.36842 eps_c=0.684211 dt=52753.87s event=0 spin=0 bin=0 min_fpp=nan phi_min_fpp=nan n_valid=0/51 n_invalid_phi=0 phi_feasible=[0,1] n_success=0 max_res=7.620e-01 mean_res=4.140e-01 mode=avgE e_lin=[-3.399e+01,0.000e+00] barrier=nan bethe=none bmode=attractive borient=orbit_average bgamma=off braw_med=0.000e+00 bcorr_med=0.000e+00 bp_med=1.000e+00 status=too_few_valid_phi
[2026-05-19 05:38:08] shard 67: 2/4 eps_a=1.895 eps_c=0.684 dt=3272.5s found=Y RSS=24150884kB
[2026-05-19 05:38:08] POINT shard=67 idx=2/4 eps_a=1.89474 eps_c=0.684211 dt=3272.53s event=1 spin=1 bin=1 min_fpp=-4.259476e-01 phi_min_fpp=0.0688 n_valid=48/51 n_invalid_phi=0 phi_feasible=[0,1] n_success=48 max_res=1.960e-02 mean_res=7.286e-04 mode=avgE e_lin=[-2.150e+01,0.000e+00] barrier=8.589e-03 bethe=none bmode=attractive borient=orbit_average bgamma=off braw_med=0.000e+00 bcorr_med=0.000e+00 bp_med=1.000e+00 status=ok
[2026-05-19 05:52:37] shard 26: 3/4 eps_a=1.263 eps_c=0.263 dt=19413.4s found=Y RSS=211268kB
[2026-05-19 05:52:37] POINT shard=26 idx=3/4 eps_a=1.26316 eps_c=0.263158 dt=19413.39s event=0 spin=0 bin=0 min_fpp=8.323038e-01 phi_min_fpp=0.402 n_valid=46/51 n_invalid_phi=0 phi_feasible=[0,1] n_success=46 max_res=9.800e-02 mean_res=5.542e-03 mode=avgE e_lin=[-1.157e+01,0.000e+00] barrier=nan bethe=none bmode=attractive borient=orbit_average bgamma=off braw_med=0.000e+00 bcorr_med=0.000e+00 bp_med=1.000e+00 status=ok
[2026-05-19 05:55:43] shard 38: 3/4 eps_a=2.947 eps_c=0.368 dt=19594.2s found=Y RSS=215908kB
[2026-05-19 05:55:43] POINT shard=38 idx=3/4 eps_a=2.94737 eps_c=0.368421 dt=19594.21s event=1 spin=1 bin=1 min_fpp=-2.772505e-01 phi_min_fpp=0.0688 n_valid=45/51 n_invalid_phi=0 phi_feasible=[0,1] n_success=45 max_res=1.960e-02 mean_res=1.594e-03 mode=avgE e_lin=[-2.657e+01,0.000e+00] barrier=3.825e-03 bethe=none bmode=attractive borient=orbit_average bgamma=off braw_med=0.000e+00 bcorr_med=0.000e+00 bp_med=1.000e+00 status=ok
[2026-05-19 05:58:24] shard 48: 2/4 eps_a=2.737 eps_c=0.474 dt=20510.3s found=Y RSS=213608kB
[2026-05-19 05:58:24] POINT shard=48 idx=2/4 eps_a=2.73684 eps_c=0.473684 dt=20510.29s event=1 spin=1 bin=1 min_fpp=-3.869377e-01 phi_min_fpp=0.0884 n_valid=45/51 n_invalid_phi=0 phi_feasible=[0,1] n_success=45 max_res=1.960e-02 mean_res=4.357e-04 mode=avgE e_lin=[-2.602e+01,0.000e+00] barrier=5.425e-03 bethe=none bmode=attractive borient=orbit_average bgamma=off braw_med=0.000e+00 bcorr_med=0.000e+00 bp_med=1.000e+00 status=ok
[2026-05-19 06:01:47] shard 45: 3/4 eps_a=0.421 eps_c=0.474 dt=19594.3s found=Y RSS=211172kB
[2026-05-19 06:01:47] POINT shard=45 idx=3/4 eps_a=0.421053 eps_c=0.473684 dt=19594.29s event=0 spin=0 bin=0 min_fpp=9.212753e-01 phi_min_fpp=0.4216 n_valid=46/51 n_invalid_phi=0 phi_feasible=[0,1] n_success=46 max_res=9.800e-02 mean_res=5.563e-03 mode=avgE e_lin=[-8.300e+00,0.000e+00] barrier=nan bethe=none bmode=attractive borient=orbit_average bgamma=off braw_med=0.000e+00 bcorr_med=0.000e+00 bp_med=1.000e+00 status=ok
[2026-05-19 06:14:45] shard 2: 3/4 eps_a=2.105 eps_c=0.000 dt=19856.4s found=Y RSS=211556kB
[2026-05-19 06:14:45] POINT shard=2 idx=3/4 eps_a=2.10526 eps_c=0 dt=19856.44s event=0 spin=0 bin=0 min_fpp=8.199797e-01 phi_min_fpp=0.3628 n_valid=46/51 n_invalid_phi=0 phi_feasible=[0,1] n_success=46 max_res=9.800e-02 mean_res=5.509e-03 mode=avgE e_lin=[-1.501e+01,0.000e+00] barrier=nan bethe=none bmode=attractive borient=orbit_average bgamma=off braw_med=0.000e+00 bcorr_med=0.000e+00 bp_med=1.000e+00 status=ok
[2026-05-19 06:17:06] shard 10: 3/4 eps_a=0.421 eps_c=0.105 dt=19102.3s found=Y RSS=212952kB
[2026-05-19 06:17:06] POINT shard=10 idx=3/4 eps_a=0.421053 eps_c=0.105263 dt=19102.27s event=0 spin=0 bin=0 min_fpp=1.877814e+00 phi_min_fpp=0.3628 n_valid=46/51 n_invalid_phi=0 phi_feasible=[0,1] n_success=46 max_res=9.800e-02 mean_res=5.599e-03 mode=avgE e_lin=[-3.879e+00,0.000e+00] barrier=nan bethe=none bmode=attractive borient=orbit_average bgamma=off braw_med=0.000e+00 bcorr_med=0.000e+00 bp_med=1.000e+00 status=ok
[2026-05-19 06:18:07] shard 36: 3/4 eps_a=1.263 eps_c=0.368 dt=18929.4s found=Y RSS=215436kB
[2026-05-19 06:18:07] POINT shard=36 idx=3/4 eps_a=1.26316 eps_c=0.368421 dt=18929.37s event=0 spin=0 bin=0 min_fpp=5.885938e-01 phi_min_fpp=0.402 n_valid=45/51 n_invalid_phi=0 phi_feasible=[0,1] n_success=45 max_res=9.800e-02 mean_res=5.531e-03 mode=avgE e_lin=[-1.284e+01,0.000e+00] barrier=nan bethe=none bmode=attractive borient=orbit_average bgamma=off braw_med=0.000e+00 bcorr_med=0.000e+00 bp_med=1.000e+00 status=ok
[2026-05-19 06:19:04] shard 30: 2/4 eps_a=0.211 eps_c=0.316 dt=19128.8s found=Y RSS=211292kB
[2026-05-19 06:19:04] POINT shard=30 idx=2/4 eps_a=0.210526 eps_c=0.315789 dt=19128.78s event=0 spin=0 bin=0 min_fpp=1.488614e+00 phi_min_fpp=0.3824 n_valid=46/51 n_invalid_phi=0 phi_feasible=[0,1] n_success=46 max_res=9.800e-02 mean_res=5.586e-03 mode=avgE e_lin=[-5.075e+00,0.000e+00] barrier=nan bethe=none bmode=attractive borient=orbit_average bgamma=off braw_med=0.000e+00 bcorr_med=0.000e+00 bp_med=1.000e+00 status=ok
[2026-05-19 06:21:00] shard 16: 3/4 eps_a=1.263 eps_c=0.158 dt=19399.7s found=Y RSS=213408kB
[2026-05-19 06:21:00] POINT shard=16 idx=3/4 eps_a=1.26316 eps_c=0.157895 dt=19399.68s event=0 spin=0 bin=0 min_fpp=1.084866e+00 phi_min_fpp=0.3824 n_valid=46/51 n_invalid_phi=0 phi_feasible=[0,1] n_success=46 max_res=9.800e-02 mean_res=5.553e-03 mode=avgE e_lin=[-1.031e+01,0.000e+00] barrier=nan bethe=none bmode=attractive borient=orbit_average bgamma=off braw_med=0.000e+00 bcorr_med=0.000e+00 bp_med=1.000e+00 status=ok
[2026-05-19 06:21:17] shard 20: 3/4 eps_a=0.421 eps_c=0.211 dt=19391.0s found=Y RSS=214436kB
[2026-05-19 06:21:17] POINT shard=20 idx=3/4 eps_a=0.421053 eps_c=0.210526 dt=19390.99s event=0 spin=0 bin=0 min_fpp=1.609252e+00 phi_min_fpp=0.3824 n_valid=46/51 n_invalid_phi=0 phi_feasible=[0,1] n_success=46 max_res=9.800e-02 mean_res=5.589e-03 mode=avgE e_lin=[-5.142e+00,0.000e+00] barrier=nan bethe=none bmode=attractive borient=orbit_average bgamma=off braw_med=0.000e+00 bcorr_med=0.000e+00 bp_med=1.000e+00 status=ok
[2026-05-19 06:21:20] shard 21: 3/4 eps_a=1.263 eps_c=0.211 dt=19250.1s found=Y RSS=213080kB
[2026-05-19 06:21:20] POINT shard=21 idx=3/4 eps_a=1.26316 eps_c=0.210526 dt=19250.11s event=0 spin=0 bin=0 min_fpp=9.577030e-01 phi_min_fpp=0.402 n_valid=46/51 n_invalid_phi=0 phi_feasible=[0,1] n_success=46 max_res=9.800e-02 mean_res=5.547e-03 mode=avgE e_lin=[-1.094e+01,0.000e+00] barrier=nan bethe=none bmode=attractive borient=orbit_average bgamma=off braw_med=0.000e+00 bcorr_med=0.000e+00 bp_med=1.000e+00 status=ok
[2026-05-19 06:33:58] shard 35: 3/4 eps_a=0.421 eps_c=0.368 dt=19587.0s found=Y RSS=214548kB
[2026-05-19 06:33:58] POINT shard=35 idx=3/4 eps_a=0.421053 eps_c=0.368421 dt=19587.03s event=0 spin=0 bin=0 min_fpp=1.197123e+00 phi_min_fpp=0.402 n_valid=46/51 n_invalid_phi=0 phi_feasible=[0,1] n_success=46 max_res=9.800e-02 mean_res=5.574e-03 mode=avgE e_lin=[-7.037e+00,0.000e+00] barrier=nan bethe=none bmode=attractive borient=orbit_average bgamma=off braw_med=0.000e+00 bcorr_med=0.000e+00 bp_med=1.000e+00 status=ok
[2026-05-19 06:37:37] shard 96: 1/4 eps_a=0.842 eps_c=1.000 dt=57339.6s found=Y RSS=24120096kB
[2026-05-19 06:37:37] POINT shard=96 idx=1/4 eps_a=0.842105 eps_c=1 dt=57339.62s event=1 spin=1 bin=1 min_fpp=-2.088889e-01 phi_min_fpp=0.3432 n_valid=33/51 n_invalid_phi=0 phi_feasible=[0,1] n_success=33 max_res=2.726e-01 mean_res=2.402e-02 mode=avgE e_lin=[-1.742e+01,0.000e+00] barrier=1.090e-03 bethe=none bmode=attractive borient=orbit_average bgamma=off braw_med=0.000e+00 bcorr_med=0.000e+00 bp_med=1.000e+00 status=ok
[2026-05-19 06:41:15] shard 25: 3/4 eps_a=0.421 eps_c=0.263 dt=19458.6s found=Y RSS=211080kB
[2026-05-19 06:41:15] POINT shard=25 idx=3/4 eps_a=0.421053 eps_c=0.263158 dt=19458.58s event=0 spin=0 bin=0 min_fpp=1.473100e+00 phi_min_fpp=0.3824 n_valid=46/51 n_invalid_phi=0 phi_feasible=[0,1] n_success=46 max_res=9.800e-02 mean_res=5.584e-03 mode=avgE e_lin=[-5.773e+00,0.000e+00] barrier=nan bethe=none bmode=attractive borient=orbit_average bgamma=off braw_med=0.000e+00 bcorr_med=0.000e+00 bp_med=1.000e+00 status=ok
[2026-05-19 06:40:04] shard 53: 1/4 eps_a=2.526 eps_c=0.526 dt=57488.0s found=Y RSS=24122716kB
[2026-05-19 06:40:04] POINT shard=53 idx=1/4 eps_a=2.52632 eps_c=0.526316 dt=57488.05s event=0 spin=0 bin=0 min_fpp=nan phi_min_fpp=nan n_valid=0/51 n_invalid_phi=0 phi_feasible=[0,1] n_success=0 max_res=5.484e-01 mean_res=2.971e-01 mode=avgE e_lin=[-2.485e+01,0.000e+00] barrier=nan bethe=none bmode=attractive borient=orbit_average bgamma=off braw_med=0.000e+00 bcorr_med=0.000e+00 bp_med=1.000e+00 status=too_few_valid_phi
[2026-05-19 06:45:52] shard 63: 2/4 eps_a=2.737 eps_c=0.632 dt=41321.4s found=Y RSS=24121252kB
[2026-05-19 06:45:52] POINT shard=63 idx=2/4 eps_a=2.73684 eps_c=0.631579 dt=41321.38s event=0 spin=0 bin=0 min_fpp=nan phi_min_fpp=nan n_valid=1/51 n_invalid_phi=0 phi_feasible=[0,1] n_success=1 max_res=2.151e+00 mean_res=5.055e-01 mode=avgE e_lin=[-2.791e+01,0.000e+00] barrier=nan bethe=none bmode=attractive borient=orbit_average bgamma=off braw_med=0.000e+00 bcorr_med=0.000e+00 bp_med=1.000e+00 status=too_few_valid_phi
[2026-05-19 07:02:39] shard 67: 3/4 eps_a=2.105 eps_c=0.684 dt=5071.0s found=Y RSS=24120648kB
[2026-05-19 07:02:39] POINT shard=67 idx=3/4 eps_a=2.10526 eps_c=0.684211 dt=5070.99s event=1 spin=1 bin=1 min_fpp=-5.717199e-01 phi_min_fpp=0.0688 n_valid=44/51 n_invalid_phi=0 phi_feasible=[0,1] n_success=44 max_res=1.960e-02 mean_res=1.541e-03 mode=avgE e_lin=[-2.322e+01,0.000e+00] barrier=1.058e-02 bethe=none bmode=attractive borient=orbit_average bgamma=off braw_med=0.000e+00 bcorr_med=0.000e+00 bp_med=1.000e+00 status=ok
[2026-05-19 07:05:25] shard 22: 3/4 eps_a=2.105 eps_c=0.211 dt=21834.4s found=Y RSS=215280kB
[2026-05-19 07:05:25] POINT shard=22 idx=3/4 eps_a=2.10526 eps_c=0.210526 dt=21834.40s event=0 spin=0 bin=0 min_fpp=4.097885e-01 phi_min_fpp=0.3628 n_valid=44/51 n_invalid_phi=0 phi_feasible=[0,1] n_success=44 max_res=9.800e-02 mean_res=6.010e-03 mode=avgE e_lin=[-1.753e+01,0.000e+00] barrier=nan bethe=none bmode=attractive borient=orbit_average bgamma=off braw_med=0.000e+00 bcorr_med=0.000e+00 bp_med=1.000e+00 status=ok
[2026-05-19 07:12:36] shard 12: 3/4 eps_a=2.105 eps_c=0.105 dt=22818.1s found=Y RSS=214616kB
[2026-05-19 07:12:36] POINT shard=12 idx=3/4 eps_a=2.10526 eps_c=0.105263 dt=22818.08s event=0 spin=0 bin=0 min_fpp=6.088968e-01 phi_min_fpp=0.3628 n_valid=44/51 n_invalid_phi=0 phi_feasible=[0,1] n_success=44 max_res=9.800e-02 mean_res=5.572e-03 mode=avgE e_lin=[-1.627e+01,0.000e+00] barrier=nan bethe=none bmode=attractive borient=orbit_average bgamma=off braw_med=0.000e+00 bcorr_med=0.000e+00 bp_med=1.000e+00 status=ok
[2026-05-19 07:20:16] shard 18: 4/4 eps_a=3.158 eps_c=0.158 dt=17111.1s found=Y RSS=213708kB
[2026-05-19 07:20:16] POINT shard=18 idx=4/4 eps_a=3.15789 eps_c=0.157895 dt=17111.05s event=0 spin=0 bin=0 min_fpp=2.516479e-02 phi_min_fpp=0.206 n_valid=46/51 n_invalid_phi=0 phi_feasible=[0,1] n_success=46 max_res=1.830e-02 mean_res=4.547e-04 mode=avgE e_lin=[-2.586e+01,0.000e+00] barrier=nan bethe=none bmode=attractive borient=orbit_average bgamma=off braw_med=0.000e+00 bcorr_med=0.000e+00 bp_med=1.000e+00 status=ok
[2026-05-19 07:20:16] shard 18: saved /pool/hamza/111000_scan_selfconsistent_bethe/shards/shard_0018.npz with 0 points
[2026-05-19 07:19:27] shard 71: 2/4 eps_a=1.053 eps_c=0.737 dt=33457.4s found=Y RSS=24123744kB
[2026-05-19 07:19:27] POINT shard=71 idx=2/4 eps_a=1.05263 eps_c=0.736842 dt=33457.40s event=1 spin=1 bin=1 min_fpp=-5.595356e-02 phi_min_fpp=0.2256 n_valid=41/51 n_invalid_phi=0 phi_feasible=[0,1] n_success=41 max_res=9.800e-02 mean_res=6.258e-03 mode=avgE e_lin=[-1.573e+01,0.000e+00] barrier=4.005e-04 bethe=none bmode=attractive borient=orbit_average bgamma=off braw_med=0.000e+00 bcorr_med=0.000e+00 bp_med=1.000e+00 status=ok
[2026-05-19 07:32:09] shard 41: 3/4 eps_a=1.263 eps_c=0.421 dt=22263.0s found=Y RSS=218200kB
[2026-05-19 07:32:09] POINT shard=41 idx=3/4 eps_a=1.26316 eps_c=0.421053 dt=22262.95s event=0 spin=0 bin=0 min_fpp=4.744435e-01 phi_min_fpp=0.402 n_valid=45/51 n_invalid_phi=0 phi_feasible=[0,1] n_success=45 max_res=9.800e-02 mean_res=5.548e-03 mode=avgE e_lin=[-1.347e+01,0.000e+00] barrier=nan bethe=none bmode=attractive borient=orbit_average bgamma=off braw_med=0.000e+00 bcorr_med=0.000e+00 bp_med=1.000e+00 status=ok
[2026-05-19 07:54:11] shard 40: 3/4 eps_a=0.421 eps_c=0.421 dt=19140.5s found=Y RSS=217480kB
[2026-05-19 07:54:11] POINT shard=40 idx=3/4 eps_a=0.421053 eps_c=0.421053 dt=19140.45s event=0 spin=0 bin=0 min_fpp=1.059240e+00 phi_min_fpp=0.402 n_valid=46/51 n_invalid_phi=0 phi_feasible=[0,1] n_success=46 max_res=9.800e-02 mean_res=5.569e-03 mode=avgE e_lin=[-7.668e+00,0.000e+00] barrier=nan bethe=none bmode=attractive borient=orbit_average bgamma=off braw_med=0.000e+00 bcorr_med=0.000e+00 bp_med=1.000e+00 status=ok
[2026-05-19 07:56:12] shard 43: 3/4 eps_a=2.947 eps_c=0.421 dt=20078.6s found=Y RSS=211228kB
[2026-05-19 07:56:12] POINT shard=43 idx=3/4 eps_a=2.94737 eps_c=0.421053 dt=20078.57s event=1 spin=1 bin=1 min_fpp=-3.894492e-01 phi_min_fpp=0.0688 n_valid=45/51 n_invalid_phi=0 phi_feasible=[0,1] n_success=45 max_res=1.960e-02 mean_res=1.933e-03 mode=avgE e_lin=[-2.720e+01,0.000e+00] barrier=5.722e-03 bethe=none bmode=attractive borient=orbit_average bgamma=off braw_med=0.000e+00 bcorr_med=0.000e+00 bp_med=1.000e+00 status=ok
[2026-05-19 08:13:20] shard 52: 1/4 eps_a=1.684 eps_c=0.526 dt=63082.6s found=Y RSS=24117336kB
[2026-05-19 08:13:20] POINT shard=52 idx=1/4 eps_a=1.68421 eps_c=0.526316 dt=63082.65s event=0 spin=0 bin=0 min_fpp=1.035794e-01 phi_min_fpp=0.3824 n_valid=31/51 n_invalid_phi=0 phi_feasible=[0,1] n_success=31 max_res=1.236e-01 mean_res=1.378e-02 mode=avgE e_lin=[-1.794e+01,0.000e+00] barrier=nan bethe=none bmode=attractive borient=orbit_average bgamma=off braw_med=0.000e+00 bcorr_med=0.000e+00 bp_med=1.000e+00 status=ok
[2026-05-19 08:16:19] shard 8: 4/4 eps_a=3.158 eps_c=0.053 dt=17434.6s found=Y RSS=213096kB
[2026-05-19 08:16:19] POINT shard=8 idx=4/4 eps_a=3.15789 eps_c=0.0526316 dt=17434.62s event=0 spin=0 bin=0 min_fpp=1.778078e-01 phi_min_fpp=0.2648 n_valid=47/51 n_invalid_phi=0 phi_feasible=[0,1] n_success=47 max_res=1.541e-02 mean_res=5.573e-04 mode=avgE e_lin=[-2.459e+01,0.000e+00] barrier=nan bethe=none bmode=attractive borient=orbit_average bgamma=off braw_med=0.000e+00 bcorr_med=0.000e+00 bp_med=1.000e+00 status=ok
[2026-05-19 08:16:19] shard 8: saved /pool/hamza/111000_scan_selfconsistent_bethe/shards/shard_0008.npz with 0 points
[2026-05-19 08:19:08] shard 53: 2/4 eps_a=2.737 eps_c=0.526 dt=5943.2s found=Y RSS=24154036kB
[2026-05-19 08:19:08] POINT shard=53 idx=2/4 eps_a=2.73684 eps_c=0.526316 dt=5943.25s event=1 spin=1 bin=1 min_fpp=-5.128681e-01 phi_min_fpp=0.0688 n_valid=44/51 n_invalid_phi=0 phi_feasible=[0,1] n_success=44 max_res=1.960e-02 mean_res=2.231e-03 mode=avgE e_lin=[-2.665e+01,0.000e+00] barrier=8.451e-03 bethe=none bmode=attractive borient=orbit_average bgamma=off braw_med=0.000e+00 bcorr_med=0.000e+00 bp_med=1.000e+00 status=ok
[2026-05-19 08:27:00] shard 67: 4/4 eps_a=2.316 eps_c=0.684 dt=5059.5s found=Y RSS=24119188kB
[2026-05-19 08:27:00] POINT shard=67 idx=4/4 eps_a=2.31579 eps_c=0.684211 dt=5059.55s event=1 spin=1 bin=1 min_fpp=-6.573870e-01 phi_min_fpp=0.0688 n_valid=45/51 n_invalid_phi=0 phi_feasible=[0,1] n_success=45 max_res=1.960e-02 mean_res=1.622e-03 mode=avgE e_lin=[-2.497e+01,0.000e+00] barrier=1.218e-02 bethe=none bmode=attractive borient=orbit_average bgamma=off braw_med=0.000e+00 bcorr_med=0.000e+00 bp_med=1.000e+00 status=ok
[2026-05-19 08:27:00] shard 67: saved /pool/hamza/111000_scan_selfconsistent_bethe/shards/shard_0067.npz with 3 points
[2026-05-19 08:28:41] shard 60: 3/4 eps_a=0.421 eps_c=0.632 dt=18381.3s found=Y RSS=24124204kB
[2026-05-19 08:28:41] POINT shard=60 idx=3/4 eps_a=0.421053 eps_c=0.631579 dt=18381.29s event=0 spin=0 bin=0 min_fpp=5.244058e-01 phi_min_fpp=0.4216 n_valid=45/51 n_invalid_phi=0 phi_feasible=[0,1] n_success=45 max_res=9.800e-02 mean_res=5.602e-03 mode=avgE e_lin=[-1.019e+01,0.000e+00] barrier=nan bethe=none bmode=attractive borient=orbit_average bgamma=off braw_med=0.000e+00 bcorr_med=0.000e+00 bp_med=1.000e+00 status=ok
[2026-05-19 08:33:05] shard 91: 1/4 eps_a=0.842 eps_c=0.947 dt=64267.9s found=Y RSS=24120112kB
[2026-05-19 08:33:05] POINT shard=91 idx=1/4 eps_a=0.842105 eps_c=0.947368 dt=64267.93s event=1 spin=1 bin=1 min_fpp=-1.493803e-01 phi_min_fpp=0.3628 n_valid=32/51 n_invalid_phi=0 phi_feasible=[0,1] n_success=32 max_res=2.190e-01 mean_res=1.849e-02 mode=avgE e_lin=[-1.678e+01,0.000e+00] barrier=5.484e-04 bethe=none bmode=attractive borient=orbit_average bgamma=off braw_med=0.000e+00 bcorr_med=0.000e+00 bp_med=1.000e+00 status=ok
[2026-05-19 08:47:06] shard 63: 3/4 eps_a=2.947 eps_c=0.632 dt=7273.1s found=Y RSS=24147820kB
[2026-05-19 08:47:06] POINT shard=63 idx=3/4 eps_a=2.94737 eps_c=0.631579 dt=7273.07s event=1 spin=1 bin=1 min_fpp=-5.462616e-01 phi_min_fpp=0.1276 n_valid=43/51 n_invalid_phi=0 phi_feasible=[0,1] n_success=43 max_res=1.960e-02 mean_res=2.088e-03 mode=avgE e_lin=[-2.972e+01,0.000e+00] barrier=8.637e-03 bethe=none bmode=attractive borient=orbit_average bgamma=off braw_med=0.000e+00 bcorr_med=0.000e+00 bp_med=1.000e+00 status=ok
[2026-05-19 08:51:45] shard 70: 3/4 eps_a=0.421 eps_c=0.737 dt=20142.2s found=Y RSS=24121180kB
[2026-05-19 08:51:45] POINT shard=70 idx=3/4 eps_a=0.421053 eps_c=0.736842 dt=20142.22s event=0 spin=0 bin=0 min_fpp=2.877875e-01 phi_min_fpp=0.402 n_valid=46/51 n_invalid_phi=0 phi_feasible=[0,1] n_success=46 max_res=9.800e-02 mean_res=5.533e-03 mode=avgE e_lin=[-1.146e+01,0.000e+00] barrier=nan bethe=none bmode=attractive borient=orbit_average bgamma=off braw_med=0.000e+00 bcorr_med=0.000e+00 bp_med=1.000e+00 status=ok
[2026-05-19 08:56:13] shard 80: 3/4 eps_a=0.421 eps_c=0.842 dt=21568.0s found=Y RSS=24118696kB
[2026-05-19 08:56:13] POINT shard=80 idx=3/4 eps_a=0.421053 eps_c=0.842105 dt=21568.03s event=0 spin=0 bin=0 min_fpp=7.108664e-02 phi_min_fpp=0.3432 n_valid=45/51 n_invalid_phi=0 phi_feasible=[0,1] n_success=45 max_res=9.800e-02 mean_res=5.527e-03 mode=avgE e_lin=[-1.272e+01,0.000e+00] barrier=nan bethe=none bmode=attractive borient=orbit_average bgamma=off braw_med=0.000e+00 bcorr_med=0.000e+00 bp_med=1.000e+00 status=ok
[2026-05-19 09:01:51] shard 6: 3/4 eps_a=1.263 eps_c=0.053 dt=19032.6s found=Y RSS=213672kB
[2026-05-19 09:01:51] POINT shard=6 idx=3/4 eps_a=1.26316 eps_c=0.0526316 dt=19032.60s event=0 spin=0 bin=0 min_fpp=1.337387e+00 phi_min_fpp=0.3824 n_valid=46/51 n_invalid_phi=0 phi_feasible=[0,1] n_success=46 max_res=9.800e-02 mean_res=5.563e-03 mode=avgE e_lin=[-9.048e+00,0.000e+00] barrier=nan bethe=none bmode=attractive borient=orbit_average bgamma=off braw_med=0.000e+00 bcorr_med=0.000e+00 bp_med=1.000e+00 status=ok
[2026-05-19 09:04:38] shard 75: 3/4 eps_a=0.421 eps_c=0.789 dt=20325.3s found=Y RSS=24122852kB
[2026-05-19 09:04:38] POINT shard=75 idx=3/4 eps_a=0.421053 eps_c=0.789474 dt=20325.27s event=0 spin=0 bin=0 min_fpp=1.776271e-01 phi_min_fpp=0.3824 n_valid=46/51 n_invalid_phi=0 phi_feasible=[0,1] n_success=46 max_res=9.800e-02 mean_res=5.527e-03 mode=avgE e_lin=[-1.209e+01,0.000e+00] barrier=nan bethe=none bmode=attractive borient=orbit_average bgamma=off braw_med=0.000e+00 bcorr_med=0.000e+00 bp_med=1.000e+00 status=ok
[2026-05-19 09:05:38] shard 86: 1/4 eps_a=0.842 eps_c=0.895 dt=66220.9s found=Y RSS=24124252kB
[2026-05-19 09:05:38] POINT shard=86 idx=1/4 eps_a=0.842105 eps_c=0.894737 dt=66220.88s event=1 spin=1 bin=1 min_fpp=-1.474993e-01 phi_min_fpp=0.3236 n_valid=34/51 n_invalid_phi=0 phi_feasible=[0,1] n_success=34 max_res=1.677e-01 mean_res=1.579e-02 mode=avgE e_lin=[-1.615e+01,0.000e+00] barrier=6.107e-04 bethe=none bmode=attractive borient=orbit_average bgamma=off braw_med=0.000e+00 bcorr_med=0.000e+00 bp_med=1.000e+00 status=ok
[2026-05-19 09:07:45] shard 90: 3/4 eps_a=0.421 eps_c=0.947 dt=22052.8s found=Y RSS=24123824kB
[2026-05-19 09:07:45] POINT shard=90 idx=3/4 eps_a=0.421053 eps_c=0.947368 dt=22052.85s event=1 spin=1 bin=1 min_fpp=-1.477038e-01 phi_min_fpp=0.2452 n_valid=45/51 n_invalid_phi=0 phi_feasible=[0,1] n_success=45 max_res=9.800e-02 mean_res=5.507e-03 mode=avgE e_lin=[-1.398e+01,0.000e+00] barrier=2.610e-03 bethe=none bmode=attractive borient=orbit_average bgamma=off braw_med=0.000e+00 bcorr_med=0.000e+00 bp_med=1.000e+00 status=ok
[2026-05-19 09:20:52] shard 0: 3/4 eps_a=0.421 eps_c=0.000 dt=19324.1s found=Y RSS=213168kB
[2026-05-19 09:20:52] POINT shard=0 idx=3/4 eps_a=0.421053 eps_c=0 dt=19324.14s event=0 spin=0 bin=0 min_fpp=2.143106e+00 phi_min_fpp=0.3432 n_valid=46/51 n_invalid_phi=0 phi_feasible=[0,1] n_success=46 max_res=9.800e-02 mean_res=5.608e-03 mode=avgE e_lin=[-2.616e+00,0.000e+00] barrier=nan bethe=none bmode=attractive borient=orbit_average bgamma=off braw_med=0.000e+00 bcorr_med=0.000e+00 bp_med=1.000e+00 status=ok
[2026-05-19 09:56:33] shard 46: 3/4 eps_a=1.263 eps_c=0.474 dt=19731.0s found=Y RSS=212036kB
[2026-05-19 09:56:33] POINT shard=46 idx=3/4 eps_a=1.26316 eps_c=0.473684 dt=19730.95s event=0 spin=0 bin=0 min_fpp=3.637529e-01 phi_min_fpp=0.3824 n_valid=46/51 n_invalid_phi=0 phi_feasible=[0,1] n_success=46 max_res=9.800e-02 mean_res=5.518e-03 mode=avgE e_lin=[-1.410e+01,0.000e+00] barrier=nan bethe=none bmode=attractive borient=orbit_average bgamma=off braw_med=0.000e+00 bcorr_med=0.000e+00 bp_med=1.000e+00 status=ok
[2026-05-19 09:58:05] shard 23: 4/4 eps_a=3.158 eps_c=0.211 dt=16832.2s found=Y RSS=214924kB
[2026-05-19 09:58:05] POINT shard=23 idx=4/4 eps_a=3.15789 eps_c=0.210526 dt=16832.20s event=1 spin=1 bin=1 min_fpp=-6.464348e-02 phi_min_fpp=0.1276 n_valid=46/51 n_invalid_phi=0 phi_feasible=[0,1] n_success=46 max_res=1.960e-02 mean_res=7.792e-04 mode=avgE e_lin=[-2.649e+01,0.000e+00] barrier=6.161e-04 bethe=none bmode=attractive borient=orbit_average bgamma=off braw_med=0.000e+00 bcorr_med=0.000e+00 bp_med=1.000e+00 status=ok
[2026-05-19 09:58:05] shard 23: saved /pool/hamza/111000_scan_selfconsistent_bethe/shards/shard_0023.npz with 1 points
[2026-05-19 09:59:54] shard 56: 3/4 eps_a=1.263 eps_c=0.579 dt=26286.3s found=Y RSS=24120620kB
[2026-05-19 09:59:54] POINT shard=56 idx=3/4 eps_a=1.26316 eps_c=0.578947 dt=26286.29s event=0 spin=0 bin=0 min_fpp=1.537090e-01 phi_min_fpp=0.3432 n_valid=43/51 n_invalid_phi=0 phi_feasible=[0,1] n_success=43 max_res=9.800e-02 mean_res=5.770e-03 mode=avgE e_lin=[-1.536e+01,0.000e+00] barrier=nan bethe=none bmode=attractive borient=orbit_average bgamma=off braw_med=0.000e+00 bcorr_med=0.000e+00 bp_med=1.000e+00 status=ok
[2026-05-19 10:00:50] shard 58: 2/4 eps_a=2.737 eps_c=0.579 dt=26201.1s found=Y RSS=24123052kB
[2026-05-19 10:00:50] POINT shard=58 idx=2/4 eps_a=2.73684 eps_c=0.578947 dt=26201.12s event=1 spin=1 bin=1 min_fpp=-6.031632e-01 phi_min_fpp=0.0688 n_valid=44/51 n_invalid_phi=0 phi_feasible=[0,1] n_success=44 max_res=1.960e-02 mean_res=1.978e-03 mode=avgE e_lin=[-2.728e+01,0.000e+00] barrier=1.055e-02 bethe=none bmode=attractive borient=orbit_average bgamma=off braw_med=0.000e+00 bcorr_med=0.000e+00 bp_med=1.000e+00 status=ok
[2026-05-19 10:16:44] shard 16: 4/4 eps_a=1.474 eps_c=0.158 dt=14143.3s found=Y RSS=212020kB
[2026-05-19 10:16:44] POINT shard=16 idx=4/4 eps_a=1.47368 eps_c=0.157895 dt=14143.31s event=0 spin=0 bin=0 min_fpp=9.252525e-01 phi_min_fpp=0.3824 n_valid=46/51 n_invalid_phi=0 phi_feasible=[0,1] n_success=46 max_res=9.800e-02 mean_res=5.539e-03 mode=avgE e_lin=[-1.189e+01,0.000e+00] barrier=nan bethe=none bmode=attractive borient=orbit_average bgamma=off braw_med=0.000e+00 bcorr_med=0.000e+00 bp_med=1.000e+00 status=ok
[2026-05-19 10:16:45] shard 16: saved /pool/hamza/111000_scan_selfconsistent_bethe/shards/shard_0016.npz with 0 points
[2026-05-19 10:28:15] shard 10: 4/4 eps_a=0.632 eps_c=0.105 dt=15067.7s found=Y RSS=212864kB
[2026-05-19 10:28:15] POINT shard=10 idx=4/4 eps_a=0.631579 eps_c=0.105263 dt=15067.65s event=0 spin=0 bin=0 min_fpp=1.717391e+00 phi_min_fpp=0.3628 n_valid=46/51 n_invalid_phi=0 phi_feasible=[0,1] n_success=46 max_res=9.800e-02 mean_res=5.591e-03 mode=avgE e_lin=[-5.255e+00,0.000e+00] barrier=nan bethe=none bmode=attractive borient=orbit_average bgamma=off braw_med=0.000e+00 bcorr_med=0.000e+00 bp_med=1.000e+00 status=ok
[2026-05-19 10:28:15] shard 10: saved /pool/hamza/111000_scan_selfconsistent_bethe/shards/shard_0010.npz with 0 points
[2026-05-19 10:31:35] shard 53: 3/4 eps_a=2.947 eps_c=0.526 dt=7947.5s found=Y RSS=24157608kB
[2026-05-19 10:31:35] POINT shard=53 idx=3/4 eps_a=2.94737 eps_c=0.526316 dt=7947.47s event=1 spin=1 bin=1 min_fpp=-4.905522e-01 phi_min_fpp=0.108 n_valid=42/51 n_invalid_phi=0 phi_feasible=[0,1] n_success=42 max_res=1.960e-02 mean_res=1.645e-03 mode=avgE e_lin=[-2.846e+01,0.000e+00] barrier=7.112e-03 bethe=none bmode=attractive borient=orbit_average bgamma=off braw_med=0.000e+00 bcorr_med=0.000e+00 bp_med=1.000e+00 status=ok
[2026-05-19 10:43:44] shard 22: 4/4 eps_a=2.316 eps_c=0.211 dt=13098.0s found=Y RSS=213364kB
[2026-05-19 10:43:44] POINT shard=22 idx=4/4 eps_a=2.31579 eps_c=0.210526 dt=13097.97s event=0 spin=0 bin=0 min_fpp=3.065371e-01 phi_min_fpp=0.3432 n_valid=48/51 n_invalid_phi=0 phi_feasible=[0,1] n_success=48 max_res=1.619e-02 mean_res=3.205e-04 mode=avgE e_lin=[-1.928e+01,0.000e+00] barrier=nan bethe=none bmode=attractive borient=orbit_average bgamma=off braw_med=0.000e+00 bcorr_med=0.000e+00 bp_med=1.000e+00 status=ok
[2026-05-19 10:43:44] shard 22: saved /pool/hamza/111000_scan_selfconsistent_bethe/shards/shard_0022.npz with 0 points
[2026-05-19 10:45:44] shard 50: 3/4 eps_a=0.421 eps_c=0.526 dt=20345.0s found=Y RSS=24123264kB
[2026-05-19 10:45:44] POINT shard=50 idx=3/4 eps_a=0.421053 eps_c=0.526316 dt=20345.03s event=0 spin=0 bin=0 min_fpp=7.853247e-01 phi_min_fpp=0.4216 n_valid=46/51 n_invalid_phi=0 phi_feasible=[0,1] n_success=46 max_res=9.800e-02 mean_res=5.558e-03 mode=avgE e_lin=[-8.931e+00,0.000e+00] barrier=nan bethe=none bmode=attractive borient=orbit_average bgamma=off braw_med=0.000e+00 bcorr_med=0.000e+00 bp_med=1.000e+00 status=ok
[2026-05-19 10:47:21] shard 63: 4/4 eps_a=3.158 eps_c=0.632 dt=7215.6s found=Y RSS=24155536kB
[2026-05-19 10:47:21] POINT shard=63 idx=4/4 eps_a=3.15789 eps_c=0.631579 dt=7215.65s event=1 spin=1 bin=1 min_fpp=-5.869119e-01 phi_min_fpp=0.1276 n_valid=42/51 n_invalid_phi=0 phi_feasible=[0,1] n_success=42 max_res=1.960e-02 mean_res=2.087e-03 mode=avgE e_lin=[-3.154e+01,0.000e+00] barrier=9.185e-03 bethe=none bmode=attractive borient=orbit_average bgamma=off braw_med=0.000e+00 bcorr_med=0.000e+00 bp_med=1.000e+00 status=ok
[2026-05-19 10:47:21] shard 63: saved /pool/hamza/111000_scan_selfconsistent_bethe/shards/shard_0063.npz with 3 points
[2026-05-19 10:50:20] shard 85: 3/4 eps_a=0.421 eps_c=0.895 dt=23432.1s found=Y RSS=24121544kB
[2026-05-19 10:50:20] POINT shard=85 idx=3/4 eps_a=0.421053 eps_c=0.894737 dt=23432.08s event=1 spin=1 bin=1 min_fpp=-3.413546e-02 phi_min_fpp=0.3236 n_valid=45/51 n_invalid_phi=0 phi_feasible=[0,1] n_success=45 max_res=9.800e-02 mean_res=5.897e-03 mode=avgE e_lin=[-1.335e+01,0.000e+00] barrier=3.338e-04 bethe=none bmode=attractive borient=orbit_average bgamma=off braw_med=0.000e+00 bcorr_med=0.000e+00 bp_med=1.000e+00 status=ok
[2026-05-19 10:53:07] shard 33: 4/4 eps_a=3.158 eps_c=0.316 dt=21601.3s found=Y RSS=218928kB
[2026-05-19 10:53:07] POINT shard=33 idx=4/4 eps_a=3.15789 eps_c=0.315789 dt=21601.26s event=1 spin=1 bin=1 min_fpp=-2.738276e-01 phi_min_fpp=0.0688 n_valid=44/51 n_invalid_phi=0 phi_feasible=[0,1] n_success=44 max_res=1.960e-02 mean_res=1.585e-03 mode=avgE e_lin=[-2.775e+01,0.000e+00] barrier=3.405e-03 bethe=none bmode=attractive borient=orbit_average bgamma=off braw_med=0.000e+00 bcorr_med=0.000e+00 bp_med=1.000e+00 status=ok
[2026-05-19 10:53:07] shard 33: saved /pool/hamza/111000_scan_selfconsistent_bethe/shards/shard_0033.npz with 3 points
[2026-05-19 11:05:41] shard 28: 4/4 eps_a=3.158 eps_c=0.263 dt=21964.8s found=Y RSS=215208kB
[2026-05-19 11:05:41] POINT shard=28 idx=4/4 eps_a=3.15789 eps_c=0.263158 dt=21964.82s event=1 spin=1 bin=1 min_fpp=-1.693757e-01 phi_min_fpp=0.0884 n_valid=44/51 n_invalid_phi=0 phi_feasible=[0,1] n_success=44 max_res=1.960e-02 mean_res=1.956e-03 mode=avgE e_lin=[-2.712e+01,0.000e+00] barrier=1.577e-03 bethe=none bmode=attractive borient=orbit_average bgamma=off braw_med=0.000e+00 bcorr_med=0.000e+00 bp_med=1.000e+00 status=ok
[2026-05-19 11:05:41] shard 28: saved /pool/hamza/111000_scan_selfconsistent_bethe/shards/shard_0028.npz with 2 points
[2026-05-19 11:09:10] shard 45: 4/4 eps_a=0.632 eps_c=0.474 dt=18440.9s found=Y RSS=212828kB
[2026-05-19 11:09:10] POINT shard=45 idx=4/4 eps_a=0.631579 eps_c=0.473684 dt=18440.85s event=0 spin=0 bin=0 min_fpp=7.712822e-01 phi_min_fpp=0.4216 n_valid=46/51 n_invalid_phi=0 phi_feasible=[0,1] n_success=46 max_res=9.800e-02 mean_res=5.554e-03 mode=avgE e_lin=[-9.676e+00,0.000e+00] barrier=nan bethe=none bmode=attractive borient=orbit_average bgamma=off braw_med=0.000e+00 bcorr_med=0.000e+00 bp_med=1.000e+00 status=ok
[2026-05-19 11:09:10] shard 45: saved /pool/hamza/111000_scan_selfconsistent_bethe/shards/shard_0045.npz with 0 points
[2026-05-19 11:10:05] shard 38: 4/4 eps_a=3.158 eps_c=0.368 dt=18860.3s found=Y RSS=212632kB
[2026-05-19 11:10:05] POINT shard=38 idx=4/4 eps_a=3.15789 eps_c=0.368421 dt=18860.28s event=1 spin=1 bin=1 min_fpp=-3.708799e-01 phi_min_fpp=0.0688 n_valid=45/51 n_invalid_phi=0 phi_feasible=[0,1] n_success=45 max_res=1.960e-02 mean_res=1.587e-03 mode=avgE e_lin=[-2.838e+01,0.000e+00] barrier=5.140e-03 bethe=none bmode=attractive borient=orbit_average bgamma=off braw_med=0.000e+00 bcorr_med=0.000e+00 bp_med=1.000e+00 status=ok
[2026-05-19 11:10:05] shard 38: saved /pool/hamza/111000_scan_selfconsistent_bethe/shards/shard_0038.npz with 4 points
[2026-05-19 11:12:48] shard 31: 4/4 eps_a=1.474 eps_c=0.316 dt=21468.0s found=Y RSS=214772kB
[2026-05-19 11:12:48] POINT shard=31 idx=4/4 eps_a=1.47368 eps_c=0.315789 dt=21468.05s event=0 spin=0 bin=0 min_fpp=5.705200e-01 phi_min_fpp=0.402 n_valid=45/51 n_invalid_phi=0 phi_feasible=[0,1] n_success=45 max_res=9.800e-02 mean_res=5.542e-03 mode=avgE e_lin=[-1.378e+01,0.000e+00] barrier=nan bethe=none bmode=attractive borient=orbit_average bgamma=off braw_med=0.000e+00 bcorr_med=0.000e+00 bp_med=1.000e+00 status=ok
[2026-05-19 11:12:48] shard 31: saved /pool/hamza/111000_scan_selfconsistent_bethe/shards/shard_0031.npz with 0 points
[2026-05-19 11:17:40] shard 42: 2/4 eps_a=1.895 eps_c=0.421 dt=53150.4s found=Y RSS=215780kB
[2026-05-19 11:17:40] POINT shard=42 idx=2/4 eps_a=1.89474 eps_c=0.421053 dt=53150.43s event=0 spin=0 bin=0 min_fpp=1.556325e-01 phi_min_fpp=0.3432 n_valid=33/51 n_invalid_phi=0 phi_feasible=[0,1] n_success=33 max_res=1.181e-01 mean_res=1.499e-02 mode=avgE e_lin=[-1.835e+01,0.000e+00] barrier=nan bethe=none bmode=attractive borient=orbit_average bgamma=off braw_med=0.000e+00 bcorr_med=0.000e+00 bp_med=1.000e+00 status=ok
[2026-05-19 11:18:55] shard 27: 3/4 eps_a=2.105 eps_c=0.263 dt=23479.9s found=Y RSS=215328kB
[2026-05-19 11:18:55] POINT shard=27 idx=3/4 eps_a=2.10526 eps_c=0.263158 dt=23479.92s event=0 spin=0 bin=0 min_fpp=3.161400e-01 phi_min_fpp=0.3432 n_valid=44/51 n_invalid_phi=0 phi_feasible=[0,1] n_success=44 max_res=9.800e-02 mean_res=6.037e-03 mode=avgE e_lin=[-1.817e+01,0.000e+00] barrier=nan bethe=none bmode=attractive borient=orbit_average bgamma=off braw_med=0.000e+00 bcorr_med=0.000e+00 bp_med=1.000e+00 status=ok
[2026-05-19 11:19:14] shard 36: 4/4 eps_a=1.474 eps_c=0.368 dt=18066.0s found=Y RSS=220200kB
[2026-05-19 11:19:14] POINT shard=36 idx=4/4 eps_a=1.47368 eps_c=0.368421 dt=18065.98s event=0 spin=0 bin=0 min_fpp=4.580143e-01 phi_min_fpp=0.3824 n_valid=45/51 n_invalid_phi=0 phi_feasible=[0,1] n_success=45 max_res=9.800e-02 mean_res=5.519e-03 mode=avgE e_lin=[-1.441e+01,0.000e+00] barrier=nan bethe=none bmode=attractive borient=orbit_average bgamma=off braw_med=0.000e+00 bcorr_med=0.000e+00 bp_med=1.000e+00 status=ok
[2026-05-19 11:19:14] shard 36: saved /pool/hamza/111000_scan_selfconsistent_bethe/shards/shard_0036.npz with 0 points
[2026-05-19 11:19:19] shard 30: 3/4 eps_a=0.421 eps_c=0.316 dt=18014.3s found=Y RSS=218008kB
[2026-05-19 11:19:19] POINT shard=30 idx=3/4 eps_a=0.421053 eps_c=0.315789 dt=18014.34s event=0 spin=0 bin=0 min_fpp=1.336020e+00 phi_min_fpp=0.402 n_valid=46/51 n_invalid_phi=0 phi_feasible=[0,1] n_success=46 max_res=9.800e-02 mean_res=5.579e-03 mode=avgE e_lin=[-6.405e+00,0.000e+00] barrier=nan bethe=none bmode=attractive borient=orbit_average bgamma=off braw_med=0.000e+00 bcorr_med=0.000e+00 bp_med=1.000e+00 status=ok
[2026-05-19 11:24:31] shard 20: 4/4 eps_a=0.632 eps_c=0.211 dt=18191.9s found=Y RSS=215256kB
[2026-05-19 11:24:31] POINT shard=20 idx=4/4 eps_a=0.631579 eps_c=0.210526 dt=18191.92s event=0 spin=0 bin=0 min_fpp=1.448713e+00 phi_min_fpp=0.3824 n_valid=46/51 n_invalid_phi=0 phi_feasible=[0,1] n_success=46 max_res=9.800e-02 mean_res=5.581e-03 mode=avgE e_lin=[-6.518e+00,0.000e+00] barrier=nan bethe=none bmode=attractive borient=orbit_average bgamma=off braw_med=0.000e+00 bcorr_med=0.000e+00 bp_med=1.000e+00 status=ok
[2026-05-19 11:24:31] shard 20: saved /pool/hamza/111000_scan_selfconsistent_bethe/shards/shard_0020.npz with 0 points
[2026-05-19 11:25:24] shard 21: 4/4 eps_a=1.474 eps_c=0.211 dt=18243.3s found=Y RSS=212032kB
[2026-05-19 11:25:24] POINT shard=21 idx=4/4 eps_a=1.47368 eps_c=0.210526 dt=18243.30s event=0 spin=0 bin=0 min_fpp=8.041667e-01 phi_min_fpp=0.402 n_valid=46/51 n_invalid_phi=0 phi_feasible=[0,1] n_success=46 max_res=9.800e-02 mean_res=5.533e-03 mode=avgE e_lin=[-1.252e+01,0.000e+00] barrier=nan bethe=none bmode=attractive borient=orbit_average bgamma=off braw_med=0.000e+00 bcorr_med=0.000e+00 bp_med=1.000e+00 status=ok
[2026-05-19 11:25:24] shard 21: saved /pool/hamza/111000_scan_selfconsistent_bethe/shards/shard_0021.npz with 0 points
[2026-05-19 11:31:52] shard 95: 3/4 eps_a=0.421 eps_c=1.000 dt=28895.4s found=Y RSS=24120340kB
[2026-05-19 11:31:52] POINT shard=95 idx=3/4 eps_a=0.421053 eps_c=1 dt=28895.36s event=1 spin=1 bin=1 min_fpp=-2.841334e-01 phi_min_fpp=0.1276 n_valid=42/51 n_invalid_phi=0 phi_feasible=[0,1] n_success=42 max_res=9.800e-02 mean_res=5.927e-03 mode=avgE e_lin=[-1.462e+01,0.000e+00] barrier=5.082e-03 bethe=none bmode=attractive borient=orbit_average bgamma=off braw_med=0.000e+00 bcorr_med=0.000e+00 bp_med=1.000e+00 status=ok
[2026-05-19 11:39:16] shard 35: 4/4 eps_a=0.632 eps_c=0.368 dt=18316.2s found=Y RSS=209804kB
[2026-05-19 11:39:16] POINT shard=35 idx=4/4 eps_a=0.631579 eps_c=0.368421 dt=18316.20s event=0 spin=0 bin=0 min_fpp=1.040443e+00 phi_min_fpp=0.402 n_valid=46/51 n_invalid_phi=0 phi_feasible=[0,1] n_success=46 max_res=9.800e-02 mean_res=5.565e-03 mode=avgE e_lin=[-8.413e+00,0.000e+00] barrier=nan bethe=none bmode=attractive borient=orbit_average bgamma=off braw_med=0.000e+00 bcorr_med=0.000e+00 bp_med=1.000e+00 status=ok
[2026-05-19 11:39:16] shard 35: saved /pool/hamza/111000_scan_selfconsistent_bethe/shards/shard_0035.npz with 0 points
[2026-05-19 11:40:55] shard 25: 4/4 eps_a=0.632 eps_c=0.263 dt=17978.3s found=Y RSS=212432kB
[2026-05-19 11:40:55] POINT shard=25 idx=4/4 eps_a=0.631579 eps_c=0.263158 dt=17978.32s event=0 spin=0 bin=0 min_fpp=1.313768e+00 phi_min_fpp=0.402 n_valid=46/51 n_invalid_phi=0 phi_feasible=[0,1] n_success=46 max_res=9.800e-02 mean_res=5.576e-03 mode=avgE e_lin=[-7.150e+00,0.000e+00] barrier=nan bethe=none bmode=attractive borient=orbit_average bgamma=off braw_med=0.000e+00 bcorr_med=0.000e+00 bp_med=1.000e+00 status=ok
[2026-05-19 11:40:55] shard 25: saved /pool/hamza/111000_scan_selfconsistent_bethe/shards/shard_0025.npz with 0 points
[2026-05-19 11:43:07] shard 26: 4/4 eps_a=1.474 eps_c=0.263 dt=21028.7s found=Y RSS=212372kB
[2026-05-19 11:43:07] POINT shard=26 idx=4/4 eps_a=1.47368 eps_c=0.263158 dt=21028.67s event=0 spin=0 bin=0 min_fpp=6.855501e-01 phi_min_fpp=0.402 n_valid=45/51 n_invalid_phi=0 phi_feasible=[0,1] n_success=45 max_res=9.800e-02 mean_res=5.557e-03 mode=avgE e_lin=[-1.315e+01,0.000e+00] barrier=nan bethe=none bmode=attractive borient=orbit_average bgamma=off braw_med=0.000e+00 bcorr_med=0.000e+00 bp_med=1.000e+00 status=ok
[2026-05-19 11:43:07] shard 26: saved /pool/hamza/111000_scan_selfconsistent_bethe/shards/shard_0026.npz with 0 points
[2026-05-19 11:47:46] shard 48: 3/4 eps_a=2.947 eps_c=0.474 dt=20960.8s found=Y RSS=216588kB
[2026-05-19 11:47:46] POINT shard=48 idx=3/4 eps_a=2.94737 eps_c=0.473684 dt=20960.78s event=1 spin=1 bin=1 min_fpp=-4.848380e-01 phi_min_fpp=0.0688 n_valid=44/51 n_invalid_phi=0 phi_feasible=[0,1] n_success=44 max_res=1.960e-02 mean_res=1.922e-03 mode=avgE e_lin=[-2.783e+01,0.000e+00] barrier=7.716e-03 bethe=none bmode=attractive borient=orbit_average bgamma=off braw_med=0.000e+00 bcorr_med=0.000e+00 bp_med=1.000e+00 status=ok
[2026-05-19 12:15:40] shard 41: 4/4 eps_a=1.474 eps_c=0.421 dt=17008.6s found=Y RSS=216596kB
[2026-05-19 12:15:40] POINT shard=41 idx=4/4 eps_a=1.47368 eps_c=0.421053 dt=17008.56s event=0 spin=0 bin=0 min_fpp=3.510179e-01 phi_min_fpp=0.3824 n_valid=45/51 n_invalid_phi=0 phi_feasible=[0,1] n_success=45 max_res=9.800e-02 mean_res=5.511e-03 mode=avgE e_lin=[-1.505e+01,0.000e+00] barrier=nan bethe=none bmode=attractive borient=orbit_average bgamma=off braw_med=0.000e+00 bcorr_med=0.000e+00 bp_med=1.000e+00 status=ok
[2026-05-19 12:15:40] shard 41: saved /pool/hamza/111000_scan_selfconsistent_bethe/shards/shard_0041.npz with 0 points
[2026-05-19 12:19:44] shard 2: 4/4 eps_a=2.316 eps_c=0.000 dt=21897.3s found=Y RSS=213240kB
[2026-05-19 12:19:44] POINT shard=2 idx=4/4 eps_a=2.31579 eps_c=0 dt=21897.30s event=0 spin=0 bin=0 min_fpp=6.824181e-01 phi_min_fpp=0.3628 n_valid=44/51 n_invalid_phi=0 phi_feasible=[0,1] n_success=44 max_res=9.800e-02 mean_res=5.878e-03 mode=avgE e_lin=[-1.676e+01,0.000e+00] barrier=nan bethe=none bmode=attractive borient=orbit_average bgamma=off braw_med=0.000e+00 bcorr_med=0.000e+00 bp_med=1.000e+00 status=ok
[2026-05-19 12:19:44] shard 2: saved /pool/hamza/111000_scan_selfconsistent_bethe/shards/shard_0002.npz with 0 points
[2026-05-19 12:22:54] shard 40: 4/4 eps_a=0.632 eps_c=0.421 dt=16121.9s found=Y RSS=220068kB
[2026-05-19 12:22:54] POINT shard=40 idx=4/4 eps_a=0.631579 eps_c=0.421053 dt=16121.94s event=0 spin=0 bin=0 min_fpp=9.051900e-01 phi_min_fpp=0.4216 n_valid=46/51 n_invalid_phi=0 phi_feasible=[0,1] n_success=46 max_res=9.800e-02 mean_res=5.560e-03 mode=avgE e_lin=[-9.045e+00,0.000e+00] barrier=nan bethe=none bmode=attractive borient=orbit_average bgamma=off braw_med=0.000e+00 bcorr_med=0.000e+00 bp_med=1.000e+00 status=ok
[2026-05-19 12:22:54] shard 40: saved /pool/hamza/111000_scan_selfconsistent_bethe/shards/shard_0040.npz with 0 points
[2026-05-19 12:38:19] shard 57: 3/4 eps_a=2.105 eps_c=0.579 dt=37320.4s found=Y RSS=24121776kB
[2026-05-19 12:38:19] POINT shard=57 idx=3/4 eps_a=2.10526 eps_c=0.578947 dt=37320.44s event=0 spin=0 bin=0 min_fpp=nan phi_min_fpp=nan n_valid=1/51 n_invalid_phi=0 phi_feasible=[0,1] n_success=1 max_res=4.057e-01 mean_res=8.863e-02 mode=avgE e_lin=[-2.196e+01,0.000e+00] barrier=nan bethe=none bmode=attractive borient=orbit_average bgamma=off braw_med=0.000e+00 bcorr_med=0.000e+00 bp_med=1.000e+00 status=too_few_valid_phi
[2026-05-19 12:55:03] shard 12: 4/4 eps_a=2.316 eps_c=0.105 dt=20545.6s found=Y RSS=217300kB
[2026-05-19 12:55:03] POINT shard=12 idx=4/4 eps_a=2.31579 eps_c=0.105263 dt=20545.55s event=0 spin=0 bin=0 min_fpp=4.877844e-01 phi_min_fpp=0.3628 n_valid=44/51 n_invalid_phi=0 phi_feasible=[0,1] n_success=44 max_res=9.800e-02 mean_res=6.252e-03 mode=avgE e_lin=[-1.802e+01,0.000e+00] barrier=nan bethe=none bmode=attractive borient=orbit_average bgamma=off braw_med=0.000e+00 bcorr_med=0.000e+00 bp_med=1.000e+00 status=ok
[2026-05-19 12:55:03] shard 12: saved /pool/hamza/111000_scan_selfconsistent_bethe/shards/shard_0012.npz with 0 points
[2026-05-19 13:00:29] shard 6: 4/4 eps_a=1.474 eps_c=0.053 dt=14315.8s found=Y RSS=217184kB
[2026-05-19 13:00:29] POINT shard=6 idx=4/4 eps_a=1.47368 eps_c=0.0526316 dt=14315.76s event=0 spin=0 bin=0 min_fpp=1.169258e+00 phi_min_fpp=0.3824 n_valid=46/51 n_invalid_phi=0 phi_feasible=[0,1] n_success=46 max_res=9.800e-02 mean_res=5.549e-03 mode=avgE e_lin=[-1.062e+01,0.000e+00] barrier=nan bethe=none bmode=attractive borient=orbit_average bgamma=off braw_med=0.000e+00 bcorr_med=0.000e+00 bp_med=1.000e+00 status=ok
[2026-05-19 13:00:29] shard 6: saved /pool/hamza/111000_scan_selfconsistent_bethe/shards/shard_0006.npz with 0 points
[2026-05-19 13:06:44] shard 0: 4/4 eps_a=0.632 eps_c=0.000 dt=13550.6s found=Y RSS=217476kB
[2026-05-19 13:06:44] POINT shard=0 idx=4/4 eps_a=0.631579 eps_c=0 dt=13550.58s event=0 spin=0 bin=0 min_fpp=1.980083e+00 phi_min_fpp=0.3628 n_valid=46/51 n_invalid_phi=0 phi_feasible=[0,1] n_success=46 max_res=9.800e-02 mean_res=5.601e-03 mode=avgE e_lin=[-3.992e+00,0.000e+00] barrier=nan bethe=none bmode=attractive borient=orbit_average bgamma=off braw_med=0.000e+00 bcorr_med=0.000e+00 bp_med=1.000e+00 status=ok
[2026-05-19 13:06:44] shard 0: saved /pool/hamza/111000_scan_selfconsistent_bethe/shards/shard_0000.npz with 0 points
[2026-05-19 13:11:54] shard 43: 4/4 eps_a=3.158 eps_c=0.421 dt=18940.7s found=Y RSS=214304kB
[2026-05-19 13:11:54] POINT shard=43 idx=4/4 eps_a=3.15789 eps_c=0.421053 dt=18940.74s event=1 spin=1 bin=1 min_fpp=-4.199389e-01 phi_min_fpp=0.0884 n_valid=44/51 n_invalid_phi=0 phi_feasible=[0,1] n_success=44 max_res=1.960e-02 mean_res=1.986e-03 mode=avgE e_lin=[-2.902e+01,0.000e+00] barrier=5.919e-03 bethe=none bmode=attractive borient=orbit_average bgamma=off braw_med=0.000e+00 bcorr_med=0.000e+00 bp_med=1.000e+00 status=ok
[2026-05-19 13:11:54] shard 43: saved /pool/hamza/111000_scan_selfconsistent_bethe/shards/shard_0043.npz with 4 points
[2026-05-19 13:15:26] shard 27: 4/4 eps_a=2.316 eps_c=0.263 dt=6990.1s found=Y RSS=22503120kB
[2026-05-19 13:15:26] POINT shard=27 idx=4/4 eps_a=2.31579 eps_c=0.263158 dt=6990.13s event=0 spin=0 bin=0 min_fpp=2.174348e-01 phi_min_fpp=0.3236 n_valid=48/51 n_invalid_phi=0 phi_feasible=[0,1] n_success=48 max_res=1.611e-02 mean_res=5.599e-04 mode=avgE e_lin=[-1.992e+01,0.000e+00] barrier=nan bethe=none bmode=attractive borient=orbit_average bgamma=off braw_med=0.000e+00 bcorr_med=0.000e+00 bp_med=1.000e+00 status=ok
[2026-05-19 13:15:26] shard 27: saved /pool/hamza/111000_scan_selfconsistent_bethe/shards/shard_0027.npz with 0 points
[2026-05-19 13:26:03] shard 42: 3/4 eps_a=2.105 eps_c=0.421 dt=7702.7s found=Y RSS=22535540kB
[2026-05-19 13:26:03] POINT shard=42 idx=3/4 eps_a=2.10526 eps_c=0.421053 dt=7702.69s event=0 spin=0 bin=0 min_fpp=4.765077e-02 phi_min_fpp=0.2844 n_valid=48/51 n_invalid_phi=0 phi_feasible=[0,1] n_success=48 max_res=1.960e-02 mean_res=7.350e-04 mode=avgE e_lin=[-2.006e+01,0.000e+00] barrier=nan bethe=none bmode=attractive borient=orbit_average bgamma=off braw_med=0.000e+00 bcorr_med=0.000e+00 bp_med=1.000e+00 status=ok
[2026-05-19 13:31:17] shard 32: 3/4 eps_a=2.105 eps_c=0.316 dt=32357.1s found=Y RSS=215352kB
[2026-05-19 13:31:17] POINT shard=32 idx=3/4 eps_a=2.10526 eps_c=0.315789 dt=32357.12s event=0 spin=0 bin=0 min_fpp=2.100121e-01 phi_min_fpp=0.2648 n_valid=37/51 n_invalid_phi=0 phi_feasible=[0,1] n_success=37 max_res=1.158e-01 mean_res=1.292e-02 mode=avgE e_lin=[-1.880e+01,0.000e+00] barrier=nan bethe=none bmode=attractive borient=orbit_average bgamma=off braw_med=0.000e+00 bcorr_med=0.000e+00 bp_med=1.000e+00 status=ok
[2026-05-19 13:32:46] shard 76: 2/4 eps_a=1.053 eps_c=0.789 dt=48980.3s found=Y RSS=24119296kB
[2026-05-19 13:32:46] POINT shard=76 idx=2/4 eps_a=1.05263 eps_c=0.789474 dt=48980.34s event=1 spin=1 bin=1 min_fpp=-1.166329e-01 phi_min_fpp=0.2844 n_valid=36/51 n_invalid_phi=0 phi_feasible=[0,1] n_success=36 max_res=1.379e-01 mean_res=1.336e-02 mode=avgE e_lin=[-1.636e+01,0.000e+00] barrier=4.734e-04 bethe=none bmode=attractive borient=orbit_average bgamma=off braw_med=0.000e+00 bcorr_med=0.000e+00 bp_med=1.000e+00 status=ok
[2026-05-19 13:36:01] shard 60: 4/4 eps_a=0.632 eps_c=0.632 dt=18440.0s found=Y RSS=24157708kB
[2026-05-19 13:36:01] POINT shard=60 idx=4/4 eps_a=0.631579 eps_c=0.631579 dt=18439.98s event=0 spin=0 bin=0 min_fpp=3.946317e-01 phi_min_fpp=0.402 n_valid=45/51 n_invalid_phi=0 phi_feasible=[0,1] n_success=45 max_res=9.800e-02 mean_res=5.599e-03 mode=avgE e_lin=[-1.157e+01,0.000e+00] barrier=nan bethe=none bmode=attractive borient=orbit_average bgamma=off braw_med=0.000e+00 bcorr_med=0.000e+00 bp_med=1.000e+00 status=ok
[2026-05-19 13:36:01] shard 60: saved /pool/hamza/111000_scan_selfconsistent_bethe/shards/shard_0060.npz with 0 points
[2026-05-19 13:43:58] shard 30: 4/4 eps_a=0.632 eps_c=0.316 dt=8677.8s found=Y RSS=22510144kB
[2026-05-19 13:43:58] POINT shard=30 idx=4/4 eps_a=0.631579 eps_c=0.315789 dt=8677.80s event=0 spin=0 bin=0 min_fpp=1.176612e+00 phi_min_fpp=0.402 n_valid=46/51 n_invalid_phi=0 phi_feasible=[0,1] n_success=46 max_res=9.800e-02 mean_res=5.571e-03 mode=avgE e_lin=[-7.781e+00,0.000e+00] barrier=nan bethe=none bmode=attractive borient=orbit_average bgamma=off braw_med=0.000e+00 bcorr_med=0.000e+00 bp_med=1.000e+00 status=ok
[2026-05-19 13:43:58] shard 30: saved /pool/hamza/111000_scan_selfconsistent_bethe/shards/shard_0030.npz with 0 points
[2026-05-19 13:47:19] shard 46: 4/4 eps_a=1.474 eps_c=0.474 dt=13844.8s found=Y RSS=10826076kB
[2026-05-19 13:47:19] POINT shard=46 idx=4/4 eps_a=1.47368 eps_c=0.473684 dt=13844.77s event=0 spin=0 bin=0 min_fpp=2.491715e-01 phi_min_fpp=0.3628 n_valid=45/51 n_invalid_phi=0 phi_feasible=[0,1] n_success=45 max_res=9.800e-02 mean_res=5.883e-03 mode=avgE e_lin=[-1.568e+01,0.000e+00] barrier=nan bethe=none bmode=attractive borient=orbit_average bgamma=off braw_med=0.000e+00 bcorr_med=0.000e+00 bp_med=1.000e+00 status=ok
[2026-05-19 13:47:19] shard 46: saved /pool/hamza/111000_scan_selfconsistent_bethe/shards/shard_0046.npz with 0 points
[2026-05-19 14:13:25] shard 57: 4/4 eps_a=2.316 eps_c=0.579 dt=5706.0s found=Y RSS=24156420kB
[2026-05-19 14:13:25] POINT shard=57 idx=4/4 eps_a=2.31579 eps_c=0.578947 dt=5706.05s event=1 spin=1 bin=1 min_fpp=-4.174475e-01 phi_min_fpp=0.0688 n_valid=44/51 n_invalid_phi=0 phi_feasible=[0,1] n_success=44 max_res=1.960e-02 mean_res=1.868e-03 mode=avgE e_lin=[-2.371e+01,0.000e+00] barrier=7.478e-03 bethe=none bmode=attractive borient=orbit_average bgamma=off braw_med=0.000e+00 bcorr_med=0.000e+00 bp_med=1.000e+00 status=ok
[2026-05-19 14:13:25] shard 57: saved /pool/hamza/111000_scan_selfconsistent_bethe/shards/shard_0057.npz with 2 points
[2026-05-19 14:34:23] shard 42: 4/4 eps_a=2.316 eps_c=0.421 dt=4099.2s found=Y RSS=24157448kB
[2026-05-19 14:34:23] POINT shard=42 idx=4/4 eps_a=2.31579 eps_c=0.421053 dt=4099.22s event=1 spin=1 bin=1 min_fpp=-4.436453e-02 phi_min_fpp=0.2452 n_valid=49/51 n_invalid_phi=0 phi_feasible=[0,1] n_success=49 max_res=1.960e-02 mean_res=4.260e-04 mode=avgE e_lin=[-2.181e+01,0.000e+00] barrier=5.145e-04 bethe=none bmode=attractive borient=orbit_average bgamma=off braw_med=0.000e+00 bcorr_med=0.000e+00 bp_med=1.000e+00 status=ok
[2026-05-19 14:34:23] shard 42: saved /pool/hamza/111000_scan_selfconsistent_bethe/shards/shard_0042.npz with 1 points
[2026-05-19 14:44:07] shard 75: 4/4 eps_a=0.632 eps_c=0.789 dt=20368.7s found=Y RSS=24157088kB
[2026-05-19 14:44:07] POINT shard=75 idx=4/4 eps_a=0.631579 eps_c=0.789474 dt=20368.75s event=0 spin=0 bin=0 min_fpp=6.735656e-02 phi_min_fpp=0.3432 n_valid=46/51 n_invalid_phi=0 phi_feasible=[0,1] n_success=46 max_res=9.800e-02 mean_res=5.516e-03 mode=avgE e_lin=[-1.347e+01,0.000e+00] barrier=nan bethe=none bmode=attractive borient=orbit_average bgamma=off braw_med=0.000e+00 bcorr_med=0.000e+00 bp_med=1.000e+00 status=ok
[2026-05-19 14:44:07] shard 75: saved /pool/hamza/111000_scan_selfconsistent_bethe/shards/shard_0075.npz with 0 points
[2026-05-19 14:56:23] shard 80: 4/4 eps_a=0.632 eps_c=0.842 dt=21609.7s found=Y RSS=24152612kB
[2026-05-19 14:56:23] POINT shard=80 idx=4/4 eps_a=0.631579 eps_c=0.842105 dt=21609.69s event=1 spin=1 bin=1 min_fpp=-3.692375e-02 phi_min_fpp=0.304 n_valid=45/51 n_invalid_phi=0 phi_feasible=[0,1] n_success=45 max_res=9.800e-02 mean_res=5.893e-03 mode=avgE e_lin=[-1.410e+01,0.000e+00] barrier=3.780e-04 bethe=none bmode=attractive borient=orbit_average bgamma=off braw_med=0.000e+00 bcorr_med=0.000e+00 bp_med=1.000e+00 status=ok
[2026-05-19 14:56:23] shard 80: saved /pool/hamza/111000_scan_selfconsistent_bethe/shards/shard_0080.npz with 1 points
[2026-05-19 14:59:18] shard 70: 4/4 eps_a=0.632 eps_c=0.737 dt=22052.4s found=Y RSS=24155648kB
[2026-05-19 14:59:18] POINT shard=70 idx=4/4 eps_a=0.631579 eps_c=0.736842 dt=22052.45s event=0 spin=0 bin=0 min_fpp=1.731593e-01 phi_min_fpp=0.3628 n_valid=45/51 n_invalid_phi=0 phi_feasible=[0,1] n_success=45 max_res=9.800e-02 mean_res=5.545e-03 mode=avgE e_lin=[-1.283e+01,0.000e+00] barrier=nan bethe=none bmode=attractive borient=orbit_average bgamma=off braw_med=0.000e+00 bcorr_med=0.000e+00 bp_med=1.000e+00 status=ok
[2026-05-19 14:59:18] shard 70: saved /pool/hamza/111000_scan_selfconsistent_bethe/shards/shard_0070.npz with 0 points
[2026-05-19 15:10:31] shard 32: 4/4 eps_a=2.316 eps_c=0.316 dt=5953.6s found=Y RSS=24160088kB
[2026-05-19 15:10:31] POINT shard=32 idx=4/4 eps_a=2.31579 eps_c=0.315789 dt=5953.62s event=0 spin=0 bin=0 min_fpp=1.305180e-01 phi_min_fpp=0.304 n_valid=47/51 n_invalid_phi=0 phi_feasible=[0,1] n_success=47 max_res=1.604e-02 mean_res=3.171e-04 mode=avgE e_lin=[-2.055e+01,0.000e+00] barrier=nan bethe=none bmode=attractive borient=orbit_average bgamma=off braw_med=0.000e+00 bcorr_med=0.000e+00 bp_med=1.000e+00 status=ok
[2026-05-19 15:10:31] shard 32: saved /pool/hamza/111000_scan_selfconsistent_bethe/shards/shard_0032.npz with 0 points
[2026-05-19 15:28:41] shard 69: 2/4 eps_a=3.579 eps_c=0.684 dt=36449.6s found=Y RSS=24121236kB
[2026-05-19 15:28:41] POINT shard=69 idx=2/4 eps_a=3.57895 eps_c=0.684211 dt=36449.64s event=0 spin=0 bin=0 min_fpp=nan phi_min_fpp=nan n_valid=0/51 n_invalid_phi=0 phi_feasible=[0,1] n_success=0 max_res=1.176e+00 mean_res=4.170e-01 mode=avgE e_lin=[-3.581e+01,0.000e+00] barrier=nan bethe=none bmode=attractive borient=orbit_average bgamma=off braw_med=0.000e+00 bcorr_med=0.000e+00 bp_med=1.000e+00 status=too_few_valid_phi
[2026-05-19 15:33:03] shard 47: 2/4 eps_a=1.895 eps_c=0.474 dt=68995.4s found=Y RSS=213652kB
[2026-05-19 15:33:03] POINT shard=47 idx=2/4 eps_a=1.89474 eps_c=0.473684 dt=68995.35s event=0 spin=0 bin=0 min_fpp=4.212169e-01 phi_min_fpp=0.6176 n_valid=19/51 n_invalid_phi=0 phi_feasible=[0,1] n_success=19 max_res=1.394e-01 mean_res=2.980e-02 mode=avgE e_lin=[-1.898e+01,0.000e+00] barrier=nan bethe=none bmode=attractive borient=orbit_average bgamma=off braw_med=0.000e+00 bcorr_med=0.000e+00 bp_med=1.000e+00 status=ok
[2026-05-19 15:34:38] shard 59: 2/4 eps_a=3.579 eps_c=0.579 dt=37059.9s found=Y RSS=24122424kB
[2026-05-19 15:34:38] POINT shard=59 idx=2/4 eps_a=3.57895 eps_c=0.578947 dt=37059.91s event=0 spin=0 bin=0 min_fpp=nan phi_min_fpp=nan n_valid=0/51 n_invalid_phi=0 phi_feasible=[0,1] n_success=0 max_res=1.521e+00 mean_res=4.243e-01 mode=avgE e_lin=[-3.454e+01,0.000e+00] barrier=nan bethe=none bmode=attractive borient=orbit_average bgamma=off braw_med=0.000e+00 bcorr_med=0.000e+00 bp_med=1.000e+00 status=too_few_valid_phi
[2026-05-19 16:22:54] shard 50: 4/4 eps_a=0.632 eps_c=0.526 dt=20229.2s found=Y RSS=24156512kB
[2026-05-19 16:22:54] POINT shard=50 idx=4/4 eps_a=0.631579 eps_c=0.526316 dt=20229.22s event=0 spin=0 bin=0 min_fpp=6.410039e-01 phi_min_fpp=0.4216 n_valid=46/51 n_invalid_phi=0 phi_feasible=[0,1] n_success=46 max_res=9.800e-02 mean_res=5.549e-03 mode=avgE e_lin=[-1.031e+01,0.000e+00] barrier=nan bethe=none bmode=attractive borient=orbit_average bgamma=off braw_med=0.000e+00 bcorr_med=0.000e+00 bp_med=1.000e+00 status=ok
[2026-05-19 16:22:54] shard 50: saved /pool/hamza/111000_scan_selfconsistent_bethe/shards/shard_0050.npz with 0 points
[2026-05-19 17:03:16] shard 47: 3/4 eps_a=2.105 eps_c=0.474 dt=5413.2s found=Y RSS=24159988kB
[2026-05-19 17:03:16] POINT shard=47 idx=3/4 eps_a=2.10526 eps_c=0.473684 dt=5413.24s event=1 spin=1 bin=1 min_fpp=-4.323711e-02 phi_min_fpp=0.2452 n_valid=46/51 n_invalid_phi=0 phi_feasible=[0,1] n_success=46 max_res=1.960e-02 mean_res=9.812e-04 mode=avgE e_lin=[-2.069e+01,0.000e+00] barrier=4.873e-04 bethe=none bmode=attractive borient=orbit_average bgamma=off braw_med=0.000e+00 bcorr_med=0.000e+00 bp_med=1.000e+00 status=ok
[2026-05-19 17:04:20] shard 49: 1/4 eps_a=3.368 eps_c=0.474 dt=94845.1s found=Y RSS=212620kB
[2026-05-19 17:04:20] POINT shard=49 idx=1/4 eps_a=3.36842 eps_c=0.473684 dt=94845.12s event=0 spin=0 bin=0 min_fpp=nan phi_min_fpp=nan n_valid=0/51 n_invalid_phi=0 phi_feasible=[0,1] n_success=0 max_res=6.167e-01 mean_res=3.521e-01 mode=avgE e_lin=[-3.147e+01,0.000e+00] barrier=nan bethe=none bmode=attractive borient=orbit_average bgamma=off braw_med=0.000e+00 bcorr_med=0.000e+00 bp_med=1.000e+00 status=too_few_valid_phi
[2026-05-19 17:06:34] shard 56: 4/4 eps_a=1.474 eps_c=0.579 dt=25599.7s found=Y RSS=24154612kB
[2026-05-19 17:06:34] POINT shard=56 idx=4/4 eps_a=1.47368 eps_c=0.578947 dt=25599.66s event=0 spin=0 bin=0 min_fpp=5.020936e-02 phi_min_fpp=0.304 n_valid=44/51 n_invalid_phi=0 phi_feasible=[0,1] n_success=44 max_res=9.800e-02 mean_res=5.621e-03 mode=avgE e_lin=[-1.694e+01,0.000e+00] barrier=nan bethe=none bmode=attractive borient=orbit_average bgamma=off braw_med=0.000e+00 bcorr_med=0.000e+00 bp_med=1.000e+00 status=ok
[2026-05-19 17:06:34] shard 56: saved /pool/hamza/111000_scan_selfconsistent_bethe/shards/shard_0056.npz with 0 points
[2026-05-19 17:21:58] shard 37: 3/4 eps_a=2.105 eps_c=0.368 dt=51981.6s found=Y RSS=218432kB
[2026-05-19 17:21:58] POINT shard=37 idx=3/4 eps_a=2.10526 eps_c=0.368421 dt=51981.64s event=0 spin=0 bin=0 min_fpp=4.676511e-01 phi_min_fpp=0.598 n_valid=20/51 n_invalid_phi=0 phi_feasible=[0,1] n_success=20 max_res=1.897e-01 mean_res=3.770e-02 mode=avgE e_lin=[-1.943e+01,0.000e+00] barrier=nan bethe=none bmode=attractive borient=orbit_average bgamma=off braw_med=0.000e+00 bcorr_med=0.000e+00 bp_med=1.000e+00 status=ok
[2026-05-19 17:28:18] shard 29: 1/4 eps_a=3.368 eps_c=0.263 dt=96283.3s found=Y RSS=214324kB
[2026-05-19 17:28:18] POINT shard=29 idx=1/4 eps_a=3.36842 eps_c=0.263158 dt=96283.27s event=0 spin=0 bin=0 min_fpp=nan phi_min_fpp=nan n_valid=0/51 n_invalid_phi=0 phi_feasible=[0,1] n_success=0 max_res=6.163e-01 mean_res=2.916e-01 mode=avgE e_lin=[-2.894e+01,0.000e+00] barrier=nan bethe=none bmode=attractive borient=orbit_average bgamma=off braw_med=0.000e+00 bcorr_med=0.000e+00 bp_med=1.000e+00 status=too_few_valid_phi
[2026-05-19 17:41:10] shard 34: 1/4 eps_a=3.368 eps_c=0.316 dt=97056.1s found=Y RSS=213416kB
[2026-05-19 17:41:10] POINT shard=34 idx=1/4 eps_a=3.36842 eps_c=0.315789 dt=97056.07s event=0 spin=0 bin=0 min_fpp=nan phi_min_fpp=nan n_valid=0/51 n_invalid_phi=0 phi_feasible=[0,1] n_success=0 max_res=7.844e-01 mean_res=3.904e-01 mode=avgE e_lin=[-2.957e+01,0.000e+00] barrier=nan bethe=none bmode=attractive borient=orbit_average bgamma=off braw_med=0.000e+00 bcorr_med=0.000e+00 bp_med=1.000e+00 status=too_few_valid_phi
[2026-05-19 17:45:26] shard 44: 1/4 eps_a=3.368 eps_c=0.421 dt=97311.2s found=Y RSS=213992kB
[2026-05-19 17:45:26] POINT shard=44 idx=1/4 eps_a=3.36842 eps_c=0.421053 dt=97311.23s event=0 spin=0 bin=0 min_fpp=nan phi_min_fpp=nan n_valid=1/51 n_invalid_phi=0 phi_feasible=[0,1] n_success=1 max_res=1.901e+00 mean_res=3.077e-01 mode=avgE e_lin=[-3.083e+01,0.000e+00] barrier=nan bethe=none bmode=attractive borient=orbit_average bgamma=off braw_med=0.000e+00 bcorr_med=0.000e+00 bp_med=1.000e+00 status=too_few_valid_phi
[2026-05-19 17:53:41] shard 4: 1/4 eps_a=3.368 eps_c=0.000 dt=97806.0s found=Y RSS=213632kB
[2026-05-19 17:53:41] POINT shard=4 idx=1/4 eps_a=3.36842 eps_c=0 dt=97805.96s event=0 spin=0 bin=0 min_fpp=nan phi_min_fpp=nan n_valid=1/51 n_invalid_phi=0 phi_feasible=[0,1] n_success=1 max_res=5.872e-01 mean_res=2.284e-01 mode=avgE e_lin=[-2.578e+01,0.000e+00] barrier=nan bethe=none bmode=attractive borient=orbit_average bgamma=off braw_med=0.000e+00 bcorr_med=0.000e+00 bp_med=1.000e+00 status=too_few_valid_phi
[2026-05-19 17:56:22] shard 81: 2/4 eps_a=1.053 eps_c=0.842 dt=61333.9s found=Y RSS=24121056kB
[2026-05-19 17:56:22] POINT shard=81 idx=2/4 eps_a=1.05263 eps_c=0.842105 dt=61333.87s event=1 spin=1 bin=0 min_fpp=-6.370133e-02 phi_min_fpp=0.402 n_valid=30/51 n_invalid_phi=0 phi_feasible=[0,1] n_success=30 max_res=1.784e-01 mean_res=1.726e-02 mode=avgE e_lin=[-1.700e+01,0.000e+00] barrier=nan bethe=none bmode=attractive borient=orbit_average bgamma=off braw_med=0.000e+00 bcorr_med=0.000e+00 bp_med=1.000e+00 status=ok
[2026-05-19 17:59:10] shard 24: 1/4 eps_a=3.368 eps_c=0.211 dt=98134.8s found=Y RSS=215660kB
[2026-05-19 17:59:10] POINT shard=24 idx=1/4 eps_a=3.36842 eps_c=0.210526 dt=98134.76s event=0 spin=0 bin=0 min_fpp=nan phi_min_fpp=nan n_valid=0/51 n_invalid_phi=0 phi_feasible=[0,1] n_success=0 max_res=6.685e-01 mean_res=2.310e-01 mode=avgE e_lin=[-2.831e+01,0.000e+00] barrier=nan bethe=none bmode=attractive borient=orbit_average bgamma=off braw_med=0.000e+00 bcorr_med=0.000e+00 bp_med=1.000e+00 status=too_few_valid_phi
[2026-05-19 18:31:36] shard 47: 4/4 eps_a=2.316 eps_c=0.474 dt=5299.4s found=Y RSS=24160012kB
[2026-05-19 18:31:36] POINT shard=47 idx=4/4 eps_a=2.31579 eps_c=0.473684 dt=5299.40s event=1 spin=1 bin=1 min_fpp=-1.458687e-01 phi_min_fpp=0.1864 n_valid=47/51 n_invalid_phi=0 phi_feasible=[0,1] n_success=47 max_res=1.292e-04 mean_res=8.803e-06 mode=avgE e_lin=[-2.244e+01,0.000e+00] barrier=2.597e-03 bethe=none bmode=attractive borient=orbit_average bgamma=off braw_med=0.000e+00 bcorr_med=0.000e+00 bp_med=1.000e+00 status=ok
[2026-05-19 18:31:36] shard 47: saved /pool/hamza/111000_scan_selfconsistent_bethe/shards/shard_0047.npz with 2 points
[2026-05-19 18:48:33] shard 14: 1/4 eps_a=3.368 eps_c=0.105 dt=101098.7s found=Y RSS=217020kB
[2026-05-19 18:48:33] POINT shard=14 idx=1/4 eps_a=3.36842 eps_c=0.105263 dt=101098.70s event=0 spin=0 bin=0 min_fpp=nan phi_min_fpp=nan n_valid=0/51 n_invalid_phi=0 phi_feasible=[0,1] n_success=0 max_res=5.247e-01 mean_res=2.448e-01 mode=avgE e_lin=[-2.704e+01,0.000e+00] barrier=nan bethe=none bmode=attractive borient=orbit_average bgamma=off braw_med=0.000e+00 bcorr_med=0.000e+00 bp_med=1.000e+00 status=too_few_valid_phi
[2026-05-19 18:48:36] shard 37: 4/4 eps_a=2.316 eps_c=0.368 dt=5197.8s found=Y RSS=24163508kB
[2026-05-19 18:48:36] POINT shard=37 idx=4/4 eps_a=2.31579 eps_c=0.368421 dt=5197.78s event=0 spin=0 bin=0 min_fpp=4.214850e-02 phi_min_fpp=0.2844 n_valid=47/51 n_invalid_phi=0 phi_feasible=[0,1] n_success=47 max_res=1.929e-02 mean_res=8.038e-04 mode=avgE e_lin=[-2.118e+01,0.000e+00] barrier=nan bethe=none bmode=attractive borient=orbit_average bgamma=off braw_med=0.000e+00 bcorr_med=0.000e+00 bp_med=1.000e+00 status=ok
[2026-05-19 18:48:36] shard 37: saved /pool/hamza/111000_scan_selfconsistent_bethe/shards/shard_0037.npz with 0 points
[2026-05-19 19:21:17] shard 71: 3/4 eps_a=1.263 eps_c=0.737 dt=43308.6s found=Y RSS=24144796kB
[2026-05-19 19:21:17] POINT shard=71 idx=3/4 eps_a=1.26316 eps_c=0.736842 dt=43308.61s event=1 spin=1 bin=1 min_fpp=-8.017646e-02 phi_min_fpp=0.3236 n_valid=34/51 n_invalid_phi=0 phi_feasible=[0,1] n_success=34 max_res=1.512e-01 mean_res=1.493e-02 mode=avgE e_lin=[-1.726e+01,0.000e+00] barrier=1.980e-04 bethe=none bmode=attractive borient=orbit_average bgamma=off braw_med=0.000e+00 bcorr_med=0.000e+00 bp_med=1.000e+00 status=ok
[2026-05-19 19:32:43] shard 39: 2/4 eps_a=3.579 eps_c=0.368 dt=81339.2s found=Y RSS=213744kB
[2026-05-19 19:32:43] POINT shard=39 idx=2/4 eps_a=3.57895 eps_c=0.368421 dt=81339.24s event=0 spin=0 bin=0 min_fpp=nan phi_min_fpp=nan n_valid=1/51 n_invalid_phi=0 phi_feasible=[0,1] n_success=1 max_res=1.183e+00 mean_res=3.487e-01 mode=avgE e_lin=[-3.202e+01,0.000e+00] barrier=nan bethe=none bmode=attractive borient=orbit_average bgamma=off braw_med=0.000e+00 bcorr_med=0.000e+00 bp_med=1.000e+00 status=too_few_valid_phi
[2026-05-19 19:35:23] shard 66: 3/4 eps_a=1.263 eps_c=0.684 dt=53230.3s found=Y RSS=24122360kB
[2026-05-19 19:35:23] POINT shard=66 idx=3/4 eps_a=1.26316 eps_c=0.684211 dt=53230.28s event=1 spin=1 bin=0 min_fpp=-1.429665e-02 phi_min_fpp=0.3236 n_valid=34/51 n_invalid_phi=0 phi_feasible=[0,1] n_success=34 max_res=1.540e-01 mean_res=1.528e-02 mode=avgE e_lin=[-1.663e+01,0.000e+00] barrier=nan bethe=none bmode=attractive borient=orbit_average bgamma=off braw_med=0.000e+00 bcorr_med=0.000e+00 bp_med=1.000e+00 status=ok
[2026-05-19 19:49:29] shard 24: 2/4 eps_a=3.579 eps_c=0.211 dt=6619.3s found=Y RSS=24161752kB
[2026-05-19 19:49:29] POINT shard=24 idx=2/4 eps_a=3.57895 eps_c=0.210526 dt=6619.27s event=1 spin=1 bin=1 min_fpp=-2.484066e-01 phi_min_fpp=0.0688 n_valid=44/51 n_invalid_phi=0 phi_feasible=[0,1] n_success=44 max_res=1.960e-02 mean_res=1.604e-03 mode=avgE e_lin=[-3.012e+01,0.000e+00] barrier=2.646e-03 bethe=none bmode=attractive borient=orbit_average bgamma=off braw_med=0.000e+00 bcorr_med=0.000e+00 bp_med=1.000e+00 status=ok
[2026-05-19 19:56:56] shard 29: 2/4 eps_a=3.579 eps_c=0.263 dt=8918.1s found=Y RSS=24161124kB
[2026-05-19 19:56:56] POINT shard=29 idx=2/4 eps_a=3.57895 eps_c=0.263158 dt=8918.10s event=1 spin=1 bin=1 min_fpp=-3.270783e-01 phi_min_fpp=0.0688 n_valid=41/51 n_invalid_phi=0 phi_feasible=[0,1] n_success=41 max_res=1.960e-02 mean_res=2.069e-03 mode=avgE e_lin=[-3.075e+01,0.000e+00] barrier=4.030e-03 bethe=none bmode=attractive borient=orbit_average bgamma=off braw_med=0.000e+00 bcorr_med=0.000e+00 bp_med=1.000e+00 status=ok
[2026-05-19 20:10:28] shard 4: 2/4 eps_a=3.579 eps_c=0.000 dt=8207.6s found=Y RSS=24159812kB
[2026-05-19 20:10:28] POINT shard=4 idx=2/4 eps_a=3.57895 eps_c=0 dt=8207.59s event=0 spin=0 bin=0 min_fpp=7.586117e-02 phi_min_fpp=0.1668 n_valid=42/51 n_invalid_phi=0 phi_feasible=[0,1] n_success=42 max_res=1.960e-02 mean_res=9.548e-04 mode=avgE e_lin=[-2.760e+01,0.000e+00] barrier=nan bethe=none bmode=attractive borient=orbit_average bgamma=off braw_med=0.000e+00 bcorr_med=0.000e+00 bp_med=1.000e+00 status=ok
[2026-05-19 20:37:07] shard 53: 4/4 eps_a=3.158 eps_c=0.526 dt=36331.7s found=Y RSS=24157668kB
[2026-05-19 20:37:07] POINT shard=53 idx=4/4 eps_a=3.15789 eps_c=0.526316 dt=36331.73s event=0 spin=0 bin=0 min_fpp=nan phi_min_fpp=nan n_valid=1/51 n_invalid_phi=0 phi_feasible=[0,1] n_success=1 max_res=1.364e+00 mean_res=3.679e-01 mode=avgE e_lin=[-3.028e+01,0.000e+00] barrier=nan bethe=none bmode=attractive borient=orbit_average bgamma=off braw_med=0.000e+00 bcorr_med=0.000e+00 bp_med=1.000e+00 status=too_few_valid_phi
[2026-05-19 20:37:07] shard 53: saved /pool/hamza/111000_scan_selfconsistent_bethe/shards/shard_0053.npz with 2 points
[2026-05-19 20:53:44] shard 90: 4/4 eps_a=0.632 eps_c=0.947 dt=42357.9s found=Y RSS=24158108kB
[2026-05-19 20:53:44] POINT shard=90 idx=4/4 eps_a=0.631579 eps_c=0.947368 dt=42357.92s event=1 spin=1 bin=1 min_fpp=-1.896565e-01 phi_min_fpp=0.2844 n_valid=36/51 n_invalid_phi=0 phi_feasible=[0,1] n_success=36 max_res=1.054e-01 mean_res=1.081e-02 mode=avgE e_lin=[-1.536e+01,0.000e+00] barrier=1.122e-03 bethe=none bmode=attractive borient=orbit_average bgamma=off braw_med=0.000e+00 bcorr_med=0.000e+00 bp_med=1.000e+00 status=ok
[2026-05-19 20:53:44] shard 90: saved /pool/hamza/111000_scan_selfconsistent_bethe/shards/shard_0090.npz with 3 points
[2026-05-19 21:33:04] shard 39: 3/4 eps_a=3.789 eps_c=0.368 dt=7221.0s found=Y RSS=24160000kB
[2026-05-19 21:33:04] POINT shard=39 idx=3/4 eps_a=3.78947 eps_c=0.368421 dt=7221.03s event=1 spin=1 bin=1 min_fpp=-5.218087e-01 phi_min_fpp=0.0688 n_valid=43/51 n_invalid_phi=0 phi_feasible=[0,1] n_success=43 max_res=3.607e-02 mean_res=2.270e-03 mode=avgE e_lin=[-3.383e+01,0.000e+00] barrier=7.967e-03 bethe=none bmode=attractive borient=orbit_average bgamma=off braw_med=0.000e+00 bcorr_med=0.000e+00 bp_med=1.000e+00 status=ok
[2026-05-19 22:10:47] shard 85: 4/4 eps_a=0.632 eps_c=0.895 dt=40827.0s found=Y RSS=24154840kB
[2026-05-19 22:10:47] POINT shard=85 idx=4/4 eps_a=0.631579 eps_c=0.894737 dt=40827.01s event=1 spin=1 bin=1 min_fpp=-1.484166e-01 phi_min_fpp=0.2452 n_valid=38/51 n_invalid_phi=0 phi_feasible=[0,1] n_success=38 max_res=9.800e-02 mean_res=9.055e-03 mode=avgE e_lin=[-1.473e+01,0.000e+00] barrier=9.156e-04 bethe=none bmode=attractive borient=orbit_average bgamma=off braw_med=0.000e+00 bcorr_med=0.000e+00 bp_med=1.000e+00 status=ok
[2026-05-19 22:10:47] shard 85: saved /pool/hamza/111000_scan_selfconsistent_bethe/shards/shard_0085.npz with 2 points
[2026-05-19 22:47:33] shard 4: 3/4 eps_a=3.789 eps_c=0.000 dt=9425.0s found=Y RSS=24159828kB
[2026-05-19 22:47:33] POINT shard=4 idx=3/4 eps_a=3.78947 eps_c=0 dt=9424.97s event=1 spin=1 bin=0 min_fpp=-1.035399e-02 phi_min_fpp=0.108 n_valid=40/51 n_invalid_phi=0 phi_feasible=[0,1] n_success=40 max_res=1.960e-02 mean_res=5.550e-04 mode=avgE e_lin=[-2.940e+01,0.000e+00] barrier=nan bethe=none bmode=attractive borient=orbit_average bgamma=off braw_med=0.000e+00 bcorr_med=0.000e+00 bp_med=1.000e+00 status=ok
[2026-05-19 23:20:36] shard 86: 2/4 eps_a=1.053 eps_c=0.895 dt=51297.2s found=Y RSS=24158692kB
[2026-05-19 23:20:36] POINT shard=86 idx=2/4 eps_a=1.05263 eps_c=0.894737 dt=51297.17s event=1 spin=1 bin=1 min_fpp=-1.880694e-01 phi_min_fpp=0.3236 n_valid=34/51 n_invalid_phi=0 phi_feasible=[0,1] n_success=34 max_res=2.261e-01 mean_res=2.021e-02 mode=avgE e_lin=[-1.763e+01,0.000e+00] barrier=9.549e-04 bethe=none bmode=attractive borient=orbit_average bgamma=off braw_med=0.000e+00 bcorr_med=0.000e+00 bp_med=1.000e+00 status=ok
[2026-05-19 23:40:47] shard 48: 4/4 eps_a=3.158 eps_c=0.474 dt=42780.8s found=Y RSS=24162452kB
[2026-05-19 23:40:47] POINT shard=48 idx=4/4 eps_a=3.15789 eps_c=0.473684 dt=42780.84s event=0 spin=0 bin=0 min_fpp=nan phi_min_fpp=nan n_valid=1/51 n_invalid_phi=0 phi_feasible=[0,1] n_success=1 max_res=8.798e-01 mean_res=2.704e-01 mode=avgE e_lin=[-2.965e+01,0.000e+00] barrier=nan bethe=none bmode=attractive borient=orbit_average bgamma=off braw_med=0.000e+00 bcorr_med=0.000e+00 bp_med=1.000e+00 status=too_few_valid_phi
[2026-05-19 23:40:47] shard 48: saved /pool/hamza/111000_scan_selfconsistent_bethe/shards/shard_0048.npz with 3 points
[2026-05-20 00:18:10] shard 29: 3/4 eps_a=3.789 eps_c=0.263 dt=15674.2s found=Y RSS=24161144kB
[2026-05-20 00:18:10] POINT shard=29 idx=3/4 eps_a=3.78947 eps_c=0.263158 dt=15674.18s event=1 spin=1 bin=1 min_fpp=-7.005646e-02 phi_min_fpp=0.3236 n_valid=32/51 n_invalid_phi=0 phi_feasible=[0,1] n_success=32 max_res=1.050e-01 mean_res=9.528e-03 mode=avgE e_lin=[-3.256e+01,0.000e+00] barrier=1.274e-04 bethe=none bmode=attractive borient=orbit_average bgamma=off braw_med=0.000e+00 bcorr_med=0.000e+00 bp_med=1.000e+00 status=ok
[2026-05-20 00:33:46] shard 74: 1/4 eps_a=3.368 eps_c=0.737 dt=121909.9s found=Y RSS=24117908kB
[2026-05-20 00:33:46] POINT shard=74 idx=1/4 eps_a=3.36842 eps_c=0.736842 dt=121909.89s event=0 spin=0 bin=0 min_fpp=nan phi_min_fpp=nan n_valid=0/51 n_invalid_phi=0 phi_feasible=[0,1] n_success=0 max_res=8.309e-01 mean_res=4.124e-01 mode=avgE e_lin=[-3.462e+01,0.000e+00] barrier=nan bethe=none bmode=attractive borient=orbit_average bgamma=off braw_med=0.000e+00 bcorr_med=0.000e+00 bp_med=1.000e+00 status=too_few_valid_phi
[2026-05-20 00:43:58] shard 62: 1/4 eps_a=1.684 eps_c=0.632 dt=122520.6s found=Y RSS=24119688kB
[2026-05-20 00:43:58] POINT shard=62 idx=1/4 eps_a=1.68421 eps_c=0.631579 dt=122520.58s event=0 spin=0 bin=0 min_fpp=nan phi_min_fpp=nan n_valid=8/51 n_invalid_phi=0 phi_feasible=[0,1] n_success=8 max_res=3.983e-01 mean_res=6.589e-02 mode=avgE e_lin=[-1.920e+01,0.000e+00] barrier=nan bethe=none bmode=attractive borient=orbit_average bgamma=off braw_med=0.000e+00 bcorr_med=0.000e+00 bp_med=1.000e+00 status=too_few_inner_phi
[2026-05-20 01:28:29] shard 95: 4/4 eps_a=0.632 eps_c=1.000 dt=50197.0s found=Y RSS=24153928kB
[2026-05-20 01:28:29] POINT shard=95 idx=4/4 eps_a=0.631579 eps_c=1 dt=50196.96s event=1 spin=1 bin=1 min_fpp=-1.979495e-01 phi_min_fpp=0.3236 n_valid=34/51 n_invalid_phi=0 phi_feasible=[0,1] n_success=34 max_res=1.439e-01 mean_res=1.383e-02 mode=avgE e_lin=[-1.599e+01,0.000e+00] barrier=1.054e-03 bethe=none bmode=attractive borient=orbit_average bgamma=off braw_med=0.000e+00 bcorr_med=0.000e+00 bp_med=1.000e+00 status=ok
[2026-05-20 01:28:29] shard 95: saved /pool/hamza/111000_scan_selfconsistent_bethe/shards/shard_0095.npz with 4 points
[2026-05-20 01:34:51] shard 4: 4/4 eps_a=4.000 eps_c=0.000 dt=10037.2s found=Y RSS=24159852kB
[2026-05-20 01:34:51] POINT shard=4 idx=4/4 eps_a=4 eps_c=0 dt=10037.23s event=1 spin=1 bin=1 min_fpp=-6.252289e-02 phi_min_fpp=0.108 n_valid=39/51 n_invalid_phi=0 phi_feasible=[0,1] n_success=39 max_res=1.960e-02 mean_res=1.436e-03 mode=avgE e_lin=[-3.120e+01,0.000e+00] barrier=1.991e-04 bethe=none bmode=attractive borient=orbit_average bgamma=off braw_med=0.000e+00 bcorr_med=0.000e+00 bp_med=1.000e+00 status=ok
[2026-05-20 01:34:51] shard 4: saved /pool/hamza/111000_scan_selfconsistent_bethe/shards/shard_0004.npz with 2 points
[2026-05-20 01:34:57] shard 54: 1/4 eps_a=3.368 eps_c=0.526 dt=125580.2s found=Y RSS=24120704kB
[2026-05-20 01:34:57] POINT shard=54 idx=1/4 eps_a=3.36842 eps_c=0.526316 dt=125580.24s event=0 spin=0 bin=0 min_fpp=nan phi_min_fpp=nan n_valid=0/51 n_invalid_phi=0 phi_feasible=[0,1] n_success=0 max_res=5.944e-01 mean_res=3.753e-01 mode=avgE e_lin=[-3.210e+01,0.000e+00] barrier=nan bethe=none bmode=attractive borient=orbit_average bgamma=off braw_med=0.000e+00 bcorr_med=0.000e+00 bp_med=1.000e+00 status=too_few_valid_phi
[2026-05-20 01:42:53] shard 39: 4/4 eps_a=4.000 eps_c=0.368 dt=14989.3s found=Y RSS=24160016kB
[2026-05-20 01:42:53] POINT shard=39 idx=4/4 eps_a=4 eps_c=0.368421 dt=14989.35s event=1 spin=1 bin=1 min_fpp=-1.426916e-01 phi_min_fpp=0.3236 n_valid=33/51 n_invalid_phi=0 phi_feasible=[0,1] n_success=33 max_res=1.024e-01 mean_res=1.112e-02 mode=avgE e_lin=[-3.562e+01,0.000e+00] barrier=5.508e-04 bethe=none bmode=attractive borient=orbit_average bgamma=off braw_med=0.000e+00 bcorr_med=0.000e+00 bp_med=1.000e+00 status=ok
[2026-05-20 01:42:53] shard 39: saved /pool/hamza/111000_scan_selfconsistent_bethe/shards/shard_0039.npz with 3 points
[2026-05-20 01:42:05] shard 59: 3/4 eps_a=3.789 eps_c=0.579 dt=36447.4s found=Y RSS=24156724kB
[2026-05-20 01:42:05] POINT shard=59 idx=3/4 eps_a=3.78947 eps_c=0.578947 dt=36447.37s event=0 spin=0 bin=0 min_fpp=nan phi_min_fpp=nan n_valid=0/51 n_invalid_phi=0 phi_feasible=[0,1] n_success=0 max_res=9.486e-01 mean_res=4.168e-01 mode=avgE e_lin=[-3.635e+01,0.000e+00] barrier=nan bethe=none bmode=attractive borient=orbit_average bgamma=off braw_med=0.000e+00 bcorr_med=0.000e+00 bp_med=1.000e+00 status=too_few_valid_phi
[2026-05-20 01:54:25] shard 69: 3/4 eps_a=3.789 eps_c=0.684 dt=37544.0s found=Y RSS=24155448kB
[2026-05-20 01:54:25] POINT shard=69 idx=3/4 eps_a=3.78947 eps_c=0.684211 dt=37544.02s event=0 spin=0 bin=0 min_fpp=nan phi_min_fpp=nan n_valid=0/51 n_invalid_phi=0 phi_feasible=[0,1] n_success=0 max_res=1.474e+00 mean_res=3.980e-01 mode=avgE e_lin=[-3.761e+01,0.000e+00] barrier=nan bethe=none bmode=attractive borient=orbit_average bgamma=off braw_med=0.000e+00 bcorr_med=0.000e+00 bp_med=1.000e+00 status=too_few_valid_phi
[2026-05-20 02:25:12] shard 29: 4/4 eps_a=4.000 eps_c=0.263 dt=7621.8s found=Y RSS=24161176kB
[2026-05-20 02:25:12] POINT shard=29 idx=4/4 eps_a=4 eps_c=0.263158 dt=7621.76s event=1 spin=1 bin=1 min_fpp=-2.795310e-01 phi_min_fpp=0.1472 n_valid=42/51 n_invalid_phi=0 phi_feasible=[0,1] n_success=42 max_res=2.812e-02 mean_res=1.125e-03 mode=avgE e_lin=[-3.436e+01,0.000e+00] barrier=2.695e-03 bethe=none bmode=attractive borient=orbit_average bgamma=off braw_med=0.000e+00 bcorr_med=0.000e+00 bp_med=1.000e+00 status=ok
[2026-05-20 02:25:12] shard 29: saved /pool/hamza/111000_scan_selfconsistent_bethe/shards/shard_0029.npz with 3 points
[2026-05-20 02:26:41] shard 84: 1/4 eps_a=3.368 eps_c=0.842 dt=128684.8s found=Y RSS=24122064kB
[2026-05-20 02:26:41] POINT shard=84 idx=1/4 eps_a=3.36842 eps_c=0.842105 dt=128684.83s event=0 spin=0 bin=0 min_fpp=nan phi_min_fpp=nan n_valid=0/51 n_invalid_phi=0 phi_feasible=[0,1] n_success=0 max_res=1.123e+00 mean_res=4.384e-01 mode=avgE e_lin=[-3.589e+01,0.000e+00] barrier=nan bethe=none bmode=attractive borient=orbit_average bgamma=off braw_med=0.000e+00 bcorr_med=0.000e+00 bp_med=1.000e+00 status=too_few_valid_phi
[2026-05-20 03:49:11] shard 49: 2/4 eps_a=3.579 eps_c=0.474 dt=38690.9s found=Y RSS=24158664kB
[2026-05-20 03:49:11] POINT shard=49 idx=2/4 eps_a=3.57895 eps_c=0.473684 dt=38690.88s event=0 spin=0 bin=0 min_fpp=nan phi_min_fpp=nan n_valid=0/51 n_invalid_phi=0 phi_feasible=[0,1] n_success=0 max_res=1.352e+00 mean_res=3.765e-01 mode=avgE e_lin=[-3.328e+01,0.000e+00] barrier=nan bethe=none bmode=attractive borient=orbit_average bgamma=off braw_med=0.000e+00 bcorr_med=0.000e+00 bp_med=1.000e+00 status=too_few_valid_phi
[2026-05-20 03:56:57] shard 68: 1/4 eps_a=2.526 eps_c=0.684 dt=134099.8s found=Y RSS=24118104kB
[2026-05-20 03:56:57] POINT shard=68 idx=1/4 eps_a=2.52632 eps_c=0.684211 dt=134099.77s event=0 spin=0 bin=0 min_fpp=nan phi_min_fpp=nan n_valid=1/51 n_invalid_phi=0 phi_feasible=[0,1] n_success=1 max_res=2.348e+00 mean_res=6.273e-01 mode=avgE e_lin=[-2.675e+01,0.000e+00] barrier=nan bethe=none bmode=attractive borient=orbit_average bgamma=off braw_med=0.000e+00 bcorr_med=0.000e+00 bp_med=1.000e+00 status=too_few_valid_phi
[2026-05-20 03:58:44] shard 88: 1/4 eps_a=2.526 eps_c=0.895 dt=134206.6s found=Y RSS=24124608kB
[2026-05-20 03:58:44] POINT shard=88 idx=1/4 eps_a=2.52632 eps_c=0.894737 dt=134206.59s event=0 spin=0 bin=0 min_fpp=nan phi_min_fpp=nan n_valid=0/51 n_invalid_phi=0 phi_feasible=[0,1] n_success=0 max_res=1.227e+00 mean_res=4.344e-01 mode=avgE e_lin=[-2.927e+01,0.000e+00] barrier=nan bethe=none bmode=attractive borient=orbit_average bgamma=off braw_med=0.000e+00 bcorr_med=0.000e+00 bp_med=1.000e+00 status=too_few_valid_phi
[2026-05-20 04:06:13] shard 73: 1/4 eps_a=2.526 eps_c=0.737 dt=134655.6s found=Y RSS=24119256kB
[2026-05-20 04:06:13] POINT shard=73 idx=1/4 eps_a=2.52632 eps_c=0.736842 dt=134655.64s event=0 spin=0 bin=0 min_fpp=nan phi_min_fpp=nan n_valid=1/51 n_invalid_phi=0 phi_feasible=[0,1] n_success=1 max_res=2.333e+00 mean_res=5.750e-01 mode=avgE e_lin=[-2.738e+01,0.000e+00] barrier=nan bethe=none bmode=attractive borient=orbit_average bgamma=off braw_med=0.000e+00 bcorr_med=0.000e+00 bp_med=1.000e+00 status=too_few_valid_phi
[2026-05-20 04:19:27] shard 78: 1/4 eps_a=2.526 eps_c=0.789 dt=135450.3s found=Y RSS=24119200kB
[2026-05-20 04:19:27] POINT shard=78 idx=1/4 eps_a=2.52632 eps_c=0.789474 dt=135450.33s event=0 spin=0 bin=0 min_fpp=nan phi_min_fpp=nan n_valid=1/51 n_invalid_phi=0 phi_feasible=[0,1] n_success=1 max_res=2.318e+00 mean_res=5.221e-01 mode=avgE e_lin=[-2.801e+01,0.000e+00] barrier=nan bethe=none bmode=attractive borient=orbit_average bgamma=off braw_med=0.000e+00 bcorr_med=0.000e+00 bp_med=1.000e+00 status=too_few_valid_phi
[2026-05-20 04:20:25] shard 93: 1/4 eps_a=2.526 eps_c=0.947 dt=135507.6s found=Y RSS=24121812kB
[2026-05-20 04:20:25] POINT shard=93 idx=1/4 eps_a=2.52632 eps_c=0.947368 dt=135507.64s event=0 spin=0 bin=0 min_fpp=nan phi_min_fpp=nan n_valid=0/51 n_invalid_phi=0 phi_feasible=[0,1] n_success=0 max_res=1.258e+00 mean_res=4.065e-01 mode=avgE e_lin=[-2.990e+01,0.000e+00] barrier=nan bethe=none bmode=attractive borient=orbit_average bgamma=off braw_med=0.000e+00 bcorr_med=0.000e+00 bp_med=1.000e+00 status=too_few_valid_phi
[2026-05-20 04:28:30] shard 94: 1/4 eps_a=3.368 eps_c=0.947 dt=135994.1s found=Y RSS=24119012kB
[2026-05-20 04:28:30] POINT shard=94 idx=1/4 eps_a=3.36842 eps_c=0.947368 dt=135994.05s event=0 spin=0 bin=0 min_fpp=nan phi_min_fpp=nan n_valid=0/51 n_invalid_phi=0 phi_feasible=[0,1] n_success=0 max_res=1.558e+00 mean_res=4.432e-01 mode=avgE e_lin=[-3.715e+01,0.000e+00] barrier=nan bethe=none bmode=attractive borient=orbit_average bgamma=off braw_med=0.000e+00 bcorr_med=0.000e+00 bp_med=1.000e+00 status=too_few_valid_phi
[2026-05-20 04:30:20] shard 98: 1/4 eps_a=2.526 eps_c=1.000 dt=136102.3s found=Y RSS=24121664kB
[2026-05-20 04:30:20] POINT shard=98 idx=1/4 eps_a=2.52632 eps_c=1 dt=136102.34s event=0 spin=0 bin=0 min_fpp=nan phi_min_fpp=nan n_valid=0/51 n_invalid_phi=0 phi_feasible=[0,1] n_success=0 max_res=8.864e-01 mean_res=3.462e-01 mode=avgE e_lin=[-3.054e+01,0.000e+00] barrier=nan bethe=none bmode=attractive borient=orbit_average bgamma=off braw_med=0.000e+00 bcorr_med=0.000e+00 bp_med=1.000e+00 status=too_few_valid_phi
[2026-05-20 04:36:37] shard 34: 2/4 eps_a=3.579 eps_c=0.316 dt=39326.4s found=Y RSS=24159452kB
[2026-05-20 04:36:37] POINT shard=34 idx=2/4 eps_a=3.57895 eps_c=0.315789 dt=39326.38s event=0 spin=0 bin=0 min_fpp=nan phi_min_fpp=nan n_valid=0/51 n_invalid_phi=0 phi_feasible=[0,1] n_success=0 max_res=1.243e+00 mean_res=3.444e-01 mode=avgE e_lin=[-3.139e+01,0.000e+00] barrier=nan bethe=none bmode=attractive borient=orbit_average bgamma=off braw_med=0.000e+00 bcorr_med=0.000e+00 bp_med=1.000e+00 status=too_few_valid_phi
[2026-05-20 04:41:55] shard 44: 2/4 eps_a=3.579 eps_c=0.421 dt=39389.2s found=Y RSS=24160064kB
[2026-05-20 04:41:55] POINT shard=44 idx=2/4 eps_a=3.57895 eps_c=0.421053 dt=39389.20s event=0 spin=0 bin=0 min_fpp=nan phi_min_fpp=nan n_valid=1/51 n_invalid_phi=0 phi_feasible=[0,1] n_success=1 max_res=6.863e-01 mean_res=2.218e-01 mode=avgE e_lin=[-3.265e+01,0.000e+00] barrier=nan bethe=none bmode=attractive borient=orbit_average bgamma=off braw_med=0.000e+00 bcorr_med=0.000e+00 bp_med=1.000e+00 status=too_few_valid_phi
[2026-05-20 04:44:32] shard 97: 1/4 eps_a=1.684 eps_c=1.000 dt=136954.9s found=Y RSS=24119548kB
[2026-05-20 04:44:32] POINT shard=97 idx=1/4 eps_a=1.68421 eps_c=1 dt=136954.94s event=0 spin=0 bin=0 min_fpp=nan phi_min_fpp=nan n_valid=1/51 n_invalid_phi=0 phi_feasible=[0,1] n_success=1 max_res=6.605e-01 mean_res=1.608e-01 mode=avgE e_lin=[-2.362e+01,0.000e+00] barrier=nan bethe=none bmode=attractive borient=orbit_average bgamma=off braw_med=0.000e+00 bcorr_med=0.000e+00 bp_med=1.000e+00 status=too_few_valid_phi
[2026-05-20 04:53:25] shard 79: 1/4 eps_a=3.368 eps_c=0.789 dt=137488.1s found=Y RSS=24120616kB
[2026-05-20 04:53:25] POINT shard=79 idx=1/4 eps_a=3.36842 eps_c=0.789474 dt=137488.14s event=0 spin=0 bin=0 min_fpp=nan phi_min_fpp=nan n_valid=0/51 n_invalid_phi=0 phi_feasible=[0,1] n_success=0 max_res=8.979e-01 mean_res=4.454e-01 mode=avgE e_lin=[-3.526e+01,0.000e+00] barrier=nan bethe=none bmode=attractive borient=orbit_average bgamma=off braw_med=0.000e+00 bcorr_med=0.000e+00 bp_med=1.000e+00 status=too_few_valid_phi
[2026-05-20 04:54:00] shard 62: 2/4 eps_a=1.895 eps_c=0.632 dt=15001.7s found=Y RSS=24154648kB
[2026-05-20 04:54:00] POINT shard=62 idx=2/4 eps_a=1.89474 eps_c=0.631579 dt=15001.74s event=1 spin=1 bin=1 min_fpp=-2.687815e-01 phi_min_fpp=0.1276 n_valid=46/51 n_invalid_phi=0 phi_feasible=[0,1] n_success=46 max_res=1.960e-02 mean_res=7.272e-04 mode=avgE e_lin=[-2.087e+01,0.000e+00] barrier=5.764e-03 bethe=none bmode=attractive borient=orbit_average bgamma=off braw_med=0.000e+00 bcorr_med=0.000e+00 bp_med=1.000e+00 status=ok
[2026-05-20 05:06:02] shard 83: 1/4 eps_a=2.526 eps_c=0.842 dt=138245.9s found=Y RSS=24124428kB
[2026-05-20 05:06:02] POINT shard=83 idx=1/4 eps_a=2.52632 eps_c=0.842105 dt=138245.86s event=0 spin=0 bin=0 min_fpp=nan phi_min_fpp=nan n_valid=0/51 n_invalid_phi=0 phi_feasible=[0,1] n_success=0 max_res=1.049e+00 mean_res=4.264e-01 mode=avgE e_lin=[-2.864e+01,0.000e+00] barrier=nan bethe=none bmode=attractive borient=orbit_average bgamma=off braw_med=0.000e+00 bcorr_med=0.000e+00 bp_med=1.000e+00 status=too_few_valid_phi
[2026-05-20 05:27:52] shard 76: 3/4 eps_a=1.263 eps_c=0.789 dt=57305.7s found=Y RSS=24153800kB
[2026-05-20 05:27:52] POINT shard=76 idx=3/4 eps_a=1.26316 eps_c=0.789474 dt=57305.74s event=1 spin=1 bin=1 min_fpp=-7.734340e-02 phi_min_fpp=0.3824 n_valid=31/51 n_invalid_phi=0 phi_feasible=[0,1] n_success=31 max_res=1.887e-01 mean_res=2.282e-02 mode=avgE e_lin=[-1.789e+01,0.000e+00] barrier=1.465e-04 bethe=none bmode=attractive borient=orbit_average bgamma=off braw_med=0.000e+00 bcorr_med=0.000e+00 bp_med=1.000e+00 status=ok
[2026-05-20 05:34:49] shard 14: 2/4 eps_a=3.579 eps_c=0.105 dt=38775.9s found=Y RSS=24163164kB
[2026-05-20 05:34:49] POINT shard=14 idx=2/4 eps_a=3.57895 eps_c=0.105263 dt=38775.93s event=0 spin=0 bin=0 min_fpp=nan phi_min_fpp=nan n_valid=0/51 n_invalid_phi=0 phi_feasible=[0,1] n_success=0 max_res=6.385e-01 mean_res=3.006e-01 mode=avgE e_lin=[-2.886e+01,0.000e+00] barrier=nan bethe=none bmode=attractive borient=orbit_average bgamma=off braw_med=0.000e+00 bcorr_med=0.000e+00 bp_med=1.000e+00 status=too_few_valid_phi
[2026-05-20 06:22:17] shard 24: 3/4 eps_a=3.789 eps_c=0.211 dt=37967.7s found=Y RSS=24161772kB
[2026-05-20 06:22:17] POINT shard=24 idx=3/4 eps_a=3.78947 eps_c=0.210526 dt=37967.66s event=0 spin=0 bin=0 min_fpp=nan phi_min_fpp=nan n_valid=1/51 n_invalid_phi=0 phi_feasible=[0,1] n_success=1 max_res=4.624e-01 mean_res=2.115e-01 mode=avgE e_lin=[-3.193e+01,0.000e+00] barrier=nan bethe=none bmode=attractive borient=orbit_average bgamma=off braw_med=0.000e+00 bcorr_med=0.000e+00 bp_med=1.000e+00 status=too_few_valid_phi
[2026-05-20 06:43:39] shard 99: 1/4 eps_a=3.368 eps_c=1.000 dt=144102.7s found=Y RSS=24121260kB
[2026-05-20 06:43:39] POINT shard=99 idx=1/4 eps_a=3.36842 eps_c=1 dt=144102.71s event=0 spin=0 bin=0 min_fpp=nan phi_min_fpp=nan n_valid=0/51 n_invalid_phi=0 phi_feasible=[0,1] n_success=0 max_res=1.336e+00 mean_res=4.084e-01 mode=avgE e_lin=[-3.778e+01,0.000e+00] barrier=nan bethe=none bmode=attractive borient=orbit_average bgamma=off braw_med=0.000e+00 bcorr_med=0.000e+00 bp_med=1.000e+00 status=too_few_valid_phi
[2026-05-20 07:20:14] shard 89: 1/4 eps_a=3.368 eps_c=0.895 dt=146297.6s found=Y RSS=24124012kB
[2026-05-20 07:20:14] POINT shard=89 idx=1/4 eps_a=3.36842 eps_c=0.894737 dt=146297.59s event=0 spin=0 bin=0 min_fpp=nan phi_min_fpp=nan n_valid=0/51 n_invalid_phi=0 phi_feasible=[0,1] n_success=0 max_res=9.011e-01 mean_res=4.373e-01 mode=avgE e_lin=[-3.652e+01,0.000e+00] barrier=nan bethe=none bmode=attractive borient=orbit_average bgamma=off braw_med=0.000e+00 bcorr_med=0.000e+00 bp_med=1.000e+00 status=too_few_valid_phi
[2026-05-20 07:26:28] shard 64: 1/4 eps_a=3.368 eps_c=0.632 dt=146671.4s found=Y RSS=24123772kB
[2026-05-20 07:26:28] POINT shard=64 idx=1/4 eps_a=3.36842 eps_c=0.631579 dt=146671.35s event=0 spin=0 bin=0 min_fpp=nan phi_min_fpp=nan n_valid=0/51 n_invalid_phi=0 phi_feasible=[0,1] n_success=0 max_res=7.981e-01 mean_res=3.720e-01 mode=avgE e_lin=[-3.336e+01,0.000e+00] barrier=nan bethe=none bmode=attractive borient=orbit_average bgamma=off braw_med=0.000e+00 bcorr_med=0.000e+00 bp_med=1.000e+00 status=too_few_valid_phi
[2026-05-20 07:57:00] shard 14: 3/4 eps_a=3.789 eps_c=0.105 dt=8531.7s found=Y RSS=24163192kB
[2026-05-20 07:57:00] POINT shard=14 idx=3/4 eps_a=3.78947 eps_c=0.105263 dt=8531.67s event=1 spin=1 bin=1 min_fpp=-1.476477e-01 phi_min_fpp=0.0884 n_valid=40/51 n_invalid_phi=0 phi_feasible=[0,1] n_success=40 max_res=1.960e-02 mean_res=1.997e-03 mode=avgE e_lin=[-3.067e+01,0.000e+00] barrier=9.954e-04 bethe=none bmode=attractive borient=orbit_average bgamma=off braw_med=0.000e+00 bcorr_med=0.000e+00 bp_med=1.000e+00 status=ok
[2026-05-20 08:57:31] shard 82: 2/4 eps_a=1.895 eps_c=0.842 dt=128833.5s found=Y RSS=24119716kB
[2026-05-20 08:57:31] POINT shard=82 idx=2/4 eps_a=1.89474 eps_c=0.842105 dt=128833.45s event=0 spin=0 bin=0 min_fpp=nan phi_min_fpp=nan n_valid=1/51 n_invalid_phi=0 phi_feasible=[0,1] n_success=1 max_res=4.784e-01 mean_res=1.464e-01 mode=avgE e_lin=[-2.340e+01,0.000e+00] barrier=nan bethe=none bmode=attractive borient=orbit_average bgamma=off braw_med=0.000e+00 bcorr_med=0.000e+00 bp_med=1.000e+00 status=too_few_valid_phi
[2026-05-20 08:58:17] shard 62: 3/4 eps_a=2.105 eps_c=0.632 dt=14657.1s found=Y RSS=24154672kB
[2026-05-20 08:58:17] POINT shard=62 idx=3/4 eps_a=2.10526 eps_c=0.631579 dt=14657.07s event=1 spin=1 bin=1 min_fpp=-4.235939e-01 phi_min_fpp=0.0688 n_valid=47/51 n_invalid_phi=0 phi_feasible=[0,1] n_success=47 max_res=1.960e-02 mean_res=1.081e-03 mode=avgE e_lin=[-2.259e+01,0.000e+00] barrier=8.061e-03 bethe=none bmode=attractive borient=orbit_average bgamma=off braw_med=0.000e+00 bcorr_med=0.000e+00 bp_med=1.000e+00 status=ok
[2026-05-20 09:08:45] shard 87: 2/4 eps_a=1.895 eps_c=0.895 dt=127774.5s found=Y RSS=24121744kB
[2026-05-20 09:08:45] POINT shard=87 idx=2/4 eps_a=1.89474 eps_c=0.894737 dt=127774.53s event=0 spin=0 bin=0 min_fpp=nan phi_min_fpp=nan n_valid=1/51 n_invalid_phi=0 phi_feasible=[0,1] n_success=1 max_res=6.216e-01 mean_res=1.362e-01 mode=avgE e_lin=[-2.403e+01,0.000e+00] barrier=nan bethe=none bmode=attractive borient=orbit_average bgamma=off braw_med=0.000e+00 bcorr_med=0.000e+00 bp_med=1.000e+00 status=too_few_valid_phi
[2026-05-20 10:11:39] shard 73: 2/4 eps_a=2.737 eps_c=0.737 dt=21926.1s found=Y RSS=24154400kB
[2026-05-20 10:11:39] POINT shard=73 idx=2/4 eps_a=2.73684 eps_c=0.736842 dt=21926.08s event=1 spin=1 bin=1 min_fpp=-7.804516e-01 phi_min_fpp=0.0884 n_valid=44/51 n_invalid_phi=0 phi_feasible=[0,1] n_success=44 max_res=1.960e-02 mean_res=8.805e-04 mode=avgE e_lin=[-2.918e+01,0.000e+00] barrier=1.407e-02 bethe=none bmode=attractive borient=orbit_average bgamma=off braw_med=0.000e+00 bcorr_med=0.000e+00 bp_med=1.000e+00 status=ok
[2026-05-20 10:26:25] shard 68: 2/4 eps_a=2.737 eps_c=0.684 dt=23367.1s found=Y RSS=24152548kB
[2026-05-20 10:26:25] POINT shard=68 idx=2/4 eps_a=2.73684 eps_c=0.684211 dt=23367.11s event=1 spin=1 bin=1 min_fpp=-7.070193e-01 phi_min_fpp=0.0884 n_valid=43/51 n_invalid_phi=0 phi_feasible=[0,1] n_success=43 max_res=1.960e-02 mean_res=1.607e-03 mode=avgE e_lin=[-2.854e+01,0.000e+00] barrier=1.252e-02 bethe=none bmode=attractive borient=orbit_average bgamma=off braw_med=0.000e+00 bcorr_med=0.000e+00 bp_med=1.000e+00 status=ok
[2026-05-20 11:02:59] shard 52: 2/4 eps_a=1.895 eps_c=0.526 dt=96579.0s found=Y RSS=24151396kB
[2026-05-20 11:02:59] POINT shard=52 idx=2/4 eps_a=1.89474 eps_c=0.526316 dt=96578.96s event=0 spin=0 bin=0 min_fpp=nan phi_min_fpp=nan n_valid=1/51 n_invalid_phi=0 phi_feasible=[0,1] n_success=1 max_res=5.683e-01 mean_res=6.613e-02 mode=avgE e_lin=[-1.961e+01,0.000e+00] barrier=nan bethe=none bmode=attractive borient=orbit_average bgamma=off braw_med=0.000e+00 bcorr_med=0.000e+00 bp_med=1.000e+00 status=too_few_valid_phi
[2026-05-20 11:16:06] shard 92: 2/4 eps_a=1.895 eps_c=0.947 dt=128911.5s found=Y RSS=24122416kB
[2026-05-20 11:16:06] POINT shard=92 idx=2/4 eps_a=1.89474 eps_c=0.947368 dt=128911.46s event=0 spin=0 bin=0 min_fpp=nan phi_min_fpp=nan n_valid=1/51 n_invalid_phi=0 phi_feasible=[0,1] n_success=1 max_res=7.151e-01 mean_res=1.802e-01 mode=avgE e_lin=[-2.466e+01,0.000e+00] barrier=nan bethe=none bmode=attractive borient=orbit_average bgamma=off braw_med=0.000e+00 bcorr_med=0.000e+00 bp_med=1.000e+00 status=too_few_valid_phi
[2026-05-20 11:42:17] shard 58: 3/4 eps_a=2.947 eps_c=0.579 dt=92486.5s found=Y RSS=24157544kB
[2026-05-20 11:42:17] POINT shard=58 idx=3/4 eps_a=2.94737 eps_c=0.578947 dt=92486.53s event=0 spin=0 bin=0 min_fpp=nan phi_min_fpp=nan n_valid=1/51 n_invalid_phi=0 phi_feasible=[0,1] n_success=1 max_res=1.757e+00 mean_res=4.265e-01 mode=avgE e_lin=[-2.909e+01,0.000e+00] barrier=nan bethe=none bmode=attractive borient=orbit_average bgamma=off braw_med=0.000e+00 bcorr_med=0.000e+00 bp_med=1.000e+00 status=too_few_valid_phi
[2026-05-20 11:49:47] shard 59: 4/4 eps_a=4.000 eps_c=0.579 dt=36462.3s found=Y RSS=24156732kB
[2026-05-20 11:49:47] POINT shard=59 idx=4/4 eps_a=4 eps_c=0.578947 dt=36462.28s event=0 spin=0 bin=0 min_fpp=nan phi_min_fpp=nan n_valid=0/51 n_invalid_phi=0 phi_feasible=[0,1] n_success=0 max_res=8.470e-01 mean_res=3.643e-01 mode=avgE e_lin=[-3.815e+01,0.000e+00] barrier=nan bethe=none bmode=attractive borient=orbit_average bgamma=off braw_med=0.000e+00 bcorr_med=0.000e+00 bp_med=1.000e+00 status=too_few_valid_phi
[2026-05-20 11:49:47] shard 59: saved /pool/hamza/111000_scan_selfconsistent_bethe/shards/shard_0059.npz with 0 points
[2026-05-20 11:54:16] shard 71: 4/4 eps_a=1.474 eps_c=0.737 dt=59579.0s found=Y RSS=24156508kB
[2026-05-20 11:54:16] POINT shard=71 idx=4/4 eps_a=1.47368 eps_c=0.736842 dt=59578.99s event=0 spin=0 bin=0 min_fpp=2.598024e-01 phi_min_fpp=0.6372 n_valid=18/51 n_invalid_phi=0 phi_feasible=[0,1] n_success=18 max_res=3.291e-01 mean_res=3.886e-02 mode=avgE e_lin=[-1.883e+01,0.000e+00] barrier=nan bethe=none bmode=attractive borient=orbit_average bgamma=off braw_med=0.000e+00 bcorr_med=0.000e+00 bp_med=1.000e+00 status=ok
[2026-05-20 11:54:16] shard 71: saved /pool/hamza/111000_scan_selfconsistent_bethe/shards/shard_0071.npz with 2 points
[2026-05-20 12:16:22] shard 69: 4/4 eps_a=4.000 eps_c=0.684 dt=37317.4s found=Y RSS=24155456kB
[2026-05-20 12:16:22] POINT shard=69 idx=4/4 eps_a=4 eps_c=0.684211 dt=37317.41s event=0 spin=0 bin=0 min_fpp=nan phi_min_fpp=nan n_valid=0/51 n_invalid_phi=0 phi_feasible=[0,1] n_success=0 max_res=1.081e+00 mean_res=3.679e-01 mode=avgE e_lin=[-3.941e+01,0.000e+00] barrier=nan bethe=none bmode=attractive borient=orbit_average bgamma=off braw_med=0.000e+00 bcorr_med=0.000e+00 bp_med=1.000e+00 status=too_few_valid_phi
[2026-05-20 12:16:22] shard 69: saved /pool/hamza/111000_scan_selfconsistent_bethe/shards/shard_0069.npz with 0 points
[2026-05-20 13:22:16] shard 91: 2/4 eps_a=1.053 eps_c=0.947 dt=103750.6s found=Y RSS=24153888kB
[2026-05-20 13:22:16] POINT shard=91 idx=2/4 eps_a=1.05263 eps_c=0.947368 dt=103750.58s event=0 spin=0 bin=0 min_fpp=nan phi_min_fpp=nan n_valid=1/51 n_invalid_phi=0 phi_feasible=[0,1] n_success=1 max_res=5.039e-01 mean_res=1.040e-01 mode=avgE e_lin=[-1.826e+01,0.000e+00] barrier=nan bethe=none bmode=attractive borient=orbit_average bgamma=off braw_med=0.000e+00 bcorr_med=0.000e+00 bp_med=1.000e+00 status=too_few_valid_phi
[2026-05-20 13:23:27] shard 52: 3/4 eps_a=2.105 eps_c=0.526 dt=8427.7s found=Y RSS=24151444kB
[2026-05-20 13:23:27] POINT shard=52 idx=3/4 eps_a=2.10526 eps_c=0.526316 dt=8427.71s event=1 spin=1 bin=1 min_fpp=-1.567341e-01 phi_min_fpp=0.1668 n_valid=48/51 n_invalid_phi=0 phi_feasible=[0,1] n_success=48 max_res=1.960e-02 mean_res=3.926e-04 mode=avgE e_lin=[-2.132e+01,0.000e+00] barrier=2.541e-03 bethe=none bmode=attractive borient=orbit_average bgamma=off braw_med=0.000e+00 bcorr_med=0.000e+00 bp_med=1.000e+00 status=ok
[2026-05-20 13:26:22] shard 77: 3/4 eps_a=2.105 eps_c=0.789 dt=121949.0s found=Y RSS=24121732kB
[2026-05-20 13:26:22] POINT shard=77 idx=3/4 eps_a=2.10526 eps_c=0.789474 dt=121949.00s event=0 spin=0 bin=0 min_fpp=nan phi_min_fpp=nan n_valid=1/51 n_invalid_phi=0 phi_feasible=[0,1] n_success=1 max_res=6.403e-01 mean_res=1.578e-01 mode=avgE e_lin=[-2.448e+01,0.000e+00] barrier=nan bethe=none bmode=attractive borient=orbit_average bgamma=off braw_med=0.000e+00 bcorr_med=0.000e+00 bp_med=1.000e+00 status=too_few_valid_phi
[2026-05-20 13:36:54] shard 72: 3/4 eps_a=2.105 eps_c=0.737 dt=128023.7s found=Y RSS=24121976kB
[2026-05-20 13:36:54] POINT shard=72 idx=3/4 eps_a=2.10526 eps_c=0.736842 dt=128023.67s event=0 spin=0 bin=0 min_fpp=nan phi_min_fpp=nan n_valid=1/51 n_invalid_phi=0 phi_feasible=[0,1] n_success=1 max_res=2.466e+00 mean_res=1.907e-01 mode=avgE e_lin=[-2.385e+01,0.000e+00] barrier=nan bethe=none bmode=attractive borient=orbit_average bgamma=off braw_med=0.000e+00 bcorr_med=0.000e+00 bp_med=1.000e+00 status=too_few_valid_phi
[2026-05-20 14:09:36] shard 49: 3/4 eps_a=3.789 eps_c=0.474 dt=37225.3s found=Y RSS=24158664kB
[2026-05-20 14:09:36] POINT shard=49 idx=3/4 eps_a=3.78947 eps_c=0.473684 dt=37225.26s event=0 spin=0 bin=0 min_fpp=nan phi_min_fpp=nan n_valid=0/51 n_invalid_phi=0 phi_feasible=[0,1] n_success=0 max_res=6.816e-01 mean_res=3.912e-01 mode=avgE e_lin=[-3.509e+01,0.000e+00] barrier=nan bethe=none bmode=attractive borient=orbit_average bgamma=off braw_med=0.000e+00 bcorr_med=0.000e+00 bp_med=1.000e+00 status=too_few_valid_phi
[2026-05-20 14:42:20] shard 62: 4/4 eps_a=2.316 eps_c=0.632 dt=20642.2s found=Y RSS=24154700kB
[2026-05-20 14:42:20] POINT shard=62 idx=4/4 eps_a=2.31579 eps_c=0.631579 dt=20642.17s event=1 spin=1 bin=1 min_fpp=-5.166107e-01 phi_min_fpp=0.0884 n_valid=44/51 n_invalid_phi=0 phi_feasible=[0,1] n_success=44 max_res=1.960e-02 mean_res=1.860e-03 mode=avgE e_lin=[-2.434e+01,0.000e+00] barrier=8.568e-03 bethe=none bmode=attractive borient=orbit_average bgamma=off braw_med=0.000e+00 bcorr_med=0.000e+00 bp_med=1.000e+00 status=ok
[2026-05-20 14:42:20] shard 62: saved /pool/hamza/111000_scan_selfconsistent_bethe/shards/shard_0062.npz with 3 points
[2026-05-20 14:47:28] shard 34: 3/4 eps_a=3.789 eps_c=0.316 dt=36651.2s found=Y RSS=24159452kB
[2026-05-20 14:47:28] POINT shard=34 idx=3/4 eps_a=3.78947 eps_c=0.315789 dt=36651.22s event=0 spin=0 bin=0 min_fpp=nan phi_min_fpp=nan n_valid=0/51 n_invalid_phi=0 phi_feasible=[0,1] n_success=0 max_res=6.747e-01 mean_res=3.878e-01 mode=avgE e_lin=[-3.319e+01,0.000e+00] barrier=nan bethe=none bmode=attractive borient=orbit_average bgamma=off braw_med=0.000e+00 bcorr_med=0.000e+00 bp_med=1.000e+00 status=too_few_valid_phi
[2026-05-20 14:49:13] shard 44: 3/4 eps_a=3.789 eps_c=0.421 dt=36437.6s found=Y RSS=24160072kB
[2026-05-20 14:49:13] POINT shard=44 idx=3/4 eps_a=3.78947 eps_c=0.421053 dt=36437.55s event=0 spin=0 bin=0 min_fpp=nan phi_min_fpp=nan n_valid=1/51 n_invalid_phi=0 phi_feasible=[0,1] n_success=1 max_res=1.130e+00 mean_res=2.552e-01 mode=avgE e_lin=[-3.446e+01,0.000e+00] barrier=nan bethe=none bmode=attractive borient=orbit_average bgamma=off braw_med=0.000e+00 bcorr_med=0.000e+00 bp_med=1.000e+00 status=too_few_valid_phi
[2026-05-20 15:14:48] shard 82: 3/4 eps_a=2.105 eps_c=0.842 dt=22637.1s found=Y RSS=24154260kB
[2026-05-20 15:14:48] POINT shard=82 idx=3/4 eps_a=2.10526 eps_c=0.842105 dt=22637.09s event=1 spin=1 bin=1 min_fpp=-7.121164e-01 phi_min_fpp=0.108 n_valid=43/51 n_invalid_phi=0 phi_feasible=[0,1] n_success=43 max_res=1.960e-02 mean_res=1.961e-03 mode=avgE e_lin=[-2.511e+01,0.000e+00] barrier=1.278e-02 bethe=none bmode=attractive borient=orbit_average bgamma=off braw_med=0.000e+00 bcorr_med=0.000e+00 bp_med=1.000e+00 status=ok
[2026-05-20 16:08:17] shard 52: 4/4 eps_a=2.316 eps_c=0.526 dt=9890.2s found=Y RSS=24151456kB
[2026-05-20 16:08:17] POINT shard=52 idx=4/4 eps_a=2.31579 eps_c=0.526316 dt=9890.23s event=1 spin=1 bin=1 min_fpp=-2.739817e-01 phi_min_fpp=0.0688 n_valid=47/51 n_invalid_phi=0 phi_feasible=[0,1] n_success=47 max_res=1.960e-02 mean_res=6.975e-04 mode=avgE e_lin=[-2.307e+01,0.000e+00] barrier=5.019e-03 bethe=none bmode=attractive borient=orbit_average bgamma=off braw_med=0.000e+00 bcorr_med=0.000e+00 bp_med=1.000e+00 status=ok
[2026-05-20 16:08:17] shard 52: saved /pool/hamza/111000_scan_selfconsistent_bethe/shards/shard_0052.npz with 2 points
[2026-05-20 16:13:46] shard 92: 3/4 eps_a=2.105 eps_c=0.947 dt=17859.9s found=Y RSS=24156992kB
[2026-05-20 16:13:46] POINT shard=92 idx=3/4 eps_a=2.10526 eps_c=0.947368 dt=17859.87s event=1 spin=1 bin=1 min_fpp=-9.105126e-01 phi_min_fpp=0.0884 n_valid=45/51 n_invalid_phi=0 phi_feasible=[0,1] n_success=45 max_res=1.960e-02 mean_res=1.459e-03 mode=avgE e_lin=[-2.638e+01,0.000e+00] barrier=1.760e-02 bethe=none bmode=attractive borient=orbit_average bgamma=off braw_med=0.000e+00 bcorr_med=0.000e+00 bp_med=1.000e+00 status=ok
[2026-05-20 16:23:35] shard 24: 4/4 eps_a=4.000 eps_c=0.211 dt=36078.0s found=Y RSS=24161772kB
[2026-05-20 16:23:35] POINT shard=24 idx=4/4 eps_a=4 eps_c=0.210526 dt=36078.00s event=0 spin=0 bin=0 min_fpp=nan phi_min_fpp=nan n_valid=1/51 n_invalid_phi=0 phi_feasible=[0,1] n_success=1 max_res=7.139e-01 mean_res=2.617e-01 mode=avgE e_lin=[-3.373e+01,0.000e+00] barrier=nan bethe=none bmode=attractive borient=orbit_average bgamma=off braw_med=0.000e+00 bcorr_med=0.000e+00 bp_med=1.000e+00 status=too_few_valid_phi
[2026-05-20 16:23:35] shard 24: saved /pool/hamza/111000_scan_selfconsistent_bethe/shards/shard_0024.npz with 1 points
[2026-05-20 16:55:30] shard 96: 2/4 eps_a=1.053 eps_c=1.000 dt=123471.8s found=Y RSS=24125156kB
[2026-05-20 16:55:30] POINT shard=96 idx=2/4 eps_a=1.05263 eps_c=1 dt=123471.76s event=0 spin=0 bin=0 min_fpp=nan phi_min_fpp=nan n_valid=1/51 n_invalid_phi=0 phi_feasible=[0,1] n_success=1 max_res=4.932e-01 mean_res=1.221e-01 mode=avgE e_lin=[-1.889e+01,0.000e+00] barrier=nan bethe=none bmode=attractive borient=orbit_average bgamma=off braw_med=0.000e+00 bcorr_med=0.000e+00 bp_med=1.000e+00 status=too_few_valid_phi
[2026-05-20 17:22:03] shard 91: 3/4 eps_a=1.263 eps_c=0.947 dt=14387.1s found=Y RSS=24153912kB
[2026-05-20 17:22:03] POINT shard=91 idx=3/4 eps_a=1.26316 eps_c=0.947368 dt=14387.13s event=1 spin=1 bin=1 min_fpp=-7.127703e-01 phi_min_fpp=0.0884 n_valid=44/51 n_invalid_phi=0 phi_feasible=[0,1] n_success=44 max_res=1.960e-02 mean_res=1.961e-03 mode=avgE e_lin=[-1.978e+01,0.000e+00] barrier=1.344e-02 bethe=none bmode=attractive borient=orbit_average bgamma=off braw_med=0.000e+00 bcorr_med=0.000e+00 bp_med=1.000e+00 status=ok
[2026-05-20 17:45:54] shard 81: 3/4 eps_a=1.263 eps_c=0.842 dt=85771.8s found=Y RSS=24154856kB
[2026-05-20 17:45:54] POINT shard=81 idx=3/4 eps_a=1.26316 eps_c=0.842105 dt=85771.84s event=0 spin=0 bin=0 min_fpp=nan phi_min_fpp=nan n_valid=1/51 n_invalid_phi=0 phi_feasible=[0,1] n_success=1 max_res=3.116e-01 mean_res=8.149e-02 mode=avgE e_lin=[-1.852e+01,0.000e+00] barrier=nan bethe=none bmode=attractive borient=orbit_average bgamma=off braw_med=0.000e+00 bcorr_med=0.000e+00 bp_med=1.000e+00 status=too_few_valid_phi
[2026-05-20 17:57:10] shard 14: 4/4 eps_a=4.000 eps_c=0.105 dt=36009.3s found=Y RSS=24163200kB
[2026-05-20 17:57:10] POINT shard=14 idx=4/4 eps_a=4 eps_c=0.105263 dt=36009.28s event=0 spin=0 bin=0 min_fpp=nan phi_min_fpp=nan n_valid=1/51 n_invalid_phi=0 phi_feasible=[0,1] n_success=1 max_res=3.807e-01 mean_res=1.596e-01 mode=avgE e_lin=[-3.247e+01,0.000e+00] barrier=nan bethe=none bmode=attractive borient=orbit_average bgamma=off braw_med=0.000e+00 bcorr_med=0.000e+00 bp_med=1.000e+00 status=too_few_valid_phi
[2026-05-20 17:57:10] shard 14: saved /pool/hamza/111000_scan_selfconsistent_bethe/shards/shard_0014.npz with 1 points
[2026-05-20 18:22:41] shard 68: 3/4 eps_a=2.947 eps_c=0.684 dt=28575.9s found=Y RSS=24152564kB
[2026-05-20 18:22:41] POINT shard=68 idx=3/4 eps_a=2.94737 eps_c=0.684211 dt=28575.89s event=1 spin=1 bin=1 min_fpp=-3.552268e-01 phi_min_fpp=0.2452 n_valid=39/51 n_invalid_phi=0 phi_feasible=[0,1] n_success=39 max_res=1.033e-01 mean_res=6.860e-03 mode=avgE e_lin=[-3.036e+01,0.000e+00] barrier=3.661e-03 bethe=none bmode=attractive borient=orbit_average bgamma=off braw_med=0.000e+00 bcorr_med=0.000e+00 bp_med=1.000e+00 status=ok
[2026-05-20 18:32:43] shard 77: 4/4 eps_a=2.316 eps_c=0.789 dt=18380.8s found=Y RSS=24155968kB
[2026-05-20 18:32:43] POINT shard=77 idx=4/4 eps_a=2.31579 eps_c=0.789474 dt=18380.82s event=1 spin=1 bin=1 min_fpp=-8.457198e-01 phi_min_fpp=0.0688 n_valid=44/51 n_invalid_phi=0 phi_feasible=[0,1] n_success=44 max_res=1.960e-02 mean_res=1.210e-03 mode=avgE e_lin=[-2.623e+01,0.000e+00] barrier=1.619e-02 bethe=none bmode=attractive borient=orbit_average bgamma=off braw_med=0.000e+00 bcorr_med=0.000e+00 bp_med=1.000e+00 status=ok
[2026-05-20 18:32:43] shard 77: saved /pool/hamza/111000_scan_selfconsistent_bethe/shards/shard_0077.npz with 3 points
[2026-05-20 19:57:24] shard 81: 4/4 eps_a=1.474 eps_c=0.842 dt=7889.7s found=Y RSS=24154888kB
[2026-05-20 19:57:24] POINT shard=81 idx=4/4 eps_a=1.47368 eps_c=0.842105 dt=7889.73s event=1 spin=1 bin=1 min_fpp=-5.978685e-01 phi_min_fpp=0.0688 n_valid=48/51 n_invalid_phi=0 phi_feasible=[0,1] n_success=48 max_res=1.960e-02 mean_res=4.516e-04 mode=avgE e_lin=[-2.010e+01,0.000e+00] barrier=1.238e-02 bethe=none bmode=attractive borient=orbit_average bgamma=off braw_med=0.000e+00 bcorr_med=0.000e+00 bp_med=1.000e+00 status=ok
[2026-05-20 19:57:24] shard 81: saved /pool/hamza/111000_scan_selfconsistent_bethe/shards/shard_0081.npz with 3 points
[2026-05-20 19:58:05] shard 66: 4/4 eps_a=1.474 eps_c=0.684 dt=87761.4s found=Y RSS=24156532kB
[2026-05-20 19:58:05] POINT shard=66 idx=4/4 eps_a=1.47368 eps_c=0.684211 dt=87761.37s event=1 spin=1 bin=0 min_fpp=-3.173488e-01 phi_min_fpp=0.7156 n_valid=14/51 n_invalid_phi=0 phi_feasible=[0,1] n_success=14 max_res=3.011e-01 mean_res=6.218e-02 mode=avgE e_lin=[-1.820e+01,0.000e+00] barrier=nan bethe=none bmode=attractive borient=orbit_average bgamma=off braw_med=0.000e+00 bcorr_med=0.000e+00 bp_med=1.000e+00 status=ok
[2026-05-20 19:58:05] shard 66: saved /pool/hamza/111000_scan_selfconsistent_bethe/shards/shard_0066.npz with 2 points
[2026-05-20 22:15:39] shard 76: 4/4 eps_a=1.474 eps_c=0.789 dt=60466.6s found=Y RSS=24153812kB
[2026-05-20 22:15:39] POINT shard=76 idx=4/4 eps_a=1.47368 eps_c=0.789474 dt=60466.57s event=0 spin=0 bin=0 min_fpp=6.739809e-02 phi_min_fpp=0.5392 n_valid=24/51 n_invalid_phi=0 phi_feasible=[0,1] n_success=24 max_res=2.995e-01 mean_res=3.499e-02 mode=avgE e_lin=[-1.947e+01,0.000e+00] barrier=nan bethe=none bmode=attractive borient=orbit_average bgamma=off braw_med=0.000e+00 bcorr_med=0.000e+00 bp_med=1.000e+00 status=ok
[2026-05-20 22:15:39] shard 76: saved /pool/hamza/111000_scan_selfconsistent_bethe/shards/shard_0076.npz with 3 points
[2026-05-20 22:17:56] shard 96: 3/4 eps_a=1.263 eps_c=1.000 dt=19345.6s found=Y RSS=24153864kB
[2026-05-20 22:17:56] POINT shard=96 idx=3/4 eps_a=1.26316 eps_c=1 dt=19345.59s event=1 spin=1 bin=1 min_fpp=-8.149385e-01 phi_min_fpp=0.0884 n_valid=43/51 n_invalid_phi=0 phi_feasible=[0,1] n_success=43 max_res=1.960e-02 mean_res=1.584e-03 mode=avgE e_lin=[-2.042e+01,0.000e+00] barrier=1.535e-02 bethe=none bmode=attractive borient=orbit_average bgamma=off braw_med=0.000e+00 bcorr_med=0.000e+00 bp_med=1.000e+00 status=ok
[2026-05-20 23:17:04] shard 68: 4/4 eps_a=3.158 eps_c=0.684 dt=17662.5s found=Y RSS=24152584kB
[2026-05-20 23:17:04] POINT shard=68 idx=4/4 eps_a=3.15789 eps_c=0.684211 dt=17662.52s event=1 spin=1 bin=1 min_fpp=-4.761494e-01 phi_min_fpp=0.1864 n_valid=41/51 n_invalid_phi=0 phi_feasible=[0,1] n_success=41 max_res=1.571e-01 mean_res=5.310e-03 mode=avgE e_lin=[-3.217e+01,0.000e+00] barrier=6.525e-03 bethe=none bmode=attractive borient=orbit_average bgamma=off braw_med=0.000e+00 bcorr_med=0.000e+00 bp_med=1.000e+00 status=ok
[2026-05-20 23:17:04] shard 68: saved /pool/hamza/111000_scan_selfconsistent_bethe/shards/shard_0068.npz with 3 points
[2026-05-20 23:33:25] shard 74: 2/4 eps_a=3.579 eps_c=0.737 dt=82778.5s found=Y RSS=24152344kB
[2026-05-20 23:33:25] POINT shard=74 idx=2/4 eps_a=3.57895 eps_c=0.736842 dt=82778.52s event=0 spin=0 bin=0 min_fpp=nan phi_min_fpp=nan n_valid=0/51 n_invalid_phi=0 phi_feasible=[0,1] n_success=0 max_res=1.438e+00 mean_res=4.443e-01 mode=avgE e_lin=[-3.644e+01,0.000e+00] barrier=nan bethe=none bmode=attractive borient=orbit_average bgamma=off braw_med=0.000e+00 bcorr_med=0.000e+00 bp_med=1.000e+00 status=too_few_valid_phi
[2026-05-21 00:24:33] shard 49: 4/4 eps_a=4.000 eps_c=0.474 dt=36896.6s found=Y RSS=24158672kB
[2026-05-21 00:24:33] POINT shard=49 idx=4/4 eps_a=4 eps_c=0.473684 dt=36896.62s event=0 spin=0 bin=0 min_fpp=nan phi_min_fpp=nan n_valid=0/51 n_invalid_phi=0 phi_feasible=[0,1] n_success=0 max_res=1.071e+00 mean_res=3.790e-01 mode=avgE e_lin=[-3.689e+01,0.000e+00] barrier=nan bethe=none bmode=attractive borient=orbit_average bgamma=off braw_med=0.000e+00 bcorr_med=0.000e+00 bp_med=1.000e+00 status=too_few_valid_phi
[2026-05-21 00:24:33] shard 49: saved /pool/hamza/111000_scan_selfconsistent_bethe/shards/shard_0049.npz with 0 points
[2026-05-21 00:24:24] shard 54: 2/4 eps_a=3.579 eps_c=0.526 dt=82167.0s found=Y RSS=24155152kB
[2026-05-21 00:24:24] POINT shard=54 idx=2/4 eps_a=3.57895 eps_c=0.526316 dt=82166.99s event=0 spin=0 bin=0 min_fpp=nan phi_min_fpp=nan n_valid=0/51 n_invalid_phi=0 phi_feasible=[0,1] n_success=0 max_res=6.000e-01 mean_res=3.565e-01 mode=avgE e_lin=[-3.391e+01,0.000e+00] barrier=nan bethe=none bmode=attractive borient=orbit_average bgamma=off braw_med=0.000e+00 bcorr_med=0.000e+00 bp_med=1.000e+00 status=too_few_valid_phi
[2026-05-21 00:51:32] shard 34: 4/4 eps_a=4.000 eps_c=0.316 dt=36243.5s found=Y RSS=24159456kB
[2026-05-21 00:51:32] POINT shard=34 idx=4/4 eps_a=4 eps_c=0.315789 dt=36243.52s event=0 spin=0 bin=0 min_fpp=nan phi_min_fpp=nan n_valid=0/51 n_invalid_phi=0 phi_feasible=[0,1] n_success=0 max_res=6.763e-01 mean_res=4.052e-01 mode=avgE e_lin=[-3.499e+01,0.000e+00] barrier=nan bethe=none bmode=attractive borient=orbit_average bgamma=off braw_med=0.000e+00 bcorr_med=0.000e+00 bp_med=1.000e+00 status=too_few_valid_phi
[2026-05-21 00:51:32] shard 34: saved /pool/hamza/111000_scan_selfconsistent_bethe/shards/shard_0034.npz with 0 points
[2026-05-21 00:59:19] shard 44: 4/4 eps_a=4.000 eps_c=0.421 dt=36606.3s found=Y RSS=24160072kB
[2026-05-21 00:59:19] POINT shard=44 idx=4/4 eps_a=4 eps_c=0.421053 dt=36606.26s event=0 spin=0 bin=0 min_fpp=nan phi_min_fpp=nan n_valid=0/51 n_invalid_phi=0 phi_feasible=[0,1] n_success=0 max_res=7.084e-01 mean_res=2.497e-01 mode=avgE e_lin=[-3.626e+01,0.000e+00] barrier=nan bethe=none bmode=attractive borient=orbit_average bgamma=off braw_med=0.000e+00 bcorr_med=0.000e+00 bp_med=1.000e+00 status=too_few_valid_phi
[2026-05-21 00:59:19] shard 44: saved /pool/hamza/111000_scan_selfconsistent_bethe/shards/shard_0044.npz with 0 points
[2026-05-21 01:08:39] shard 84: 2/4 eps_a=3.579 eps_c=0.842 dt=81718.0s found=Y RSS=24156468kB
[2026-05-21 01:08:39] POINT shard=84 idx=2/4 eps_a=3.57895 eps_c=0.842105 dt=81717.98s event=0 spin=0 bin=0 min_fpp=nan phi_min_fpp=nan n_valid=0/51 n_invalid_phi=0 phi_feasible=[0,1] n_success=0 max_res=1.082e+00 mean_res=3.856e-01 mode=avgE e_lin=[-3.770e+01,0.000e+00] barrier=nan bethe=none bmode=attractive borient=orbit_average bgamma=off braw_med=0.000e+00 bcorr_med=0.000e+00 bp_med=1.000e+00 status=too_few_valid_phi
[2026-05-21 01:40:46] shard 73: 3/4 eps_a=2.947 eps_c=0.737 dt=55747.0s found=Y RSS=24154416kB
[2026-05-21 01:40:46] POINT shard=73 idx=3/4 eps_a=2.94737 eps_c=0.736842 dt=55747.01s event=1 spin=1 bin=0 min_fpp=-4.290880e-02 phi_min_fpp=0.5196 n_valid=25/51 n_invalid_phi=0 phi_feasible=[0,1] n_success=25 max_res=7.934e-02 mean_res=1.031e-02 mode=avgE e_lin=[-3.099e+01,0.000e+00] barrier=nan bethe=none bmode=attractive borient=orbit_average bgamma=off braw_med=0.000e+00 bcorr_med=0.000e+00 bp_med=1.000e+00 status=ok
[2026-05-21 02:40:15] shard 94: 2/4 eps_a=3.579 eps_c=0.947 dt=79904.8s found=Y RSS=24153456kB
[2026-05-21 02:40:15] POINT shard=94 idx=2/4 eps_a=3.57895 eps_c=0.947368 dt=79904.78s event=0 spin=0 bin=0 min_fpp=nan phi_min_fpp=nan n_valid=0/51 n_invalid_phi=0 phi_feasible=[0,1] n_success=0 max_res=1.156e+00 mean_res=3.470e-01 mode=avgE e_lin=[-3.896e+01,0.000e+00] barrier=nan bethe=none bmode=attractive borient=orbit_average bgamma=off braw_med=0.000e+00 bcorr_med=0.000e+00 bp_med=1.000e+00 status=too_few_valid_phi
[2026-05-21 04:59:11] shard 86: 3/4 eps_a=1.263 eps_c=0.895 dt=106715.1s found=Y RSS=24158708kB
[2026-05-21 04:59:11] POINT shard=86 idx=3/4 eps_a=1.26316 eps_c=0.894737 dt=106715.12s event=0 spin=0 bin=0 min_fpp=nan phi_min_fpp=nan n_valid=1/51 n_invalid_phi=0 phi_feasible=[0,1] n_success=1 max_res=3.359e-01 mean_res=7.720e-02 mode=avgE e_lin=[-1.915e+01,0.000e+00] barrier=nan bethe=none bmode=attractive borient=orbit_average bgamma=off braw_med=0.000e+00 bcorr_med=0.000e+00 bp_med=1.000e+00 status=too_few_valid_phi
[2026-05-21 06:40:29] shard 64: 2/4 eps_a=3.579 eps_c=0.632 dt=83640.0s found=Y RSS=24158188kB
[2026-05-21 06:40:29] POINT shard=64 idx=2/4 eps_a=3.57895 eps_c=0.631579 dt=83640.03s event=0 spin=0 bin=0 min_fpp=nan phi_min_fpp=nan n_valid=0/51 n_invalid_phi=0 phi_feasible=[0,1] n_success=0 max_res=1.073e+00 mean_res=4.298e-01 mode=avgE e_lin=[-3.518e+01,0.000e+00] barrier=nan bethe=none bmode=attractive borient=orbit_average bgamma=off braw_med=0.000e+00 bcorr_med=0.000e+00 bp_med=1.000e+00 status=too_few_valid_phi
[2026-05-21 07:57:42] shard 97: 2/4 eps_a=1.895 eps_c=1.000 dt=97989.3s found=Y RSS=24153948kB
[2026-05-21 07:57:42] POINT shard=97 idx=2/4 eps_a=1.89474 eps_c=1 dt=97989.34s event=0 spin=0 bin=0 min_fpp=nan phi_min_fpp=nan n_valid=1/51 n_invalid_phi=0 phi_feasible=[0,1] n_success=1 max_res=1.153e+00 mean_res=2.036e-01 mode=avgE e_lin=[-2.529e+01,0.000e+00] barrier=nan bethe=none bmode=attractive borient=orbit_average bgamma=off braw_med=0.000e+00 bcorr_med=0.000e+00 bp_med=1.000e+00 status=too_few_valid_phi
[2026-05-21 08:07:16] shard 88: 2/4 eps_a=2.737 eps_c=0.895 dt=101312.1s found=Y RSS=24159032kB
[2026-05-21 08:07:16] POINT shard=88 idx=2/4 eps_a=2.73684 eps_c=0.894737 dt=101312.14s event=0 spin=0 bin=0 min_fpp=nan phi_min_fpp=nan n_valid=0/51 n_invalid_phi=0 phi_feasible=[0,1] n_success=0 max_res=8.877e-01 mean_res=3.529e-01 mode=avgE e_lin=[-3.107e+01,0.000e+00] barrier=nan bethe=none bmode=attractive borient=orbit_average bgamma=off braw_med=0.000e+00 bcorr_med=0.000e+00 bp_med=1.000e+00 status=too_few_valid_phi
[2026-05-21 08:13:36] shard 86: 4/4 eps_a=1.474 eps_c=0.895 dt=11665.3s found=Y RSS=24158712kB
[2026-05-21 08:13:36] POINT shard=86 idx=4/4 eps_a=1.47368 eps_c=0.894737 dt=11665.26s event=1 spin=1 bin=1 min_fpp=-7.545361e-01 phi_min_fpp=0.0688 n_valid=46/51 n_invalid_phi=0 phi_feasible=[0,1] n_success=46 max_res=1.960e-02 mean_res=1.166e-03 mode=avgE e_lin=[-2.073e+01,0.000e+00] barrier=1.488e-02 bethe=none bmode=attractive borient=orbit_average bgamma=off braw_med=0.000e+00 bcorr_med=0.000e+00 bp_med=1.000e+00 status=ok
[2026-05-21 08:13:36] shard 86: saved /pool/hamza/111000_scan_selfconsistent_bethe/shards/shard_0086.npz with 3 points
[2026-05-21 08:18:35] shard 78: 2/4 eps_a=2.737 eps_c=0.789 dt=100747.5s found=Y RSS=24153688kB
[2026-05-21 08:18:35] POINT shard=78 idx=2/4 eps_a=2.73684 eps_c=0.789474 dt=100747.52s event=0 spin=0 bin=0 min_fpp=nan phi_min_fpp=nan n_valid=0/51 n_invalid_phi=0 phi_feasible=[0,1] n_success=0 max_res=2.161e+00 mean_res=4.591e-01 mode=avgE e_lin=[-2.981e+01,0.000e+00] barrier=nan bethe=none bmode=attractive borient=orbit_average bgamma=off braw_med=0.000e+00 bcorr_med=0.000e+00 bp_med=1.000e+00 status=too_few_valid_phi
[2026-05-21 08:26:41] shard 93: 2/4 eps_a=2.737 eps_c=0.947 dt=101176.4s found=Y RSS=24156284kB
[2026-05-21 08:26:41] POINT shard=93 idx=2/4 eps_a=2.73684 eps_c=0.947368 dt=101176.43s event=0 spin=0 bin=0 min_fpp=nan phi_min_fpp=nan n_valid=0/51 n_invalid_phi=0 phi_feasible=[0,1] n_success=0 max_res=6.612e-01 mean_res=3.415e-01 mode=avgE e_lin=[-3.170e+01,0.000e+00] barrier=nan bethe=none bmode=attractive borient=orbit_average bgamma=off braw_med=0.000e+00 bcorr_med=0.000e+00 bp_med=1.000e+00 status=too_few_valid_phi
[2026-05-21 08:28:27] shard 98: 2/4 eps_a=2.737 eps_c=1.000 dt=100687.0s found=Y RSS=24156092kB
[2026-05-21 08:28:27] POINT shard=98 idx=2/4 eps_a=2.73684 eps_c=1 dt=100686.96s event=0 spin=0 bin=0 min_fpp=nan phi_min_fpp=nan n_valid=0/51 n_invalid_phi=0 phi_feasible=[0,1] n_success=0 max_res=7.213e-01 mean_res=3.634e-01 mode=avgE e_lin=[-3.233e+01,0.000e+00] barrier=nan bethe=none bmode=attractive borient=orbit_average bgamma=off braw_med=0.000e+00 bcorr_med=0.000e+00 bp_med=1.000e+00 status=too_few_valid_phi
[2026-05-21 08:29:31] shard 58: 4/4 eps_a=3.158 eps_c=0.579 dt=74833.8s found=Y RSS=24157544kB
[2026-05-21 08:29:31] POINT shard=58 idx=4/4 eps_a=3.15789 eps_c=0.578947 dt=74833.80s event=0 spin=0 bin=0 min_fpp=nan phi_min_fpp=nan n_valid=0/51 n_invalid_phi=0 phi_feasible=[0,1] n_success=0 max_res=1.542e+00 mean_res=3.709e-01 mode=avgE e_lin=[-3.091e+01,0.000e+00] barrier=nan bethe=none bmode=attractive borient=orbit_average bgamma=off braw_med=0.000e+00 bcorr_med=0.000e+00 bp_med=1.000e+00 status=too_few_valid_phi
[2026-05-21 08:29:31] shard 58: saved /pool/hamza/111000_scan_selfconsistent_bethe/shards/shard_0058.npz with 2 points
[2026-05-21 08:41:19] shard 79: 2/4 eps_a=3.579 eps_c=0.789 dt=100073.0s found=Y RSS=24155016kB
[2026-05-21 08:41:19] POINT shard=79 idx=2/4 eps_a=3.57895 eps_c=0.789474 dt=100073.02s event=0 spin=0 bin=0 min_fpp=nan phi_min_fpp=nan n_valid=0/51 n_invalid_phi=0 phi_feasible=[0,1] n_success=0 max_res=8.157e-01 mean_res=3.824e-01 mode=avgE e_lin=[-3.707e+01,0.000e+00] barrier=nan bethe=none bmode=attractive borient=orbit_average bgamma=off braw_med=0.000e+00 bcorr_med=0.000e+00 bp_med=1.000e+00 status=too_few_valid_phi
[2026-05-21 08:50:42] shard 83: 2/4 eps_a=2.737 eps_c=0.842 dt=99880.2s found=Y RSS=24158888kB
[2026-05-21 08:50:42] POINT shard=83 idx=2/4 eps_a=2.73684 eps_c=0.842105 dt=99880.15s event=0 spin=0 bin=0 min_fpp=nan phi_min_fpp=nan n_valid=0/51 n_invalid_phi=0 phi_feasible=[0,1] n_success=0 max_res=1.373e+00 mean_res=4.662e-01 mode=avgE e_lin=[-3.044e+01,0.000e+00] barrier=nan bethe=none bmode=attractive borient=orbit_average bgamma=off braw_med=0.000e+00 bcorr_med=0.000e+00 bp_med=1.000e+00 status=too_few_valid_phi
[2026-05-21 09:58:38] shard 99: 2/4 eps_a=3.579 eps_c=1.000 dt=98097.9s found=Y RSS=24155688kB
[2026-05-21 09:58:38] POINT shard=99 idx=2/4 eps_a=3.57895 eps_c=1 dt=98097.90s event=0 spin=0 bin=0 min_fpp=nan phi_min_fpp=nan n_valid=0/51 n_invalid_phi=0 phi_feasible=[0,1] n_success=0 max_res=1.060e+00 mean_res=3.227e-01 mode=avgE e_lin=[-3.960e+01,0.000e+00] barrier=nan bethe=none bmode=attractive borient=orbit_average bgamma=off braw_med=0.000e+00 bcorr_med=0.000e+00 bp_med=1.000e+00 status=too_few_valid_phi
[2026-05-21 10:12:37] shard 89: 2/4 eps_a=3.579 eps_c=0.895 dt=96742.1s found=Y RSS=24158448kB
[2026-05-21 10:12:37] POINT shard=89 idx=2/4 eps_a=3.57895 eps_c=0.894737 dt=96742.09s event=0 spin=0 bin=0 min_fpp=nan phi_min_fpp=nan n_valid=0/51 n_invalid_phi=0 phi_feasible=[0,1] n_success=0 max_res=8.900e-01 mean_res=3.715e-01 mode=avgE e_lin=[-3.833e+01,0.000e+00] barrier=nan bethe=none bmode=attractive borient=orbit_average bgamma=off braw_med=0.000e+00 bcorr_med=0.000e+00 bp_med=1.000e+00 status=too_few_valid_phi
[2026-05-21 10:45:10] shard 87: 3/4 eps_a=2.105 eps_c=0.895 dt=92185.5s found=Y RSS=24156268kB
[2026-05-21 10:45:10] POINT shard=87 idx=3/4 eps_a=2.10526 eps_c=0.894737 dt=92185.52s event=0 spin=0 bin=0 min_fpp=nan phi_min_fpp=nan n_valid=1/51 n_invalid_phi=0 phi_feasible=[0,1] n_success=1 max_res=1.925e+00 mean_res=2.851e-01 mode=avgE e_lin=[-2.574e+01,0.000e+00] barrier=nan bethe=none bmode=attractive borient=orbit_average bgamma=off braw_med=0.000e+00 bcorr_med=0.000e+00 bp_med=1.000e+00 status=too_few_valid_phi
[2026-05-21 11:40:41] shard 97: 3/4 eps_a=2.105 eps_c=1.000 dt=13379.2s found=Y RSS=24154628kB
[2026-05-21 11:40:41] POINT shard=97 idx=3/4 eps_a=2.10526 eps_c=1 dt=13379.21s event=1 spin=1 bin=1 min_fpp=-7.888239e-01 phi_min_fpp=0.1276 n_valid=44/51 n_invalid_phi=0 phi_feasible=[0,1] n_success=44 max_res=1.960e-02 mean_res=8.957e-04 mode=avgE e_lin=[-2.701e+01,0.000e+00] barrier=1.417e-02 bethe=none bmode=attractive borient=orbit_average bgamma=off braw_med=0.000e+00 bcorr_med=0.000e+00 bp_med=1.000e+00 status=ok
[2026-05-21 12:52:58] shard 91: 4/4 eps_a=1.474 eps_c=0.947 dt=70254.7s found=Y RSS=24153924kB
[2026-05-21 12:52:58] POINT shard=91 idx=4/4 eps_a=1.47368 eps_c=0.947368 dt=70254.70s event=0 spin=0 bin=0 min_fpp=nan phi_min_fpp=nan n_valid=1/51 n_invalid_phi=0 phi_feasible=[0,1] n_success=1 max_res=5.754e-01 mean_res=1.339e-01 mode=avgE e_lin=[-2.136e+01,0.000e+00] barrier=nan bethe=none bmode=attractive borient=orbit_average bgamma=off braw_med=0.000e+00 bcorr_med=0.000e+00 bp_med=1.000e+00 status=too_few_valid_phi
[2026-05-21 12:52:58] shard 91: saved /pool/hamza/111000_scan_selfconsistent_bethe/shards/shard_0091.npz with 2 points
[2026-05-21 13:14:13] shard 87: 4/4 eps_a=2.316 eps_c=0.895 dt=8943.1s found=Y RSS=24156284kB
[2026-05-21 13:14:13] POINT shard=87 idx=4/4 eps_a=2.31579 eps_c=0.894737 dt=8943.12s event=1 spin=1 bin=1 min_fpp=-8.849906e-01 phi_min_fpp=0.0884 n_valid=45/51 n_invalid_phi=0 phi_feasible=[0,1] n_success=45 max_res=1.960e-02 mean_res=1.275e-03 mode=avgE e_lin=[-2.749e+01,0.000e+00] barrier=1.695e-02 bethe=none bmode=attractive borient=orbit_average bgamma=off braw_med=0.000e+00 bcorr_med=0.000e+00 bp_med=1.000e+00 status=ok
[2026-05-21 13:14:14] shard 87: saved /pool/hamza/111000_scan_selfconsistent_bethe/shards/shard_0087.npz with 2 points
[2026-05-21 13:48:37] shard 73: 4/4 eps_a=3.158 eps_c=0.737 dt=43670.1s found=Y RSS=24154424kB
[2026-05-21 13:48:37] POINT shard=73 idx=4/4 eps_a=3.15789 eps_c=0.736842 dt=43670.13s event=1 spin=1 bin=0 min_fpp=-2.127484e-02 phi_min_fpp=0.5392 n_valid=25/51 n_invalid_phi=0 phi_feasible=[0,1] n_success=25 max_res=9.023e-02 mean_res=1.497e-02 mode=avgE e_lin=[-3.281e+01,0.000e+00] barrier=nan bethe=none bmode=attractive borient=orbit_average bgamma=off braw_med=0.000e+00 bcorr_med=0.000e+00 bp_med=1.000e+00 status=ok
[2026-05-21 13:48:37] shard 73: saved /pool/hamza/111000_scan_selfconsistent_bethe/shards/shard_0073.npz with 3 points
[2026-05-21 13:55:12] shard 72: 4/4 eps_a=2.316 eps_c=0.737 dt=87498.3s found=Y RSS=24156392kB
[2026-05-21 13:55:12] POINT shard=72 idx=4/4 eps_a=2.31579 eps_c=0.736842 dt=87498.31s event=0 spin=0 bin=0 min_fpp=nan phi_min_fpp=nan n_valid=1/51 n_invalid_phi=0 phi_feasible=[0,1] n_success=1 max_res=2.432e+00 mean_res=3.025e-01 mode=avgE e_lin=[-2.560e+01,0.000e+00] barrier=nan bethe=none bmode=attractive borient=orbit_average bgamma=off braw_med=0.000e+00 bcorr_med=0.000e+00 bp_med=1.000e+00 status=too_few_valid_phi
[2026-05-21 13:55:12] shard 72: saved /pool/hamza/111000_scan_selfconsistent_bethe/shards/shard_0072.npz with 2 points
[2026-05-21 14:39:24] shard 82: 4/4 eps_a=2.316 eps_c=0.842 dt=84275.2s found=Y RSS=24154272kB
[2026-05-21 14:39:24] POINT shard=82 idx=4/4 eps_a=2.31579 eps_c=0.842105 dt=84275.21s event=0 spin=0 bin=0 min_fpp=nan phi_min_fpp=nan n_valid=1/51 n_invalid_phi=0 phi_feasible=[0,1] n_success=1 max_res=2.414e+00 mean_res=4.420e-01 mode=avgE e_lin=[-2.686e+01,0.000e+00] barrier=nan bethe=none bmode=attractive borient=orbit_average bgamma=off braw_med=0.000e+00 bcorr_med=0.000e+00 bp_med=1.000e+00 status=too_few_valid_phi
[2026-05-21 14:39:24] shard 82: saved /pool/hamza/111000_scan_selfconsistent_bethe/shards/shard_0082.npz with 2 points
[2026-05-21 15:08:27] shard 92: 4/4 eps_a=2.316 eps_c=0.947 dt=82480.6s found=Y RSS=24157024kB
[2026-05-21 15:08:27] POINT shard=92 idx=4/4 eps_a=2.31579 eps_c=0.947368 dt=82480.62s event=0 spin=0 bin=0 min_fpp=nan phi_min_fpp=nan n_valid=1/51 n_invalid_phi=0 phi_feasible=[0,1] n_success=1 max_res=2.415e+00 mean_res=5.516e-01 mode=avgE e_lin=[-2.813e+01,0.000e+00] barrier=nan bethe=none bmode=attractive borient=orbit_average bgamma=off braw_med=0.000e+00 bcorr_med=0.000e+00 bp_med=1.000e+00 status=too_few_valid_phi
[2026-05-21 15:08:27] shard 92: saved /pool/hamza/111000_scan_selfconsistent_bethe/shards/shard_0092.npz with 2 points
[2026-05-21 17:26:15] shard 74: 3/4 eps_a=3.789 eps_c=0.737 dt=64369.9s found=Y RSS=24152364kB
[2026-05-21 17:26:15] POINT shard=74 idx=3/4 eps_a=3.78947 eps_c=0.736842 dt=64369.87s event=0 spin=0 bin=0 min_fpp=nan phi_min_fpp=nan n_valid=0/51 n_invalid_phi=0 phi_feasible=[0,1] n_success=0 max_res=9.533e-01 mean_res=3.470e-01 mode=avgE e_lin=[-3.825e+01,0.000e+00] barrier=nan bethe=none bmode=attractive borient=orbit_average bgamma=off braw_med=0.000e+00 bcorr_med=0.000e+00 bp_med=1.000e+00 status=too_few_valid_phi
[2026-05-21 18:03:08] shard 54: 3/4 eps_a=3.789 eps_c=0.526 dt=63524.2s found=Y RSS=24155148kB
[2026-05-21 18:03:08] POINT shard=54 idx=3/4 eps_a=3.78947 eps_c=0.526316 dt=63524.20s event=0 spin=0 bin=0 min_fpp=nan phi_min_fpp=nan n_valid=0/51 n_invalid_phi=0 phi_feasible=[0,1] n_success=0 max_res=7.657e-01 mean_res=3.799e-01 mode=avgE e_lin=[-3.572e+01,0.000e+00] barrier=nan bethe=none bmode=attractive borient=orbit_average bgamma=off braw_med=0.000e+00 bcorr_med=0.000e+00 bp_med=1.000e+00 status=too_few_valid_phi
[2026-05-21 18:15:13] shard 96: 4/4 eps_a=1.474 eps_c=1.000 dt=71837.6s found=Y RSS=24153900kB
[2026-05-21 18:15:13] POINT shard=96 idx=4/4 eps_a=1.47368 eps_c=1 dt=71837.60s event=0 spin=0 bin=0 min_fpp=nan phi_min_fpp=nan n_valid=1/51 n_invalid_phi=0 phi_feasible=[0,1] n_success=1 max_res=5.212e-01 mean_res=1.495e-01 mode=avgE e_lin=[-2.199e+01,0.000e+00] barrier=nan bethe=none bmode=attractive borient=orbit_average bgamma=off braw_med=0.000e+00 bcorr_med=0.000e+00 bp_med=1.000e+00 status=too_few_valid_phi
[2026-05-21 18:15:13] shard 96: saved /pool/hamza/111000_scan_selfconsistent_bethe/shards/shard_0096.npz with 2 points
[2026-05-21 18:35:58] shard 84: 3/4 eps_a=3.789 eps_c=0.842 dt=62838.4s found=Y RSS=24156472kB
[2026-05-21 18:35:58] POINT shard=84 idx=3/4 eps_a=3.78947 eps_c=0.842105 dt=62838.36s event=0 spin=0 bin=0 min_fpp=nan phi_min_fpp=nan n_valid=0/51 n_invalid_phi=0 phi_feasible=[0,1] n_success=0 max_res=1.074e+00 mean_res=3.203e-01 mode=avgE e_lin=[-3.951e+01,0.000e+00] barrier=nan bethe=none bmode=attractive borient=orbit_average bgamma=off braw_med=0.000e+00 bcorr_med=0.000e+00 bp_med=1.000e+00 status=too_few_valid_phi
[2026-05-21 19:38:51] shard 94: 3/4 eps_a=3.789 eps_c=0.947 dt=61115.4s found=Y RSS=24153460kB
[2026-05-21 19:38:51] POINT shard=94 idx=3/4 eps_a=3.78947 eps_c=0.947368 dt=61115.42s event=0 spin=0 bin=0 min_fpp=nan phi_min_fpp=nan n_valid=0/51 n_invalid_phi=0 phi_feasible=[0,1] n_success=0 max_res=1.537e+00 mean_res=3.468e-01 mode=avgE e_lin=[-4.077e+01,0.000e+00] barrier=nan bethe=none bmode=attractive borient=orbit_average bgamma=off braw_med=0.000e+00 bcorr_med=0.000e+00 bp_med=1.000e+00 status=too_few_valid_phi
[2026-05-21 19:58:52] shard 97: 4/4 eps_a=2.316 eps_c=1.000 dt=29891.0s found=Y RSS=24154664kB
[2026-05-21 19:58:52] POINT shard=97 idx=4/4 eps_a=2.31579 eps_c=1 dt=29891.03s event=1 spin=1 bin=1 min_fpp=-9.680602e-02 phi_min_fpp=0.5196 n_valid=25/51 n_invalid_phi=0 phi_feasible=[0,1] n_success=25 max_res=4.780e-01 mean_res=3.392e-02 mode=avgE e_lin=[-2.876e+01,0.000e+00] barrier=1.106e-04 bethe=none bmode=attractive borient=orbit_average bgamma=off braw_med=0.000e+00 bcorr_med=0.000e+00 bp_med=1.000e+00 status=ok
[2026-05-21 19:58:52] shard 97: saved /pool/hamza/111000_scan_selfconsistent_bethe/shards/shard_0097.npz with 2 points
[2026-05-21 22:31:36] shard 64: 3/4 eps_a=3.789 eps_c=0.632 dt=57067.5s found=Y RSS=24158196kB
[2026-05-21 22:31:36] POINT shard=64 idx=3/4 eps_a=3.78947 eps_c=0.631579 dt=57067.46s event=0 spin=0 bin=0 min_fpp=nan phi_min_fpp=nan n_valid=0/51 n_invalid_phi=0 phi_feasible=[0,1] n_success=0 max_res=1.051e+00 mean_res=3.810e-01 mode=avgE e_lin=[-3.698e+01,0.000e+00] barrier=nan bethe=none bmode=attractive borient=orbit_average bgamma=off braw_med=0.000e+00 bcorr_med=0.000e+00 bp_med=1.000e+00 status=too_few_valid_phi
[2026-05-21 23:59:00] shard 78: 3/4 eps_a=2.947 eps_c=0.789 dt=56425.2s found=Y RSS=24153692kB
[2026-05-21 23:59:00] POINT shard=78 idx=3/4 eps_a=2.94737 eps_c=0.789474 dt=56425.21s event=0 spin=0 bin=0 min_fpp=nan phi_min_fpp=nan n_valid=1/51 n_invalid_phi=0 phi_feasible=[0,1] n_success=1 max_res=1.924e+00 mean_res=4.111e-01 mode=avgE e_lin=[-3.162e+01,0.000e+00] barrier=nan bethe=none bmode=attractive borient=orbit_average bgamma=off braw_med=0.000e+00 bcorr_med=0.000e+00 bp_med=1.000e+00 status=too_few_valid_phi
[2026-05-22 00:08:56] shard 88: 3/4 eps_a=2.947 eps_c=0.895 dt=57699.2s found=Y RSS=24159032kB
[2026-05-22 00:08:56] POINT shard=88 idx=3/4 eps_a=2.94737 eps_c=0.894737 dt=57699.22s event=0 spin=0 bin=0 min_fpp=nan phi_min_fpp=nan n_valid=0/51 n_invalid_phi=0 phi_feasible=[0,1] n_success=0 max_res=7.716e-01 mean_res=3.692e-01 mode=avgE e_lin=[-3.288e+01,0.000e+00] barrier=nan bethe=none bmode=attractive borient=orbit_average bgamma=off braw_med=0.000e+00 bcorr_med=0.000e+00 bp_med=1.000e+00 status=too_few_valid_phi
[2026-05-22 00:12:27] shard 98: 3/4 eps_a=2.947 eps_c=1.000 dt=56639.8s found=Y RSS=24156096kB
[2026-05-22 00:12:27] POINT shard=98 idx=3/4 eps_a=2.94737 eps_c=1 dt=56639.83s event=0 spin=0 bin=0 min_fpp=nan phi_min_fpp=nan n_valid=0/51 n_invalid_phi=0 phi_feasible=[0,1] n_success=0 max_res=8.887e-01 mean_res=3.923e-01 mode=avgE e_lin=[-3.415e+01,0.000e+00] barrier=nan bethe=none bmode=attractive borient=orbit_average bgamma=off braw_med=0.000e+00 bcorr_med=0.000e+00 bp_med=1.000e+00 status=too_few_valid_phi
[2026-05-22 00:17:17] shard 93: 3/4 eps_a=2.947 eps_c=0.947 dt=57035.5s found=Y RSS=24156284kB
[2026-05-22 00:17:17] POINT shard=93 idx=3/4 eps_a=2.94737 eps_c=0.947368 dt=57035.47s event=0 spin=0 bin=0 min_fpp=nan phi_min_fpp=nan n_valid=0/51 n_invalid_phi=0 phi_feasible=[0,1] n_success=0 max_res=8.558e-01 mean_res=3.665e-01 mode=avgE e_lin=[-3.351e+01,0.000e+00] barrier=nan bethe=none bmode=attractive borient=orbit_average bgamma=off braw_med=0.000e+00 bcorr_med=0.000e+00 bp_med=1.000e+00 status=too_few_valid_phi
[2026-05-22 00:25:27] shard 83: 3/4 eps_a=2.947 eps_c=0.842 dt=56084.4s found=Y RSS=24158892kB
[2026-05-22 00:25:27] POINT shard=83 idx=3/4 eps_a=2.94737 eps_c=0.842105 dt=56084.42s event=0 spin=0 bin=0 min_fpp=nan phi_min_fpp=nan n_valid=0/51 n_invalid_phi=0 phi_feasible=[0,1] n_success=0 max_res=1.330e+00 mean_res=4.150e-01 mode=avgE e_lin=[-3.225e+01,0.000e+00] barrier=nan bethe=none bmode=attractive borient=orbit_average bgamma=off braw_med=0.000e+00 bcorr_med=0.000e+00 bp_med=1.000e+00 status=too_few_valid_phi
[2026-05-22 00:31:15] shard 79: 3/4 eps_a=3.789 eps_c=0.789 dt=56996.4s found=Y RSS=24155016kB
[2026-05-22 00:31:15] POINT shard=79 idx=3/4 eps_a=3.78947 eps_c=0.789474 dt=56996.39s event=0 spin=0 bin=0 min_fpp=nan phi_min_fpp=nan n_valid=0/51 n_invalid_phi=0 phi_feasible=[0,1] n_success=0 max_res=1.013e+00 mean_res=3.438e-01 mode=avgE e_lin=[-3.888e+01,0.000e+00] barrier=nan bethe=none bmode=attractive borient=orbit_average bgamma=off braw_med=0.000e+00 bcorr_med=0.000e+00 bp_med=1.000e+00 status=too_few_valid_phi
[2026-05-22 01:06:34] shard 99: 3/4 eps_a=3.789 eps_c=1.000 dt=54476.5s found=Y RSS=24155688kB
[2026-05-22 01:06:34] POINT shard=99 idx=3/4 eps_a=3.78947 eps_c=1 dt=54476.53s event=0 spin=0 bin=0 min_fpp=nan phi_min_fpp=nan n_valid=0/51 n_invalid_phi=0 phi_feasible=[0,1] n_success=0 max_res=1.179e+00 mean_res=3.679e-01 mode=avgE e_lin=[-4.140e+01,0.000e+00] barrier=nan bethe=none bmode=attractive borient=orbit_average bgamma=off braw_med=0.000e+00 bcorr_med=0.000e+00 bp_med=1.000e+00 status=too_few_valid_phi
[2026-05-22 01:30:08] shard 89: 3/4 eps_a=3.789 eps_c=0.895 dt=55051.6s found=Y RSS=24159100kB
[2026-05-22 01:30:08] POINT shard=89 idx=3/4 eps_a=3.78947 eps_c=0.894737 dt=55051.64s event=0 spin=0 bin=0 min_fpp=nan phi_min_fpp=nan n_valid=0/51 n_invalid_phi=0 phi_feasible=[0,1] n_success=0 max_res=1.651e+00 mean_res=3.598e-01 mode=avgE e_lin=[-4.014e+01,0.000e+00] barrier=nan bethe=none bmode=attractive borient=orbit_average bgamma=off braw_med=0.000e+00 bcorr_med=0.000e+00 bp_med=1.000e+00 status=too_few_valid_phi
[2026-05-22 06:41:44] shard 74: 4/4 eps_a=4.000 eps_c=0.737 dt=47729.3s found=Y RSS=24152376kB
[2026-05-22 06:41:44] POINT shard=74 idx=4/4 eps_a=4 eps_c=0.736842 dt=47729.35s event=0 spin=0 bin=0 min_fpp=nan phi_min_fpp=nan n_valid=0/51 n_invalid_phi=0 phi_feasible=[0,1] n_success=0 max_res=9.434e-01 mean_res=3.952e-01 mode=avgE e_lin=[-4.005e+01,0.000e+00] barrier=nan bethe=none bmode=attractive borient=orbit_average bgamma=off braw_med=0.000e+00 bcorr_med=0.000e+00 bp_med=1.000e+00 status=too_few_valid_phi
[2026-05-22 06:41:44] shard 74: saved /pool/hamza/111000_scan_selfconsistent_bethe/shards/shard_0074.npz with 0 points
[2026-05-22 07:34:44] shard 54: 4/4 eps_a=4.000 eps_c=0.526 dt=48695.6s found=Y RSS=24155160kB
[2026-05-22 07:34:44] POINT shard=54 idx=4/4 eps_a=4 eps_c=0.526316 dt=48695.61s event=0 spin=0 bin=0 min_fpp=nan phi_min_fpp=nan n_valid=0/51 n_invalid_phi=0 phi_feasible=[0,1] n_success=0 max_res=7.081e-01 mean_res=3.436e-01 mode=avgE e_lin=[-3.752e+01,0.000e+00] barrier=nan bethe=none bmode=attractive borient=orbit_average bgamma=off braw_med=0.000e+00 bcorr_med=0.000e+00 bp_med=1.000e+00 status=too_few_valid_phi
[2026-05-22 07:34:44] shard 54: saved /pool/hamza/111000_scan_selfconsistent_bethe/shards/shard_0054.npz with 0 points
[2026-05-22 07:51:35] shard 84: 4/4 eps_a=4.000 eps_c=0.842 dt=47737.8s found=Y RSS=24156480kB
[2026-05-22 07:51:35] POINT shard=84 idx=4/4 eps_a=4 eps_c=0.842105 dt=47737.79s event=0 spin=0 bin=0 min_fpp=nan phi_min_fpp=nan n_valid=0/51 n_invalid_phi=0 phi_feasible=[0,1] n_success=0 max_res=8.486e-01 mean_res=4.568e-01 mode=avgE e_lin=[-4.131e+01,0.000e+00] barrier=nan bethe=none bmode=attractive borient=orbit_average bgamma=off braw_med=0.000e+00 bcorr_med=0.000e+00 bp_med=1.000e+00 status=too_few_valid_phi
[2026-05-22 07:51:35] shard 84: saved /pool/hamza/111000_scan_selfconsistent_bethe/shards/shard_0084.npz with 0 points
[2026-05-22 08:38:55] shard 94: 4/4 eps_a=4.000 eps_c=0.947 dt=46803.8s found=Y RSS=24153468kB
[2026-05-22 08:38:55] POINT shard=94 idx=4/4 eps_a=4 eps_c=0.947368 dt=46803.77s event=0 spin=0 bin=0 min_fpp=nan phi_min_fpp=nan n_valid=0/51 n_invalid_phi=0 phi_feasible=[0,1] n_success=0 max_res=9.121e-01 mean_res=4.774e-01 mode=avgE e_lin=[-4.257e+01,0.000e+00] barrier=nan bethe=none bmode=attractive borient=orbit_average bgamma=off braw_med=0.000e+00 bcorr_med=0.000e+00 bp_med=1.000e+00 status=too_few_valid_phi
[2026-05-22 08:38:55] shard 94: saved /pool/hamza/111000_scan_selfconsistent_bethe/shards/shard_0094.npz with 0 points
[2026-05-22 11:12:29] shard 64: 4/4 eps_a=4.000 eps_c=0.632 dt=45652.7s found=Y RSS=24158204kB
[2026-05-22 11:12:29] POINT shard=64 idx=4/4 eps_a=4 eps_c=0.631579 dt=45652.67s event=0 spin=0 bin=0 min_fpp=nan phi_min_fpp=nan n_valid=0/51 n_invalid_phi=0 phi_feasible=[0,1] n_success=0 max_res=1.018e+00 mean_res=3.755e-01 mode=avgE e_lin=[-3.878e+01,0.000e+00] barrier=nan bethe=none bmode=attractive borient=orbit_average bgamma=off braw_med=0.000e+00 bcorr_med=0.000e+00 bp_med=1.000e+00 status=too_few_valid_phi
[2026-05-22 11:12:29] shard 64: saved /pool/hamza/111000_scan_selfconsistent_bethe/shards/shard_0064.npz with 0 points
