==================================================
job id         : 11433
partition      : volta-cpu
nodelist       : node200
nodes          : 1
ntasks         : 10
submit dir     : /pool/hamza/threed/cube_minimal_workflows
script         : /pool/hamza/threed/cube_minimal_workflows/cube_spinodal_scan_representative_selfconsistent_bethe.py
case tag       : 000011
patches file   : /pool/hamza/threed/cube_minimal_workflows/000011_patches.npy
cache path     : /pool/hamza/threed/cube_minimal_workflows/cache/000011_cache_streaming_representative_dir
mmap dir       : /pool/hamza/000011_scan_selfconsistent_bethe/cache_mmap_representative
shard dir      : /pool/hamza/000011_scan_selfconsistent_bethe/shards
final npz      : /pool/hamza/000011_scan_selfconsistent_bethe/000011_selfconsistent_bethe_spinodal_scan.npz
grid           : 10 x 20
phis           : 101
closure        : representative baseline + optional post-solve Bethe diagnostic correction
linear term    : logZ
registry mode  : boltzmann
factor         : 6.0
boundary quotient: 1
fallback Newton : 1
bethe correction : selfconsistent_boundary_bethe
bethe strength   : 0.0
bethe contact factor: 1.0
bethe compat mode: attractive
bethe orientation: orbit_average
bethe threshold  : 1e-12
bethe max iter   : 500
bethe tol        : 1e-10
bethe sc max iter: 20
bethe sc tol     : 1e-5
bethe sc damping : 0.5
==================================================
[prepare] unpacking cache into mmap format (with bond_hist)...
[prepare-mmap] already prepared: /pool/hamza/000011_scan_selfconsistent_bethe/cache_mmap_representative
[stage] copying mmap cache to local disk on each node...
'/pool/hamza/000011_scan_selfconsistent_bethe/cache_mmap_representative/bond_hist.npy' -> '/tmp/11433_mmap_cache_representative_bethe/bond_hist.npy'
'/pool/hamza/000011_scan_selfconsistent_bethe/cache_mmap_representative/boundary_orbit_mult.npy' -> '/tmp/11433_mmap_cache_representative_bethe/boundary_orbit_mult.npy'
'/pool/hamza/000011_scan_selfconsistent_bethe/cache_mmap_representative/cfg.npy' -> '/tmp/11433_mmap_cache_representative_bethe/cfg.npy'
'/pool/hamza/000011_scan_selfconsistent_bethe/cache_mmap_representative/group_keys.npy' -> '/tmp/11433_mmap_cache_representative_bethe/group_keys.npy'
'/pool/hamza/000011_scan_selfconsistent_bethe/cache_mmap_representative/group_orbit_mult.npy' -> '/tmp/11433_mmap_cache_representative_bethe/group_orbit_mult.npy'
'/pool/hamza/000011_scan_selfconsistent_bethe/cache_mmap_representative/group_ptr.npy' -> '/tmp/11433_mmap_cache_representative_bethe/group_ptr.npy'
'/pool/hamza/000011_scan_selfconsistent_bethe/cache_mmap_representative/m_patch.npy' -> '/tmp/11433_mmap_cache_representative_bethe/m_patch.npy'
'/pool/hamza/000011_scan_selfconsistent_bethe/cache_mmap_representative/patch_group_ptr.npy' -> '/tmp/11433_mmap_cache_representative_bethe/patch_group_ptr.npy'
'/pool/hamza/000011_scan_selfconsistent_bethe/cache_mmap_representative/patch_to_small.npy' -> '/tmp/11433_mmap_cache_representative_bethe/patch_to_small.npy'
'/pool/hamza/000011_scan_selfconsistent_bethe/cache_mmap_representative/patch_to_species.npy' -> '/tmp/11433_mmap_cache_representative_bethe/patch_to_species.npy'
'/pool/hamza/000011_scan_selfconsistent_bethe/cache_mmap_representative/species_counts.npy' -> '/tmp/11433_mmap_cache_representative_bethe/species_counts.npy'
'/pool/hamza/000011_scan_selfconsistent_bethe/cache_mmap_representative/meta.npz' -> '/tmp/11433_mmap_cache_representative_bethe/meta.npz'
'/pool/hamza/000011_scan_selfconsistent_bethe/cache_mmap_representative/.ready' -> '/tmp/11433_mmap_cache_representative_bethe/.ready'
[node200] copied mmap cache to /tmp/11433_mmap_cache_representative_bethe (1.7M)
[stage] run shards
[2026-05-14 01:33:41] loading mmap cache from /tmp/11433_mmap_cache_representative_bethe
[2026-05-14 01:33:41] loading mmap cache from /tmp/11433_mmap_cache_representative_bethe
[2026-05-14 01:33:41] workspace allocated: n_groups=2836, n_ft=81, factor=6.0, linear_term_mode=logZ, registry_mode=boltzmann, use_boundary_quotient=True, cfg_includes_full_orbit=True, boundary_orbit_mult[min,max,mean]=(1.0, 24.0, 23.108603667136812), boundary_patch_mode=canonical_representative_undirected_face_patterns, boundary_sparse_entries=15856, patches_per_group_mean=5.590973201692525, m_patch_sum[min,max]=(6.0,6.0)
[2026-05-14 01:33:41] RSS after setup: VmRSS:	  135680 kB
[2026-05-14 01:33:41] shard 6/10: range=[120, 140) count=20
[2026-05-14 01:33:41] workspace allocated: n_groups=2836, n_ft=81, factor=6.0, linear_term_mode=logZ, registry_mode=boltzmann, use_boundary_quotient=True, cfg_includes_full_orbit=True, boundary_orbit_mult[min,max,mean]=(1.0, 24.0, 23.108603667136812), boundary_patch_mode=canonical_representative_undirected_face_patterns, boundary_sparse_entries=15856, patches_per_group_mean=5.590973201692525, m_patch_sum[min,max]=(6.0,6.0)
[2026-05-14 01:33:41] RSS after setup: VmRSS:	  135680 kB
[2026-05-14 01:33:41] shard 7/10: range=[140, 160) count=20
[2026-05-14 01:33:41] loading mmap cache from /tmp/11433_mmap_cache_representative_bethe
[2026-05-14 01:33:41] loading mmap cache from /tmp/11433_mmap_cache_representative_bethe
[2026-05-14 01:33:41] loading mmap cache from /tmp/11433_mmap_cache_representative_bethe
[2026-05-14 01:33:41] loading mmap cache from /tmp/11433_mmap_cache_representative_bethe
[2026-05-14 01:33:41] loading mmap cache from /tmp/11433_mmap_cache_representative_bethe
[2026-05-14 01:33:41] loading mmap cache from /tmp/11433_mmap_cache_representative_bethe
[2026-05-14 01:33:41] workspace allocated: n_groups=2836, n_ft=81, factor=6.0, linear_term_mode=logZ, registry_mode=boltzmann, use_boundary_quotient=True, cfg_includes_full_orbit=True, boundary_orbit_mult[min,max,mean]=(1.0, 24.0, 23.108603667136812), boundary_patch_mode=canonical_representative_undirected_face_patterns, boundary_sparse_entries=15856, patches_per_group_mean=5.590973201692525, m_patch_sum[min,max]=(6.0,6.0)
[2026-05-14 01:33:41] RSS after setup: VmRSS:	  133760 kB
[2026-05-14 01:33:41] shard 3/10: range=[60, 80) count=20
[2026-05-14 01:33:41] loading mmap cache from /tmp/11433_mmap_cache_representative_bethe
[2026-05-14 01:33:41] workspace allocated: n_groups=2836, n_ft=81, factor=6.0, linear_term_mode=logZ, registry_mode=boltzmann, use_boundary_quotient=True, cfg_includes_full_orbit=True, boundary_orbit_mult[min,max,mean]=(1.0, 24.0, 23.108603667136812), boundary_patch_mode=canonical_representative_undirected_face_patterns, boundary_sparse_entries=15856, patches_per_group_mean=5.590973201692525, m_patch_sum[min,max]=(6.0,6.0)
[2026-05-14 01:33:41] RSS after setup: VmRSS:	  133760 kB
[2026-05-14 01:33:41] loading mmap cache from /tmp/11433_mmap_cache_representative_bethe
[2026-05-14 01:33:41] shard 2/10: range=[40, 60) count=20
[2026-05-14 01:33:41] workspace allocated: n_groups=2836, n_ft=81, factor=6.0, linear_term_mode=logZ, registry_mode=boltzmann, use_boundary_quotient=True, cfg_includes_full_orbit=True, boundary_orbit_mult[min,max,mean]=(1.0, 24.0, 23.108603667136812), boundary_patch_mode=canonical_representative_undirected_face_patterns, boundary_sparse_entries=15856, patches_per_group_mean=5.590973201692525, m_patch_sum[min,max]=(6.0,6.0)
[2026-05-14 01:33:41] RSS after setup: VmRSS:	  135040 kB
[2026-05-14 01:33:41] shard 1/10: range=[20, 40) count=20
[2026-05-14 01:33:41] workspace allocated: n_groups=2836, n_ft=81, factor=6.0, linear_term_mode=logZ, registry_mode=boltzmann, use_boundary_quotient=True, cfg_includes_full_orbit=True, boundary_orbit_mult[min,max,mean]=(1.0, 24.0, 23.108603667136812), boundary_patch_mode=canonical_representative_undirected_face_patterns, boundary_sparse_entries=15856, patches_per_group_mean=5.590973201692525, m_patch_sum[min,max]=(6.0,6.0)
[2026-05-14 01:33:41] RSS after setup: VmRSS:	  135680 kB
[2026-05-14 01:33:41] shard 0/10: range=[0, 20) count=20
[2026-05-14 01:33:41] workspace allocated: n_groups=2836, n_ft=81, factor=6.0, linear_term_mode=logZ, registry_mode=boltzmann, use_boundary_quotient=True, cfg_includes_full_orbit=True, boundary_orbit_mult[min,max,mean]=(1.0, 24.0, 23.108603667136812), boundary_patch_mode=canonical_representative_undirected_face_patterns, boundary_sparse_entries=15856, patches_per_group_mean=5.590973201692525, m_patch_sum[min,max]=(6.0,6.0)
[2026-05-14 01:33:41] RSS after setup: VmRSS:	  135040 kB
[2026-05-14 01:33:41] shard 8/10: range=[160, 180) count=20
[2026-05-14 01:33:41] workspace allocated: n_groups=2836, n_ft=81, factor=6.0, linear_term_mode=logZ, registry_mode=boltzmann, use_boundary_quotient=True, cfg_includes_full_orbit=True, boundary_orbit_mult[min,max,mean]=(1.0, 24.0, 23.108603667136812), boundary_patch_mode=canonical_representative_undirected_face_patterns, boundary_sparse_entries=15856, patches_per_group_mean=5.590973201692525, m_patch_sum[min,max]=(6.0,6.0)
[2026-05-14 01:33:41] RSS after setup: VmRSS:	  135680 kB
[2026-05-14 01:33:41] shard 5/10: range=[100, 120) count=20
[2026-05-14 01:33:41] workspace allocated: n_groups=2836, n_ft=81, factor=6.0, linear_term_mode=logZ, registry_mode=boltzmann, use_boundary_quotient=True, cfg_includes_full_orbit=True, boundary_orbit_mult[min,max,mean]=(1.0, 24.0, 23.108603667136812), boundary_patch_mode=canonical_representative_undirected_face_patterns, boundary_sparse_entries=15856, patches_per_group_mean=5.590973201692525, m_patch_sum[min,max]=(6.0,6.0)
[2026-05-14 01:33:41] RSS after setup: VmRSS:	  135680 kB
[2026-05-14 01:33:41] shard 4/10: range=[80, 100) count=20
[2026-05-14 01:33:41] workspace allocated: n_groups=2836, n_ft=81, factor=6.0, linear_term_mode=logZ, registry_mode=boltzmann, use_boundary_quotient=True, cfg_includes_full_orbit=True, boundary_orbit_mult[min,max,mean]=(1.0, 24.0, 23.108603667136812), boundary_patch_mode=canonical_representative_undirected_face_patterns, boundary_sparse_entries=15856, patches_per_group_mean=5.590973201692525, m_patch_sum[min,max]=(6.0,6.0)
[2026-05-14 01:33:41] RSS after setup: VmRSS:	  135040 kB
[2026-05-14 01:33:41] shard 9/10: range=[180, 200) count=20
[2026-05-14 01:34:12] shard 5: 1/20 eps_a=0.000 eps_c=0.526 dt=30.9s found=Y RSS=202600kB
[2026-05-14 01:34:12] POINT shard=5 idx=1/20 eps_a=0 eps_c=0.526316 dt=30.89s event=0 spin=0 bin=0 min_fpp=6.254085e-01 phi_min_fpp=0.3334 n_valid=101/101 n_invalid_phi=0 phi_feasible=[0,1] n_success=101 max_res=8.268e-09 mean_res=6.161e-10 mode=logZ e_lin=[-6.316e+00,-0.000e+00] barrier=nan bethe=selfconsistent_boundary_bethe bmode=attractive borient=orbit_average bgamma=group_keys_6_face_ids braw_med=1.500e+02 bcorr_med=1.875e+01 bp_med=6.444e-01 status=ok
[2026-05-14 01:34:12] shard 3: 1/20 eps_a=0.000 eps_c=0.316 dt=30.9s found=Y RSS=200040kB
[2026-05-14 01:34:12] POINT shard=3 idx=1/20 eps_a=0 eps_c=0.315789 dt=30.92s event=0 spin=0 bin=0 min_fpp=1.251968e+00 phi_min_fpp=0.353 n_valid=101/101 n_invalid_phi=0 phi_feasible=[0,1] n_success=101 max_res=8.518e-09 mean_res=4.454e-10 mode=logZ e_lin=[-3.789e+00,-0.000e+00] barrier=nan bethe=selfconsistent_boundary_bethe bmode=attractive borient=orbit_average bgamma=group_keys_6_face_ids braw_med=1.500e+02 bcorr_med=1.875e+01 bp_med=7.299e-01 status=ok
[2026-05-14 01:34:12] shard 4: 1/20 eps_a=0.000 eps_c=0.421 dt=30.9s found=Y RSS=202604kB
[2026-05-14 01:34:12] POINT shard=4 idx=1/20 eps_a=0 eps_c=0.421053 dt=30.92s event=0 spin=0 bin=0 min_fpp=9.244657e-01 phi_min_fpp=0.3432 n_valid=101/101 n_invalid_phi=0 phi_feasible=[0,1] n_success=101 max_res=9.072e-09 mean_res=5.479e-10 mode=logZ e_lin=[-5.053e+00,-0.000e+00] barrier=nan bethe=selfconsistent_boundary_bethe bmode=attractive borient=orbit_average bgamma=group_keys_6_face_ids braw_med=1.500e+02 bcorr_med=1.875e+01 bp_med=6.902e-01 status=ok
[2026-05-14 01:34:12] shard 2: 1/20 eps_a=0.000 eps_c=0.211 dt=31.1s found=Y RSS=200056kB
[2026-05-14 01:34:12] POINT shard=2 idx=1/20 eps_a=0 eps_c=0.210526 dt=31.13s event=0 spin=0 bin=0 min_fpp=1.615993e+00 phi_min_fpp=0.353 n_valid=101/101 n_invalid_phi=0 phi_feasible=[0,1] n_success=101 max_res=9.883e-09 mean_res=4.633e-10 mode=logZ e_lin=[-2.526e+00,-0.000e+00] barrier=nan bethe=selfconsistent_boundary_bethe bmode=attractive borient=orbit_average bgamma=group_keys_6_face_ids braw_med=1.500e+02 bcorr_med=1.875e+01 bp_med=7.644e-01 status=ok
[2026-05-14 01:34:12] shard 8: 1/20 eps_a=0.000 eps_c=0.842 dt=31.1s found=Y RSS=201960kB
[2026-05-14 01:34:12] POINT shard=8 idx=1/20 eps_a=0 eps_c=0.842105 dt=31.12s event=1 spin=1 bin=1 min_fpp=-1.895758e-01 phi_min_fpp=0.2158 n_valid=101/101 n_invalid_phi=0 phi_feasible=[0,1] n_success=101 max_res=9.729e-09 mean_res=1.111e-09 mode=logZ e_lin=[-1.011e+01,-0.000e+00] barrier=3.511e-03 bethe=selfconsistent_boundary_bethe bmode=attractive borient=orbit_average bgamma=group_keys_6_face_ids braw_med=1.500e+02 bcorr_med=1.875e+01 bp_med=4.712e-01 status=ok
[2026-05-14 01:34:13] shard 1: 1/20 eps_a=0.000 eps_c=0.105 dt=31.3s found=Y RSS=203240kB
[2026-05-14 01:34:13] POINT shard=1 idx=1/20 eps_a=0 eps_c=0.105263 dt=31.34s event=0 spin=0 bin=0 min_fpp=2.030908e+00 phi_min_fpp=0.353 n_valid=101/101 n_invalid_phi=0 phi_feasible=[0,1] n_success=101 max_res=9.074e-09 mean_res=3.902e-10 mode=logZ e_lin=[-1.263e+00,-0.000e+00] barrier=nan bethe=selfconsistent_boundary_bethe bmode=attractive borient=orbit_average bgamma=group_keys_6_face_ids braw_med=1.500e+02 bcorr_med=1.875e+01 bp_med=7.944e-01 status=ok
[2026-05-14 01:34:13] shard 7: 1/20 eps_a=0.000 eps_c=0.737 dt=31.6s found=Y RSS=203240kB
[2026-05-14 01:34:13] POINT shard=7 idx=1/20 eps_a=0 eps_c=0.736842 dt=31.64s event=0 spin=0 bin=0 min_fpp=8.401998e-02 phi_min_fpp=0.2844 n_valid=101/101 n_invalid_phi=0 phi_feasible=[0,1] n_success=101 max_res=9.801e-09 mean_res=1.045e-09 mode=logZ e_lin=[-8.842e+00,-0.000e+00] barrier=nan bethe=selfconsistent_boundary_bethe bmode=attractive borient=orbit_average bgamma=group_keys_6_face_ids braw_med=1.500e+02 bcorr_med=1.875e+01 bp_med=5.337e-01 status=ok
[2026-05-14 01:34:13] shard 9: 1/20 eps_a=0.000 eps_c=0.947 dt=31.6s found=Y RSS=201960kB
[2026-05-14 01:34:13] POINT shard=9 idx=1/20 eps_a=0 eps_c=0.947368 dt=31.62s event=1 spin=1 bin=1 min_fpp=-5.737627e-01 phi_min_fpp=0.059 n_valid=101/101 n_invalid_phi=0 phi_feasible=[0,1] n_success=101 max_res=9.406e-09 mean_res=9.724e-10 mode=logZ e_lin=[-1.137e+01,-0.000e+00] barrier=1.154e-02 bethe=selfconsistent_boundary_bethe bmode=attractive borient=orbit_average bgamma=group_keys_6_face_ids braw_med=1.500e+02 bcorr_med=1.875e+01 bp_med=4.098e-01 status=ok
[2026-05-14 01:34:13] shard 6: 1/20 eps_a=0.000 eps_c=0.632 dt=31.7s found=Y RSS=203884kB
[2026-05-14 01:34:13] POINT shard=6 idx=1/20 eps_a=0 eps_c=0.631579 dt=31.75s event=0 spin=0 bin=0 min_fpp=3.482776e-01 phi_min_fpp=0.3138 n_valid=101/101 n_invalid_phi=0 phi_feasible=[0,1] n_success=101 max_res=9.780e-09 mean_res=8.163e-10 mode=logZ e_lin=[-7.579e+00,-0.000e+00] barrier=nan bethe=selfconsistent_boundary_bethe bmode=attractive borient=orbit_average bgamma=group_keys_6_face_ids braw_med=1.500e+02 bcorr_med=1.875e+01 bp_med=5.922e-01 status=ok
[2026-05-14 01:34:13] shard 0: 1/20 eps_a=0.000 eps_c=0.000 dt=31.9s found=Y RSS=203792kB
[2026-05-14 01:34:13] POINT shard=0 idx=1/20 eps_a=0 eps_c=0 dt=31.94s event=0 spin=0 bin=0 min_fpp=2.521597e+00 phi_min_fpp=0.3432 n_valid=101/101 n_invalid_phi=0 phi_feasible=[0,1] n_success=101 max_res=9.532e-09 mean_res=6.059e-10 mode=logZ e_lin=[-0.000e+00,-0.000e+00] barrier=nan bethe=selfconsistent_boundary_bethe bmode=attractive borient=orbit_average bgamma=group_keys_6_face_ids braw_med=5.820e-17 bcorr_med=7.275e-18 bp_med=1.000e+00 status=ok
[2026-05-14 01:34:42] POINT shard=5 idx=2/20 eps_a=0.666667 eps_c=0.526316 dt=30.28s event=0 spin=0 bin=0 min_fpp=4.106184e-01 phi_min_fpp=0.3236 n_valid=101/101 n_invalid_phi=0 phi_feasible=[0,1] n_success=101 max_res=9.107e-09 mean_res=7.116e-10 mode=logZ e_lin=[-8.982e+00,-0.000e+00] barrier=nan bethe=selfconsistent_boundary_bethe bmode=attractive borient=orbit_average bgamma=group_keys_6_face_ids braw_med=1.500e+02 bcorr_med=1.875e+01 bp_med=6.046e-01 status=ok
[2026-05-14 01:34:43] POINT shard=4 idx=2/20 eps_a=0.666667 eps_c=0.421053 dt=30.26s event=0 spin=0 bin=0 min_fpp=6.918747e-01 phi_min_fpp=0.3334 n_valid=101/101 n_invalid_phi=0 phi_feasible=[0,1] n_success=101 max_res=9.423e-09 mean_res=6.648e-10 mode=logZ e_lin=[-7.719e+00,-0.000e+00] barrier=nan bethe=selfconsistent_boundary_bethe bmode=attractive borient=orbit_average bgamma=group_keys_6_face_ids braw_med=1.500e+02 bcorr_med=1.875e+01 bp_med=6.553e-01 status=ok
[2026-05-14 01:34:43] POINT shard=3 idx=2/20 eps_a=0.666667 eps_c=0.315789 dt=30.45s event=0 spin=0 bin=0 min_fpp=9.961943e-01 phi_min_fpp=0.3432 n_valid=101/101 n_invalid_phi=0 phi_feasible=[0,1] n_success=101 max_res=9.652e-09 mean_res=5.542e-10 mode=logZ e_lin=[-6.456e+00,-0.000e+00] barrier=nan bethe=selfconsistent_boundary_bethe bmode=attractive borient=orbit_average bgamma=group_keys_6_face_ids braw_med=1.500e+02 bcorr_med=1.875e+01 bp_med=6.996e-01 status=ok
[2026-05-14 01:34:43] POINT shard=2 idx=2/20 eps_a=0.666667 eps_c=0.210526 dt=30.72s event=0 spin=0 bin=0 min_fpp=1.330255e+00 phi_min_fpp=0.353 n_valid=101/101 n_invalid_phi=0 phi_feasible=[0,1] n_success=101 max_res=9.242e-09 mean_res=4.569e-10 mode=logZ e_lin=[-5.193e+00,-0.000e+00] barrier=nan bethe=selfconsistent_boundary_bethe bmode=attractive borient=orbit_average bgamma=group_keys_6_face_ids braw_med=1.500e+02 bcorr_med=1.875e+01 bp_med=7.379e-01 status=ok
[2026-05-14 01:34:43] POINT shard=8 idx=2/20 eps_a=0.666667 eps_c=0.842105 dt=31.03s event=1 spin=1 bin=1 min_fpp=-4.752187e-01 phi_min_fpp=0.0884 n_valid=101/101 n_invalid_phi=0 phi_feasible=[0,1] n_success=101 max_res=9.489e-09 mean_res=1.012e-09 mode=logZ e_lin=[-1.277e+01,-0.000e+00] barrier=9.653e-03 bethe=selfconsistent_boundary_bethe bmode=attractive borient=orbit_average bgamma=group_keys_6_face_ids braw_med=1.500e+02 bcorr_med=1.875e+01 bp_med=4.229e-01 status=ok
[2026-05-14 01:34:44] POINT shard=1 idx=2/20 eps_a=0.666667 eps_c=0.105263 dt=31.08s event=0 spin=0 bin=0 min_fpp=1.702612e+00 phi_min_fpp=0.353 n_valid=101/101 n_invalid_phi=0 phi_feasible=[0,1] n_success=101 max_res=7.419e-09 mean_res=4.299e-10 mode=logZ e_lin=[-3.930e+00,-0.000e+00] barrier=nan bethe=selfconsistent_boundary_bethe bmode=attractive borient=orbit_average bgamma=group_keys_6_face_ids braw_med=1.500e+02 bcorr_med=1.875e+01 bp_med=7.711e-01 status=ok
[2026-05-14 01:34:44] POINT shard=6 idx=2/20 eps_a=0.666667 eps_c=0.631579 dt=30.87s event=0 spin=0 bin=0 min_fpp=1.442265e-01 phi_min_fpp=0.2942 n_valid=101/101 n_invalid_phi=0 phi_feasible=[0,1] n_success=101 max_res=9.703e-09 mean_res=9.248e-10 mode=logZ e_lin=[-1.025e+01,-0.000e+00] barrier=nan bethe=selfconsistent_boundary_bethe bmode=attractive borient=orbit_average bgamma=group_keys_6_face_ids braw_med=1.500e+02 bcorr_med=1.875e+01 bp_med=5.474e-01 status=ok
[2026-05-14 01:34:44] POINT shard=7 idx=2/20 eps_a=0.666667 eps_c=0.736842 dt=31.07s event=1 spin=1 bin=1 min_fpp=-1.232857e-01 phi_min_fpp=0.2354 n_valid=101/101 n_invalid_phi=0 phi_feasible=[0,1] n_success=101 max_res=9.696e-09 mean_res=1.030e-09 mode=logZ e_lin=[-1.151e+01,-0.000e+00] barrier=1.911e-03 bethe=selfconsistent_boundary_bethe bmode=attractive borient=orbit_average bgamma=group_keys_6_face_ids braw_med=1.500e+02 bcorr_med=1.875e+01 bp_med=4.853e-01 status=ok
[2026-05-14 01:34:44] POINT shard=0 idx=2/20 eps_a=0.666667 eps_c=0 dt=31.11s event=0 spin=0 bin=0 min_fpp=2.129203e+00 phi_min_fpp=0.3432 n_valid=101/101 n_invalid_phi=0 phi_feasible=[0,1] n_success=101 max_res=9.412e-09 mean_res=5.008e-10 mode=logZ e_lin=[-2.667e+00,-0.000e+00] barrier=nan bethe=selfconsistent_boundary_bethe bmode=attractive borient=orbit_average bgamma=group_keys_6_face_ids braw_med=1.500e+02 bcorr_med=1.875e+01 bp_med=2.580e-01 status=ok
[2026-05-14 01:34:44] POINT shard=9 idx=2/20 eps_a=0.666667 eps_c=0.947368 dt=31.42s event=1 spin=1 bin=1 min_fpp=-9.082317e-01 phi_min_fpp=0.059 n_valid=101/101 n_invalid_phi=0 phi_feasible=[0,1] n_success=101 max_res=9.610e-09 mean_res=8.504e-10 mode=logZ e_lin=[-1.404e+01,-0.000e+00] barrier=1.726e-02 bethe=selfconsistent_boundary_bethe bmode=attractive borient=orbit_average bgamma=group_keys_6_face_ids braw_med=1.500e+02 bcorr_med=1.875e+01 bp_med=3.672e-01 status=ok
[2026-05-14 01:35:13] POINT shard=4 idx=3/20 eps_a=1.33333 eps_c=0.421053 dt=30.24s event=0 spin=0 bin=0 min_fpp=4.431673e-01 phi_min_fpp=0.3138 n_valid=101/101 n_invalid_phi=0 phi_feasible=[0,1] n_success=101 max_res=9.568e-09 mean_res=7.559e-10 mode=logZ e_lin=[-1.039e+01,-0.000e+00] barrier=nan bethe=selfconsistent_boundary_bethe bmode=attractive borient=orbit_average bgamma=group_keys_6_face_ids braw_med=1.500e+02 bcorr_med=1.875e+01 bp_med=6.095e-01 status=ok
[2026-05-14 01:35:13] POINT shard=5 idx=3/20 eps_a=1.33333 eps_c=0.526316 dt=30.35s event=0 spin=0 bin=0 min_fpp=1.755441e-01 phi_min_fpp=0.2844 n_valid=101/101 n_invalid_phi=0 phi_feasible=[0,1] n_success=101 max_res=8.827e-09 mean_res=7.886e-10 mode=logZ e_lin=[-1.165e+01,-0.000e+00] barrier=nan bethe=selfconsistent_boundary_bethe bmode=attractive borient=orbit_average bgamma=group_keys_6_face_ids braw_med=1.500e+02 bcorr_med=1.875e+01 bp_med=5.526e-01 status=ok
[2026-05-14 01:35:13] POINT shard=3 idx=3/20 eps_a=1.33333 eps_c=0.315789 dt=30.41s event=0 spin=0 bin=0 min_fpp=7.258757e-01 phi_min_fpp=0.3334 n_valid=101/101 n_invalid_phi=0 phi_feasible=[0,1] n_success=101 max_res=8.819e-09 mean_res=6.157e-10 mode=logZ e_lin=[-9.123e+00,-0.000e+00] barrier=nan bethe=selfconsistent_boundary_bethe bmode=attractive borient=orbit_average bgamma=group_keys_6_face_ids braw_med=1.500e+02 bcorr_med=1.875e+01 bp_med=6.595e-01 status=ok
[2026-05-14 01:35:14] POINT shard=2 idx=3/20 eps_a=1.33333 eps_c=0.210526 dt=30.53s event=0 spin=0 bin=0 min_fpp=1.030990e+00 phi_min_fpp=0.3432 n_valid=101/101 n_invalid_phi=0 phi_feasible=[0,1] n_success=101 max_res=9.713e-09 mean_res=5.995e-10 mode=logZ e_lin=[-7.860e+00,-0.000e+00] barrier=nan bethe=selfconsistent_boundary_bethe bmode=attractive borient=orbit_average bgamma=group_keys_6_face_ids braw_med=1.500e+02 bcorr_med=1.875e+01 bp_med=7.029e-01 status=ok
[2026-05-14 01:35:14] POINT shard=6 idx=3/20 eps_a=1.33333 eps_c=0.631579 dt=30.36s event=1 spin=1 bin=1 min_fpp=-9.205225e-02 phi_min_fpp=0.2354 n_valid=101/101 n_invalid_phi=0 phi_feasible=[0,1] n_success=101 max_res=9.889e-09 mean_res=1.101e-09 mode=logZ e_lin=[-1.291e+01,-0.000e+00] barrier=1.225e-03 bethe=selfconsistent_boundary_bethe bmode=attractive borient=orbit_average bgamma=group_keys_6_face_ids braw_med=1.500e+02 bcorr_med=1.875e+01 bp_med=4.902e-01 status=ok
[2026-05-14 01:35:15] POINT shard=1 idx=3/20 eps_a=1.33333 eps_c=0.105263 dt=30.87s event=0 spin=0 bin=0 min_fpp=1.364305e+00 phi_min_fpp=0.3432 n_valid=101/101 n_invalid_phi=0 phi_feasible=[0,1] n_success=101 max_res=8.903e-09 mean_res=5.077e-10 mode=logZ e_lin=[-6.596e+00,-0.000e+00] barrier=nan bethe=selfconsistent_boundary_bethe bmode=attractive borient=orbit_average bgamma=group_keys_6_face_ids braw_med=1.500e+02 bcorr_med=1.875e+01 bp_med=7.403e-01 status=ok
[2026-05-14 01:35:15] POINT shard=8 idx=3/20 eps_a=1.33333 eps_c=0.842105 dt=31.20s event=1 spin=1 bin=1 min_fpp=-8.626775e-01 phi_min_fpp=0.059 n_valid=101/101 n_invalid_phi=0 phi_feasible=[0,1] n_success=101 max_res=9.825e-09 mean_res=9.885e-10 mode=logZ e_lin=[-1.544e+01,-0.000e+00] barrier=1.611e-02 bethe=selfconsistent_boundary_bethe bmode=attractive borient=orbit_average bgamma=group_keys_6_face_ids braw_med=1.500e+02 bcorr_med=1.875e+01 bp_med=3.701e-01 status=ok
[2026-05-14 01:35:15] POINT shard=7 idx=3/20 eps_a=1.33333 eps_c=0.736842 dt=30.99s event=1 spin=1 bin=1 min_fpp=-4.381489e-01 phi_min_fpp=0.0884 n_valid=101/101 n_invalid_phi=0 phi_feasible=[0,1] n_success=101 max_res=9.012e-09 mean_res=9.653e-10 mode=logZ e_lin=[-1.418e+01,-0.000e+00] barrier=8.541e-03 bethe=selfconsistent_boundary_bethe bmode=attractive borient=orbit_average bgamma=group_keys_6_face_ids braw_med=1.500e+02 bcorr_med=1.875e+01 bp_med=4.270e-01 status=ok
[2026-05-14 01:35:15] POINT shard=9 idx=3/20 eps_a=1.33333 eps_c=0.947368 dt=30.70s event=1 spin=1 bin=1 min_fpp=-1.169504e+00 phi_min_fpp=0.059 n_valid=101/101 n_invalid_phi=0 phi_feasible=[0,1] n_success=101 max_res=9.829e-09 mean_res=1.206e-09 mode=logZ e_lin=[-1.670e+01,-0.000e+00] barrier=2.183e-02 bethe=selfconsistent_boundary_bethe bmode=attractive borient=orbit_average bgamma=group_keys_6_face_ids braw_med=1.500e+02 bcorr_med=1.875e+01 bp_med=3.263e-01 status=ok
[2026-05-14 01:35:16] POINT shard=0 idx=3/20 eps_a=1.33333 eps_c=0 dt=31.22s event=0 spin=0 bin=0 min_fpp=1.735942e+00 phi_min_fpp=0.3432 n_valid=101/101 n_invalid_phi=0 phi_feasible=[0,1] n_success=101 max_res=9.916e-09 mean_res=5.280e-10 mode=logZ e_lin=[-5.333e+00,-0.000e+00] barrier=nan bethe=selfconsistent_boundary_bethe bmode=attractive borient=orbit_average bgamma=group_keys_6_face_ids braw_med=1.500e+02 bcorr_med=1.875e+01 bp_med=2.516e-01 status=ok
[2026-05-14 01:35:44] POINT shard=5 idx=4/20 eps_a=2 eps_c=0.526316 dt=30.65s event=1 spin=1 bin=1 min_fpp=-1.014911e-01 phi_min_fpp=0.2158 n_valid=101/101 n_invalid_phi=0 phi_feasible=[0,1] n_success=101 max_res=9.111e-09 mean_res=9.531e-10 mode=logZ e_lin=[-1.432e+01,-0.000e+00] barrier=1.489e-03 bethe=selfconsistent_boundary_bethe bmode=attractive borient=orbit_average bgamma=group_keys_6_face_ids braw_med=1.500e+02 bcorr_med=1.875e+01 bp_med=4.647e-01 status=ok
[2026-05-14 01:35:44] POINT shard=4 idx=4/20 eps_a=2 eps_c=0.421053 dt=30.75s event=0 spin=0 bin=0 min_fpp=1.767745e-01 phi_min_fpp=0.2844 n_valid=101/101 n_invalid_phi=0 phi_feasible=[0,1] n_success=101 max_res=9.862e-09 mean_res=7.813e-10 mode=logZ e_lin=[-1.305e+01,-0.000e+00] barrier=nan bethe=selfconsistent_boundary_bethe bmode=attractive borient=orbit_average bgamma=group_keys_6_face_ids braw_med=1.500e+02 bcorr_med=1.875e+01 bp_med=5.371e-01 status=ok
[2026-05-14 01:35:44] POINT shard=3 idx=4/20 eps_a=2 eps_c=0.315789 dt=30.97s event=0 spin=0 bin=0 min_fpp=4.505308e-01 phi_min_fpp=0.3138 n_valid=101/101 n_invalid_phi=0 phi_feasible=[0,1] n_success=101 max_res=9.999e-09 mean_res=7.894e-10 mode=logZ e_lin=[-1.179e+01,-0.000e+00] barrier=nan bethe=selfconsistent_boundary_bethe bmode=attractive borient=orbit_average bgamma=group_keys_6_face_ids braw_med=1.500e+02 bcorr_med=1.875e+01 bp_med=6.006e-01 status=ok
[2026-05-14 01:35:45] POINT shard=2 idx=4/20 eps_a=2 eps_c=0.210526 dt=30.98s event=0 spin=0 bin=0 min_fpp=7.364616e-01 phi_min_fpp=0.3236 n_valid=101/101 n_invalid_phi=0 phi_feasible=[0,1] n_success=101 max_res=9.371e-09 mean_res=6.583e-10 mode=logZ e_lin=[-1.053e+01,-0.000e+00] barrier=nan bethe=selfconsistent_boundary_bethe bmode=attractive borient=orbit_average bgamma=group_keys_6_face_ids braw_med=1.500e+02 bcorr_med=1.875e+01 bp_med=6.541e-01 status=ok
[2026-05-14 01:35:45] POINT shard=6 idx=4/20 eps_a=2 eps_c=0.631579 dt=30.44s event=1 spin=1 bin=1 min_fpp=-4.804410e-01 phi_min_fpp=0.059 n_valid=101/101 n_invalid_phi=0 phi_feasible=[0,1] n_success=101 max_res=9.934e-09 mean_res=1.269e-09 mode=logZ e_lin=[-1.558e+01,-0.000e+00] barrier=9.522e-03 bethe=selfconsistent_boundary_bethe bmode=attractive borient=orbit_average bgamma=group_keys_6_face_ids braw_med=1.500e+02 bcorr_med=1.875e+01 bp_med=3.904e-01 status=ok
[2026-05-14 01:35:45] POINT shard=9 idx=4/20 eps_a=2 eps_c=0.947368 dt=30.03s event=1 spin=1 bin=1 min_fpp=-1.272463e+00 phi_min_fpp=0.059 n_valid=101/101 n_invalid_phi=0 phi_feasible=[0,1] n_success=101 max_res=9.062e-09 mean_res=1.449e-09 mode=logZ e_lin=[-1.937e+01,-0.000e+00] barrier=2.548e-02 bethe=selfconsistent_boundary_bethe bmode=attractive borient=orbit_average bgamma=group_keys_6_face_ids braw_med=1.500e+02 bcorr_med=1.875e+01 bp_med=2.738e-01 status=ok
[2026-05-14 01:35:45] POINT shard=8 idx=4/20 eps_a=2 eps_c=0.842105 dt=30.72s event=1 spin=1 bin=1 min_fpp=-1.136293e+00 phi_min_fpp=0.059 n_valid=101/101 n_invalid_phi=0 phi_feasible=[0,1] n_success=101 max_res=9.364e-09 mean_res=1.099e-09 mode=logZ e_lin=[-1.811e+01,-0.000e+00] barrier=2.237e-02 bethe=selfconsistent_boundary_bethe bmode=attractive borient=orbit_average bgamma=group_keys_6_face_ids braw_med=1.500e+02 bcorr_med=1.875e+01 bp_med=2.931e-01 status=ok
[2026-05-14 01:35:46] POINT shard=1 idx=4/20 eps_a=2 eps_c=0.105263 dt=31.01s event=0 spin=0 bin=0 min_fpp=1.042008e+00 phi_min_fpp=0.3236 n_valid=101/101 n_invalid_phi=0 phi_feasible=[0,1] n_success=101 max_res=9.256e-09 mean_res=5.085e-10 mode=logZ e_lin=[-9.263e+00,-0.000e+00] barrier=nan bethe=selfconsistent_boundary_bethe bmode=attractive borient=orbit_average bgamma=group_keys_6_face_ids braw_med=1.500e+02 bcorr_med=1.875e+01 bp_med=6.990e-01 status=ok
[2026-05-14 01:35:46] POINT shard=7 idx=4/20 eps_a=2 eps_c=0.736842 dt=30.96s event=1 spin=1 bin=1 min_fpp=-8.823572e-01 phi_min_fpp=0.059 n_valid=101/101 n_invalid_phi=0 phi_feasible=[0,1] n_success=101 max_res=9.376e-09 mean_res=1.092e-09 mode=logZ e_lin=[-1.684e+01,-0.000e+00] barrier=1.734e-02 bethe=selfconsistent_boundary_bethe bmode=attractive borient=orbit_average bgamma=group_keys_6_face_ids braw_med=1.500e+02 bcorr_med=1.875e+01 bp_med=3.298e-01 status=ok
[2026-05-14 01:35:47] POINT shard=0 idx=4/20 eps_a=2 eps_c=0 dt=31.23s event=0 spin=0 bin=0 min_fpp=1.372811e+00 phi_min_fpp=0.3334 n_valid=101/101 n_invalid_phi=0 phi_feasible=[0,1] n_success=101 max_res=7.660e-09 mean_res=4.055e-10 mode=logZ e_lin=[-8.000e+00,-0.000e+00] barrier=nan bethe=selfconsistent_boundary_bethe bmode=attractive borient=orbit_average bgamma=group_keys_6_face_ids braw_med=1.500e+02 bcorr_med=1.875e+01 bp_med=2.138e-01 status=ok
[2026-05-14 01:36:14] shard 5: 5/20 eps_a=2.667 eps_c=0.526 dt=30.4s found=Y RSS=202524kB
[2026-05-14 01:36:14] POINT shard=5 idx=5/20 eps_a=2.66667 eps_c=0.526316 dt=30.38s event=1 spin=1 bin=1 min_fpp=-6.944664e-01 phi_min_fpp=0.059 n_valid=101/101 n_invalid_phi=0 phi_feasible=[0,1] n_success=101 max_res=9.820e-09 mean_res=1.292e-09 mode=logZ e_lin=[-1.698e+01,-0.000e+00] barrier=1.408e-02 bethe=selfconsistent_boundary_bethe bmode=attractive borient=orbit_average bgamma=group_keys_6_face_ids braw_med=1.500e+02 bcorr_med=1.875e+01 bp_med=2.896e-01 status=ok
[2026-05-14 01:36:14] shard 4: 5/20 eps_a=2.667 eps_c=0.421 dt=30.6s found=Y RSS=202524kB
[2026-05-14 01:36:14] POINT shard=4 idx=5/20 eps_a=2.66667 eps_c=0.421053 dt=30.57s event=1 spin=1 bin=1 min_fpp=-3.877201e-01 phi_min_fpp=0.059 n_valid=101/101 n_invalid_phi=0 phi_feasible=[0,1] n_success=101 max_res=9.975e-09 mean_res=1.243e-09 mode=logZ e_lin=[-1.572e+01,-0.000e+00] barrier=8.619e-03 bethe=selfconsistent_boundary_bethe bmode=attractive borient=orbit_average bgamma=group_keys_6_face_ids braw_med=1.500e+02 bcorr_med=1.875e+01 bp_med=3.203e-01 status=ok
[2026-05-14 01:36:15] shard 3: 5/20 eps_a=2.667 eps_c=0.316 dt=30.7s found=Y RSS=199952kB
[2026-05-14 01:36:15] POINT shard=3 idx=5/20 eps_a=2.66667 eps_c=0.315789 dt=30.74s event=1 spin=1 bin=1 min_fpp=-5.129207e-02 phi_min_fpp=0.2942 n_valid=101/101 n_invalid_phi=0 phi_feasible=[0,1] n_success=101 max_res=9.937e-09 mean_res=1.049e-09 mode=logZ e_lin=[-1.446e+01,-0.000e+00] barrier=7.184e-04 bethe=selfconsistent_boundary_bethe bmode=attractive borient=orbit_average bgamma=group_keys_6_face_ids braw_med=1.500e+02 bcorr_med=1.875e+01 bp_med=3.793e-01 status=ok
[2026-05-14 01:36:15] shard 6: 5/20 eps_a=2.667 eps_c=0.632 dt=30.3s found=Y RSS=203816kB
[2026-05-14 01:36:15] POINT shard=6 idx=5/20 eps_a=2.66667 eps_c=0.631579 dt=30.32s event=1 spin=1 bin=1 min_fpp=-8.899711e-01 phi_min_fpp=0.059 n_valid=101/101 n_invalid_phi=0 phi_feasible=[0,1] n_success=101 max_res=9.552e-09 mean_res=1.302e-09 mode=logZ e_lin=[-1.825e+01,-0.000e+00] barrier=1.819e-02 bethe=selfconsistent_boundary_bethe bmode=attractive borient=orbit_average bgamma=group_keys_6_face_ids braw_med=1.500e+02 bcorr_med=1.875e+01 bp_med=2.731e-01 status=ok
[2026-05-14 01:36:15] shard 8: 5/20 eps_a=2.667 eps_c=0.842 dt=29.9s found=Y RSS=201888kB
[2026-05-14 01:36:15] POINT shard=8 idx=5/20 eps_a=2.66667 eps_c=0.842105 dt=29.93s event=1 spin=1 bin=1 min_fpp=-1.165641e+00 phi_min_fpp=0.059 n_valid=101/101 n_invalid_phi=0 phi_feasible=[0,1] n_success=101 max_res=9.429e-09 mean_res=1.409e-09 mode=logZ e_lin=[-2.077e+01,-0.000e+00] barrier=2.417e-02 bethe=selfconsistent_boundary_bethe bmode=attractive borient=orbit_average bgamma=group_keys_6_face_ids braw_med=1.500e+02 bcorr_med=1.875e+01 bp_med=2.586e-01 status=ok
[2026-05-14 01:36:16] shard 9: 5/20 eps_a=2.667 eps_c=0.947 dt=30.5s found=Y RSS=201892kB
[2026-05-14 01:36:16] POINT shard=9 idx=5/20 eps_a=2.66667 eps_c=0.947368 dt=30.47s event=1 spin=1 bin=1 min_fpp=-1.267613e+00 phi_min_fpp=0.059 n_valid=101/101 n_invalid_phi=0 phi_feasible=[0,1] n_success=101 max_res=9.489e-09 mean_res=1.020e-09 mode=logZ e_lin=[-2.204e+01,-0.000e+00] barrier=2.636e-02 bethe=selfconsistent_boundary_bethe bmode=attractive borient=orbit_average bgamma=group_keys_6_face_ids braw_med=1.500e+02 bcorr_med=1.875e+01 bp_med=2.554e-01 status=ok
[2026-05-14 01:36:16] shard 2: 5/20 eps_a=2.667 eps_c=0.211 dt=30.9s found=Y RSS=199964kB
[2026-05-14 01:36:16] POINT shard=2 idx=5/20 eps_a=2.66667 eps_c=0.210526 dt=30.95s event=0 spin=0 bin=0 min_fpp=2.185413e-01 phi_min_fpp=0.4804 n_valid=101/101 n_invalid_phi=0 phi_feasible=[0,1] n_success=101 max_res=9.665e-09 mean_res=7.432e-10 mode=logZ e_lin=[-1.319e+01,-0.000e+00] barrier=nan bethe=selfconsistent_boundary_bethe bmode=attractive borient=orbit_average bgamma=group_keys_6_face_ids braw_med=1.500e+02 bcorr_med=1.875e+01 bp_med=4.787e-01 status=ok
[2026-05-14 01:36:16] shard 7: 5/20 eps_a=2.667 eps_c=0.737 dt=30.1s found=Y RSS=203172kB
[2026-05-14 01:36:16] POINT shard=7 idx=5/20 eps_a=2.66667 eps_c=0.736842 dt=30.07s event=1 spin=1 bin=1 min_fpp=-1.041770e+00 phi_min_fpp=0.059 n_valid=101/101 n_invalid_phi=0 phi_feasible=[0,1] n_success=101 max_res=9.252e-09 mean_res=1.406e-09 mode=logZ e_lin=[-1.951e+01,-0.000e+00] barrier=2.149e-02 bethe=selfconsistent_boundary_bethe bmode=attractive borient=orbit_average bgamma=group_keys_6_face_ids braw_med=1.500e+02 bcorr_med=1.875e+01 bp_med=2.639e-01 status=ok
[2026-05-14 01:36:18] shard 1: 5/20 eps_a=2.667 eps_c=0.105 dt=32.1s found=Y RSS=203156kB
[2026-05-14 01:36:18] POINT shard=1 idx=5/20 eps_a=2.66667 eps_c=0.105263 dt=32.13s event=0 spin=0 bin=0 min_fpp=4.953318e-01 phi_min_fpp=0.6372 n_valid=101/101 n_invalid_phi=0 phi_feasible=[0,1] n_success=101 max_res=6.226e-09 mean_res=1.372e-10 mode=logZ e_lin=[-1.193e+01,-0.000e+00] barrier=nan bethe=selfconsistent_boundary_bethe bmode=attractive borient=orbit_average bgamma=group_keys_6_face_ids braw_med=1.500e+02 bcorr_med=1.875e+01 bp_med=5.871e-01 status=ok
[2026-05-14 01:36:19] shard 0: 5/20 eps_a=2.667 eps_c=0.000 dt=32.2s found=Y RSS=204000kB
[2026-05-14 01:36:19] POINT shard=0 idx=5/20 eps_a=2.66667 eps_c=0 dt=32.18s event=0 spin=0 bin=0 min_fpp=8.165852e-01 phi_min_fpp=0.7156 n_valid=101/101 n_invalid_phi=0 phi_feasible=[0,1] n_success=101 max_res=6.198e-09 mean_res=1.542e-10 mode=logZ e_lin=[-1.067e+01,-0.000e+00] barrier=nan bethe=selfconsistent_boundary_bethe bmode=attractive borient=orbit_average bgamma=group_keys_6_face_ids braw_med=1.500e+02 bcorr_med=1.875e+01 bp_med=1.427e-01 status=ok
[2026-05-14 01:36:45] POINT shard=4 idx=6/20 eps_a=3.33333 eps_c=0.421053 dt=30.81s event=1 spin=1 bin=1 min_fpp=-5.380980e-01 phi_min_fpp=0.059 n_valid=101/101 n_invalid_phi=0 phi_feasible=[0,1] n_success=101 max_res=9.998e-09 mean_res=1.119e-09 mode=logZ e_lin=[-1.839e+01,-0.000e+00] barrier=1.074e-02 bethe=selfconsistent_boundary_bethe bmode=attractive borient=orbit_average bgamma=group_keys_6_face_ids braw_med=1.500e+02 bcorr_med=1.875e+01 bp_med=2.679e-01 status=ok
[2026-05-14 01:36:45] POINT shard=5 idx=6/20 eps_a=3.33333 eps_c=0.526316 dt=31.10s event=1 spin=1 bin=1 min_fpp=-7.235866e-01 phi_min_fpp=0.059 n_valid=101/101 n_invalid_phi=0 phi_feasible=[0,1] n_success=101 max_res=9.764e-09 mean_res=7.233e-10 mode=logZ e_lin=[-1.965e+01,-0.000e+00] barrier=1.496e-02 bethe=selfconsistent_boundary_bethe bmode=attractive borient=orbit_average bgamma=group_keys_6_face_ids braw_med=1.500e+02 bcorr_med=1.875e+01 bp_med=2.614e-01 status=ok
[2026-05-14 01:36:46] POINT shard=3 idx=6/20 eps_a=3.33333 eps_c=0.315789 dt=30.72s event=1 spin=1 bin=1 min_fpp=-3.357762e-01 phi_min_fpp=0.059 n_valid=101/101 n_invalid_phi=0 phi_feasible=[0,1] n_success=101 max_res=9.978e-09 mean_res=1.194e-09 mode=logZ e_lin=[-1.712e+01,-0.000e+00] barrier=6.070e-03 bethe=selfconsistent_boundary_bethe bmode=attractive borient=orbit_average bgamma=group_keys_6_face_ids braw_med=1.500e+02 bcorr_med=1.875e+01 bp_med=2.787e-01 status=ok
[2026-05-14 01:36:46] POINT shard=2 idx=6/20 eps_a=3.33333 eps_c=0.210526 dt=30.45s event=1 spin=1 bin=1 min_fpp=-1.107291e-01 phi_min_fpp=0.059 n_valid=101/101 n_invalid_phi=0 phi_feasible=[0,1] n_success=101 max_res=9.934e-09 mean_res=1.385e-09 mode=logZ e_lin=[-1.586e+01,-0.000e+00] barrier=1.538e-03 bethe=selfconsistent_boundary_bethe bmode=attractive borient=orbit_average bgamma=group_keys_6_face_ids braw_med=1.500e+02 bcorr_med=1.875e+01 bp_med=2.973e-01 status=ok
[2026-05-14 01:36:47] POINT shard=8 idx=6/20 eps_a=3.33333 eps_c=0.842105 dt=31.22s event=1 spin=1 bin=1 min_fpp=-1.085009e+00 phi_min_fpp=0.0688 n_valid=100/101 n_invalid_phi=0 phi_feasible=[0,1] n_success=100 max_res=1.827e-03 mean_res=1.809e-05 mode=logZ e_lin=[-2.344e+01,-0.000e+00] barrier=2.266e-02 bethe=selfconsistent_boundary_bethe bmode=attractive borient=orbit_average bgamma=group_keys_6_face_ids braw_med=1.500e+02 bcorr_med=1.875e+01 bp_med=2.581e-01 status=ok
[2026-05-14 01:36:47] POINT shard=9 idx=6/20 eps_a=3.33333 eps_c=0.947368 dt=31.37s event=1 spin=1 bin=1 min_fpp=-1.259707e+00 phi_min_fpp=0.059 n_valid=101/101 n_invalid_phi=0 phi_feasible=[0,1] n_success=101 max_res=9.272e-09 mean_res=7.331e-10 mode=logZ e_lin=[-2.470e+01,-0.000e+00] barrier=2.640e-02 bethe=selfconsistent_boundary_bethe bmode=attractive borient=orbit_average bgamma=group_keys_6_face_ids braw_med=1.500e+02 bcorr_med=1.875e+01 bp_med=2.521e-01 status=ok
[2026-05-14 01:36:47] POINT shard=7 idx=6/20 eps_a=3.33333 eps_c=0.736842 dt=30.93s event=1 spin=1 bin=1 min_fpp=-1.033737e+00 phi_min_fpp=0.059 n_valid=101/101 n_invalid_phi=0 phi_feasible=[0,1] n_success=101 max_res=9.957e-09 mean_res=9.917e-10 mode=logZ e_lin=[-2.218e+01,-0.000e+00] barrier=2.170e-02 bethe=selfconsistent_boundary_bethe bmode=attractive borient=orbit_average bgamma=group_keys_6_face_ids braw_med=1.500e+02 bcorr_med=1.875e+01 bp_med=2.548e-01 status=ok
[2026-05-14 01:36:48] POINT shard=1 idx=6/20 eps_a=3.33333 eps_c=0.105263 dt=30.57s event=0 spin=0 bin=0 min_fpp=9.780363e-02 phi_min_fpp=0.2942 n_valid=101/101 n_invalid_phi=0 phi_feasible=[0,1] n_success=101 max_res=9.587e-09 mean_res=1.176e-09 mode=logZ e_lin=[-1.460e+01,-0.000e+00] barrier=nan bethe=selfconsistent_boundary_bethe bmode=attractive borient=orbit_average bgamma=group_keys_6_face_ids braw_med=1.500e+02 bcorr_med=1.875e+01 bp_med=3.311e-01 status=ok
[2026-05-14 01:36:49] POINT shard=6 idx=6/20 eps_a=3.33333 eps_c=0.631579 dt=33.51s event=1 spin=1 bin=1 min_fpp=-7.970423e-01 phi_min_fpp=0.0786 n_valid=99/101 n_invalid_phi=0 phi_feasible=[0,1] n_success=99 max_res=5.590e-03 mean_res=6.072e-05 mode=logZ e_lin=[-2.091e+01,-0.000e+00] barrier=1.625e-02 bethe=selfconsistent_boundary_bethe bmode=attractive borient=orbit_average bgamma=group_keys_6_face_ids braw_med=1.500e+02 bcorr_med=1.875e+01 bp_med=2.673e-01 status=ok
[2026-05-14 01:36:50] POINT shard=0 idx=6/20 eps_a=3.33333 eps_c=0 dt=31.27s event=0 spin=0 bin=0 min_fpp=2.842927e-01 phi_min_fpp=0.4216 n_valid=101/101 n_invalid_phi=0 phi_feasible=[0,1] n_success=101 max_res=9.965e-09 mean_res=7.147e-10 mode=logZ e_lin=[-1.333e+01,-0.000e+00] barrier=nan bethe=selfconsistent_boundary_bethe bmode=attractive borient=orbit_average bgamma=group_keys_6_face_ids braw_med=1.500e+02 bcorr_med=1.875e+01 bp_med=5.936e-02 status=ok
[2026-05-14 01:37:17] POINT shard=5 idx=7/20 eps_a=4 eps_c=0.526316 dt=31.92s event=1 spin=1 bin=1 min_fpp=-6.879977e-01 phi_min_fpp=0.0688 n_valid=100/101 n_invalid_phi=0 phi_feasible=[0,1] n_success=100 max_res=4.394e-04 mean_res=4.351e-06 mode=logZ e_lin=[-2.232e+01,-0.000e+00] barrier=1.413e-02 bethe=selfconsistent_boundary_bethe bmode=attractive borient=orbit_average bgamma=group_keys_6_face_ids braw_med=1.500e+02 bcorr_med=1.875e+01 bp_med=2.595e-01 status=ok
[2026-05-14 01:37:18] POINT shard=3 idx=7/20 eps_a=4 eps_c=0.315789 dt=31.89s event=1 spin=1 bin=1 min_fpp=-3.565400e-01 phi_min_fpp=0.059 n_valid=101/101 n_invalid_phi=0 phi_feasible=[0,1] n_success=101 max_res=9.550e-09 mean_res=4.108e-10 mode=logZ e_lin=[-1.979e+01,-0.000e+00] barrier=6.534e-03 bethe=selfconsistent_boundary_bethe bmode=attractive borient=orbit_average bgamma=group_keys_6_face_ids braw_med=1.500e+02 bcorr_med=1.875e+01 bp_med=2.600e-01 status=ok
[2026-05-14 01:37:18] POINT shard=2 idx=7/20 eps_a=4 eps_c=0.210526 dt=32.10s event=1 spin=1 bin=1 min_fpp=-1.677374e-01 phi_min_fpp=0.059 n_valid=101/101 n_invalid_phi=0 phi_feasible=[0,1] n_success=101 max_res=7.843e-09 mean_res=3.495e-10 mode=logZ e_lin=[-1.853e+01,-0.000e+00] barrier=2.225e-03 bethe=selfconsistent_boundary_bethe bmode=attractive borient=orbit_average bgamma=group_keys_6_face_ids braw_med=1.500e+02 bcorr_med=1.875e+01 bp_med=2.650e-01 status=ok
[2026-05-14 01:37:19] POINT shard=4 idx=7/20 eps_a=4 eps_c=0.421053 dt=33.44s event=1 spin=1 bin=1 min_fpp=-4.988705e-01 phi_min_fpp=0.0786 n_valid=99/101 n_invalid_phi=0 phi_feasible=[0,1] n_success=99 max_res=9.833e-04 mean_res=1.201e-05 mode=logZ e_lin=[-2.105e+01,-0.000e+00] barrier=9.610e-03 bethe=selfconsistent_boundary_bethe bmode=attractive borient=orbit_average bgamma=group_keys_6_face_ids braw_med=1.500e+02 bcorr_med=1.875e+01 bp_med=2.666e-01 status=ok
[2026-05-14 01:37:19] POINT shard=9 idx=7/20 eps_a=4 eps_c=0.947368 dt=31.96s event=1 spin=1 bin=1 min_fpp=-1.256061e+00 phi_min_fpp=0.059 n_valid=101/101 n_invalid_phi=0 phi_feasible=[0,1] n_success=101 max_res=9.684e-09 mean_res=3.375e-10 mode=logZ e_lin=[-2.737e+01,-0.000e+00] barrier=2.639e-02 bethe=selfconsistent_boundary_bethe bmode=attractive borient=orbit_average bgamma=group_keys_6_face_ids braw_med=1.500e+02 bcorr_med=1.875e+01 bp_med=2.509e-01 status=ok
[2026-05-14 01:37:19] POINT shard=7 idx=7/20 eps_a=4 eps_c=0.736842 dt=32.18s event=1 spin=1 bin=1 min_fpp=-1.029505e+00 phi_min_fpp=0.059 n_valid=101/101 n_invalid_phi=0 phi_feasible=[0,1] n_success=101 max_res=9.378e-09 mean_res=3.605e-10 mode=logZ e_lin=[-2.484e+01,-0.000e+00] barrier=2.173e-02 bethe=selfconsistent_boundary_bethe bmode=attractive borient=orbit_average bgamma=group_keys_6_face_ids braw_med=1.500e+02 bcorr_med=1.875e+01 bp_med=2.520e-01 status=ok
[2026-05-14 01:37:20] POINT shard=8 idx=7/20 eps_a=4 eps_c=0.842105 dt=32.80s event=1 spin=1 bin=1 min_fpp=-1.152456e+00 phi_min_fpp=0.059 n_valid=101/101 n_invalid_phi=0 phi_feasible=[0,1] n_success=101 max_res=9.125e-09 mean_res=3.109e-10 mode=logZ e_lin=[-2.611e+01,-0.000e+00] barrier=2.428e-02 bethe=selfconsistent_boundary_bethe bmode=attractive borient=orbit_average bgamma=group_keys_6_face_ids braw_med=1.500e+02 bcorr_med=1.875e+01 bp_med=2.514e-01 status=ok
[2026-05-14 01:37:20] POINT shard=1 idx=7/20 eps_a=4 eps_c=0.105263 dt=31.87s event=0 spin=0 bin=0 min_fpp=1.364190e-02 phi_min_fpp=0.059 n_valid=101/101 n_invalid_phi=0 phi_feasible=[0,1] n_success=101 max_res=9.754e-09 mean_res=4.147e-10 mode=logZ e_lin=[-1.726e+01,-0.000e+00] barrier=nan bethe=selfconsistent_boundary_bethe bmode=attractive borient=orbit_average bgamma=group_keys_6_face_ids braw_med=1.500e+02 bcorr_med=1.875e+01 bp_med=2.730e-01 status=ok
[2026-05-14 01:37:21] POINT shard=6 idx=7/20 eps_a=4 eps_c=0.631579 dt=32.38s event=1 spin=1 bin=1 min_fpp=-8.383619e-01 phi_min_fpp=0.0688 n_valid=100/101 n_invalid_phi=0 phi_feasible=[0,1] n_success=100 max_res=4.899e-04 mean_res=4.851e-06 mode=logZ e_lin=[-2.358e+01,-0.000e+00] barrier=1.747e-02 bethe=selfconsistent_boundary_bethe bmode=attractive borient=orbit_average bgamma=group_keys_6_face_ids braw_med=1.500e+02 bcorr_med=1.875e+01 bp_med=2.580e-01 status=ok
[2026-05-14 01:37:23] POINT shard=0 idx=7/20 eps_a=4 eps_c=0 dt=32.20s event=0 spin=0 bin=0 min_fpp=1.837573e-01 phi_min_fpp=0.1668 n_valid=101/101 n_invalid_phi=0 phi_feasible=[0,1] n_success=101 max_res=9.358e-09 mean_res=3.300e-10 mode=logZ e_lin=[-1.600e+01,-0.000e+00] barrier=nan bethe=selfconsistent_boundary_bethe bmode=attractive borient=orbit_average bgamma=group_keys_6_face_ids braw_med=1.500e+02 bcorr_med=1.875e+01 bp_med=3.399e-02 status=ok
[2026-05-14 01:37:49] POINT shard=5 idx=8/20 eps_a=4.66667 eps_c=0.526316 dt=31.99s event=1 spin=1 bin=1 min_fpp=-7.225729e-01 phi_min_fpp=0.059 n_valid=101/101 n_invalid_phi=0 phi_feasible=[0,1] n_success=101 max_res=8.956e-09 mean_res=5.344e-10 mode=logZ e_lin=[-2.498e+01,-0.000e+00] barrier=1.516e-02 bethe=selfconsistent_boundary_bethe bmode=attractive borient=orbit_average bgamma=group_keys_6_face_ids braw_med=1.500e+02 bcorr_med=1.875e+01 bp_med=2.520e-01 status=ok
[2026-05-14 01:37:51] POINT shard=3 idx=8/20 eps_a=4.66667 eps_c=0.315789 dt=33.73s event=1 spin=1 bin=1 min_fpp=-3.329794e-01 phi_min_fpp=0.0786 n_valid=99/101 n_invalid_phi=0 phi_feasible=[0,1] n_success=99 max_res=4.178e-04 mean_res=5.979e-06 mode=logZ e_lin=[-2.246e+01,-0.000e+00] barrier=5.756e-03 bethe=selfconsistent_boundary_bethe bmode=attractive borient=orbit_average bgamma=group_keys_6_face_ids braw_med=1.500e+02 bcorr_med=1.875e+01 bp_med=2.641e-01 status=ok
[2026-05-14 01:37:51] POINT shard=4 idx=8/20 eps_a=4.66667 eps_c=0.421053 dt=32.82s event=1 spin=1 bin=1 min_fpp=-5.218065e-01 phi_min_fpp=0.0688 n_valid=100/101 n_invalid_phi=0 phi_feasible=[0,1] n_success=100 max_res=4.907e-04 mean_res=4.859e-06 mode=logZ e_lin=[-2.372e+01,-0.000e+00] barrier=1.037e-02 bethe=selfconsistent_boundary_bethe bmode=attractive borient=orbit_average bgamma=group_keys_6_face_ids braw_med=1.500e+02 bcorr_med=1.875e+01 bp_med=2.579e-01 status=ok
[2026-05-14 01:37:52] POINT shard=2 idx=8/20 eps_a=4.66667 eps_c=0.210526 dt=33.67s event=1 spin=1 bin=1 min_fpp=-1.622527e-01 phi_min_fpp=0.0786 n_valid=99/101 n_invalid_phi=0 phi_feasible=[0,1] n_success=99 max_res=4.709e-04 mean_res=6.743e-06 mode=logZ e_lin=[-2.119e+01,-0.000e+00] barrier=1.987e-03 bethe=selfconsistent_boundary_bethe bmode=attractive borient=orbit_average bgamma=group_keys_6_face_ids braw_med=1.500e+02 bcorr_med=1.875e+01 bp_med=2.660e-01 status=ok
[2026-05-14 01:37:52] POINT shard=9 idx=8/20 eps_a=4.66667 eps_c=0.947368 dt=33.12s event=1 spin=1 bin=1 min_fpp=-1.254321e+00 phi_min_fpp=0.059 n_valid=101/101 n_invalid_phi=0 phi_feasible=[0,1] n_success=101 max_res=8.722e-09 mean_res=7.725e-10 mode=logZ e_lin=[-3.004e+01,-0.000e+00] barrier=2.639e-02 bethe=selfconsistent_boundary_bethe bmode=attractive borient=orbit_average bgamma=group_keys_6_face_ids braw_med=1.500e+02 bcorr_med=1.875e+01 bp_med=2.505e-01 status=ok
[2026-05-14 01:37:53] POINT shard=8 idx=8/20 eps_a=4.66667 eps_c=0.842105 dt=33.03s event=1 spin=1 bin=1 min_fpp=-1.150468e+00 phi_min_fpp=0.059 n_valid=101/101 n_invalid_phi=0 phi_feasible=[0,1] n_success=101 max_res=9.986e-09 mean_res=8.001e-10 mode=logZ e_lin=[-2.877e+01,-0.000e+00] barrier=2.427e-02 bethe=selfconsistent_boundary_bethe bmode=attractive borient=orbit_average bgamma=group_keys_6_face_ids braw_med=1.500e+02 bcorr_med=1.875e+01 bp_med=2.507e-01 status=ok
[2026-05-14 01:37:54] POINT shard=7 idx=8/20 eps_a=4.66667 eps_c=0.736842 dt=35.00s event=1 spin=1 bin=1 min_fpp=-1.027455e+00 phi_min_fpp=0.059 n_valid=101/101 n_invalid_phi=0 phi_feasible=[0,1] n_success=101 max_res=9.656e-09 mean_res=7.040e-10 mode=logZ e_lin=[-2.751e+01,-0.000e+00] barrier=2.173e-02 bethe=selfconsistent_boundary_bethe bmode=attractive borient=orbit_average bgamma=group_keys_6_face_ids braw_med=1.500e+02 bcorr_med=1.875e+01 bp_med=2.510e-01 status=ok
[2026-05-14 01:37:55] POINT shard=0 idx=8/20 eps_a=4.66667 eps_c=0 dt=32.16s event=0 spin=0 bin=0 min_fpp=1.538776e-01 phi_min_fpp=0.059 n_valid=101/101 n_invalid_phi=0 phi_feasible=[0,1] n_success=101 max_res=8.687e-09 mean_res=3.518e-10 mode=logZ e_lin=[-1.867e+01,-0.000e+00] barrier=nan bethe=selfconsistent_boundary_bethe bmode=attractive borient=orbit_average bgamma=group_keys_6_face_ids braw_med=1.500e+02 bcorr_med=1.875e+01 bp_med=2.981e-02 status=ok
[2026-05-14 01:37:55] POINT shard=1 idx=8/20 eps_a=4.66667 eps_c=0.105263 dt=34.82s event=0 spin=0 bin=0 min_fpp=6.045056e-03 phi_min_fpp=0.0884 n_valid=98/101 n_invalid_phi=0 phi_feasible=[0,1] n_success=98 max_res=5.144e-04 mean_res=9.319e-06 mode=logZ e_lin=[-1.993e+01,-0.000e+00] barrier=nan bethe=selfconsistent_boundary_bethe bmode=attractive borient=orbit_average bgamma=group_keys_6_face_ids braw_med=1.500e+02 bcorr_med=1.875e+01 bp_med=2.738e-01 status=ok
[2026-05-14 01:37:56] POINT shard=6 idx=8/20 eps_a=4.66667 eps_c=0.631579 dt=34.82s event=1 spin=1 bin=1 min_fpp=-8.844750e-01 phi_min_fpp=0.059 n_valid=101/101 n_invalid_phi=0 phi_feasible=[0,1] n_success=101 max_res=7.756e-09 mean_res=4.991e-10 mode=logZ e_lin=[-2.625e+01,-0.000e+00] barrier=1.871e-02 bethe=selfconsistent_boundary_bethe bmode=attractive borient=orbit_average bgamma=group_keys_6_face_ids braw_med=1.500e+02 bcorr_med=1.875e+01 bp_med=2.514e-01 status=ok
[2026-05-14 01:38:24] POINT shard=3 idx=9/20 eps_a=5.33333 eps_c=0.315789 dt=32.48s event=1 spin=1 bin=1 min_fpp=-3.607792e-01 phi_min_fpp=0.059 n_valid=101/101 n_invalid_phi=0 phi_feasible=[0,1] n_success=101 max_res=9.879e-09 mean_res=8.308e-10 mode=logZ e_lin=[-2.512e+01,-0.000e+00] barrier=6.693e-03 bethe=selfconsistent_boundary_bethe bmode=attractive borient=orbit_average bgamma=group_keys_6_face_ids braw_med=1.500e+02 bcorr_med=1.875e+01 bp_med=2.519e-01 status=ok
[2026-05-14 01:38:24] POINT shard=5 idx=9/20 eps_a=5.33333 eps_c=0.526316 dt=34.82s event=1 spin=1 bin=1 min_fpp=-7.219952e-01 phi_min_fpp=0.059 n_valid=101/101 n_invalid_phi=0 phi_feasible=[0,1] n_success=101 max_res=8.445e-09 mean_res=9.463e-10 mode=logZ e_lin=[-2.765e+01,-0.000e+00] barrier=1.517e-02 bethe=selfconsistent_boundary_bethe bmode=attractive borient=orbit_average bgamma=group_keys_6_face_ids braw_med=1.500e+02 bcorr_med=1.875e+01 bp_med=2.510e-01 status=ok
[2026-05-14 01:38:25] POINT shard=4 idx=9/20 eps_a=5.33333 eps_c=0.421053 dt=33.22s event=1 spin=1 bin=1 min_fpp=-5.454688e-01 phi_min_fpp=0.059 n_valid=101/101 n_invalid_phi=0 phi_feasible=[0,1] n_success=101 max_res=9.143e-09 mean_res=7.212e-10 mode=logZ e_lin=[-2.639e+01,-0.000e+00] barrier=1.113e-02 bethe=selfconsistent_boundary_bethe bmode=attractive borient=orbit_average bgamma=group_keys_6_face_ids braw_med=1.500e+02 bcorr_med=1.875e+01 bp_med=2.514e-01 status=ok
[2026-05-14 01:38:25] POINT shard=2 idx=9/20 eps_a=5.33333 eps_c=0.210526 dt=32.78s event=1 spin=1 bin=1 min_fpp=-1.771720e-01 phi_min_fpp=0.059 n_valid=101/101 n_invalid_phi=0 phi_feasible=[0,1] n_success=101 max_res=9.001e-09 mean_res=5.443e-10 mode=logZ e_lin=[-2.386e+01,-0.000e+00] barrier=2.407e-03 bethe=selfconsistent_boundary_bethe bmode=attractive borient=orbit_average bgamma=group_keys_6_face_ids braw_med=1.500e+02 bcorr_med=1.875e+01 bp_med=2.527e-01 status=ok
[2026-05-14 01:38:26] POINT shard=9 idx=9/20 eps_a=5.33333 eps_c=0.947368 dt=33.94s event=1 spin=1 bin=1 min_fpp=-1.253461e+00 phi_min_fpp=0.059 n_valid=101/101 n_invalid_phi=0 phi_feasible=[0,1] n_success=101 max_res=8.486e-09 mean_res=1.316e-09 mode=logZ e_lin=[-3.270e+01,-0.000e+00] barrier=2.638e-02 bethe=selfconsistent_boundary_bethe bmode=attractive borient=orbit_average bgamma=group_keys_6_face_ids braw_med=1.500e+02 bcorr_med=1.875e+01 bp_med=2.502e-01 status=ok
[2026-05-14 01:38:27] POINT shard=0 idx=9/20 eps_a=5.33333 eps_c=0 dt=32.36s event=0 spin=0 bin=0 min_fpp=1.482415e-01 phi_min_fpp=0.059 n_valid=101/101 n_invalid_phi=0 phi_feasible=[0,1] n_success=101 max_res=9.576e-09 mean_res=4.362e-10 mode=logZ e_lin=[-2.133e+01,-0.000e+00] barrier=nan bethe=selfconsistent_boundary_bethe bmode=attractive borient=orbit_average bgamma=group_keys_6_face_ids braw_med=1.500e+02 bcorr_med=1.875e+01 bp_med=2.861e-02 status=ok
[2026-05-14 01:38:27] POINT shard=8 idx=9/20 eps_a=5.33333 eps_c=0.842105 dt=34.62s event=1 spin=1 bin=1 min_fpp=-1.149494e+00 phi_min_fpp=0.059 n_valid=101/101 n_invalid_phi=0 phi_feasible=[0,1] n_success=101 max_res=9.846e-09 mean_res=1.388e-09 mode=logZ e_lin=[-3.144e+01,-0.000e+00] barrier=2.427e-02 bethe=selfconsistent_boundary_bethe bmode=attractive borient=orbit_average bgamma=group_keys_6_face_ids braw_med=1.500e+02 bcorr_med=1.875e+01 bp_med=2.503e-01 status=ok
[2026-05-14 01:38:29] POINT shard=6 idx=9/20 eps_a=5.33333 eps_c=0.631579 dt=32.89s event=1 spin=1 bin=1 min_fpp=-7.534110e-01 phi_min_fpp=0.0884 n_valid=98/101 n_invalid_phi=0 phi_feasible=[0,1] n_success=98 max_res=1.888e-01 mean_res=3.238e-03 mode=logZ e_lin=[-2.891e+01,-0.000e+00] barrier=1.529e-02 bethe=selfconsistent_boundary_bethe bmode=attractive borient=orbit_average bgamma=group_keys_6_face_ids braw_med=1.500e+02 bcorr_med=1.875e+01 bp_med=2.656e-01 status=ok
[2026-05-14 01:38:29] POINT shard=1 idx=9/20 eps_a=5.33333 eps_c=0.105263 dt=34.21s event=0 spin=0 bin=0 min_fpp=6.529242e-04 phi_min_fpp=0.0786 n_valid=99/101 n_invalid_phi=0 phi_feasible=[0,1] n_success=99 max_res=7.586e-04 mean_res=1.089e-05 mode=logZ e_lin=[-2.260e+01,-0.000e+00] barrier=nan bethe=selfconsistent_boundary_bethe bmode=attractive borient=orbit_average bgamma=group_keys_6_face_ids braw_med=1.500e+02 bcorr_med=1.875e+01 bp_med=2.638e-01 status=ok
[2026-05-14 01:38:32] POINT shard=7 idx=9/20 eps_a=5.33333 eps_c=0.736842 dt=37.30s event=1 spin=1 bin=1 min_fpp=-1.026444e+00 phi_min_fpp=0.059 n_valid=101/101 n_invalid_phi=0 phi_feasible=[0,1] n_success=101 max_res=9.645e-09 mean_res=1.154e-09 mode=logZ e_lin=[-3.018e+01,-0.000e+00] barrier=2.173e-02 bethe=selfconsistent_boundary_bethe bmode=attractive borient=orbit_average bgamma=group_keys_6_face_ids braw_med=1.500e+02 bcorr_med=1.875e+01 bp_med=2.505e-01 status=ok
[2026-05-14 01:38:57] shard 5: 10/20 eps_a=6.000 eps_c=0.526 dt=33.5s found=Y RSS=202564kB
[2026-05-14 01:38:57] POINT shard=5 idx=10/20 eps_a=6 eps_c=0.526316 dt=33.50s event=1 spin=1 bin=1 min_fpp=-6.240275e-01 phi_min_fpp=0.0884 n_valid=98/101 n_invalid_phi=0 phi_feasible=[0,1] n_success=98 max_res=1.926e-01 mean_res=3.460e-03 mode=logZ e_lin=[-3.032e+01,-0.000e+00] barrier=1.240e-02 bethe=selfconsistent_boundary_bethe bmode=attractive borient=orbit_average bgamma=group_keys_6_face_ids braw_med=1.500e+02 bcorr_med=1.875e+01 bp_med=2.654e-01 status=ok
[2026-05-14 01:38:58] shard 4: 10/20 eps_a=6.000 eps_c=0.421 dt=33.2s found=Y RSS=202552kB
[2026-05-14 01:38:58] POINT shard=4 idx=10/20 eps_a=6 eps_c=0.421053 dt=33.22s event=1 spin=1 bin=1 min_fpp=-4.996292e-01 phi_min_fpp=0.0786 n_valid=99/101 n_invalid_phi=0 phi_feasible=[0,1] n_success=99 max_res=1.309e-01 mean_res=1.449e-03 mode=logZ e_lin=[-2.905e+01,-0.000e+00] barrier=9.720e-03 bethe=selfconsistent_boundary_bethe bmode=attractive borient=orbit_average bgamma=group_keys_6_face_ids braw_med=1.500e+02 bcorr_med=1.875e+01 bp_med=2.606e-01 status=ok
[2026-05-14 01:38:58] shard 3: 10/20 eps_a=6.000 eps_c=0.316 dt=34.1s found=Y RSS=199984kB
[2026-05-14 01:38:58] POINT shard=3 idx=10/20 eps_a=6 eps_c=0.315789 dt=34.13s event=1 spin=1 bin=1 min_fpp=-3.610114e-01 phi_min_fpp=0.059 n_valid=101/101 n_invalid_phi=0 phi_feasible=[0,1] n_success=101 max_res=9.001e-09 mean_res=1.659e-09 mode=logZ e_lin=[-2.779e+01,-0.000e+00] barrier=6.709e-03 bethe=selfconsistent_boundary_bethe bmode=attractive borient=orbit_average bgamma=group_keys_6_face_ids braw_med=1.500e+02 bcorr_med=1.875e+01 bp_med=2.509e-01 status=ok
[2026-05-14 01:38:59] shard 2: 10/20 eps_a=6.000 eps_c=0.211 dt=33.9s found=Y RSS=199992kB
[2026-05-14 01:38:59] POINT shard=2 idx=10/20 eps_a=6 eps_c=0.210526 dt=33.85s event=1 spin=1 bin=1 min_fpp=-1.777555e-01 phi_min_fpp=0.059 n_valid=101/101 n_invalid_phi=0 phi_feasible=[0,1] n_success=101 max_res=9.382e-09 mean_res=1.312e-09 mode=logZ e_lin=[-2.653e+01,-0.000e+00] barrier=2.424e-03 bethe=selfconsistent_boundary_bethe bmode=attractive borient=orbit_average bgamma=group_keys_6_face_ids braw_med=1.500e+02 bcorr_med=1.875e+01 bp_med=2.513e-01 status=ok
[2026-05-14 01:39:00] shard 0: 10/20 eps_a=6.000 eps_c=0.000 dt=33.2s found=Y RSS=203824kB
[2026-05-14 01:39:00] POINT shard=0 idx=10/20 eps_a=6 eps_c=0 dt=33.21s event=0 spin=0 bin=0 min_fpp=1.468063e-01 phi_min_fpp=0.059 n_valid=101/101 n_invalid_phi=0 phi_feasible=[0,1] n_success=101 max_res=8.822e-09 mean_res=9.714e-10 mode=logZ e_lin=[-2.400e+01,-0.000e+00] barrier=nan bethe=selfconsistent_boundary_bethe bmode=attractive borient=orbit_average bgamma=group_keys_6_face_ids braw_med=1.500e+02 bcorr_med=1.875e+01 bp_med=2.816e-02 status=ok
[2026-05-14 01:39:03] shard 1: 10/20 eps_a=6.000 eps_c=0.105 dt=33.5s found=Y RSS=203188kB
[2026-05-14 01:39:03] POINT shard=1 idx=10/20 eps_a=6 eps_c=0.105263 dt=33.51s event=1 spin=1 bin=0 min_fpp=-5.626479e-03 phi_min_fpp=0.059 n_valid=101/101 n_invalid_phi=0 phi_feasible=[0,1] n_success=101 max_res=9.811e-09 mean_res=1.060e-09 mode=logZ e_lin=[-2.526e+01,-0.000e+00] barrier=nan bethe=selfconsistent_boundary_bethe bmode=attractive borient=orbit_average bgamma=group_keys_6_face_ids braw_med=1.500e+02 bcorr_med=1.875e+01 bp_med=2.518e-01 status=ok
[2026-05-14 01:39:06] shard 6: 10/20 eps_a=6.000 eps_c=0.632 dt=36.8s found=Y RSS=203856kB
[2026-05-14 01:39:06] POINT shard=6 idx=10/20 eps_a=6 eps_c=0.631579 dt=36.77s event=1 spin=1 bin=1 min_fpp=-7.531171e-01 phi_min_fpp=0.0884 n_valid=98/101 n_invalid_phi=0 phi_feasible=[0,1] n_success=98 max_res=1.895e-01 mean_res=3.320e-03 mode=logZ e_lin=[-3.158e+01,-0.000e+00] barrier=1.530e-02 bethe=selfconsistent_boundary_bethe bmode=attractive borient=orbit_average bgamma=group_keys_6_face_ids braw_med=1.500e+02 bcorr_med=1.875e+01 bp_med=2.653e-01 status=ok
[2026-05-14 01:39:09] shard 8: 10/20 eps_a=6.000 eps_c=0.842 dt=41.3s found=Y RSS=201924kB
[2026-05-14 01:39:09] POINT shard=8 idx=10/20 eps_a=6 eps_c=0.842105 dt=41.26s event=1 spin=1 bin=1 min_fpp=-9.081072e-01 phi_min_fpp=0.0982 n_valid=97/101 n_invalid_phi=0 phi_feasible=[0,1] n_success=97 max_res=2.465e-01 mean_res=5.998e-03 mode=logZ e_lin=[-3.411e+01,-0.000e+00] barrier=1.851e-02 bethe=selfconsistent_boundary_bethe bmode=attractive borient=orbit_average bgamma=group_keys_6_face_ids braw_med=1.500e+02 bcorr_med=1.875e+01 bp_med=2.702e-01 status=ok
[2026-05-14 01:39:09] shard 9: 10/20 eps_a=6.000 eps_c=0.947 dt=42.7s found=Y RSS=201916kB
[2026-05-14 01:39:09] POINT shard=9 idx=10/20 eps_a=6 eps_c=0.947368 dt=42.75s event=1 spin=1 bin=1 min_fpp=-9.290006e-01 phi_min_fpp=0.108 n_valid=96/101 n_invalid_phi=0 phi_feasible=[0,1] n_success=96 max_res=3.055e-01 mean_res=9.093e-03 mode=logZ e_lin=[-3.537e+01,-0.000e+00] barrier=1.879e-02 bethe=selfconsistent_boundary_bethe bmode=attractive borient=orbit_average bgamma=group_keys_6_face_ids braw_med=1.500e+02 bcorr_med=1.875e+01 bp_med=2.752e-01 status=ok
[2026-05-14 01:39:11] shard 7: 10/20 eps_a=6.000 eps_c=0.737 dt=38.8s found=Y RSS=203200kB
[2026-05-14 01:39:11] POINT shard=7 idx=10/20 eps_a=6 eps_c=0.736842 dt=38.85s event=1 spin=1 bin=1 min_fpp=-8.205786e-01 phi_min_fpp=0.0982 n_valid=97/101 n_invalid_phi=0 phi_feasible=[0,1] n_success=97 max_res=2.491e-01 mean_res=5.893e-03 mode=logZ e_lin=[-3.284e+01,-0.000e+00] barrier=1.659e-02 bethe=selfconsistent_boundary_bethe bmode=attractive borient=orbit_average bgamma=group_keys_6_face_ids braw_med=1.500e+02 bcorr_med=1.875e+01 bp_med=2.702e-01 status=ok
[2026-05-14 01:39:28] POINT shard=5 idx=11/20 eps_a=0 eps_c=0.578947 dt=30.38s event=0 spin=0 bin=0 min_fpp=4.846087e-01 phi_min_fpp=0.3236 n_valid=101/101 n_invalid_phi=0 phi_feasible=[0,1] n_success=101 max_res=9.998e-09 mean_res=7.825e-10 mode=logZ e_lin=[-6.947e+00,-0.000e+00] barrier=nan bethe=selfconsistent_boundary_bethe bmode=attractive borient=orbit_average bgamma=group_keys_6_face_ids braw_med=1.500e+02 bcorr_med=1.875e+01 bp_med=6.191e-01 status=ok
[2026-05-14 01:39:29] POINT shard=4 idx=11/20 eps_a=0 eps_c=0.473684 dt=30.60s event=0 spin=0 bin=0 min_fpp=7.718186e-01 phi_min_fpp=0.3432 n_valid=101/101 n_invalid_phi=0 phi_feasible=[0,1] n_success=101 max_res=8.615e-09 mean_res=5.452e-10 mode=logZ e_lin=[-5.684e+00,-0.000e+00] barrier=nan bethe=selfconsistent_boundary_bethe bmode=attractive borient=orbit_average bgamma=group_keys_6_face_ids braw_med=1.500e+02 bcorr_med=1.875e+01 bp_med=6.681e-01 status=ok
[2026-05-14 01:39:29] POINT shard=3 idx=11/20 eps_a=0 eps_c=0.368421 dt=30.57s event=0 spin=0 bin=0 min_fpp=1.084462e+00 phi_min_fpp=0.353 n_valid=101/101 n_invalid_phi=0 phi_feasible=[0,1] n_success=101 max_res=7.399e-09 mean_res=4.583e-10 mode=logZ e_lin=[-4.421e+00,-0.000e+00] barrier=nan bethe=selfconsistent_boundary_bethe bmode=attractive borient=orbit_average bgamma=group_keys_6_face_ids braw_med=1.500e+02 bcorr_med=1.875e+01 bp_med=7.107e-01 status=ok
[2026-05-14 01:39:30] POINT shard=2 idx=11/20 eps_a=0 eps_c=0.263158 dt=30.80s event=0 spin=0 bin=0 min_fpp=1.428682e+00 phi_min_fpp=0.353 n_valid=101/101 n_invalid_phi=0 phi_feasible=[0,1] n_success=101 max_res=6.717e-09 mean_res=3.581e-10 mode=logZ e_lin=[-3.158e+00,-0.000e+00] barrier=nan bethe=selfconsistent_boundary_bethe bmode=attractive borient=orbit_average bgamma=group_keys_6_face_ids braw_med=1.500e+02 bcorr_med=1.875e+01 bp_med=7.477e-01 status=ok
[2026-05-14 01:39:32] POINT shard=0 idx=11/20 eps_a=0 eps_c=0.0526316 dt=31.04s event=0 spin=0 bin=0 min_fpp=2.264603e+00 phi_min_fpp=0.3432 n_valid=101/101 n_invalid_phi=0 phi_feasible=[0,1] n_success=101 max_res=7.080e-09 mean_res=3.387e-10 mode=logZ e_lin=[-6.316e-01,-0.000e+00] barrier=nan bethe=selfconsistent_boundary_bethe bmode=attractive borient=orbit_average bgamma=group_keys_6_face_ids braw_med=1.500e+02 bcorr_med=1.875e+01 bp_med=8.080e-01 status=ok
[2026-05-14 01:39:34] POINT shard=1 idx=11/20 eps_a=0 eps_c=0.157895 dt=30.93s event=0 spin=0 bin=0 min_fpp=1.815832e+00 phi_min_fpp=0.353 n_valid=101/101 n_invalid_phi=0 phi_feasible=[0,1] n_success=101 max_res=8.489e-09 mean_res=3.765e-10 mode=logZ e_lin=[-1.895e+00,-0.000e+00] barrier=nan bethe=selfconsistent_boundary_bethe bmode=attractive borient=orbit_average bgamma=group_keys_6_face_ids braw_med=1.500e+02 bcorr_med=1.875e+01 bp_med=7.799e-01 status=ok
[2026-05-14 01:39:36] POINT shard=6 idx=11/20 eps_a=0 eps_c=0.684211 dt=30.39s event=0 spin=0 bin=0 min_fpp=2.154758e-01 phi_min_fpp=0.304 n_valid=101/101 n_invalid_phi=0 phi_feasible=[0,1] n_success=101 max_res=9.785e-09 mean_res=8.731e-10 mode=logZ e_lin=[-8.211e+00,-0.000e+00] barrier=nan bethe=selfconsistent_boundary_bethe bmode=attractive borient=orbit_average bgamma=group_keys_6_face_ids braw_med=1.500e+02 bcorr_med=1.875e+01 bp_med=5.636e-01 status=ok
[2026-05-14 01:39:39] POINT shard=8 idx=11/20 eps_a=0 eps_c=0.894737 dt=30.74s event=1 spin=1 bin=1 min_fpp=-3.612482e-01 phi_min_fpp=0.1276 n_valid=101/101 n_invalid_phi=0 phi_feasible=[0,1] n_success=101 max_res=9.156e-09 mean_res=1.030e-09 mode=logZ e_lin=[-1.074e+01,-0.000e+00] barrier=7.454e-03 bethe=selfconsistent_boundary_bethe bmode=attractive borient=orbit_average bgamma=group_keys_6_face_ids braw_med=1.500e+02 bcorr_med=1.875e+01 bp_med=4.399e-01 status=ok
[2026-05-14 01:39:40] POINT shard=9 idx=11/20 eps_a=0 eps_c=1 dt=31.25s event=1 spin=1 bin=1 min_fpp=-7.966883e-01 phi_min_fpp=0.059 n_valid=101/101 n_invalid_phi=0 phi_feasible=[0,1] n_success=101 max_res=9.690e-09 mean_res=8.559e-10 mode=logZ e_lin=[-1.200e+01,-0.000e+00] barrier=1.542e-02 bethe=selfconsistent_boundary_bethe bmode=attractive borient=orbit_average bgamma=group_keys_6_face_ids braw_med=1.500e+02 bcorr_med=1.875e+01 bp_med=3.818e-01 status=ok
[2026-05-14 01:39:41] POINT shard=7 idx=11/20 eps_a=0 eps_c=0.789474 dt=30.62s event=1 spin=1 bin=1 min_fpp=-4.795747e-02 phi_min_fpp=0.2648 n_valid=101/101 n_invalid_phi=0 phi_feasible=[0,1] n_success=101 max_res=9.312e-09 mean_res=9.510e-10 mode=logZ e_lin=[-9.474e+00,-0.000e+00] barrier=4.481e-04 bethe=selfconsistent_boundary_bethe bmode=attractive borient=orbit_average bgamma=group_keys_6_face_ids braw_med=1.500e+02 bcorr_med=1.875e+01 bp_med=5.027e-01 status=ok
[2026-05-14 01:39:59] POINT shard=5 idx=12/20 eps_a=0.666667 eps_c=0.578947 dt=30.68s event=0 spin=0 bin=0 min_fpp=2.760397e-01 phi_min_fpp=0.304 n_valid=101/101 n_invalid_phi=0 phi_feasible=[0,1] n_success=101 max_res=9.084e-09 mean_res=7.569e-10 mode=logZ e_lin=[-9.614e+00,-0.000e+00] barrier=nan bethe=selfconsistent_boundary_bethe bmode=attractive borient=orbit_average bgamma=group_keys_6_face_ids braw_med=1.500e+02 bcorr_med=1.875e+01 bp_med=5.768e-01 status=ok
[2026-05-14 01:39:59] POINT shard=4 idx=12/20 eps_a=0.666667 eps_c=0.473684 dt=30.68s event=0 spin=0 bin=0 min_fpp=5.488512e-01 phi_min_fpp=0.3334 n_valid=101/101 n_invalid_phi=0 phi_feasible=[0,1] n_success=101 max_res=9.186e-09 mean_res=6.825e-10 mode=logZ e_lin=[-8.351e+00,-0.000e+00] barrier=nan bethe=selfconsistent_boundary_bethe bmode=attractive borient=orbit_average bgamma=group_keys_6_face_ids braw_med=1.500e+02 bcorr_med=1.875e+01 bp_med=6.308e-01 status=ok
[2026-05-14 01:39:59] POINT shard=3 idx=12/20 eps_a=0.666667 eps_c=0.368421 dt=30.60s event=0 spin=0 bin=0 min_fpp=8.407557e-01 phi_min_fpp=0.3432 n_valid=101/101 n_invalid_phi=0 phi_feasible=[0,1] n_success=101 max_res=9.921e-09 mean_res=6.578e-10 mode=logZ e_lin=[-7.088e+00,-0.000e+00] barrier=nan bethe=selfconsistent_boundary_bethe bmode=attractive borient=orbit_average bgamma=group_keys_6_face_ids braw_med=1.500e+02 bcorr_med=1.875e+01 bp_med=6.782e-01 status=ok
[2026-05-14 01:40:00] POINT shard=2 idx=12/20 eps_a=0.666667 eps_c=0.263158 dt=30.69s event=0 spin=0 bin=0 min_fpp=1.159173e+00 phi_min_fpp=0.3432 n_valid=101/101 n_invalid_phi=0 phi_feasible=[0,1] n_success=101 max_res=9.610e-09 mean_res=5.557e-10 mode=logZ e_lin=[-5.825e+00,-0.000e+00] barrier=nan bethe=selfconsistent_boundary_bethe bmode=attractive borient=orbit_average bgamma=group_keys_6_face_ids braw_med=1.500e+02 bcorr_med=1.875e+01 bp_med=7.194e-01 status=ok
[2026-05-14 01:40:02] POINT shard=0 idx=12/20 eps_a=0.666667 eps_c=0.0526316 dt=30.87s event=0 spin=0 bin=0 min_fpp=1.907946e+00 phi_min_fpp=0.353 n_valid=101/101 n_invalid_phi=0 phi_feasible=[0,1] n_success=101 max_res=9.454e-09 mean_res=4.162e-10 mode=logZ e_lin=[-3.298e+00,-0.000e+00] barrier=nan bethe=selfconsistent_boundary_bethe bmode=attractive borient=orbit_average bgamma=group_keys_6_face_ids braw_med=1.500e+02 bcorr_med=1.875e+01 bp_med=7.861e-01 status=ok
[2026-05-14 01:40:05] POINT shard=1 idx=12/20 eps_a=0.666667 eps_c=0.157895 dt=30.86s event=0 spin=0 bin=0 min_fpp=1.510798e+00 phi_min_fpp=0.353 n_valid=101/101 n_invalid_phi=0 phi_feasible=[0,1] n_success=101 max_res=9.038e-09 mean_res=4.625e-10 mode=logZ e_lin=[-4.561e+00,-0.000e+00] barrier=nan bethe=selfconsistent_boundary_bethe bmode=attractive borient=orbit_average bgamma=group_keys_6_face_ids braw_med=1.500e+02 bcorr_med=1.875e+01 bp_med=7.551e-01 status=ok
[2026-05-14 01:40:07] POINT shard=6 idx=12/20 eps_a=0.666667 eps_c=0.684211 dt=30.52s event=0 spin=0 bin=0 min_fpp=1.254152e-02 phi_min_fpp=0.2746 n_valid=101/101 n_invalid_phi=0 phi_feasible=[0,1] n_success=101 max_res=9.240e-09 mean_res=9.326e-10 mode=logZ e_lin=[-1.088e+01,-0.000e+00] barrier=nan bethe=selfconsistent_boundary_bethe bmode=attractive borient=orbit_average bgamma=group_keys_6_face_ids braw_med=1.500e+02 bcorr_med=1.875e+01 bp_med=5.167e-01 status=ok
[2026-05-14 01:40:11] POINT shard=8 idx=12/20 eps_a=0.666667 eps_c=0.894737 dt=31.32s event=1 spin=1 bin=1 min_fpp=-7.016618e-01 phi_min_fpp=0.059 n_valid=101/101 n_invalid_phi=0 phi_feasible=[0,1] n_success=101 max_res=9.513e-09 mean_res=8.406e-10 mode=logZ e_lin=[-1.340e+01,-0.000e+00] barrier=1.364e-02 bethe=selfconsistent_boundary_bethe bmode=attractive borient=orbit_average bgamma=group_keys_6_face_ids braw_med=1.500e+02 bcorr_med=1.875e+01 bp_med=3.937e-01 status=ok
[2026-05-14 01:40:11] POINT shard=9 idx=12/20 eps_a=0.666667 eps_c=1 dt=31.15s event=1 spin=1 bin=1 min_fpp=-1.081527e+00 phi_min_fpp=0.059 n_valid=101/101 n_invalid_phi=0 phi_feasible=[0,1] n_success=101 max_res=9.408e-09 mean_res=1.017e-09 mode=logZ e_lin=[-1.467e+01,-0.000e+00] barrier=2.033e-02 bethe=selfconsistent_boundary_bethe bmode=attractive borient=orbit_average bgamma=group_keys_6_face_ids braw_med=1.500e+02 bcorr_med=1.875e+01 bp_med=3.440e-01 status=ok
[2026-05-14 01:40:12] POINT shard=7 idx=12/20 eps_a=0.666667 eps_c=0.789474 dt=30.87s event=1 spin=1 bin=1 min_fpp=-2.807081e-01 phi_min_fpp=0.1668 n_valid=101/101 n_invalid_phi=0 phi_feasible=[0,1] n_success=101 max_res=9.489e-09 mean_res=1.037e-09 mode=logZ e_lin=[-1.214e+01,-0.000e+00] barrier=5.604e-03 bethe=selfconsistent_boundary_bethe bmode=attractive borient=orbit_average bgamma=group_keys_6_face_ids braw_med=1.500e+02 bcorr_med=1.875e+01 bp_med=4.537e-01 status=ok
[2026-05-14 01:40:29] POINT shard=5 idx=13/20 eps_a=1.33333 eps_c=0.578947 dt=30.66s event=0 spin=0 bin=0 min_fpp=4.369978e-02 phi_min_fpp=0.2746 n_valid=101/101 n_invalid_phi=0 phi_feasible=[0,1] n_success=101 max_res=9.109e-09 mean_res=8.939e-10 mode=logZ e_lin=[-1.228e+01,-0.000e+00] barrier=nan bethe=selfconsistent_boundary_bethe bmode=attractive borient=orbit_average bgamma=group_keys_6_face_ids braw_med=1.500e+02 bcorr_med=1.875e+01 bp_med=5.219e-01 status=ok
[2026-05-14 01:40:30] POINT shard=4 idx=13/20 eps_a=1.33333 eps_c=0.473684 dt=30.55s event=0 spin=0 bin=0 min_fpp=3.080341e-01 phi_min_fpp=0.304 n_valid=101/101 n_invalid_phi=0 phi_feasible=[0,1] n_success=101 max_res=9.113e-09 mean_res=7.982e-10 mode=logZ e_lin=[-1.102e+01,-0.000e+00] barrier=nan bethe=selfconsistent_boundary_bethe bmode=attractive borient=orbit_average bgamma=group_keys_6_face_ids braw_med=1.500e+02 bcorr_med=1.875e+01 bp_med=5.819e-01 status=ok
[2026-05-14 01:40:30] POINT shard=3 idx=13/20 eps_a=1.33333 eps_c=0.368421 dt=30.63s event=0 spin=0 bin=0 min_fpp=5.820848e-01 phi_min_fpp=0.3236 n_valid=101/101 n_invalid_phi=0 phi_feasible=[0,1] n_success=101 max_res=8.697e-09 mean_res=6.322e-10 mode=logZ e_lin=[-9.754e+00,-0.000e+00] barrier=nan bethe=selfconsistent_boundary_bethe bmode=attractive borient=orbit_average bgamma=group_keys_6_face_ids braw_med=1.500e+02 bcorr_med=1.875e+01 bp_med=6.354e-01 status=ok
[2026-05-14 01:40:31] POINT shard=2 idx=13/20 eps_a=1.33333 eps_c=0.263158 dt=30.73s event=0 spin=0 bin=0 min_fpp=8.751513e-01 phi_min_fpp=0.3334 n_valid=101/101 n_invalid_phi=0 phi_feasible=[0,1] n_success=101 max_res=9.141e-09 mean_res=5.998e-10 mode=logZ e_lin=[-8.491e+00,-0.000e+00] barrier=nan bethe=selfconsistent_boundary_bethe bmode=attractive borient=orbit_average bgamma=group_keys_6_face_ids braw_med=1.500e+02 bcorr_med=1.875e+01 bp_med=6.820e-01 status=ok
[2026-05-14 01:40:33] POINT shard=0 idx=13/20 eps_a=1.33333 eps_c=0.0526316 dt=30.92s event=0 spin=0 bin=0 min_fpp=1.544544e+00 phi_min_fpp=0.3432 n_valid=101/101 n_invalid_phi=0 phi_feasible=[0,1] n_success=101 max_res=8.567e-09 mean_res=4.199e-10 mode=logZ e_lin=[-5.965e+00,-0.000e+00] barrier=nan bethe=selfconsistent_boundary_bethe bmode=attractive borient=orbit_average bgamma=group_keys_6_face_ids braw_med=1.500e+02 bcorr_med=1.875e+01 bp_med=7.570e-01 status=ok
[2026-05-14 01:40:36] POINT shard=1 idx=13/20 eps_a=1.33333 eps_c=0.157895 dt=30.86s event=0 spin=0 bin=0 min_fpp=1.193528e+00 phi_min_fpp=0.3432 n_valid=101/101 n_invalid_phi=0 phi_feasible=[0,1] n_success=101 max_res=8.458e-09 mean_res=5.016e-10 mode=logZ e_lin=[-7.228e+00,-0.000e+00] barrier=nan bethe=selfconsistent_boundary_bethe bmode=attractive borient=orbit_average bgamma=group_keys_6_face_ids braw_med=1.500e+02 bcorr_med=1.875e+01 bp_med=7.223e-01 status=ok
[2026-05-14 01:40:37] POINT shard=6 idx=13/20 eps_a=1.33333 eps_c=0.684211 dt=30.62s event=1 spin=1 bin=1 min_fpp=-2.476656e-01 phi_min_fpp=0.1668 n_valid=101/101 n_invalid_phi=0 phi_feasible=[0,1] n_success=101 max_res=9.757e-09 mean_res=1.179e-09 mode=logZ e_lin=[-1.354e+01,-0.000e+00] barrier=4.641e-03 bethe=selfconsistent_boundary_bethe bmode=attractive borient=orbit_average bgamma=group_keys_6_face_ids braw_med=1.500e+02 bcorr_med=1.875e+01 bp_med=4.583e-01 status=ok
[2026-05-14 01:40:42] POINT shard=8 idx=13/20 eps_a=1.33333 eps_c=0.894737 dt=31.22s event=1 spin=1 bin=1 min_fpp=-1.034154e+00 phi_min_fpp=0.059 n_valid=101/101 n_invalid_phi=0 phi_feasible=[0,1] n_success=101 max_res=9.047e-09 mean_res=9.903e-10 mode=logZ e_lin=[-1.607e+01,-0.000e+00] barrier=1.924e-02 bethe=selfconsistent_boundary_bethe bmode=attractive borient=orbit_average bgamma=group_keys_6_face_ids braw_med=1.500e+02 bcorr_med=1.875e+01 bp_med=3.464e-01 status=ok
[2026-05-14 01:40:42] POINT shard=9 idx=13/20 eps_a=1.33333 eps_c=1 dt=30.92s event=1 spin=1 bin=1 min_fpp=-1.270387e+00 phi_min_fpp=0.059 n_valid=101/101 n_invalid_phi=0 phi_feasible=[0,1] n_success=101 max_res=9.003e-09 mean_res=9.711e-10 mode=logZ e_lin=[-1.733e+01,-0.000e+00] barrier=2.395e-02 bethe=selfconsistent_boundary_bethe bmode=attractive borient=orbit_average bgamma=group_keys_6_face_ids braw_med=1.500e+02 bcorr_med=1.875e+01 bp_med=3.098e-01 status=ok
[2026-05-14 01:40:43] POINT shard=7 idx=13/20 eps_a=1.33333 eps_c=0.789474 dt=31.13s event=1 spin=1 bin=1 min_fpp=-6.596177e-01 phi_min_fpp=0.059 n_valid=101/101 n_invalid_phi=0 phi_feasible=[0,1] n_success=101 max_res=9.795e-09 mean_res=1.080e-09 mode=logZ e_lin=[-1.481e+01,-0.000e+00] barrier=1.247e-02 bethe=selfconsistent_boundary_bethe bmode=attractive borient=orbit_average bgamma=group_keys_6_face_ids braw_med=1.500e+02 bcorr_med=1.875e+01 bp_med=3.972e-01 status=ok
[2026-05-14 01:41:00] POINT shard=5 idx=14/20 eps_a=2 eps_c=0.578947 dt=30.67s event=1 spin=1 bin=1 min_fpp=-2.705594e-01 phi_min_fpp=0.1374 n_valid=101/101 n_invalid_phi=0 phi_feasible=[0,1] n_success=101 max_res=9.920e-09 mean_res=1.097e-09 mode=logZ e_lin=[-1.495e+01,-0.000e+00] barrier=5.210e-03 bethe=selfconsistent_boundary_bethe bmode=attractive borient=orbit_average bgamma=group_keys_6_face_ids braw_med=1.500e+02 bcorr_med=1.875e+01 bp_med=4.270e-01 status=ok
[2026-05-14 01:41:01] POINT shard=4 idx=14/20 eps_a=2 eps_c=0.473684 dt=30.88s event=0 spin=0 bin=0 min_fpp=4.098129e-02 phi_min_fpp=0.2648 n_valid=101/101 n_invalid_phi=0 phi_feasible=[0,1] n_success=101 max_res=9.500e-09 mean_res=8.217e-10 mode=logZ e_lin=[-1.368e+01,-0.000e+00] barrier=nan bethe=selfconsistent_boundary_bethe bmode=attractive borient=orbit_average bgamma=group_keys_6_face_ids braw_med=1.500e+02 bcorr_med=1.875e+01 bp_med=5.018e-01 status=ok
[2026-05-14 01:41:01] POINT shard=3 idx=14/20 eps_a=2 eps_c=0.368421 dt=31.01s event=0 spin=0 bin=0 min_fpp=3.127557e-01 phi_min_fpp=0.2942 n_valid=101/101 n_invalid_phi=0 phi_feasible=[0,1] n_success=101 max_res=9.956e-09 mean_res=7.379e-10 mode=logZ e_lin=[-1.242e+01,-0.000e+00] barrier=nan bethe=selfconsistent_boundary_bethe bmode=attractive borient=orbit_average bgamma=group_keys_6_face_ids braw_med=1.500e+02 bcorr_med=1.875e+01 bp_med=5.701e-01 status=ok
[2026-05-14 01:41:02] POINT shard=2 idx=14/20 eps_a=2 eps_c=0.263158 dt=31.22s event=0 spin=0 bin=0 min_fpp=5.915150e-01 phi_min_fpp=0.3138 n_valid=101/101 n_invalid_phi=0 phi_feasible=[0,1] n_success=101 max_res=9.618e-09 mean_res=6.432e-10 mode=logZ e_lin=[-1.116e+01,-0.000e+00] barrier=nan bethe=selfconsistent_boundary_bethe bmode=attractive borient=orbit_average bgamma=group_keys_6_face_ids braw_med=1.500e+02 bcorr_med=1.875e+01 bp_med=6.285e-01 status=ok
[2026-05-14 01:41:05] POINT shard=0 idx=14/20 eps_a=2 eps_c=0.0526316 dt=31.22s event=0 spin=0 bin=0 min_fpp=1.203753e+00 phi_min_fpp=0.3334 n_valid=101/101 n_invalid_phi=0 phi_feasible=[0,1] n_success=101 max_res=9.561e-09 mean_res=5.003e-10 mode=logZ e_lin=[-8.632e+00,-0.000e+00] barrier=nan bethe=selfconsistent_boundary_bethe bmode=attractive borient=orbit_average bgamma=group_keys_6_face_ids braw_med=1.500e+02 bcorr_med=1.875e+01 bp_med=7.188e-01 status=ok
[2026-05-14 01:41:07] POINT shard=1 idx=14/20 eps_a=2 eps_c=0.157895 dt=31.10s event=0 spin=0 bin=0 min_fpp=8.864324e-01 phi_min_fpp=0.3236 n_valid=101/101 n_invalid_phi=0 phi_feasible=[0,1] n_success=101 max_res=9.230e-09 mean_res=6.123e-10 mode=logZ e_lin=[-9.895e+00,-0.000e+00] barrier=nan bethe=selfconsistent_boundary_bethe bmode=attractive borient=orbit_average bgamma=group_keys_6_face_ids braw_med=1.500e+02 bcorr_med=1.875e+01 bp_med=6.776e-01 status=ok
[2026-05-14 01:41:08] POINT shard=6 idx=14/20 eps_a=2 eps_c=0.684211 dt=30.75s event=1 spin=1 bin=1 min_fpp=-6.966647e-01 phi_min_fpp=0.059 n_valid=101/101 n_invalid_phi=0 phi_feasible=[0,1] n_success=101 max_res=9.831e-09 mean_res=1.163e-09 mode=logZ e_lin=[-1.621e+01,-0.000e+00] barrier=1.374e-02 bethe=selfconsistent_boundary_bethe bmode=attractive borient=orbit_average bgamma=group_keys_6_face_ids braw_med=1.500e+02 bcorr_med=1.875e+01 bp_med=3.573e-01 status=ok
[2026-05-14 01:41:12] POINT shard=9 idx=14/20 eps_a=2 eps_c=1 dt=29.56s event=1 spin=1 bin=1 min_fpp=-1.320052e+00 phi_min_fpp=0.059 n_valid=101/101 n_invalid_phi=0 phi_feasible=[0,1] n_success=101 max_res=9.971e-09 mean_res=1.921e-09 mode=logZ e_lin=[-2.000e+01,-0.000e+00] barrier=2.665e-02 bethe=selfconsistent_boundary_bethe bmode=attractive borient=orbit_average bgamma=group_keys_6_face_ids braw_med=1.500e+02 bcorr_med=1.875e+01 bp_med=2.680e-01 status=ok
[2026-05-14 01:41:12] POINT shard=8 idx=14/20 eps_a=2 eps_c=0.894737 dt=30.26s event=1 spin=1 bin=1 min_fpp=-1.213818e+00 phi_min_fpp=0.059 n_valid=101/101 n_invalid_phi=0 phi_feasible=[0,1] n_success=101 max_res=9.684e-09 mean_res=1.246e-09 mode=logZ e_lin=[-1.874e+01,-0.000e+00] barrier=2.408e-02 bethe=selfconsistent_boundary_bethe bmode=attractive borient=orbit_average bgamma=group_keys_6_face_ids braw_med=1.500e+02 bcorr_med=1.875e+01 bp_med=2.819e-01 status=ok
[2026-05-14 01:41:14] POINT shard=7 idx=14/20 eps_a=2 eps_c=0.789474 dt=30.88s event=1 spin=1 bin=1 min_fpp=-1.028811e+00 phi_min_fpp=0.059 n_valid=101/101 n_invalid_phi=0 phi_feasible=[0,1] n_success=101 max_res=9.188e-09 mean_res=1.118e-09 mode=logZ e_lin=[-1.747e+01,-0.000e+00] barrier=2.018e-02 bethe=selfconsistent_boundary_bethe bmode=attractive borient=orbit_average bgamma=group_keys_6_face_ids braw_med=1.500e+02 bcorr_med=1.875e+01 bp_med=3.086e-01 status=ok
[2026-05-14 01:41:31] shard 5: 15/20 eps_a=2.667 eps_c=0.579 dt=30.6s found=Y RSS=202592kB
[2026-05-14 01:41:31] POINT shard=5 idx=15/20 eps_a=2.66667 eps_c=0.578947 dt=30.62s event=1 spin=1 bin=1 min_fpp=-7.996768e-01 phi_min_fpp=0.059 n_valid=101/101 n_invalid_phi=0 phi_feasible=[0,1] n_success=101 max_res=9.501e-09 mean_res=1.196e-09 mode=logZ e_lin=[-1.761e+01,-0.000e+00] barrier=1.625e-02 bethe=selfconsistent_boundary_bethe bmode=attractive borient=orbit_average bgamma=group_keys_6_face_ids braw_med=1.500e+02 bcorr_med=1.875e+01 bp_med=2.801e-01 status=ok
[2026-05-14 01:41:32] shard 4: 15/20 eps_a=2.667 eps_c=0.474 dt=30.8s found=Y RSS=202580kB
[2026-05-14 01:41:32] POINT shard=4 idx=15/20 eps_a=2.66667 eps_c=0.473684 dt=30.80s event=1 spin=1 bin=1 min_fpp=-5.641380e-01 phi_min_fpp=0.059 n_valid=101/101 n_invalid_phi=0 phi_feasible=[0,1] n_success=101 max_res=9.881e-09 mean_res=1.200e-09 mode=logZ e_lin=[-1.635e+01,-0.000e+00] barrier=1.159e-02 bethe=selfconsistent_boundary_bethe bmode=attractive borient=orbit_average bgamma=group_keys_6_face_ids braw_med=1.500e+02 bcorr_med=1.875e+01 bp_med=3.025e-01 status=ok
[2026-05-14 01:41:32] shard 3: 15/20 eps_a=2.667 eps_c=0.368 dt=30.6s found=Y RSS=200004kB
[2026-05-14 01:41:32] POINT shard=3 idx=15/20 eps_a=2.66667 eps_c=0.368421 dt=30.64s event=1 spin=1 bin=1 min_fpp=-1.932312e-01 phi_min_fpp=0.1962 n_valid=101/101 n_invalid_phi=0 phi_feasible=[0,1] n_success=101 max_res=9.804e-09 mean_res=1.257e-09 mode=logZ e_lin=[-1.509e+01,-0.000e+00] barrier=4.919e-03 bethe=selfconsistent_boundary_bethe bmode=attractive borient=orbit_average bgamma=group_keys_6_face_ids braw_med=1.500e+02 bcorr_med=1.875e+01 bp_med=3.451e-01 status=ok
[2026-05-14 01:41:33] shard 2: 15/20 eps_a=2.667 eps_c=0.263 dt=30.9s found=Y RSS=200008kB
[2026-05-14 01:41:33] POINT shard=2 idx=15/20 eps_a=2.66667 eps_c=0.263158 dt=30.90s event=0 spin=0 bin=0 min_fpp=8.403468e-02 phi_min_fpp=0.3726 n_valid=101/101 n_invalid_phi=0 phi_feasible=[0,1] n_success=101 max_res=9.943e-09 mean_res=8.628e-10 mode=logZ e_lin=[-1.382e+01,-0.000e+00] barrier=nan bethe=selfconsistent_boundary_bethe bmode=attractive borient=orbit_average bgamma=group_keys_6_face_ids braw_med=1.500e+02 bcorr_med=1.875e+01 bp_med=4.245e-01 status=ok
[2026-05-14 01:41:37] shard 0: 15/20 eps_a=2.667 eps_c=0.053 dt=32.1s found=Y RSS=203836kB
[2026-05-14 01:41:37] POINT shard=0 idx=15/20 eps_a=2.66667 eps_c=0.0526316 dt=32.13s event=0 spin=0 bin=0 min_fpp=6.469464e-01 phi_min_fpp=0.6862 n_valid=101/101 n_invalid_phi=0 phi_feasible=[0,1] n_success=101 max_res=6.082e-09 mean_res=1.270e-10 mode=logZ e_lin=[-1.130e+01,-0.000e+00] barrier=nan bethe=selfconsistent_boundary_bethe bmode=attractive borient=orbit_average bgamma=group_keys_6_face_ids braw_med=1.500e+02 bcorr_med=1.875e+01 bp_med=6.305e-01 status=ok
[2026-05-14 01:41:38] shard 1: 15/20 eps_a=2.667 eps_c=0.158 dt=31.4s found=Y RSS=203200kB
[2026-05-14 01:41:38] POINT shard=1 idx=15/20 eps_a=2.66667 eps_c=0.157895 dt=31.36s event=0 spin=0 bin=0 min_fpp=3.541599e-01 phi_min_fpp=0.5784 n_valid=101/101 n_invalid_phi=0 phi_feasible=[0,1] n_success=101 max_res=9.318e-09 mean_res=7.167e-10 mode=logZ e_lin=[-1.256e+01,-0.000e+00] barrier=nan bethe=selfconsistent_boundary_bethe bmode=attractive borient=orbit_average bgamma=group_keys_6_face_ids braw_med=1.500e+02 bcorr_med=1.875e+01 bp_med=5.353e-01 status=ok
[2026-05-14 01:41:39] shard 6: 15/20 eps_a=2.667 eps_c=0.684 dt=30.5s found=Y RSS=203872kB
[2026-05-14 01:41:39] POINT shard=6 idx=15/20 eps_a=2.66667 eps_c=0.684211 dt=30.48s event=1 spin=1 bin=1 min_fpp=-9.699283e-01 phi_min_fpp=0.059 n_valid=101/101 n_invalid_phi=0 phi_feasible=[0,1] n_success=101 max_res=9.930e-09 mean_res=1.303e-09 mode=logZ e_lin=[-1.888e+01,-0.000e+00] barrier=1.993e-02 bethe=selfconsistent_boundary_bethe bmode=attractive borient=orbit_average bgamma=group_keys_6_face_ids braw_med=1.500e+02 bcorr_med=1.875e+01 bp_med=2.679e-01 status=ok
[2026-05-14 01:41:43] shard 8: 15/20 eps_a=2.667 eps_c=0.895 dt=30.3s found=Y RSS=201932kB
[2026-05-14 01:41:43] POINT shard=8 idx=15/20 eps_a=2.66667 eps_c=0.894737 dt=30.29s event=1 spin=1 bin=1 min_fpp=-1.219097e+00 phi_min_fpp=0.059 n_valid=101/101 n_invalid_phi=0 phi_feasible=[0,1] n_success=101 max_res=9.555e-09 mean_res=1.257e-09 mode=logZ e_lin=[-2.140e+01,-0.000e+00] barrier=2.532e-02 bethe=selfconsistent_boundary_bethe bmode=attractive borient=orbit_average bgamma=group_keys_6_face_ids braw_med=1.500e+02 bcorr_med=1.875e+01 bp_med=2.568e-01 status=ok
[2026-05-14 01:41:43] shard 9: 15/20 eps_a=2.667 eps_c=1.000 dt=30.7s found=Y RSS=201816kB
[2026-05-14 01:41:43] POINT shard=9 idx=15/20 eps_a=2.66667 eps_c=1 dt=30.73s event=1 spin=1 bin=1 min_fpp=-1.311631e+00 phi_min_fpp=0.059 n_valid=101/101 n_invalid_phi=0 phi_feasible=[0,1] n_success=101 max_res=9.935e-09 mean_res=8.814e-10 mode=logZ e_lin=[-2.267e+01,-0.000e+00] barrier=2.729e-02 bethe=selfconsistent_boundary_bethe bmode=attractive borient=orbit_average bgamma=group_keys_6_face_ids braw_med=1.500e+02 bcorr_med=1.875e+01 bp_med=2.543e-01 status=ok
[2026-05-14 01:41:44] shard 7: 15/20 eps_a=2.667 eps_c=0.789 dt=30.1s found=Y RSS=203212kB
[2026-05-14 01:41:44] POINT shard=7 idx=15/20 eps_a=2.66667 eps_c=0.789474 dt=30.07s event=1 spin=1 bin=1 min_fpp=-1.106736e+00 phi_min_fpp=0.059 n_valid=101/101 n_invalid_phi=0 phi_feasible=[0,1] n_success=101 max_res=9.587e-09 mean_res=1.424e-09 mode=logZ e_lin=[-2.014e+01,-0.000e+00] barrier=2.290e-02 bethe=selfconsistent_boundary_bethe bmode=attractive borient=orbit_average bgamma=group_keys_6_face_ids braw_med=1.500e+02 bcorr_med=1.875e+01 bp_med=2.609e-01 status=ok
[2026-05-14 01:42:02] POINT shard=5 idx=16/20 eps_a=3.33333 eps_c=0.578947 dt=31.60s event=1 spin=1 bin=1 min_fpp=-8.091297e-01 phi_min_fpp=0.059 n_valid=101/101 n_invalid_phi=0 phi_feasible=[0,1] n_success=101 max_res=9.972e-09 mean_res=3.084e-10 mode=logZ e_lin=[-2.028e+01,-0.000e+00] barrier=1.686e-02 bethe=selfconsistent_boundary_bethe bmode=attractive borient=orbit_average bgamma=group_keys_6_face_ids braw_med=1.500e+02 bcorr_med=1.875e+01 bp_med=2.592e-01 status=ok
[2026-05-14 01:42:03] POINT shard=4 idx=16/20 eps_a=3.33333 eps_c=0.473684 dt=31.14s event=1 spin=1 bin=1 min_fpp=-6.331068e-01 phi_min_fpp=0.059 n_valid=101/101 n_invalid_phi=0 phi_feasible=[0,1] n_success=101 max_res=9.952e-09 mean_res=9.765e-10 mode=logZ e_lin=[-1.902e+01,-0.000e+00] barrier=1.292e-02 bethe=selfconsistent_boundary_bethe bmode=attractive borient=orbit_average bgamma=group_keys_6_face_ids braw_med=1.500e+02 bcorr_med=1.875e+01 bp_med=2.643e-01 status=ok
[2026-05-14 01:42:03] POINT shard=3 idx=16/20 eps_a=3.33333 eps_c=0.368421 dt=31.12s event=1 spin=1 bin=1 min_fpp=-4.389548e-01 phi_min_fpp=0.059 n_valid=101/101 n_invalid_phi=0 phi_feasible=[0,1] n_success=101 max_res=9.931e-09 mean_res=1.165e-09 mode=logZ e_lin=[-1.775e+01,-0.000e+00] barrier=8.446e-03 bethe=selfconsistent_boundary_bethe bmode=attractive borient=orbit_average bgamma=group_keys_6_face_ids braw_med=1.500e+02 bcorr_med=1.875e+01 bp_med=2.726e-01 status=ok
[2026-05-14 01:42:04] POINT shard=2 idx=16/20 eps_a=3.33333 eps_c=0.263158 dt=30.77s event=1 spin=1 bin=1 min_fpp=-2.276587e-01 phi_min_fpp=0.059 n_valid=101/101 n_invalid_phi=0 phi_feasible=[0,1] n_success=101 max_res=9.881e-09 mean_res=1.280e-09 mode=logZ e_lin=[-1.649e+01,-0.000e+00] barrier=3.715e-03 bethe=selfconsistent_boundary_bethe bmode=attractive borient=orbit_average bgamma=group_keys_6_face_ids braw_med=1.500e+02 bcorr_med=1.875e+01 bp_med=2.867e-01 status=ok
[2026-05-14 01:42:08] POINT shard=0 idx=16/20 eps_a=3.33333 eps_c=0.0526316 dt=31.47s event=0 spin=0 bin=0 min_fpp=1.887491e-01 phi_min_fpp=0.353 n_valid=101/101 n_invalid_phi=0 phi_feasible=[0,1] n_success=101 max_res=9.855e-09 mean_res=9.334e-10 mode=logZ e_lin=[-1.396e+01,-0.000e+00] barrier=nan bethe=selfconsistent_boundary_bethe bmode=attractive borient=orbit_average bgamma=group_keys_6_face_ids braw_med=1.500e+02 bcorr_med=1.875e+01 bp_med=3.577e-01 status=ok
[2026-05-14 01:42:09] POINT shard=1 idx=16/20 eps_a=3.33333 eps_c=0.157895 dt=30.89s event=0 spin=0 bin=0 min_fpp=4.152297e-03 phi_min_fpp=0.206 n_valid=101/101 n_invalid_phi=0 phi_feasible=[0,1] n_success=101 max_res=9.971e-09 mean_res=1.339e-09 mode=logZ e_lin=[-1.523e+01,-0.000e+00] barrier=nan bethe=selfconsistent_boundary_bethe bmode=attractive borient=orbit_average bgamma=group_keys_6_face_ids braw_med=1.500e+02 bcorr_med=1.875e+01 bp_med=3.116e-01 status=ok
[2026-05-14 01:42:12] POINT shard=6 idx=16/20 eps_a=3.33333 eps_c=0.684211 dt=33.41s event=1 spin=1 bin=1 min_fpp=-8.603653e-01 phi_min_fpp=0.0786 n_valid=99/101 n_invalid_phi=0 phi_feasible=[0,1] n_success=99 max_res=2.074e-03 mean_res=2.633e-05 mode=logZ e_lin=[-2.154e+01,-0.000e+00] barrier=1.765e-02 bethe=selfconsistent_boundary_bethe bmode=attractive borient=orbit_average bgamma=group_keys_6_face_ids braw_med=1.500e+02 bcorr_med=1.875e+01 bp_med=2.659e-01 status=ok
[2026-05-14 01:42:14] POINT shard=8 idx=16/20 eps_a=3.33333 eps_c=0.894737 dt=31.80s event=1 spin=1 bin=1 min_fpp=-1.133886e+00 phi_min_fpp=0.0688 n_valid=100/101 n_invalid_phi=0 phi_feasible=[0,1] n_success=100 max_res=1.017e-02 mean_res=1.006e-04 mode=logZ e_lin=[-2.407e+01,-0.000e+00] barrier=2.370e-02 bethe=selfconsistent_boundary_bethe bmode=attractive borient=orbit_average bgamma=group_keys_6_face_ids braw_med=1.500e+02 bcorr_med=1.875e+01 bp_med=2.575e-01 status=ok
[2026-05-14 01:42:15] POINT shard=9 idx=16/20 eps_a=3.33333 eps_c=1 dt=31.87s event=1 spin=1 bin=1 min_fpp=-1.304509e+00 phi_min_fpp=0.059 n_valid=101/101 n_invalid_phi=0 phi_feasible=[0,1] n_success=101 max_res=9.254e-09 mean_res=8.080e-10 mode=logZ e_lin=[-2.533e+01,-0.000e+00] barrier=2.731e-02 bethe=selfconsistent_boundary_bethe bmode=attractive borient=orbit_average bgamma=group_keys_6_face_ids braw_med=1.500e+02 bcorr_med=1.875e+01 bp_med=2.517e-01 status=ok
[2026-05-14 01:42:16] POINT shard=7 idx=16/20 eps_a=3.33333 eps_c=0.789474 dt=31.98s event=1 spin=1 bin=1 min_fpp=-1.031513e+00 phi_min_fpp=0.0688 n_valid=100/101 n_invalid_phi=0 phi_feasible=[0,1] n_success=100 max_res=9.991e-04 mean_res=9.893e-06 mode=logZ e_lin=[-2.281e+01,-0.000e+00] barrier=2.152e-02 bethe=selfconsistent_boundary_bethe bmode=attractive borient=orbit_average bgamma=group_keys_6_face_ids braw_med=1.500e+02 bcorr_med=1.875e+01 bp_med=2.588e-01 status=ok
[2026-05-14 01:42:35] POINT shard=4 idx=17/20 eps_a=4 eps_c=0.473684 dt=31.89s event=1 spin=1 bin=1 min_fpp=-6.357380e-01 phi_min_fpp=0.059 n_valid=101/101 n_invalid_phi=0 phi_feasible=[0,1] n_success=101 max_res=7.152e-09 mean_res=4.410e-10 mode=logZ e_lin=[-2.168e+01,-0.000e+00] barrier=1.313e-02 bethe=selfconsistent_boundary_bethe bmode=attractive borient=orbit_average bgamma=group_keys_6_face_ids braw_med=1.500e+02 bcorr_med=1.875e+01 bp_med=2.555e-01 status=ok
[2026-05-14 01:42:35] POINT shard=5 idx=17/20 eps_a=4 eps_c=0.578947 dt=32.82s event=1 spin=1 bin=1 min_fpp=-7.654758e-01 phi_min_fpp=0.0688 n_valid=100/101 n_invalid_phi=0 phi_feasible=[0,1] n_success=100 max_res=3.925e-04 mean_res=3.887e-06 mode=logZ e_lin=[-2.295e+01,-0.000e+00] barrier=1.586e-02 bethe=selfconsistent_boundary_bethe bmode=attractive borient=orbit_average bgamma=group_keys_6_face_ids braw_med=1.500e+02 bcorr_med=1.875e+01 bp_med=2.587e-01 status=ok
[2026-05-14 01:42:36] POINT shard=2 idx=17/20 eps_a=4 eps_c=0.263158 dt=31.90s event=1 spin=1 bin=1 min_fpp=-2.616441e-01 phi_min_fpp=0.059 n_valid=101/101 n_invalid_phi=0 phi_feasible=[0,1] n_success=101 max_res=8.857e-09 mean_res=3.769e-10 mode=logZ e_lin=[-1.916e+01,-0.000e+00] barrier=4.287e-03 bethe=selfconsistent_boundary_bethe bmode=attractive borient=orbit_average bgamma=group_keys_6_face_ids braw_med=1.500e+02 bcorr_med=1.875e+01 bp_med=2.622e-01 status=ok
[2026-05-14 01:42:37] POINT shard=3 idx=17/20 eps_a=4 eps_c=0.368421 dt=34.44s event=1 spin=1 bin=1 min_fpp=-3.991231e-01 phi_min_fpp=0.0884 n_valid=98/101 n_invalid_phi=0 phi_feasible=[0,1] n_success=98 max_res=6.463e-03 mean_res=7.391e-05 mode=logZ e_lin=[-2.042e+01,-0.000e+00] barrier=7.130e-03 bethe=selfconsistent_boundary_bethe bmode=attractive borient=orbit_average bgamma=group_keys_6_face_ids braw_med=1.500e+02 bcorr_med=1.875e+01 bp_med=2.732e-01 status=ok
[2026-05-14 01:42:41] POINT shard=0 idx=17/20 eps_a=4 eps_c=0.0526316 dt=32.22s event=0 spin=0 bin=0 min_fpp=1.008120e-01 phi_min_fpp=0.0786 n_valid=101/101 n_invalid_phi=0 phi_feasible=[0,1] n_success=101 max_res=6.927e-09 mean_res=2.971e-10 mode=logZ e_lin=[-1.663e+01,-0.000e+00] barrier=nan bethe=selfconsistent_boundary_bethe bmode=attractive borient=orbit_average bgamma=group_keys_6_face_ids braw_med=1.500e+02 bcorr_med=1.875e+01 bp_med=2.788e-01 status=ok
[2026-05-14 01:42:41] POINT shard=1 idx=17/20 eps_a=4 eps_c=0.157895 dt=32.09s event=1 spin=1 bin=1 min_fpp=-7.579240e-02 phi_min_fpp=0.059 n_valid=101/101 n_invalid_phi=0 phi_feasible=[0,1] n_success=101 max_res=7.602e-09 mean_res=3.940e-10 mode=logZ e_lin=[-1.789e+01,-0.000e+00] barrier=6.195e-04 bethe=selfconsistent_boundary_bethe bmode=attractive borient=orbit_average bgamma=group_keys_6_face_ids braw_med=1.500e+02 bcorr_med=1.875e+01 bp_med=2.685e-01 status=ok
[2026-05-14 01:42:44] POINT shard=6 idx=17/20 eps_a=4 eps_c=0.684211 dt=32.18s event=1 spin=1 bin=1 min_fpp=-9.604084e-01 phi_min_fpp=0.059 n_valid=101/101 n_invalid_phi=0 phi_feasible=[0,1] n_success=101 max_res=8.994e-09 mean_res=3.297e-10 mode=logZ e_lin=[-2.421e+01,-0.000e+00] barrier=2.027e-02 bethe=selfconsistent_boundary_bethe bmode=attractive borient=orbit_average bgamma=group_keys_6_face_ids braw_med=1.500e+02 bcorr_med=1.875e+01 bp_med=2.525e-01 status=ok
[2026-05-14 01:42:47] POINT shard=9 idx=17/20 eps_a=4 eps_c=1 dt=32.10s event=1 spin=1 bin=1 min_fpp=-1.301200e+00 phi_min_fpp=0.059 n_valid=101/101 n_invalid_phi=0 phi_feasible=[0,1] n_success=101 max_res=9.864e-09 mean_res=4.213e-10 mode=logZ e_lin=[-2.800e+01,-0.000e+00] barrier=2.731e-02 bethe=selfconsistent_boundary_bethe bmode=attractive borient=orbit_average bgamma=group_keys_6_face_ids braw_med=1.500e+02 bcorr_med=1.875e+01 bp_med=2.508e-01 status=ok
[2026-05-14 01:42:47] POINT shard=8 idx=17/20 eps_a=4 eps_c=0.894737 dt=32.52s event=1 spin=1 bin=1 min_fpp=-1.206569e+00 phi_min_fpp=0.059 n_valid=101/101 n_invalid_phi=0 phi_feasible=[0,1] n_success=101 max_res=9.045e-09 mean_res=3.457e-10 mode=logZ e_lin=[-2.674e+01,-0.000e+00] barrier=2.538e-02 bethe=selfconsistent_boundary_bethe bmode=attractive borient=orbit_average bgamma=group_keys_6_face_ids braw_med=1.500e+02 bcorr_med=1.875e+01 bp_med=2.511e-01 status=ok
[2026-05-14 01:42:49] POINT shard=7 idx=17/20 eps_a=4 eps_c=0.789474 dt=32.85s event=1 spin=1 bin=1 min_fpp=-1.093492e+00 phi_min_fpp=0.059 n_valid=101/101 n_invalid_phi=0 phi_feasible=[0,1] n_success=101 max_res=9.526e-09 mean_res=3.305e-10 mode=logZ e_lin=[-2.547e+01,-0.000e+00] barrier=2.306e-02 bethe=selfconsistent_boundary_bethe bmode=attractive borient=orbit_average bgamma=group_keys_6_face_ids braw_med=1.500e+02 bcorr_med=1.875e+01 bp_med=2.517e-01 status=ok
[2026-05-14 01:43:07] POINT shard=4 idx=18/20 eps_a=4.66667 eps_c=0.473684 dt=32.24s event=1 spin=1 bin=1 min_fpp=-6.355686e-01 phi_min_fpp=0.059 n_valid=101/101 n_invalid_phi=0 phi_feasible=[0,1] n_success=101 max_res=9.156e-09 mean_res=5.154e-10 mode=logZ e_lin=[-2.435e+01,-0.000e+00] barrier=1.319e-02 bethe=selfconsistent_boundary_bethe bmode=attractive borient=orbit_average bgamma=group_keys_6_face_ids braw_med=1.500e+02 bcorr_med=1.875e+01 bp_med=2.524e-01 status=ok
[2026-05-14 01:43:08] POINT shard=5 idx=18/20 eps_a=4.66667 eps_c=0.578947 dt=33.04s event=1 spin=1 bin=1 min_fpp=-8.057273e-01 phi_min_fpp=0.059 n_valid=101/101 n_invalid_phi=0 phi_feasible=[0,1] n_success=101 max_res=8.150e-09 mean_res=5.434e-10 mode=logZ e_lin=[-2.561e+01,-0.000e+00] barrier=1.699e-02 bethe=selfconsistent_boundary_bethe bmode=attractive borient=orbit_average bgamma=group_keys_6_face_ids braw_med=1.500e+02 bcorr_med=1.875e+01 bp_med=2.517e-01 status=ok
[2026-05-14 01:43:09] POINT shard=2 idx=18/20 eps_a=4.66667 eps_c=0.263158 dt=32.48s event=1 spin=1 bin=1 min_fpp=-2.668933e-01 phi_min_fpp=0.059 n_valid=101/101 n_invalid_phi=0 phi_feasible=[0,1] n_success=101 max_res=7.090e-09 mean_res=3.072e-10 mode=logZ e_lin=[-2.182e+01,-0.000e+00] barrier=4.423e-03 bethe=selfconsistent_boundary_bethe bmode=attractive borient=orbit_average bgamma=group_keys_6_face_ids braw_med=1.500e+02 bcorr_med=1.875e+01 bp_med=2.550e-01 status=ok
[2026-05-14 01:43:10] POINT shard=3 idx=18/20 eps_a=4.66667 eps_c=0.368421 dt=32.88s event=1 spin=1 bin=1 min_fpp=-4.347907e-01 phi_min_fpp=0.0688 n_valid=100/101 n_invalid_phi=0 phi_feasible=[0,1] n_success=100 max_res=4.049e-04 mean_res=4.009e-06 mode=logZ e_lin=[-2.309e+01,-0.000e+00] barrier=8.313e-03 bethe=selfconsistent_boundary_bethe bmode=attractive borient=orbit_average bgamma=group_keys_6_face_ids braw_med=1.500e+02 bcorr_med=1.875e+01 bp_med=2.585e-01 status=ok
[2026-05-14 01:43:14] POINT shard=0 idx=18/20 eps_a=4.66667 eps_c=0.0526316 dt=33.10s event=0 spin=0 bin=0 min_fpp=8.027864e-02 phi_min_fpp=0.0688 n_valid=100/101 n_invalid_phi=0 phi_feasible=[0,1] n_success=100 max_res=3.670e-04 mean_res=3.634e-06 mode=logZ e_lin=[-1.930e+01,-0.000e+00] barrier=nan bethe=selfconsistent_boundary_bethe bmode=attractive borient=orbit_average bgamma=group_keys_6_face_ids braw_med=1.500e+02 bcorr_med=1.875e+01 bp_med=2.655e-01 status=ok
[2026-05-14 01:43:16] POINT shard=1 idx=18/20 eps_a=4.66667 eps_c=0.157895 dt=34.58s event=1 spin=1 bin=1 min_fpp=-7.817907e-02 phi_min_fpp=0.0786 n_valid=99/101 n_invalid_phi=0 phi_feasible=[0,1] n_success=99 max_res=4.380e-04 mean_res=5.245e-06 mode=logZ e_lin=[-2.056e+01,-0.000e+00] barrier=5.835e-04 bethe=selfconsistent_boundary_bethe bmode=attractive borient=orbit_average bgamma=group_keys_6_face_ids braw_med=1.500e+02 bcorr_med=1.875e+01 bp_med=2.672e-01 status=ok
[2026-05-14 01:43:20] POINT shard=8 idx=18/20 eps_a=4.66667 eps_c=0.894737 dt=33.12s event=1 spin=1 bin=1 min_fpp=-1.204691e+00 phi_min_fpp=0.059 n_valid=101/101 n_invalid_phi=0 phi_feasible=[0,1] n_success=101 max_res=9.331e-09 mean_res=8.052e-10 mode=logZ e_lin=[-2.940e+01,-0.000e+00] barrier=2.538e-02 bethe=selfconsistent_boundary_bethe bmode=attractive borient=orbit_average bgamma=group_keys_6_face_ids braw_med=1.500e+02 bcorr_med=1.875e+01 bp_med=2.505e-01 status=ok
[2026-05-14 01:43:20] POINT shard=9 idx=18/20 eps_a=4.66667 eps_c=1 dt=33.34s event=1 spin=1 bin=1 min_fpp=-1.299611e+00 phi_min_fpp=0.059 n_valid=101/101 n_invalid_phi=0 phi_feasible=[0,1] n_success=101 max_res=8.950e-09 mean_res=7.821e-10 mode=logZ e_lin=[-3.067e+01,-0.000e+00] barrier=2.730e-02 bethe=selfconsistent_boundary_bethe bmode=attractive borient=orbit_average bgamma=group_keys_6_face_ids braw_med=1.500e+02 bcorr_med=1.875e+01 bp_med=2.504e-01 status=ok
[2026-05-14 01:43:21] POINT shard=6 idx=18/20 eps_a=4.66667 eps_c=0.684211 dt=36.82s event=1 spin=1 bin=1 min_fpp=-9.584490e-01 phi_min_fpp=0.059 n_valid=101/101 n_invalid_phi=0 phi_feasible=[0,1] n_success=101 max_res=9.768e-09 mean_res=6.213e-10 mode=logZ e_lin=[-2.688e+01,-0.000e+00] barrier=2.028e-02 bethe=selfconsistent_boundary_bethe bmode=attractive borient=orbit_average bgamma=group_keys_6_face_ids braw_med=1.500e+02 bcorr_med=1.875e+01 bp_med=2.512e-01 status=ok
[2026-05-14 01:43:23] POINT shard=7 idx=18/20 eps_a=4.66667 eps_c=0.789474 dt=33.77s event=1 spin=1 bin=1 min_fpp=-1.091440e+00 phi_min_fpp=0.059 n_valid=101/101 n_invalid_phi=0 phi_feasible=[0,1] n_success=101 max_res=9.757e-09 mean_res=7.050e-10 mode=logZ e_lin=[-2.814e+01,-0.000e+00] barrier=2.306e-02 bethe=selfconsistent_boundary_bethe bmode=attractive borient=orbit_average bgamma=group_keys_6_face_ids braw_med=1.500e+02 bcorr_med=1.875e+01 bp_med=2.508e-01 status=ok
[2026-05-14 01:43:41] POINT shard=4 idx=19/20 eps_a=5.33333 eps_c=0.473684 dt=33.52s event=1 spin=1 bin=1 min_fpp=-5.787590e-01 phi_min_fpp=0.0786 n_valid=99/101 n_invalid_phi=0 phi_feasible=[0,1] n_success=99 max_res=1.242e-01 mean_res=1.394e-03 mode=logZ e_lin=[-2.702e+01,-0.000e+00] barrier=1.154e-02 bethe=selfconsistent_boundary_bethe bmode=attractive borient=orbit_average bgamma=group_keys_6_face_ids braw_med=1.500e+02 bcorr_med=1.875e+01 bp_med=2.611e-01 status=ok
[2026-05-14 01:43:42] POINT shard=2 idx=19/20 eps_a=5.33333 eps_c=0.263158 dt=33.08s event=1 spin=1 bin=1 min_fpp=-2.583163e-01 phi_min_fpp=0.0688 n_valid=100/101 n_invalid_phi=0 phi_feasible=[0,1] n_success=100 max_res=7.458e-03 mean_res=7.384e-05 mode=logZ e_lin=[-2.449e+01,-0.000e+00] barrier=4.141e-03 bethe=selfconsistent_boundary_bethe bmode=attractive borient=orbit_average bgamma=group_keys_6_face_ids braw_med=1.500e+02 bcorr_med=1.875e+01 bp_med=2.573e-01 status=ok
[2026-05-14 01:43:42] POINT shard=5 idx=19/20 eps_a=5.33333 eps_c=0.578947 dt=33.41s event=1 spin=1 bin=1 min_fpp=-6.909790e-01 phi_min_fpp=0.0884 n_valid=98/101 n_invalid_phi=0 phi_feasible=[0,1] n_success=98 max_res=1.901e-01 mean_res=3.222e-03 mode=logZ e_lin=[-2.828e+01,-0.000e+00] barrier=1.390e-02 bethe=selfconsistent_boundary_bethe bmode=attractive borient=orbit_average bgamma=group_keys_6_face_ids braw_med=1.500e+02 bcorr_med=1.875e+01 bp_med=2.658e-01 status=ok
[2026-05-14 01:43:43] POINT shard=3 idx=19/20 eps_a=5.33333 eps_c=0.368421 dt=33.15s event=1 spin=1 bin=1 min_fpp=-4.536099e-01 phi_min_fpp=0.059 n_valid=101/101 n_invalid_phi=0 phi_feasible=[0,1] n_success=101 max_res=9.621e-09 mean_res=7.318e-10 mode=logZ e_lin=[-2.575e+01,-0.000e+00] barrier=8.942e-03 bethe=selfconsistent_boundary_bethe bmode=attractive borient=orbit_average bgamma=group_keys_6_face_ids braw_med=1.500e+02 bcorr_med=1.875e+01 bp_med=2.516e-01 status=ok
[2026-05-14 01:43:49] POINT shard=1 idx=19/20 eps_a=5.33333 eps_c=0.157895 dt=32.59s event=1 spin=1 bin=1 min_fpp=-8.038430e-02 phi_min_fpp=0.0786 n_valid=99/101 n_invalid_phi=0 phi_feasible=[0,1] n_success=99 max_res=1.099e-01 mean_res=1.205e-03 mode=logZ e_lin=[-2.323e+01,-0.000e+00] barrier=6.108e-04 bethe=selfconsistent_boundary_bethe bmode=attractive borient=orbit_average bgamma=group_keys_6_face_ids braw_med=1.500e+02 bcorr_med=1.875e+01 bp_med=2.632e-01 status=ok
[2026-05-14 01:43:49] POINT shard=0 idx=19/20 eps_a=5.33333 eps_c=0.0526316 dt=34.96s event=0 spin=0 bin=0 min_fpp=7.812145e-02 phi_min_fpp=0.0786 n_valid=99/101 n_invalid_phi=0 phi_feasible=[0,1] n_success=99 max_res=3.340e-04 mean_res=4.743e-06 mode=logZ e_lin=[-2.196e+01,-0.000e+00] barrier=nan bethe=selfconsistent_boundary_bethe bmode=attractive borient=orbit_average bgamma=group_keys_6_face_ids braw_med=1.500e+02 bcorr_med=1.875e+01 bp_med=2.645e-01 status=ok
[2026-05-14 01:43:53] POINT shard=9 idx=19/20 eps_a=5.33333 eps_c=1 dt=32.38s event=1 spin=1 bin=1 min_fpp=-9.088440e-01 phi_min_fpp=0.1178 n_valid=95/101 n_invalid_phi=0 phi_feasible=[0,1] n_success=95 max_res=3.650e-01 mean_res=1.201e-02 mode=logZ e_lin=[-3.333e+01,-0.000e+00] barrier=1.816e-02 bethe=selfconsistent_boundary_bethe bmode=attractive borient=orbit_average bgamma=group_keys_6_face_ids braw_med=1.500e+02 bcorr_med=1.875e+01 bp_med=2.805e-01 status=ok
[2026-05-14 01:43:54] POINT shard=6 idx=19/20 eps_a=5.33333 eps_c=0.684211 dt=33.24s event=1 spin=1 bin=1 min_fpp=-7.339171e-01 phi_min_fpp=0.108 n_valid=96/101 n_invalid_phi=0 phi_feasible=[0,1] n_success=96 max_res=2.501e-01 mean_res=5.769e-03 mode=logZ e_lin=[-2.954e+01,-0.000e+00] barrier=1.447e-02 bethe=selfconsistent_boundary_bethe bmode=attractive borient=orbit_average bgamma=group_keys_6_face_ids braw_med=1.500e+02 bcorr_med=1.875e+01 bp_med=2.757e-01 status=ok
[2026-05-14 01:43:54] POINT shard=8 idx=19/20 eps_a=5.33333 eps_c=0.894737 dt=34.27s event=1 spin=1 bin=1 min_fpp=-1.203768e+00 phi_min_fpp=0.059 n_valid=101/101 n_invalid_phi=0 phi_feasible=[0,1] n_success=101 max_res=9.909e-09 mean_res=1.590e-09 mode=logZ e_lin=[-3.207e+01,-0.000e+00] barrier=2.538e-02 bethe=selfconsistent_boundary_bethe bmode=attractive borient=orbit_average bgamma=group_keys_6_face_ids braw_med=1.500e+02 bcorr_med=1.875e+01 bp_med=2.503e-01 status=ok
[2026-05-14 01:43:58] POINT shard=7 idx=19/20 eps_a=5.33333 eps_c=0.789474 dt=35.12s event=1 spin=1 bin=1 min_fpp=-1.090433e+00 phi_min_fpp=0.059 n_valid=101/101 n_invalid_phi=0 phi_feasible=[0,1] n_success=101 max_res=8.283e-09 mean_res=1.174e-09 mode=logZ e_lin=[-3.081e+01,-0.000e+00] barrier=2.306e-02 bethe=selfconsistent_boundary_bethe bmode=attractive borient=orbit_average bgamma=group_keys_6_face_ids braw_med=1.500e+02 bcorr_med=1.875e+01 bp_med=2.504e-01 status=ok
[2026-05-14 01:44:13] shard 4: 20/20 eps_a=6.000 eps_c=0.474 dt=32.8s found=Y RSS=202592kB
[2026-05-14 01:44:13] POINT shard=4 idx=20/20 eps_a=6 eps_c=0.473684 dt=32.83s event=1 spin=1 bin=1 min_fpp=-5.786131e-01 phi_min_fpp=0.0786 n_valid=99/101 n_invalid_phi=0 phi_feasible=[0,1] n_success=99 max_res=1.296e-01 mean_res=1.501e-03 mode=logZ e_lin=[-2.968e+01,-0.000e+00] barrier=1.155e-02 bethe=selfconsistent_boundary_bethe bmode=attractive borient=orbit_average bgamma=group_keys_6_face_ids braw_med=1.500e+02 bcorr_med=1.875e+01 bp_med=2.605e-01 status=ok
[2026-05-14 01:44:13] shard 4: saved /pool/hamza/000011_scan_selfconsistent_bethe/shards/shard_0004.npz with 12 points
[2026-05-14 01:44:16] shard 2: 20/20 eps_a=6.000 eps_c=0.263 dt=33.8s found=Y RSS=200044kB
[2026-05-14 01:44:16] POINT shard=2 idx=20/20 eps_a=6 eps_c=0.263158 dt=33.84s event=1 spin=1 bin=1 min_fpp=-2.491359e-01 phi_min_fpp=0.0786 n_valid=99/101 n_invalid_phi=0 phi_feasible=[0,1] n_success=99 max_res=6.203e-02 mean_res=6.150e-04 mode=logZ e_lin=[-2.716e+01,-0.000e+00] barrier=3.850e-03 bethe=selfconsistent_boundary_bethe bmode=attractive borient=orbit_average bgamma=group_keys_6_face_ids braw_med=1.500e+02 bcorr_med=1.875e+01 bp_med=2.610e-01 status=ok
[2026-05-14 01:44:16] shard 2: saved /pool/hamza/000011_scan_selfconsistent_bethe/shards/shard_0002.npz with 10 points
[2026-05-14 01:44:18] shard 5: 20/20 eps_a=6.000 eps_c=0.579 dt=35.9s found=Y RSS=202604kB
[2026-05-14 01:44:18] POINT shard=5 idx=20/20 eps_a=6 eps_c=0.578947 dt=35.85s event=1 spin=1 bin=1 min_fpp=-6.907227e-01 phi_min_fpp=0.0884 n_valid=98/101 n_invalid_phi=0 phi_feasible=[0,1] n_success=98 max_res=1.910e-01 mean_res=3.312e-03 mode=logZ e_lin=[-3.095e+01,-0.000e+00] barrier=1.390e-02 bethe=selfconsistent_boundary_bethe bmode=attractive borient=orbit_average bgamma=group_keys_6_face_ids braw_med=1.500e+02 bcorr_med=1.875e+01 bp_med=2.653e-01 status=ok
[2026-05-14 01:44:18] shard 5: saved /pool/hamza/000011_scan_selfconsistent_bethe/shards/shard_0005.npz with 14 points
[2026-05-14 01:44:18] shard 3: 20/20 eps_a=6.000 eps_c=0.368 dt=34.5s found=Y RSS=200036kB
[2026-05-14 01:44:18] POINT shard=3 idx=20/20 eps_a=6 eps_c=0.368421 dt=34.45s event=1 spin=1 bin=1 min_fpp=-4.536768e-01 phi_min_fpp=0.059 n_valid=101/101 n_invalid_phi=0 phi_feasible=[0,1] n_success=101 max_res=9.744e-09 mean_res=2.113e-09 mode=logZ e_lin=[-2.842e+01,-0.000e+00] barrier=8.957e-03 bethe=selfconsistent_boundary_bethe bmode=attractive borient=orbit_average bgamma=group_keys_6_face_ids braw_med=1.500e+02 bcorr_med=1.875e+01 bp_med=2.508e-01 status=ok
[2026-05-14 01:44:18] shard 3: saved /pool/hamza/000011_scan_selfconsistent_bethe/shards/shard_0003.npz with 12 points
[2026-05-14 01:44:22] shard 1: 20/20 eps_a=6.000 eps_c=0.158 dt=33.7s found=Y RSS=203220kB
[2026-05-14 01:44:22] POINT shard=1 idx=20/20 eps_a=6 eps_c=0.157895 dt=33.67s event=1 spin=1 bin=1 min_fpp=-8.537486e-02 phi_min_fpp=0.0688 n_valid=100/101 n_invalid_phi=0 phi_feasible=[0,1] n_success=100 max_res=6.093e-02 mean_res=6.033e-04 mode=logZ e_lin=[-2.589e+01,-0.000e+00] barrier=6.994e-04 bethe=selfconsistent_boundary_bethe bmode=attractive borient=orbit_average bgamma=group_keys_6_face_ids braw_med=1.500e+02 bcorr_med=1.875e+01 bp_med=2.565e-01 status=ok
[2026-05-14 01:44:22] shard 1: saved /pool/hamza/000011_scan_selfconsistent_bethe/shards/shard_0001.npz with 5 points
[2026-05-14 01:44:23] shard 0: 20/20 eps_a=6.000 eps_c=0.053 dt=34.0s found=Y RSS=203864kB
[2026-05-14 01:44:23] POINT shard=0 idx=20/20 eps_a=6 eps_c=0.0526316 dt=33.95s event=0 spin=0 bin=0 min_fpp=7.525782e-02 phi_min_fpp=0.0688 n_valid=100/101 n_invalid_phi=0 phi_feasible=[0,1] n_success=100 max_res=2.828e-02 mean_res=2.800e-04 mode=logZ e_lin=[-2.463e+01,-0.000e+00] barrier=nan bethe=selfconsistent_boundary_bethe bmode=attractive borient=orbit_average bgamma=group_keys_6_face_ids braw_med=1.500e+02 bcorr_med=1.875e+01 bp_med=2.571e-01 status=ok
[2026-05-14 01:44:23] shard 0: saved /pool/hamza/000011_scan_selfconsistent_bethe/shards/shard_0000.npz with 0 points
[2026-05-14 01:44:33] shard 6: 20/20 eps_a=6.000 eps_c=0.684 dt=38.1s found=Y RSS=203896kB
[2026-05-14 01:44:33] POINT shard=6 idx=20/20 eps_a=6 eps_c=0.684211 dt=38.11s event=1 spin=1 bin=1 min_fpp=-8.111104e-01 phi_min_fpp=0.0884 n_valid=98/101 n_invalid_phi=0 phi_feasible=[0,1] n_success=98 max_res=1.882e-01 mean_res=3.360e-03 mode=logZ e_lin=[-3.221e+01,-0.000e+00] barrier=1.658e-02 bethe=selfconsistent_boundary_bethe bmode=attractive borient=orbit_average bgamma=group_keys_6_face_ids braw_med=1.500e+02 bcorr_med=1.875e+01 bp_med=2.652e-01 status=ok
[2026-05-14 01:44:33] shard 6: saved /pool/hamza/000011_scan_selfconsistent_bethe/shards/shard_0006.npz with 16 points
[2026-05-14 01:44:37] shard 9: 20/20 eps_a=6.000 eps_c=1.000 dt=44.4s found=Y RSS=202176kB
[2026-05-14 01:44:37] POINT shard=9 idx=20/20 eps_a=6 eps_c=1 dt=44.37s event=1 spin=1 bin=1 min_fpp=-9.581913e-01 phi_min_fpp=0.108 n_valid=96/101 n_invalid_phi=0 phi_feasible=[0,1] n_success=96 max_res=3.045e-01 mean_res=8.383e-03 mode=logZ e_lin=[-3.600e+01,-0.000e+00] barrier=1.943e-02 bethe=selfconsistent_boundary_bethe bmode=attractive borient=orbit_average bgamma=group_keys_6_face_ids braw_med=1.500e+02 bcorr_med=1.875e+01 bp_med=2.752e-01 status=ok
[2026-05-14 01:44:37] shard 9: saved /pool/hamza/000011_scan_selfconsistent_bethe/shards/shard_0009.npz with 20 points
[2026-05-14 01:44:37] shard 8: 20/20 eps_a=6.000 eps_c=0.895 dt=42.7s found=Y RSS=201960kB
[2026-05-14 01:44:37] POINT shard=8 idx=20/20 eps_a=6 eps_c=0.894737 dt=42.73s event=1 spin=1 bin=1 min_fpp=-8.968307e-01 phi_min_fpp=0.108 n_valid=96/101 n_invalid_phi=0 phi_feasible=[0,1] n_success=96 max_res=3.066e-01 mean_res=9.077e-03 mode=logZ e_lin=[-3.474e+01,-0.000e+00] barrier=1.808e-02 bethe=selfconsistent_boundary_bethe bmode=attractive borient=orbit_average bgamma=group_keys_6_face_ids braw_med=1.500e+02 bcorr_med=1.875e+01 bp_med=2.753e-01 status=ok
[2026-05-14 01:44:37] shard 8: saved /pool/hamza/000011_scan_selfconsistent_bethe/shards/shard_0008.npz with 20 points
[2026-05-14 01:44:40] shard 7: 20/20 eps_a=6.000 eps_c=0.789 dt=41.5s found=Y RSS=203244kB
[2026-05-14 01:44:40] POINT shard=7 idx=20/20 eps_a=6 eps_c=0.789474 dt=41.51s event=1 spin=1 bin=1 min_fpp=-8.662855e-01 phi_min_fpp=0.0982 n_valid=97/101 n_invalid_phi=0 phi_feasible=[0,1] n_success=97 max_res=2.478e-01 mean_res=5.948e-03 mode=logZ e_lin=[-3.347e+01,-0.000e+00] barrier=1.759e-02 bethe=selfconsistent_boundary_bethe bmode=attractive borient=orbit_average bgamma=group_keys_6_face_ids braw_med=1.500e+02 bcorr_med=1.875e+01 bp_med=2.702e-01 status=ok
[2026-05-14 01:44:40] shard 7: saved /pool/hamza/000011_scan_selfconsistent_bethe/shards/shard_0007.npz with 19 points
[cleanup] removing local mmap caches...
[node200] cleaned up local mmap cache
[merge] assemble final scan
merged shard files = 10
points.shape = (128, 2)
n_spinodal = 128
n_binodal = 127
n_diagnostics = 200
saved = /pool/hamza/000011_scan_selfconsistent_bethe/000011_selfconsistent_bethe_spinodal_scan.npz
DONE: /pool/hamza/000011_scan_selfconsistent_bethe/000011_selfconsistent_bethe_spinodal_scan.npz
